mutants,B/P,dim1,dim2,dim3,dim4,dim5,dim6,dim7,dim8,dim9,dim10,dim11,dim12,dim13,dim14,dim15,dim16,dim17,dim18,dim19,dim20,U/D,certainty,P(U),P(D),SD(P(U)),SD(P(D))
V326A,B,-1.6911614,0.20323108,-0.5712854,-0.9406755,0.10193019,-0.55900586,-1.1697732,0.14114656,0.02019077,1.1923553,-0.41333884,-0.18414818,0.42097282,0.08181669,0.019296233,0.16516393,-1.5053717,-0.30426714,-0.48063952,0.25526312,U,0.7310544,0.9999884,9.57953e-06,4.9547954e-05,4.2583622e-05
E268G,B,5.4017735,0.3183343,0.42958847,0.2806117,0.10926908,0.23850678,0.54346955,-0.022448197,-0.20976888,0.14573608,3.841825,-0.3048028,0.72684675,-0.6507986,0.28579137,0.5903552,0.4049044,-0.09550659,0.3692842,0.275855,U,0.7310561,0.9999933,5.7006882e-06,8.44558e-05,7.364299e-05
G22A,B,-0.15508488,0.38211486,0.3871424,0.14593156,-0.29684922,-0.29319212,0.5064237,4.729374,-0.19342358,-1.0025314,-0.36882514,-0.40402916,-1.8677694,0.03120275,0.051456954,1.1161144,-0.39607763,0.0025922065,1.256224,-0.31248304,U,0.7310549,0.99998975,8.421894e-06,6.886323e-05,5.934183e-05
wildtype2,B,0.00084899453,0.023119966,0.41166976,0.06366146,0.25141624,0.22733364,0.18590315,-0.12984739,0.016636418,-0.31989214,-0.14889437,2.11831,0.30909857,0.14420028,-0.08041235,-0.30712938,0.5283738,0.024339993,0.2762747,0.07779676,U,0.7310558,0.9999923,6.258743e-06,1.5861886e-05,1.3299714e-05
V213M,B,-0.11359796,-0.19707859,-2.3466558,0.09010323,-0.2081538,-0.21968855,-1.9938701,-0.31914926,-0.011211799,0.6878177,3.2723312,-0.33351305,1.2214319,0.35075513,0.07212913,-0.6054627,0.169624,-0.11016278,0.9299373,0.18811871,U,0.7310585,0.9999997,2.5062974e-07,1.8985813e-06,1.5455383e-06
wildtype1,B,-0.07486357,-0.09265182,0.08399175,0.3493555,0.16009519,0.04987756,0.333087,-0.09295301,0.048437793,-0.51449823,-0.1243275,-0.29711023,-0.41646034,-0.015531358,-0.044795517,-0.009056906,0.3414928,-0.13961697,0.097346805,0.2290651,U,0.73061687,0.9988312,0.0010766691,0.010603781,0.01014091
T347N,B,-0.80457944,0.57511264,-0.22559391,0.21162985,0.17289421,-0.0051387483,0.6487191,0.30104938,0.08303515,-0.700399,-1.3370371,-0.36796957,-1.1306168,0.6624778,0.36484006,-0.7148843,-0.241065,-0.2798717,-0.05074256,0.30693644,U,0.731054,0.9999873,1.0412587e-05,2.6184856e-05,2.220609e-05
wildtype3,B,-0.10768157,0.08170819,-0.46649358,0.21736129,-0.1439826,0.17925759,-0.7681832,0.033702012,-0.0015774601,1.5377004,-0.25841784,-0.22377217,-0.29679942,0.4486047,0.07341439,-0.8177068,0.29753175,0.09072907,-1.3695294,-0.37929592,U,0.73105717,0.999996,3.2890773e-06,1.0065969e-05,8.362259e-06
I219L,B,0.4182988,-2.274084,0.3411052,0.13206151,0.10462151,-0.2680773,0.040656246,0.063645214,-2.1165793,-1.1627331,-0.22742245,-0.3295228,-0.8877954,0.05005501,-0.020179085,1.250788,-1.3089085,-0.2529988,1.2426873,0.060829453,U,0.7310341,0.99993366,5.8189125e-05,0.0005960872,0.0005355209
I219V,B,-0.6132506,-0.49892366,-0.21315923,0.52115816,0.07567047,0.2128176,-2.2994673,-0.22432832,-0.7129815,-1.1733621,-1.4168053,-0.5140906,0.20658232,0.818549,-0.08179695,-1.1705282,0.087954864,0.07812898,1.4878174,0.36118463,U,0.7310514,0.9999801,1.6518376e-05,5.7638743e-05,4.9326696e-05
D132H,B,-0.009162599,-0.91305834,0.3816068,-0.0586734,-0.38181263,0.10447557,-1.2711966,-1.5117352,0.050695635,-0.1561519,0.021416714,-0.55332035,-0.091363996,0.50850296,-0.48193932,0.3153413,0.09561402,0.11887676,0.46937722,0.07022959,U,0.7310278,0.9999172,7.4004325e-05,0.0010890081,0.0009938697
Q346R,P,-0.29672876,-1.1294459,-0.6149248,0.23600379,-2.1182823,-0.6333843,-1.4951072,0.62844163,-0.14599396,-1.2629428,-0.19695732,-0.26110208,0.60333085,0.81028366,-0.016744666,0.96875775,-0.3467129,-0.8839909,0.9161735,0.12610783,D,0.7195578,0.028772948,0.9710421,0.14214642,0.14303204
D41H,P,-0.19051917,0.5485217,0.44770622,-0.13691579,-0.8196271,0.034325812,0.83226514,-1.6744528,-0.31845656,-1.9018451,-0.5351839,0.052559853,0.59108317,0.46355137,-0.26709372,0.89309776,0.72689545,-0.55008405,1.5914266,0.34928203,D,0.7295581,0.0038190237,0.9962007,0.052831292,0.052991133
C77R,P,0.043898553,0.3299263,-1.1838064,0.06114516,-0.7554864,-0.115410686,-0.0908909,-0.058713354,-0.30240363,-0.7974012,-0.20510028,-0.32384405,0.8656688,-1.1070204,0.09657756,-1.9419504,-0.51774776,-0.6005493,1.1448668,0.09509741,D,0.72996515,0.00280795,0.9972539,0.015214986,0.015397977
R265S,P,-0.3161523,-0.5081733,0.00608986,0.3359426,-0.8698618,0.022295568,0.8593844,-0.086547576,-0.012079014,-0.7242962,-0.30082536,-0.34649193,-0.038529586,-0.08973273,0.0041188025,-0.3320605,-0.6665657,-2.4796672,-0.7713513,0.09566471,D,0.72947645,0.0040532737,0.9960214,0.017300237,0.017451068
G67R,P,-0.16955619,0.014673357,0.30133262,-0.25083786,5.7451487,0.11557129,1.1085434,-0.029528389,0.15150505,0.44161025,0.097333245,-0.26900125,0.079810485,-0.71101433,-0.007590859,0.25812972,0.4967587,0.02585014,-0.85202724,0.08027399,D,0.73000175,0.0026753924,0.99730676,0.048749108,0.049081802
D63E,P,-0.11571511,0.35992187,0.27874833,0.17126732,-0.07910713,0.1500413,0.44640538,0.0059222593,-0.004687387,0.70169765,0.2044904,-0.13346963,0.1693991,-0.5633339,-0.07679385,0.27742645,0.23529615,0.14665228,0.12732933,6.560044,D,0.7309819,0.00020058232,0.9998105,0.00064571615,0.00061897543
N38K,P,-0.13388228,-1.4525058,-0.24065626,-1.9721742,-0.06391891,-0.05095832,0.08165138,-0.1415635,-0.28208762,0.93445015,-0.010081391,-0.4010802,-0.15917695,-2.0567012,-0.16634132,0.13614857,-0.012841838,-0.027045153,0.91830593,-1.5671633,D,0.731035,6.2581275e-05,0.9999424,0.00015261522,0.00014356739
R182K,P,0.005845497,-0.37603742,0.22881892,0.093692206,-0.16286072,-0.1079977,1.042237,0.0027008022,-0.14906988,-1.330674,-0.11267285,-0.26658404,-1.614116,0.35164773,-0.67065126,-0.8232917,0.17372501,-1.8942635,0.14564642,-1.4824172,D,0.7272045,0.009786763,0.9902722,0.05032046,0.05103532
K70V,P,0.19515559,0.24618542,0.25860035,0.5524421,-0.073322,-0.49035192,0.6619048,0.18279923,-0.15004623,-0.5106963,-0.3335779,-0.66403866,0.33836007,0.0019703654,7.3816147,1.8952231,0.39612368,0.30852503,0.24896415,0.015011407,D,0.7310086,0.0001300376,0.9998759,0.0010444721,0.0010173171
S295R,P,-0.13032939,-0.35541886,-3.422137,0.28296193,-0.70848584,-0.1467812,-0.87671536,-0.021226713,-0.4985035,1.137466,-0.18449825,0.12068746,-0.2825987,0.40527046,-0.3520774,-0.07838279,-0.3917657,0.21575803,0.5044858,0.3370632,D,0.7288792,0.0055514905,0.99449515,0.056417353,0.0564631
A21V,P,-0.0049771145,-0.124189705,0.32302475,-0.5373506,-0.4218131,0.20842877,-1.171914,-0.30699378,0.09439337,1.1439255,-0.32455575,-0.38148364,-3.084729,0.4714504,-1.129513,0.9524726,0.3033346,-0.561427,1.262735,0.22874698,D,0.72319055,0.019866006,0.98020923,0.0903587,0.09092621
S295G,P,0.016730051,-0.06471687,-2.134209,-0.3444679,0.11972311,-1.3811675,-0.95333534,0.170033,0.40696272,-0.6509954,-0.25850767,-0.2310125,0.56929946,0.12683773,-0.04870675,-0.24873883,0.3151055,0.34468663,1.1468688,-2.130909,D,0.7310261,8.547685e-05,0.9999203,0.00018887431,0.0001794596
R226Q,P,4.457605,-0.9998433,-0.41708153,0.23139778,0.07974702,0.041456368,-0.15822518,-0.366192,-0.04121826,-0.85246265,-0.37026688,-0.2382642,0.19247724,0.5205005,-0.12922782,0.54905826,-0.38957506,0.19950335,0.99688065,0.14452331,D,0.7284221,0.0066922326,0.993324,0.0749179,0.07510487
R100P,P,-0.8614601,0.119024925,-0.3620535,0.44819924,0.18103243,-2.472135,-0.42634577,-0.050034214,-0.27760214,-1.1763713,-0.12451356,-0.67358536,-0.43625253,1.1112183,0.08894631,1.3331636,0.4441961,0.34335545,-0.10649883,-0.116104275,D,0.72793525,0.007923029,0.9920949,0.05578424,0.05624725
G67W,P,0.102698,4.834564,0.6087868,0.3795539,0.19174889,0.19253919,0.33716846,0.0840001,0.26920828,0.00171306,-0.09465156,0.14570251,-0.12979774,-0.34932983,0.17169812,0.70382494,0.54474956,0.25041303,0.7031027,0.42266184,D,0.730833,0.00058452267,0.9994377,0.0039933026,0.0039144284
I19F,P,-0.087129846,0.0613281,-0.04075528,-0.063982986,-0.003213792,2.9727824,-0.015966387,-0.2652984,-0.2067875,0.55856174,2.615343,0.09912171,-0.5717237,0.027818192,-0.045282565,0.02260725,0.040010054,-0.07458776,0.7229166,0.19854656,D,0.7171495,0.034702737,0.9650684,0.13486071,0.136278
V49E,P,-0.025700407,-0.6625724,-2.200184,0.08986058,0.11508762,0.08499159,0.003753088,0.024161333,0.003530392,0.7717403,-0.51926625,-0.25714868,0.9360454,-0.5115028,-0.09224871,0.5568631,-3.5582619,-0.9854741,-1.5186405,0.12115599,D,0.7300845,0.0024777849,0.997529,0.019458171,0.019733494
A281V,P,-0.1780471,-0.36255395,0.26113498,-0.17607823,-0.13073622,5.823158,-0.27993774,-0.064055234,-0.12763694,-0.13060711,-0.19967124,-0.24293217,0.67058134,-0.5101117,-0.061532192,0.12883614,-0.116145104,-0.2909821,0.15911503,0.31711558,D,0.7302919,0.0019373238,0.9980413,0.027620286,0.028117033
E102D,P,-0.5891498,0.17754821,-1.010384,-1.7968012,0.020949759,0.09119023,1.0119282,0.07059545,-0.14884846,1.5803462,-0.3876924,-0.21166897,-2.2999015,-0.14074038,-0.34712934,1.2115134,0.38253376,-1.4249574,-0.4126142,0.21074909,D,0.7308316,0.000591931,0.9994377,0.0020580054,0.0020152938
G67E,P,-0.15362942,0.38647485,-0.5013721,0.09101566,4.061305,-0.6173601,-1.4864782,0.41193733,-0.28544226,-0.82219,-0.2884294,-0.23343812,0.20555149,0.41381803,0.1788792,0.025509862,-0.518239,0.31312585,1.3174179,-0.91188663,D,0.7305163,0.0013758545,0.99861956,0.021039879,0.021364298
R265C,P,-0.3418576,-0.05788493,0.5037645,-0.17746355,0.26890305,-0.4231076,0.44917247,-0.9537846,-0.47382468,1.0720226,-0.17931798,-0.42889997,-0.8945695,-1.6793101,-1.964915,-1.9728339,0.17729662,0.07766956,-0.23300767,0.13291536,D,0.7309862,0.00019065451,0.9998224,0.00028111684,0.0002651104
G244D,P,0.11490887,-2.23255,-1.8347939,0.20263958,0.029858183,-0.12556052,0.4504397,-0.16800992,0.10228569,-1.212986,-0.24721424,-0.38786086,0.40689033,0.30978224,-0.4908695,-1.2152903,0.62881863,0.18782079,-0.22294767,-0.55510116,D,0.7291342,0.00491531,0.99514955,0.017461373,0.017566498
N306K,P,-0.2920377,0.47833997,-0.06130497,-0.42710346,-0.061845392,-0.31192872,-0.56437397,0.18948357,5.1538043,0.9079256,-0.35040405,-0.24470755,-1.0821564,0.17472269,-0.22919735,-0.23979953,0.39737913,-0.5500079,0.45972854,-0.005429151,D,0.73021686,0.0021291752,0.9978523,0.03383299,0.034370735
C77Y,P,-0.10768702,0.42232195,-0.41614166,-5.393056e-05,0.07197474,-0.29617605,-0.2350833,-0.09347498,0.15658337,0.8825157,-0.42939872,-0.1639323,-0.29992142,0.08178595,-0.27280164,-0.6684058,0.14511387,3.814805,-0.090886325,0.06878458,D,0.73054165,0.0013090882,0.99868137,0.021073343,0.021370694
A128P,P,0.31016046,0.08335919,0.49180365,-0.21627045,0.12737948,-3.2399142,0.54933673,-1.0749283,0.0716038,1.2236618,-1.3261385,-0.3451034,-0.1319667,-0.11177828,0.16346164,-0.10513668,-0.14562546,-0.23148955,-0.5871352,0.14136307,D,0.7310102,0.00012491459,0.999879,0.0017362116,0.0017080341
V185G,P,0.059997395,-0.26193324,0.26228094,-0.40092734,-0.25510606,-0.12574007,0.6628472,-0.2504058,4.8985877,-0.86155444,-0.22656198,-0.3452996,0.60793537,-0.35003704,0.12438396,0.55209064,-0.32037166,0.19632262,0.14491728,0.055076092,D,0.7303458,0.0017989995,0.99817663,0.031368647,0.031895075
L155R,P,-0.49276492,-0.71363723,-0.6473755,-0.44175568,-0.1474572,-0.11331259,-0.90929246,5.8771772,-0.09545217,1.1945578,-0.27981272,-0.41264993,0.39100587,-0.752426,0.073578924,-0.28875825,-0.1551203,0.057698157,-0.38676223,0.2574881,D,0.73090583,0.00039765355,0.99962115,0.0016789341,0.0016369128
I276R,P,0.09973204,0.6139003,0.1644941,-1.6253827,0.45465133,0.098445505,-1.42688,-0.48010787,-0.8723721,0.76733005,0.03798244,-0.26709545,-0.2594877,0.34608454,-0.09684378,-1.8025753,0.21005793,-1.9159137,1.2699457,-0.0031622085,D,0.7237088,0.018526845,0.9814607,0.10424777,0.10485915
Q346H,P,-0.10331074,-0.47194913,3.5245829,0.001668165,-0.03935461,-0.2536718,0.31785643,0.14748524,-0.10629024,-0.006014427,-0.0987504,-0.30016187,-0.51578885,-0.41348946,0.062160216,0.39033258,0.22570339,0.13624829,0.17343721,0.21258077,D,0.72431993,0.016958011,0.9829503,0.09205256,0.09292769
M35R,P,-0.075266734,0.35872155,-1.1773822,-0.47536734,0.44798818,-0.05947478,0.9628647,-0.5752445,0.13306949,-1.1337492,-0.016243901,-0.4395963,-0.3687323,-0.25696677,-1.0997703,0.44434512,-1.7500678,0.10713299,0.19432189,-1.0412238,D,0.73053,0.0013713115,0.99868464,0.0034474824,0.0033808833
A21E,P,0.279545,-1.4506028,-0.28772947,-1.5845581,-1.1172062,0.18691388,1.0832441,-0.2162996,-0.13337338,0.034356274,-0.16266502,-0.32276967,-0.89250916,0.42621422,-0.058739558,-0.30163482,-0.0005388883,-0.05449336,0.24336304,0.33331046,D,0.7302234,0.002137744,0.9978941,0.017424775,0.01766984
R127K,P,0.1307346,0.46500406,-1.5765783,-0.04547371,-0.005081638,-0.40827572,0.12503958,0.04281846,-0.010907383,-0.05066576,-0.24129649,-0.92720884,0.5146867,-1.3628778,0.19090232,0.8462981,0.39748272,-0.7975097,-0.4150412,-0.22057424,D,0.7297746,0.0032817328,0.996761,0.025857115,0.026313493
N38S,P,-0.19829418,-2.4795084,-0.18836185,-0.14541666,-0.10486425,0.0769864,1.2662724,-0.054713838,0.09709932,0.7341949,-0.18078858,-0.48650774,-1.5522187,0.35910967,0.025873657,-0.7952774,0.019334668,0.19808014,-1.4151633,0.29589868,D,0.72768414,0.008548252,0.9914525,0.0618777,0.06269303
D41G,P,-0.24943718,0.09910635,0.21842048,6.747084,0.1352668,-0.059302922,0.007041975,-0.24220358,-0.07961025,-0.2929199,-0.099267595,-0.2531044,-0.14922503,-0.5038834,0.23083667,0.49700448,0.48088384,0.29854804,0.07720748,0.59529835,D,0.7300057,0.0026680941,0.99731964,0.03495627,0.035483446
P28L,P,-0.2451703,0.29165426,0.7273955,-0.67865705,-2.4342268,-0.042009518,-2.1780553,-0.13399816,0.14896801,0.68987364,-0.53672576,-0.3886482,-0.016543122,-0.2907508,-0.34390542,0.281522,-1.2996029,0.13657226,1.131893,0.32407779,D,0.73054105,0.0013256777,0.99869514,0.013618159,0.013797638
S247P,P,-0.1337352,0.13243265,0.6187838,0.33659476,0.23627733,0.14307773,0.5854869,-0.78707457,0.06590788,-1.0784382,-0.1146435,-0.24426626,-1.8419329,0.39851233,-0.14596765,-1.1784106,-0.10304773,0.23861313,1.2771671,-0.3519016,D,0.7123255,0.046544034,0.95324945,0.12927157,0.13061208
N38H,P,-0.20088015,0.6610336,0.57738155,0.24475102,0.2479543,-0.17932239,-1.1979506,0.12786005,-0.117497735,0.534464,-0.74769896,-0.3068036,0.25836477,-1.0466598,-0.116476804,-0.42419365,0.31394133,0.14345376,0.09142076,0.09175003,D,0.7294176,0.0042215143,0.9958913,0.011773515,0.011809427
S295N,P,-0.007536482,0.4693907,0.102014214,0.21875836,-0.23849332,0.032518614,0.5522949,0.46194834,0.0881025,1.1096761,-0.05327306,-0.29698607,-1.1223886,-2.564247,0.16430905,0.29166406,-2.1979911,0.04713738,1.2102104,0.27964342,D,0.7309093,0.0003913507,0.9996323,0.0010431957,0.0010022253
A29G,P,-0.34584898,0.05191203,0.5549924,0.2810682,0.2990632,-0.15004468,-0.29496887,-0.110428266,0.105631135,-0.9973975,-0.13748072,-0.31336617,0.9872748,-1.5071961,-0.25260088,-0.33821335,0.46560884,0.029595226,0.4302758,0.33936948,D,0.7302706,0.0020358388,0.9980319,0.007734759,0.007724149
H329P,P,-0.012473695,0.280371,0.6567965,-0.08592966,0.25284836,0.10193225,0.22880962,-0.041201036,0.25488943,0.21015736,-0.114914626,-0.092632025,-0.17542243,-0.10780024,0.011562881,0.28620857,5.01883,0.13128352,0.42256233,0.1669964,D,0.73025453,0.0020391352,0.9979534,0.022405459,0.022691617
S44F,P,-0.5903544,-0.4986386,0.36477765,-0.14104323,-0.050028168,-0.19895619,0.81098956,-0.10412936,-0.31370866,-2.0211897,3.769786,-0.4452442,0.2597837,-0.13694209,-0.1692583,0.5887321,-0.64764297,-0.21687226,0.5289723,0.014167891,D,0.72500914,0.015287225,0.9847335,0.06600824,0.06692825
D63N,P,1.9458131,0.58786255,0.68082446,-0.9762883,-0.60793644,0.030085638,0.5473559,-0.018143985,1.0565307,0.20899329,-0.19557816,-0.27897528,-0.34070867,-0.51923424,0.29542005,0.44285962,0.708918,-0.07171519,0.19520868,-0.23381138,D,0.7303669,0.001782871,0.9982679,0.007416836,0.00737606
T117M,P,-0.15170665,-0.41943985,0.32516566,0.33292878,-0.0021228353,-0.3330583,0.041346893,0.057191495,-0.6298712,-1.4686904,-0.11871908,-0.30376458,0.22590107,0.28595516,0.41832268,1.2865278,0.002989013,5.3190794,1.27318,0.118979126,D,0.72994626,0.0028191782,0.997169,0.050884012,0.051132318
T82I,P,-0.2647782,-0.20563713,0.62498873,0.61829334,-0.09052936,-0.42062292,0.99463373,0.15237835,-0.0662471,0.8477839,3.3564267,-0.39244837,-1.3262213,-1.4068339,-0.5681568,-0.07579788,0.5039261,0.014031466,-1.253552,-0.03793657,D,0.7273123,0.009538926,0.99056786,0.060701907,0.06103537
L260R,P,-1.8949647,-2.048054,0.22336635,0.189314,-0.9555675,-0.021021333,-0.440225,-0.15093967,0.084035784,1.2051253,-0.13882062,-0.39970294,0.31401116,-2.1321442,-0.43397546,0.61194634,0.15988392,-0.38701862,-1.620504,0.15750301,D,0.7308539,0.0005280878,0.9994874,0.0039805644,0.003955285
wildtype1,B,-0.1902006,0.27924788,0.592894,-0.28491977,-0.3716759,-0.0074320794,1.2432317,-0.21619244,-0.7000944,-0.831644,-0.08394979,-0.32884955,1.3957908,0.67577815,-0.280581,-0.042974908,-0.5154952,0.34694818,-1.5571707,-0.17957857,U,0.73105806,0.9999985,1.1953911e-06,3.4863203e-06,2.8477255e-06
wildtype1,B,-0.25756192,0.2806212,0.5048276,-0.39677504,-0.39124462,-0.043542366,1.2391657,-0.13242844,-0.8477835,-0.8755142,-0.09041609,-0.3686321,1.3282089,0.65749806,-0.34377328,-0.21059318,-0.75466657,0.3071501,-1.565122,-0.18692666,U,0.73105794,0.99999833,1.3344087e-06,3.3534784e-06,2.727766e-06
wildtype3,B,0.045329694,0.35826066,0.3596768,-0.16648711,0.18303667,0.22583626,-0.9610886,-0.37439126,-0.058335852,0.59480274,-0.10968358,-0.071611434,0.650195,2.8596494,0.11999293,-0.5293239,0.5127491,-0.22100364,-0.81844765,-0.6431333,U,0.7310585,0.9999998,1.8269215e-07,8.489348e-07,6.5895404e-07
wildtype3,B,-0.010090494,0.33158255,-0.41965273,0.23274355,-0.014772471,0.2138945,-0.81284636,0.0380515,0.034671824,1.382251,-0.25523302,-0.2404924,0.05565897,0.64127773,0.22938135,-0.733627,0.34027216,0.024987532,-1.404146,-0.59962875,U,0.7310584,0.99999964,3.5742363e-07,2.568853e-06,2.1175165e-06
wildtype2,B,0.01668303,0.43114376,-0.02163724,0.08179454,0.01299272,0.22913635,0.31337026,-0.14799908,-0.030073127,0.3142374,-0.14315246,2.813318,0.30162796,-0.056630865,0.091351815,0.41695303,0.5325133,0.11902458,0.18769263,0.26053554,U,0.7310577,0.9999976,1.8422231e-06,6.9128964e-06,5.7458064e-06
wildtype1,B,-0.2820686,0.060381472,0.49340677,-0.1670464,-0.31441337,0.0348286,1.127982,-0.15141647,-0.51309043,-0.7584948,-0.14911859,-0.31723738,1.2001163,0.47522932,-0.2576948,-0.29975462,-0.35956678,0.1083919,-1.4189306,-0.100200005,U,0.73105675,0.9999948,4.1495323e-06,1.6158569e-05,1.3596218e-05
wildtype1,B,-0.29562816,0.4730987,0.7327659,-0.39982912,-0.32041487,-0.0056928634,1.1645728,-0.085757844,-0.7947621,-0.85590047,-0.07359825,-0.3714212,1.1567091,0.70702195,-0.3621175,-0.31949237,-0.56081265,0.24402611,-1.5610647,-0.20702833,U,0.7310581,0.9999986,1.0986195e-06,2.5521574e-06,2.0610482e-06
wildtype2,B,-0.06655007,0.512178,0.12843138,0.10412019,0.12451736,0.36137748,0.6305413,-0.076596744,0.025582537,0.12080681,-0.112409554,3.4024413,0.3856687,-0.23736207,0.16729617,0.44068298,0.44903648,0.16119407,0.036839653,0.27905712,U,0.73105836,0.9999993,5.5945725e-07,2.724089e-06,2.2461445e-06
wildtype2,B,-0.050499853,0.6098493,0.027672779,0.19703344,0.024246799,0.26616475,0.4935628,-0.05190907,-0.0063190474,0.22778097,-0.15983178,3.1245666,0.3434806,-0.23432404,0.19514963,0.45146713,0.3004464,0.13405612,0.106430754,0.2970996,U,0.73099923,0.9998435,0.00014548545,0.0028331196,0.0026354957
wildtype1,B,-0.23246078,0.27381557,0.6234498,-0.3978581,-0.2861812,-0.07083411,0.90261084,-0.0684143,-0.75866026,-0.6604831,-0.115399376,-0.3398117,1.0993043,0.53301996,-0.3155245,-0.4622074,-0.5642627,0.10732537,-1.343504,-0.1959228,U,0.73105687,0.99999523,3.7866146e-06,9.4817515e-06,7.884075e-06
wildtype2,B,0.011603337,0.2306684,0.43623865,0.020563908,0.18260562,0.21655789,0.57338375,-0.23002397,0.08105146,-0.18562391,-0.07545075,3.0850453,0.30679172,0.0064378753,0.05770584,0.07489803,0.52836365,0.16386902,0.3684294,0.2725619,U,0.73105794,0.99999833,1.3410457e-06,2.941648e-06,2.3803893e-06
wildtype3,B,0.12837632,0.614094,0.6167597,0.28423163,0.12257165,0.18425421,-1.3085973,-0.32299545,-0.06832836,1.116289,-0.2558971,-0.26309064,0.55310804,0.80614275,0.15567428,-0.6449273,-0.031794213,-0.10788183,-1.3608737,-1.3516083,U,0.73105854,0.9999998,1.07959124e-07,8.4615493e-07,6.708044e-07
wildtype3,B,0.23720211,0.6489134,0.77173865,0.29652447,0.06323351,0.18515374,-1.2685201,-0.4131347,-0.0038960169,1.1755247,-0.1291573,-0.30470973,0.5018586,0.4358831,0.06060112,-0.6515991,-0.123414755,-0.18522035,-1.3243586,-1.4924031,U,0.7310584,0.9999995,3.6733218e-07,1.6960267e-06,1.3540431e-06
wildtype3,B,0.14927551,0.57791495,0.5794392,0.02161656,0.17808965,0.21272309,-1.1172112,-0.38399813,-0.00013881968,0.76568127,-0.22033386,-0.18704781,0.68035877,3.2668774,0.23365766,-0.57701087,0.43458813,-0.14531471,-1.1424317,-0.7937623,U,0.7310586,1.0,1.1893265e-08,6.755158e-08,4.8813742e-08
wildtype2,B,0.016512137,0.11447879,0.43982065,0.062548086,0.26958936,0.1935067,0.44581303,-0.20774297,0.054416418,-0.32485297,-0.10690013,2.467627,0.39002448,0.0954895,-0.0009030491,0.01152842,0.6205875,0.13244753,0.36108336,0.16984448,U,0.7310555,0.9999914,7.1094837e-06,3.985854e-05,3.4122895e-05
wildtype1,B,-0.19939621,0.41404405,0.71838915,-0.35278556,-0.3570726,-0.021686627,1.3066572,-0.014870879,-0.7889542,-0.72995484,-0.0351193,-0.31078663,1.2737659,0.6642306,-0.21473476,0.011221598,-0.49228302,0.38094053,-1.5374503,-0.11271012,U,0.73105794,0.99999833,1.333834e-06,7.2547687e-06,6.076935e-06
wildtype2,B,-0.09597792,0.47538048,0.20046227,0.1145487,0.13298316,0.2775219,0.4675311,-0.14077513,-0.03103245,0.014699044,-0.107538246,3.366147,0.3933055,-0.18560714,0.07994986,0.24257545,0.43632868,0.16292095,0.12782192,0.23170102,U,0.7310579,0.99999815,1.5388513e-06,1.9439913e-05,1.6510781e-05
wildtype3,B,0.022168541,0.50821286,-0.0154409325,0.29117158,0.046436153,0.25137615,-1.0144525,-0.1051004,-0.06038729,1.3662885,-0.2565086,-0.25667402,0.18905759,0.55508685,0.19852644,-0.5922223,-0.0036944286,-0.15001822,-1.5267503,-1.0110248,U,0.7310585,0.9999997,2.526805e-07,1.2335029e-06,9.81813e-07
