mutants,B/P,dim1,dim2,dim3,dim4,dim5,dim6,U/D,certainty,P(U),P(D),SD(P(U)),SD(P(D))
L266R,N/A,-0.07891232819367518,0.11749602096115429,0.22550927427962086,0.10900131563643135,0.14911529105168603,-0.49580972106795973,D,0.5304995,0.43891254,0.5610623,0.25646237,0.25660688
Q146R,N/A,1.1255142688008186,0.10422131542953286,0.04162534352857911,-0.019311258343108872,-0.25300160920245407,-0.6333157446185724,U,0.61045456,0.724558,0.2753348,0.3023986,0.30247417
M342V,N/A,-0.37618060084464755,-0.48465275218683884,-0.10087442974214068,-0.7163864626166945,-0.09528832037039257,-0.020101589870720915,D,0.5487065,0.40224132,0.5976869,0.26937723,0.26952383
L40F,N/A,-0.39476298591283454,-0.035060094648974104,-0.14533525886079882,0.029017181115465713,0.03769635397889923,0.3014254602538601,U,0.52175534,0.54348326,0.45640695,0.29946056,0.29959494
S87C,N/A,-0.08664046322676715,-0.648366046811929,-0.28819278995838654,-1.1358630443713162,-0.26303520789430757,-0.4522633749066176,D,0.5483979,0.40285158,0.5970512,0.30414042,0.30428618
K167R,N/A,0.8072980274127507,-0.18285747635137464,-0.17299373450686467,-0.9754973299597218,0.09814548200393526,-0.5427895191124764,U,0.5723004,0.64549786,0.35425523,0.29752842,0.29758504
G181S,N/A,-0.3305457466113177,-0.10977993190161599,-0.21923821533802368,-0.2433597683877412,0.3616876820708508,-0.0071892062560244534,U,0.54114753,0.58240265,0.41743934,0.28092992,0.28106168
L284F,N/A,-0.031634819002237566,-0.37420548529112996,-0.09996134666087642,0.1984763942157999,-0.24579040846964623,0.7386786449000516,D,0.50617856,0.4876254,0.5123409,0.38152897,0.38162014
V15A,N/A,-0.6504050128523,0.39127425830794094,0.038443079489275125,0.42766363688168596,-0.3361430588937515,-0.6515279305575622,U,0.58828187,0.678396,0.32152876,0.36338916,0.36347014
I36F,N/A,-0.23990438610784331,-0.28695744161781417,-0.0713842913379413,0.013914248521276297,-0.25086427473035794,0.1617697548230906,U,0.611817,0.72740304,0.2724466,0.24889043,0.24896349
A21S,N/A,-0.07867131102482482,-0.5280587820133871,-0.41825767029448546,-0.7488589461309273,-0.8905026490511084,-0.9153853169965066,U,0.5079628,0.51587015,0.48401606,0.28035888,0.28046793
P139A,N/A,-0.4238755991172756,0.07392121778402602,-0.5354138205331996,0.05630013474319094,1.259334097898499,-0.32449507378741343,D,0.6243239,0.24603075,0.75397253,0.33437335,0.33445486
E319A,N/A,-0.06882269986054684,0.43780585292710356,-0.279881749098259,-0.5091301945255998,0.08959230316257048,0.27532342771299995,D,0.56119,0.37693593,0.6229291,0.27429274,0.2744414
P285S,N/A,-0.33981342852411506,-0.25818354983361697,0.031809862574324825,-0.2547833365780909,-0.234848238969557,0.0027981516209739372,U,0.53596765,0.57200295,0.42788345,0.29639426,0.2965195
C256S,N/A,0.34957715274697887,-0.5698475656054327,-0.3178156608331,-0.27122335724552865,-0.3760769221982911,-0.3032856372772584,U,0.6705759,0.85535127,0.1445604,0.23349166,0.2335004
T96I,N/A,0.21071860028231104,-0.3476727906952904,0.5159374917346793,-0.433456174589695,1.2299986063279147,0.16308031732881703,D,0.6557711,0.17775173,0.8222567,0.23361401,0.23369999
S129G,N/A,0.3727755183367736,-0.26465091137028596,-0.3415752003558389,-0.7107633169753315,-0.6314472556318116,-0.1328961755451827,D,0.5432535,0.41324994,0.5866974,0.33420458,0.33431557
S299C,N/A,-0.28623190653950825,-0.24832122158881045,-0.13787826975375397,-0.04695870750626213,-0.22617668554379577,-0.3097842421582095,U,0.59852254,0.6995992,0.3002864,0.29713005,0.2972132
E34D,N/A,-0.14721159351514648,-0.1494015410633734,0.4934881580366861,-0.39644940337961837,0.16232396204945523,0.38911733212239785,D,0.6542479,0.18113208,0.81889635,0.21162358,0.21170932
S93N,N/A,0.2650272515148062,0.3803881582565008,-0.10839236728960638,0.4696577116612347,0.3817468307665267,0.6103779731471859,D,0.5008347,0.4983062,0.501645,0.35909772,0.3591969
N145S,N/A,-0.05727402259479278,-0.15325637911069584,-0.14443192361165808,-0.23529709481973457,-0.08227180705038076,-0.21142584743552026,U,0.63192225,0.7701483,0.22967616,0.2191045,0.21915218
S193L,N/A,-0.16814014398843918,-0.5412671654402547,-0.3487361439416276,-0.5603512123088307,-0.20966500464441362,0.0430962015019784,D,0.55245686,0.39468074,0.6052832,0.30527902,0.305393
G336D,N/A,-0.06698057020223788,0.052313051681890536,-0.05195789551191919,0.11709210188207639,0.15508572903909382,0.6468615943156631,D,0.5737809,0.35135245,0.6486465,0.27639902,0.27651164
D304G,N/A,0.09044668233051488,-0.08782006398235488,-0.015329266903817796,-0.12198223439044281,-0.48061077796429663,-0.18334450145098644,U,0.52647716,0.5529539,0.4469462,0.29327348,0.2933888
V113D,N/A,-0.23550570684198935,0.05288353035632609,-0.021866179218543433,-0.38390358929332086,-0.06927169004940424,-0.0496247062900973,U,0.5615015,0.62353486,0.3762767,0.2494929,0.24960154
I159V,N/A,-0.025681140709015744,-0.26682241315736327,-0.13619518016472257,-0.05693955726654575,0.6884639200930525,-0.05165751997084615,U,0.54384744,0.58787125,0.4120298,0.35130286,0.3514038
I32M,N/A,-0.46693795357494633,-0.9324572636924587,-0.2577754825603264,-0.6904297723620344,-0.5968856223516699,-0.329882301245718,D,0.53398144,0.43191478,0.5680505,0.2957014,0.29582623
I68V,N/A,0.39996494115510045,-0.21338456992028718,-0.20085683966886578,0.29635166555492687,0.26146781097351796,-0.03490883242909675,U,0.68952924,0.8989236,0.10100423,0.21333253,0.21334776
P141L,N/A,-0.37156641623494213,-0.28212431590537784,0.55555231964848,-0.03816128588343991,-0.3995557024082063,-0.894276886607539,D,0.6751384,0.13427018,0.86578864,0.18735914,0.1874063
Q301E,N/A,0.09162954845235238,0.18042997453913315,0.5958242482141656,-0.04029403933994376,0.31341680566461844,0.00041860564350165686,D,0.6185841,0.25823027,0.741773,0.26796183,0.26806876
T82S,N/A,0.5471105672720605,-0.21209011992185062,0.16485042085411594,-0.7139964552431102,-0.03404073126677049,-0.1190258262713057,D,0.5725659,0.35380968,0.64613754,0.32801846,0.32815656
V76L,N/A,0.022452542926133908,-0.13128223017352367,0.1315042525534243,0.32200556772105254,0.3083950258582709,-0.6223770298771997,U,0.5256401,0.5513117,0.4486613,0.35829738,0.35841385
L272V,N/A,-0.3837358514903208,-0.15806067472089005,-0.14622479131761754,-0.2043079472833402,0.38658469894416114,-0.050974810874639516,U,0.53138417,0.56278884,0.43708682,0.28560907,0.28574514
G181D,N/A,0.3894757304163769,-0.4497912046504393,1.0488928062880882,1.0102928118819516,-0.23442675918940462,0.13338895999383862,D,0.66876614,0.14870192,0.8513118,0.30278435,0.30281433
S44C,N/A,-0.33024152340884977,-0.0306904579135197,0.33747709181937335,-0.10982813635686053,0.4924755918571566,-0.39216126030989235,D,0.57610583,0.3465912,0.6533989,0.2742706,0.27441347
Y283C,N/A,-0.17979782568029778,0.8578008961089109,0.7154023523702224,0.717218454307239,0.7470785049732561,1.535898930333319,D,0.69398886,0.09058528,0.9094199,0.20568524,0.20575929
H329Y,N/A,0.6184860818114885,-0.2758337256678132,0.27673755329426514,0.02204972152099436,0.7108652161306106,0.1556661358848521,D,0.52435887,0.45122707,0.5487396,0.34796417,0.34806898
R100Q,N/A,-0.20135060102674157,-0.1995973110581823,-0.3183606728611851,-0.1697521856656543,0.09114151109732695,-0.2008648966446255,U,0.60103834,0.70484096,0.29504758,0.31415144,0.3141997
T116K,N/A,-0.7246621414739647,-0.006807764865024165,0.03828198609530731,-0.1709270756367484,0.46833831729765063,-0.49307758321019773,D,0.5921372,0.31360558,0.68641335,0.25535992,0.25550467
D203V,N/A,-0.48545790402438654,-0.11744525285985075,0.16201648760703988,-0.3250148672437874,0.06530082471062928,-0.05414129630978171,U,0.56895465,0.63870203,0.36111456,0.23790339,0.23803581
S95A,N/A,-0.9819405798105508,-0.20614970199643665,0.22543764631509447,-0.08207769984618445,-0.7595362692580285,-0.6362740629707399,U,0.5209543,0.54188323,0.45801705,0.36268392,0.3628005
Y283F,N/A,0.09596914777814088,0.08219112416664116,0.28702901970635697,-0.4690009824586204,0.03663199154991199,0.4660850850704772,D,0.6857088,0.1099747,0.89010805,0.1122105,0.112243295
L177S,N/A,-0.1440751735351247,0.30894740392217945,0.08403068021014747,-0.6477065880577391,-0.18646070661674946,0.30153326718755813,D,0.59240526,0.3130032,0.6869209,0.27252248,0.27268338
I61V,N/A,-0.6534875812777228,-0.8931505458545809,-0.9493632878870075,-1.9625481750790916,-0.9280268846651205,-1.1635485880375636,D,0.64467937,0.20209236,0.79782486,0.22261195,0.222752
K254N,N/A,-0.13778091018741195,-0.5305319381438292,0.0507730719015972,-0.35898196543341554,-0.04950610705962832,-0.3683950547917593,U,0.505076,0.5101358,0.48983124,0.3074031,0.30752844
P28S,N/A,0.5000025904211156,-0.8324513004726225,-0.860110426734861,-1.121755148292592,0.2628334556969938,-1.1237239787132844,D,0.5192584,0.4613969,0.53846866,0.3605431,0.360664
I246V,N/A,-0.10829907502786144,0.07923249379106191,-0.1691723922680421,0.44176894937779176,0.11590623045405656,-0.10374643135790823,U,0.6883286,0.89611596,0.103798985,0.20107138,0.2010955
E23K,N/A,-0.20926783947014202,-0.13110770536947197,0.14570335477943713,-0.10475313616535427,-0.08049228293373362,0.4552118407327208,D,0.5504175,0.3988026,0.6011603,0.27500585,0.2751514
R79S,N/A,-0.17498024464903308,-0.505039261252604,0.6086055973277539,-0.2091185507473166,0.17341341142337208,-0.6190806179640206,D,0.65914744,0.17028089,0.82977796,0.21856996,0.2186166
N306S,N/A,0.0018415594779432826,-0.18045728401041644,-0.3864007804760027,-0.06896151204006723,-0.10536958669428785,-0.02992592554899731,U,0.60495347,0.7130096,0.28686157,0.28079066,0.2808454
T237I,N/A,-0.09818692783483891,-0.10675917943699735,-0.3273850500364413,0.4854690460789323,0.05565835078899146,0.09866861672243918,U,0.7017424,0.9277712,0.072162025,0.17058486,0.17058353
M35I,N/A,0.3887854006559712,0.17907324028770438,-0.02281311392749665,-0.1063278948887107,0.6819936714490346,-0.078951617244544,U,0.5409755,0.5820635,0.41779304,0.32388008,0.32399243
N209T,N/A,0.1444911388886591,0.22585585823771834,-0.8143234238658784,-0.0648519828408088,-0.26125817312799965,0.21365063474258147,D,0.575132,0.34856325,0.6513843,0.32997742,0.3300851
E268Q,N/A,0.1722822521844814,-0.2599648754365024,-0.09720185514019125,-0.774326923044446,-0.2841078643252322,-0.019942070886957774,D,0.6096277,0.2771276,0.72287524,0.26249993,0.26260555
A128G,N/A,0.4147042044708857,-0.11269227972691884,-0.15999415112143756,0.7770385265320576,0.39418002358215654,0.572172363709537,U,0.5509548,0.6022432,0.39771375,0.38362622,0.38370076
T288A,N/A,0.2943416231758793,-0.016704015042807885,-0.015903545359222834,-0.060008683821432256,-0.5829629612382916,-0.09164928893987659,U,0.54433733,0.5888661,0.41104984,0.30717474,0.3072865
V76E,N/A,0.20236144357281557,0.032235279255252575,-0.06999579092825402,0.3788936333089118,-0.18536804524933218,0.7759882037301953,U,0.503289,0.5065574,0.49340144,0.36626405,0.36636513
K236E,N/A,0.1191102622635104,-0.27686207881475705,-0.3279220631339806,-0.23292324025922925,-0.7304147294355923,-0.6273859801006072,U,0.5570238,0.6144985,0.3854064,0.31981584,0.31991255
I25V,N/A,0.02723459619731054,-0.5482121394147847,0.10781730200330616,-0.034644285058408116,-0.13681187641663045,-0.14153901195578852,U,0.603081,0.7091326,0.29081333,0.31986678,0.3199473
D154N,N/A,-0.20722642899645377,-0.031155489860331162,0.507452135219212,-0.1807625603428874,0.2837741075949947,-0.34345995282525565,D,0.56542385,0.36837658,0.6315811,0.2779112,0.2780417
L259F,N/A,-0.31055362359995714,-0.32736691687611436,-0.37759317873308174,-0.3309614100181356,0.14684008364691623,-0.02062293974281307,D,0.5096295,0.48069617,0.5192189,0.30340844,0.30353358
P138R,N/A,-0.3696043297166551,0.34477839664931753,-0.174646454088901,0.20894191746753807,-0.0036313691297556803,0.3109653501034122,U,0.62007344,0.74483734,0.25497738,0.26369652,0.2637436
R10G,N/A,-0.5756245212457578,-0.12327807044472952,0.29323799915432053,-0.21885590994979548,-0.11292425792763545,0.24399431685502987,U,0.50174373,0.50342906,0.49645424,0.33597976,0.3361206
N64Y,N/A,-0.6501577997254163,-0.10112475315910582,-0.17886472128689954,-0.6828712229771611,-0.4926838439645486,-0.4077146299413692,U,0.66614544,0.84529966,0.15449697,0.17489311,0.17486449
L228M,N/A,-0.38611426394129017,-0.034541642431193426,-0.08182785924865636,-0.2516180949986299,0.06026081090980005,-0.01342512404793687,U,0.6368476,0.7807297,0.219022,0.15256906,0.15260692
V51A,N/A,-0.6033146081281937,-0.3903709665982882,-0.04710175915887883,-0.25022840762199583,-0.24498485842904877,0.3170137102865932,U,0.50119257,0.5023477,0.49757755,0.33627486,0.336405
S131L,N/A,-0.5931476377299821,-0.07835595579410869,-0.515394378152747,-1.0171110528592722,-0.44999909093188495,-1.3703562412682617,U,0.5245803,0.5490988,0.45069823,0.24734986,0.2474624
A281G,N/A,-0.3456416089247511,-0.005209752484543098,-0.43625064331265,-0.11667360307283114,-0.09348393413431048,-0.16112402243844123,U,0.5921405,0.6863288,0.31350768,0.28953996,0.2896245
F291L,N/A,-0.15723330193107585,0.17894304092076013,-0.11407344487698168,0.3394353858289573,0.40520026408992527,0.5069824203818519,D,0.5190672,0.46180966,0.53811556,0.3295748,0.329698
I298T,N/A,-0.30780979995246444,0.06996446602775393,-0.33670040815710056,0.06943780090219313,-0.016367462949389157,0.10080844660817445,U,0.6098397,0.72323304,0.27659455,0.25083503,0.25089255
C39Y,N/A,-0.3030401583860645,-0.24338198632774163,-0.2889474911728563,-0.3497369736616487,-0.45237852848396426,-0.5600326209435743,U,0.6059842,0.71513253,0.28466946,0.20592554,0.20598976
S225G,N/A,-0.4159868075913383,-0.587820074237944,-0.31247734320059994,-1.6377309812919743,-0.23538390261215386,-1.9864781037995534,U,0.64469683,0.7978137,0.20200501,0.25303203,0.25308132
C124S,N/A,-1.3563771239965263,-0.5332495818809255,-2.7845452905085852,-4.636124234465039,-1.3488891754403953,-3.4131099245690244,D,0.72071207,0.025997201,0.9739937,0.1317959,0.13183312
P139T,N/A,-0.1713872753534526,-0.10485602891196096,0.022754685571858238,-0.19806075040784554,-0.1288619153405127,0.18543505057935802,U,0.5220407,0.54405874,0.45583868,0.27446285,0.2745881
I176F,N/A,-0.40047615292060074,0.13147267744226915,-0.2432043266732117,-0.866938325132388,0.17853843242964765,-0.11627982861897043,U,0.5394427,0.5789142,0.42081502,0.27740127,0.27752393
I330T,N/A,0.28030169204075717,-0.5908685298198332,-0.5380543848106002,-0.2671927623750335,0.023996765987735563,0.05996974429399865,U,0.52628464,0.5525998,0.4473643,0.3871955,0.387275
K136E,N/A,-0.4010467290527873,-0.78874091908725,0.15530167478992166,-0.5566857298027272,0.47906133232381626,0.15820633464425327,D,0.6482536,0.19434237,0.80571413,0.20914891,0.20922711
T212A,N/A,-0.6233657097651027,-0.3627960378699923,-0.8192638640898452,-0.6060924832900964,-0.14242692716259975,-0.5158346324137509,D,0.57856286,0.3415405,0.65841705,0.334021,0.33413506
T288R,N/A,0.033056535103258664,0.650785737445002,-0.19719287408575853,-0.04281487482609299,0.7938517953837013,-0.5457619717729819,U,0.52686626,0.5537398,0.4461711,0.37195486,0.37205136
I115T,N/A,-0.22040788130070457,-0.19371099235933023,-0.38429243782269473,-0.5877066746523241,-0.12171800348461555,-0.5723339857659873,U,0.5637284,0.6280608,0.37175316,0.24996254,0.2500559
I115V,N/A,1.3815078046379172,-0.17930665590414926,-0.0849650597078624,0.29508888443262343,-0.1353503997294608,0.5409250782208846,U,0.6781032,0.87249845,0.12742995,0.23394117,0.23396379
R69T,N/A,1.0394640511181226,0.033756126734129026,-0.16617176906555606,0.34314685316247073,0.18760568453504378,0.6133384256933155,U,0.6255222,0.7564814,0.24342698,0.3114737,0.3115343
S46N,N/A,-0.06860417309729433,-0.5114037126439189,0.05060127327528788,-0.10369807435224644,-0.11554305186725317,0.2614940902825041,U,0.52606994,0.5521734,0.44779885,0.3542878,0.35438305
G174R,N/A,-0.11521749575609583,-0.11152323762024396,0.05544950143513047,-0.5385476293585449,0.4120757552524706,-0.5663763584633952,U,0.60290045,0.70868164,0.2911165,0.2699199,0.2700134
V185A,N/A,0.09220664670795074,0.6339748155078365,-0.2749065659501121,0.03989204019458256,-0.027054502375845998,-0.10986256813843637,U,0.6774088,0.87087226,0.12898305,0.18746698,0.18744208
H186R,N/A,1.1866037458222891,0.07269513641023088,0.04187723198909153,0.6370437423042783,-0.3371902309864226,0.12155329114170486,D,0.506942,0.48610672,0.51387644,0.35180974,0.3519229
A31G,N/A,-0.08674075322630874,-0.40845718985409213,-0.015692021506368403,-0.7796911544025726,0.012301874433594328,-0.8478368845556283,U,0.6383186,0.7839476,0.2158739,0.22888972,0.22894901
C256F,N/A,-0.7319168788715726,-0.14571968297111063,-0.16304117618300848,0.17419025001081082,-0.014510336341373387,0.4284898569581335,D,0.53344893,0.43296823,0.5669641,0.30876696,0.308917
C39F,N/A,0.3085081797229806,0.059132305905369394,-0.23009778885793758,-0.5228398809514677,-0.3740367268866242,-0.20553505015476206,U,0.51756907,0.5350908,0.46478572,0.31014594,0.31024167
A31V,N/A,0.152344219451333,-0.020296591121338508,0.38686910506827227,0.006861109774383325,0.010798039155511424,0.20663232261120515,D,0.60401434,0.2889018,0.7111217,0.2638626,0.26396295
V152M,N/A,-0.10560027848846776,-0.12949169106710143,0.827514035353862,0.003420527239098183,2.202880148330405,1.9624480219187832,D,0.7180492,0.032600317,0.96740603,0.12452047,0.1245452
H264L,N/A,0.05426836222245506,-0.11354219666176014,-0.007086371841399946,-0.17766171164500383,-0.10051097104728357,0.09300554748443152,U,0.52653736,0.55307883,0.44682947,0.275502,0.27561674
E178K,N/A,-0.41678115588638476,-0.2186280917427992,-0.3346830936017568,-0.660512083042444,-0.019801740507025704,-0.3247081266912347,U,0.51450455,0.5289364,0.47090176,0.27793935,0.2780814
V314F,N/A,0.09605250353841786,-0.06277432963885472,-0.37691344042055464,-0.08452785337345341,-0.2789373677784471,0.2429490306703736,U,0.5590981,0.6186996,0.3811968,0.34139863,0.34148774
S252P,N/A,-0.04792518079531109,0.03714452533349187,-0.17521527825942407,-0.5764546693976186,-0.2588210958772466,0.12043422553534999,D,0.5736564,0.3515836,0.6483686,0.27170983,0.2718431
A249T,N/A,-0.4152226860025541,-0.14737840218892803,-0.07111310042694077,0.036137942064991255,0.28445256756334664,-0.18060603767640487,U,0.56716406,0.6350948,0.3648051,0.3013973,0.30151463
K123E,N/A,-0.36392568943847037,-0.1145369170285447,0.3963348887372742,-0.11471619858526,0.022917082895454816,-0.3271680860754605,D,0.57922894,0.3401927,0.6598015,0.26319394,0.26332843
D121V,N/A,1.3334160961177304,-0.20885619287928506,-0.11348632748726749,-0.5632330785698524,-0.13941698470412503,-0.04596098608026413,U,0.58925533,0.6803672,0.31947947,0.29086092,0.29092163
N17S,N/A,0.18169417785742759,-0.2973902452950817,0.7436209578527073,-0.011969711771494529,-0.1595430278149289,-0.0607656516915599,D,0.659085,0.1704068,0.82962584,0.2617155,0.2617665
A125V,N/A,-0.3267449403432385,0.1402896217208435,0.3602733702124262,0.08153402919268933,0.5757393499676534,0.6546084128054446,D,0.57807374,0.3425405,0.65741134,0.29848108,0.2986301
R205M,N/A,-0.1263109217787999,-0.35739994724236984,0.5138500882078519,-0.7070718395703125,0.11603118400852509,-0.32817461524368824,D,0.60187346,0.29334363,0.7066211,0.29702944,0.29716176
V76I,N/A,-0.6836627836428476,-0.2969439934479432,-0.025098634820393977,-0.4165371538901129,-0.13734028883886581,0.16863131112278984,U,0.5930126,0.6881318,0.3116986,0.27502176,0.27512512
G147V,N/A,-0.027169169143350238,0.11128201997766628,0.1245431730274957,-0.03148522108209016,0.3312361075217452,-0.33270120000674563,U,0.57205707,0.64504725,0.35479823,0.26284155,0.26296544
T66A,N/A,0.3578534095605222,0.014905759459419191,-0.10905576010429265,0.18957846889413152,-0.6962374704886346,-0.22393815670868655,D,0.5309054,0.4380968,0.5618763,0.3434214,0.3435491
Y245C,N/A,-0.802418492793644,-0.1577118223769961,-0.10252673479072252,-0.1819449618355793,0.17828723917601513,-0.22207171749529314,D,0.51781654,0.46432504,0.53562135,0.28891864,0.28907606
I276V,N/A,-0.14192419996962455,-0.3021126462528054,-0.07805564683624681,-0.4024713882494939,-0.02736654622983788,-0.41776228081042005,U,0.62637585,0.7582518,0.2415517,0.20067623,0.20074065
G232V,N/A,-0.18811271514438593,-0.22572424616303016,-0.059569925308043496,-0.39284820737672976,-0.947403888301005,-0.5913797856400487,D,0.5976693,0.302114,0.6978772,0.2531778,0.2533027
H186Y,N/A,-0.24812434122622348,0.40068762606596864,-0.15920669391517353,0.025180307865596156,0.5704930199777691,0.027075512864774127,U,0.51871663,0.537388,0.4624865,0.3223416,0.3224606
I75F,N/A,-0.5037049960757413,-0.28310215219595936,-0.3240570828780059,-0.3544163906374553,0.13734220213950585,-0.0001496695768884156,U,0.51351523,0.5269778,0.47290373,0.3000427,0.3001793
D72Y,N/A,-0.6266345200317189,0.6491890301268123,0.30456363832862204,-0.31282346797551047,1.7361167748815833,0.10280751963096506,D,0.63579327,0.22140598,0.7785579,0.26239446,0.26252848
T14I,N/A,-0.29001874903091573,-0.1795065444341033,-0.28842592271093526,-0.2097838611246205,0.153067507953834,-0.5469012284298923,U,0.59980017,0.7022481,0.2976155,0.28755423,0.2876446
Q328H,N/A,-0.8595785791624397,-0.1638295987274786,-0.016230521658782714,-0.17138380237166131,0.518882054661323,0.16053694284162706,D,0.5808773,0.33680126,0.6631771,0.26677695,0.26693016
T96N,N/A,-0.24482790346640237,-0.26546932550889557,-0.2076536443279361,-0.2703357546103884,-0.216302386040409,-0.25742832584769343,U,0.63799846,0.7832441,0.21655662,0.18751515,0.1875441
S106N,N/A,-0.3825771454685309,0.20086092305992478,0.079134953418431,0.19415006957091455,0.3131848033558362,0.368417833958514,U,0.59702,0.6964294,0.303366,0.24927494,0.24937788
K175I,N/A,0.4320944453956135,0.7295400476920627,0.30952760177251515,0.03689891515010077,0.09548920879762186,0.1298598133261738,D,0.5584082,0.38262868,0.6173331,0.33898595,0.3390824
L73M,N/A,-0.2507923222206088,-0.2688307755511334,-0.4857010054656578,-0.4311045254976181,0.7369513687630143,-0.2471189242363699,D,0.602793,0.29143557,0.7085518,0.30370185,0.30381003
E37D,N/A,-0.44766010198243544,0.41481788857286367,0.10288131250874072,-0.6582034841654536,-0.057019374199174855,-0.3510872716516841,U,0.61951953,0.7436263,0.2561168,0.2164471,0.21648788
I216V,N/A,2.606744569879007,-0.05928107474362694,-0.27484158674731585,-0.2309974287923388,0.4650016264688071,-0.5566884338213854,U,0.71016955,0.94805413,0.05184659,0.12999862,0.12990919
R9Q,N/A,0.004981619225106472,-0.455762633694164,-0.5343281333274318,-0.5796081441770132,0.3821777947539108,-0.051506828586925936,D,0.6446774,0.2021472,0.79787093,0.21809183,0.21817857
K134E,N/A,-0.1477387851330819,-0.16313242290460617,0.2057788861387769,-0.17395547214766421,0.06824871227199247,0.33553641492288266,D,0.575636,0.34755433,0.6524384,0.24391411,0.24403946
Q48E,N/A,-0.10852380064159423,-0.06086067454786986,0.18155046348736928,-0.4829424389794328,0.2720234283073687,-0.36733884760979163,U,0.54767525,0.5955649,0.40428272,0.29813096,0.29825884
S337C,N/A,-0.034489729670468004,-0.36910089204109187,-0.0698019866840461,-0.4052878342644228,0.09774200578659167,0.26561910253247745,D,0.5935202,0.31073305,0.68926996,0.2885585,0.28867686
I246L,N/A,-0.38436357600295634,-0.21661186354597903,3.849089572086532,-0.2826040873153518,2.9470503442295897,0.798415442839863,D,0.7306374,0.001070967,0.9989298,0.012638863,0.012633056
V307A,N/A,-0.26451728397725105,-0.7649068230465181,-0.17149450153534104,-0.3716760170631614,0.3043868466412058,-0.9047985866698641,U,0.5287778,0.55760044,0.44236207,0.3297144,0.32983252
G101R,N/A,-0.2932004939396929,0.07914297817502494,-0.32125294000712384,-0.01422495005244692,-0.2523635723925898,0.006652087550937239,U,0.6420382,0.7920105,0.20778903,0.2007307,0.20075381
A282T,N/A,-0.43908759590734503,-0.04475394455041738,0.09115549028528767,-0.7748730642050282,-0.1795143791149394,-0.3426256312770081,U,0.5682761,0.63729054,0.36246943,0.22920673,0.22932369
N30I,N/A,-0.046248607178472054,0.2976726882732587,0.8864210653581224,0.5001170074209068,0.40411790927058094,0.3436610612971639,D,0.6685681,0.14915225,0.85086817,0.23723318,0.23729555
Q26P,N/A,1.4729300845851336,-0.5397974308727,0.7924118595107192,0.2355446130752867,-0.018905952677775124,-0.41423019367264874,D,0.5366943,0.42646748,0.573509,0.42834866,0.42841274
D121G,N/A,-0.01055450403175596,-0.0026285116185052575,-0.39765480398649244,0.08099610510567831,0.40076729731156674,-0.18536927148253488,U,0.6099672,0.72353625,0.27636194,0.3309644,0.33102667
E23G,N/A,-0.11893797379203687,0.14789129345280178,-0.6077758924817789,-0.6025067194336616,-0.17977586159119566,0.07268475536296665,D,0.59400934,0.30967218,0.6902369,0.29574922,0.2958974
H315Q,N/A,-0.21498680300396897,-0.14082961212719447,0.0350919627601801,0.23431406958659812,0.09234574013905004,0.26228496633335263,U,0.64447236,0.79733384,0.20250496,0.20451215,0.20455065
T288I,N/A,0.11929526105289152,0.5286686538460631,0.7655273654381306,0.20443966105251718,0.38876347921739,0.49620168123361336,D,0.6969889,0.08352978,0.91652966,0.11534142,0.115357034
C124Y,N/A,-0.10684028493237702,0.13202291192402044,-0.08744610354589522,-0.09779694221226022,-0.0005996532557116122,0.1412772675261587,U,0.57417536,0.64935815,0.350451,0.20811833,0.20821056
V152G,N/A,0.6169818417548242,-0.13583979002886679,-0.10748238632574633,1.0470902007189813,0.18652072743576256,0.09036465390624375,U,0.5856875,0.67305714,0.32689115,0.37698472,0.3770505
Y251C,N/A,-0.30044676824741845,-0.20793463678134474,-0.18054188345893876,-0.23351299533945655,-0.021221952902684034,0.13668218513845623,U,0.5273511,0.5546926,0.44517905,0.29209843,0.29223314
T161A,N/A,0.032398657312784754,0.06321293764693602,-0.2335905401187655,-0.31789823180264326,0.22260839265962112,-0.25620008959400326,U,0.5823485,0.6661182,0.3336965,0.2625182,0.26258305
Y126N,N/A,0.514725584906616,0.005093962684245358,-0.08322662602222988,0.42395050242923016,-0.3509130712395449,0.02926185295459133,U,0.6278171,0.7613871,0.23852356,0.29044437,0.29050776
H318Q,N/A,0.11072865825623336,0.9465431460801389,0.18781593038615904,-0.5461012077501741,0.5072200698355729,-0.7324621720585014,U,0.5532864,0.60684097,0.39288294,0.26423818,0.26431558
S106G,N/A,0.15584370545623624,-0.24238235714586784,-0.2475334778314918,-0.11256037416654184,-0.06080732558783376,0.4254155638940927,U,0.5090188,0.51801485,0.4819358,0.34751868,0.34762013
K274R,N/A,-0.0982803741720398,-0.37368008298695743,-0.3176590580405474,-0.21849595551091205,0.24408596392870302,-0.5342660013390659,U,0.6355927,0.7780827,0.22179696,0.262353,0.2624034
E153K,N/A,-0.20106095894361678,-0.1186040756619294,0.5576430485387808,-0.21111688415889382,-0.05569979081181027,0.5314989718448151,D,0.66312486,0.1613936,0.8386447,0.21859822,0.21867342
H318R,N/A,0.09119792595692335,0.2934999758804569,0.3592511908738219,-0.5169724776908884,0.24531485317092255,0.4307302619497289,D,0.65283257,0.18424565,0.8157592,0.22268982,0.22280392
G189A,N/A,-0.27719220574312176,-0.20214248876937396,0.03848862310656223,0.03882603710053758,-0.40860895884453724,0.12495833036236186,U,0.5819663,0.6653475,0.3344971,0.22774205,0.22783612
S218F,N/A,0.2531001976478402,0.6286794968792463,0.12237986729296768,0.4367450933741962,0.9589213021778923,0.1897212766553875,D,0.54066193,0.4184711,0.5814789,0.3271671,0.3272997
V180G,N/A,-0.40701432293736284,0.032120658315076774,0.28651027142523033,0.07197749031935688,0.3026277189838233,0.054034729052063836,U,0.5109059,0.5217601,0.47812942,0.2747262,0.27488142
Y343C,N/A,0.003087279651156425,0.16357815094151482,-0.0660339322726485,0.3170610841615137,0.3327933046197119,0.8383503308805137,D,0.6350082,0.22314325,0.77690643,0.21317479,0.21326575
T116I,N/A,-0.837440696228407,-0.44074831057499586,-0.04682480613541543,-0.4857952937448208,-0.03884574670995395,-0.27969648705909994,D,0.51334256,0.47327715,0.5266601,0.27225733,0.2724099
Q327P,N/A,0.0377472028290835,-0.025968921891782907,-0.29571679351893654,-0.16909601507546226,-0.032867419308137635,0.6729854463884194,D,0.62157196,0.25189915,0.748125,0.2836115,0.28369635
V180F,N/A,-0.15708406458402754,-0.17987582096198845,-0.6007886233988333,-0.11569556374330427,-0.37994336294662934,-0.12530154337322452,U,0.5623125,0.625219,0.3746665,0.33402342,0.33410084
R10Q,N/A,0.461795913992449,0.3187279947161375,-0.41875246910791813,-0.48488195497361436,0.22481779254542744,0.3691498305934728,D,0.6659061,0.15514494,0.8448713,0.19739036,0.19747846
T96A,N/A,-0.4444319228047765,-0.19254091919016672,0.4154624931833915,0.49401385612279214,0.38605773171943064,0.4742610854673527,D,0.63701844,0.218802,0.78124875,0.24414961,0.24422891
D12N,N/A,-0.3444588353555764,-0.17930749338211202,-0.16938688648907152,-0.12957165045777844,0.29951277804658083,0.12972870442596066,U,0.5344871,0.5690193,0.4308513,0.293316,0.2934443
M342R,N/A,-0.06936176255733276,-0.13888618051859192,0.044403916893446534,-0.3496913735903105,0.17442462032841696,-0.13919692720948096,U,0.5639696,0.6285647,0.3712763,0.25820985,0.25832766
I262M,N/A,-0.6226453043055223,-0.12434512863016862,1.472943479916213,0.6587893422101764,-0.17820078906756123,0.590054448866127,D,0.68591225,0.10946055,0.8905379,0.2447834,0.2448458
V15M,N/A,-0.0024755493933200623,-0.5642352239445652,-0.2253158701155008,-0.6386002214287212,-0.15221716236601301,-0.3494169437778426,U,0.5156792,0.5313236,0.46858636,0.34032285,0.340437
K118E,N/A,1.279314900792131,0.18919431674873052,0.5026322074692978,1.579509835205097,2.764880770723525,0.12501768151514225,D,0.70212287,0.07130379,0.928731,0.17630564,0.17632571
A210P,N/A,0.2296400309787289,-0.6127192066111307,-0.22426648918557637,-0.11394642839819535,0.2674723465782159,0.3164892590132797,U,0.541889,0.5839559,0.41600603,0.39370862,0.393782
N287K,N/A,-0.17113006901029887,0.09129819515144692,0.6494717978953369,0.33328632440580297,0.21402308716810414,0.3910019516692117,D,0.64120567,0.20971406,0.790315,0.23771548,0.23778705
R69K,N/A,0.20488796485879263,0.3396065432987441,-0.08482741527448223,0.24286529719450825,0.16750252420705586,0.4150983593279952,U,0.5744339,0.6499192,0.34995434,0.28222573,0.28231603
Q26H,N/A,-0.5719626573613203,-0.26931433033920205,-0.10834181614936396,-0.12171274474480477,-0.3668286426260175,-0.048788067740847416,U,0.5991975,0.70098335,0.29886076,0.26091257,0.2610079
A31S,N/A,-0.36003015102372,-0.020358465426873005,0.06594211803348024,0.3288098577046927,0.034059718154218176,-0.1807249108909005,U,0.58562946,0.6729092,0.32698247,0.2761481,0.27625948
K196T,N/A,0.5867630399637207,-0.17081944334466778,-0.26475145442186493,0.3770040574649332,-0.08010575826845187,0.22576160645365734,U,0.71904343,0.9698364,0.030114822,0.10113179,0.10112173
C142W,N/A,0.031611019034382556,-0.15449155955359317,-0.26288235153436335,-0.46256948954609683,-0.008329364325256602,-0.16473309465567385,U,0.5299773,0.55995524,0.43990207,0.2705697,0.27068615
K333R,N/A,0.03544443294969991,0.056051558110734895,0.42920229999306353,-0.17610484705784077,0.28941036058874653,-0.012918144355241646,D,0.5805933,0.33738512,0.66259444,0.2723252,0.27245152
G55C,N/A,-0.1066757871811048,-0.26555110379167496,0.0882118373184194,-0.3310682408994032,0.11088186958438905,0.3061995323939575,D,0.59636337,0.30484095,0.695176,0.24289775,0.24302073
Y97D,N/A,-0.5227898284210728,-0.12417127155794241,-0.44388719340746124,-0.18487920068379926,-0.07400136262363251,-0.5083124529724272,U,0.59145653,0.6849286,0.31493872,0.29209122,0.29218167
S225R,N/A,0.48436823519520833,-0.3324834458965054,-0.006640871983066853,-0.6590900959703523,0.010204838864719084,-0.24844004099267167,U,0.53321666,0.56647277,0.4334102,0.33048096,0.3305946
I219M,N/A,-0.0008489658526023254,0.11213488036043895,-0.4782580416735257,-1.0191778754535408,-0.07919573776261722,0.15149432349898365,D,0.6724451,0.14035738,0.85962224,0.1646986,0.16481262
K254Q,N/A,-0.0990156066990847,-0.01667155952276169,-0.08376067166120464,0.02485237206160963,-0.5140554852244407,0.015091723330514607,U,0.5858785,0.673406,0.32645294,0.27164623,0.2717376
K236N,N/A,-0.5660069230164246,-0.032562018834313186,-0.6175448240445571,-0.5030831204843595,-0.25907321109312204,-1.0011210137867543,U,0.58385396,0.6692323,0.33061782,0.29708913,0.29716286
C142R,N/A,-0.2405128788756719,-0.01066863324530961,-0.10293851379589262,0.004040681782691239,0.46360007558770316,0.32989300584432363,U,0.5090667,0.51807266,0.48180184,0.28401625,0.2841589
D154E,N/A,0.004402117583772645,-0.437632386809994,0.02143338198461703,-0.06888587511307152,-0.5524593832619366,-0.3662622341797774,U,0.54491174,0.59002626,0.40989393,0.29605156,0.2961549
S295T,N/A,0.003849635493842499,-0.6542940284135693,-0.35042101864655173,-0.7812429477215677,0.4242789832834173,-0.5423423572125036,U,0.5041498,0.5082385,0.49163902,0.2781703,0.27830583
E89G,N/A,-0.5397634216192665,-0.8231134222352139,-0.3642376432515388,-0.2980176470361971,1.3579718924496968,-0.9110573536202452,D,0.6231629,0.24851638,0.75151145,0.3469403,0.34699577
H186P,N/A,-0.1213870859112003,-0.8810422903111768,-0.7533804850921317,-0.3017009924127558,-0.5253065160021796,-0.49107492728929386,U,0.6496874,0.8087996,0.19113407,0.31123075,0.3112607
L238V,N/A,-0.32161518270499984,-0.015505420365398847,-0.3109560407323863,-1.1444193907002054,-0.05102952566286406,0.2438031492446211,D,0.5429975,0.41366366,0.5860793,0.25699267,0.2571659
G232R,N/A,-0.2288435275166771,0.1594526232347735,0.004305670931985697,0.15344118114742075,0.027508233953495807,0.04997128464097139,U,0.6183098,0.7411054,0.25872493,0.23771533,0.23778722
V326M,N/A,-0.06549944356131639,0.3206904877248314,0.03452548549622891,-0.09896690273381042,0.3332322689704524,0.031158784552469166,U,0.56972206,0.64026403,0.35954675,0.22838189,0.2284775
D304A,N/A,0.01102596003490359,0.3790687518952757,-0.052059149455175056,-0.3031987242764793,0.17261583948431442,-0.30532009508523433,U,0.5670573,0.63482887,0.364974,0.2362428,0.23634106
T206I,N/A,-0.07147516246486485,-0.13673088785673784,-0.2875851340813701,-0.7081250652842387,0.3846953781604637,0.26119894822794293,D,0.6143679,0.2671153,0.73282564,0.21463868,0.21477942
K33N,N/A,-0.12968442781084738,-0.2671240367464736,-0.3447966009096054,-0.3819178981224753,1.3106587155442804,0.22313335502055287,D,0.66914254,0.14785422,0.8521638,0.21000123,0.21007726
N243S,N/A,1.6663626100657625,-0.307152370529777,-0.07840319866202808,-0.41310634021017334,0.1095169222581377,0.10473356263846265,U,0.6044697,0.7119996,0.28787532,0.31187156,0.31191418
T310R,N/A,0.062147841855679904,0.043224821128390496,0.020793380046036338,-0.055885309571800025,-0.007365091124677154,-0.27142227562702653,U,0.609417,0.7223561,0.2774936,0.2301693,0.23023847
E102D,N/A,-0.20314019446185907,-0.32234512014061134,-0.30300895328141575,-0.7245101960407154,-0.06464312903228393,-0.006833373072446221,D,0.5327226,0.43439698,0.56547457,0.2509911,0.25111768
I107V,N/A,-0.1392005012975484,-0.3608505193235427,-0.4970307231332832,-0.5132418179247235,-0.13599688125285375,-0.10274442667613938,D,0.53464645,0.43056113,0.5693693,0.325155,0.32526705
Q86E,N/A,1.27049164426942,0.009537031608349697,0.14701377498248355,0.2876012617254477,0.6671190089931807,0.418916254801415,U,0.51243764,0.5248501,0.4750894,0.34848854,0.3485897
L135P,N/A,0.4122719309443127,-0.7129119643671472,0.09645752851716274,0.2917123684049881,0.1272418371490106,-0.17725093100670283,U,0.68843126,0.89637566,0.103580244,0.23831995,0.23834194
I94V,N/A,-0.06373981075024109,-0.21866995469455397,-0.1904215695054864,-0.6444113706593699,0.17379823161439656,-0.10174582277549125,U,0.52092576,0.5417894,0.4580374,0.27337655,0.2735036
G198E,N/A,-0.25937986805638,0.23323995175488835,0.35661138383865537,0.8946346206258521,-0.009652365236783695,0.34723560593823943,D,0.590155,0.31770027,0.6823065,0.30551356,0.30562633
E23A,N/A,-0.15484965554067848,-0.5271546552200627,-0.3220047028389176,-0.3936294182904262,0.5980081628107922,-0.2329570199881561,D,0.5242829,0.45137042,0.54857844,0.3002326,0.30035412
F156L,N/A,-0.11684921363768801,0.0948735368675172,-0.08123437394693354,0.2597461400887286,0.14618036634236137,-0.4658676553249999,U,0.6058755,0.7149687,0.28496096,0.32757303,0.3276674
I150L,N/A,-0.5209322759189258,0.27080885967741725,-0.13903221599434187,-0.6866453059592427,-0.17560301254903107,-0.2413233251841249,U,0.6705995,0.8553278,0.14442979,0.15836231,0.15830469
A137T,N/A,0.13619967312273795,-0.04042334143089234,-0.006143740991566809,-0.3086840539991884,-0.33755839633845025,0.19261653306770787,D,0.5109188,0.47812113,0.5218033,0.30001196,0.30013204
P290A,N/A,0.08542352377454744,-0.43912434610130374,0.04338614355931815,0.24787598959993004,-0.6434480337832598,-0.7977123353394132,D,0.5508953,0.39786485,0.6021535,0.36758715,0.36768803
I50F,N/A,-0.18444584912790227,0.01997712541532512,0.6086745616332346,0.7927145085654251,0.4516368350799591,-0.004299490025514428,D,0.6219313,0.2511339,0.7488875,0.30655777,0.30663326
A160G,N/A,0.23313069130000244,-0.691766320745084,-0.8216157148221831,-1.9777517228084986,-0.5962660666115356,-1.5597154223576588,D,0.5470387,0.4055458,0.5942586,0.3627283,0.36285257
M342T,N/A,-0.692365105930499,0.15547178293129127,-0.3516940565090032,-0.07817753090894645,-0.15223859782909901,-0.037528819732110336,U,0.6382497,0.78382117,0.2160456,0.29760054,0.2976481
A5S,N/A,-0.16605186240673683,-0.1315039876949084,-0.5956482988231939,-0.4050283224198049,-0.006038373708460677,-0.24453433671838,D,0.5650165,0.3692044,0.6307514,0.31185037,0.3119703
G55D,N/A,-0.13260587030439588,-0.2813953442015409,-0.0018507690862905116,-0.20015988749553612,0.008378349842991855,1.0145442789377381,D,0.70457876,0.06543345,0.93463117,0.11384677,0.11386169
H289Y,N/A,0.8909019841390016,0.08638822216890898,0.6646620639081429,0.5660201334568242,-0.021032928213962805,-0.32568309932290035,D,0.6364918,0.21992627,0.7800958,0.3080303,0.30810404
L260V,N/A,0.18049814185126856,-0.1052252041898687,0.5181100518180396,-0.04169142655234983,0.9468850594639684,0.8796325957020418,D,0.69441676,0.08959686,0.91044706,0.1635081,0.16353445
T81A,N/A,0.025533340082876,0.5886956632664744,0.3255700256013004,0.22606746322084692,0.6167374435978118,-0.07208286732712495,D,0.54402786,0.41168833,0.5882571,0.30841774,0.30854747
M35V,N/A,-0.3144049971910199,-0.2630667676263391,-0.3865222426009758,-0.26194605927180703,-0.28429344669566864,0.48233688514791184,D,0.5813656,0.33578956,0.6641714,0.29740664,0.29754958
S299N,N/A,-0.14817570919599607,-0.22913044924984563,-0.463656098900349,-0.5141039737038484,-0.014287502386456673,0.10227058074505382,D,0.59250975,0.3128034,0.6871536,0.2619294,0.26205805
A120G,N/A,-0.12876688634193717,-0.062142102066845444,-0.13114198766166574,-0.11882996555877927,0.2559885071947055,0.24574102164575504,U,0.5121366,0.5242212,0.4756653,0.28331766,0.2834451
I19M,N/A,0.1551743373167391,-0.435008746725549,1.0431866260260887,-0.4149918566471839,0.5922857368081834,-0.6779372750432043,D,0.63952386,0.21334118,0.7866394,0.31344715,0.3135357
H186N,N/A,-0.8566384706731952,-0.23905466678959364,-0.0011245765347255474,-0.5733998831066973,0.3287027451034908,0.45866161809945843,U,0.5431473,0.58642,0.41340038,0.3206776,0.32080454
F258L,N/A,-0.44106250247342965,-0.11750050956883523,-0.702743979859982,-0.5435083526440133,0.0016297197108636771,0.09387984672365893,D,0.6271601,0.23995076,0.7600033,0.24721731,0.24736224
S129N,N/A,0.030531943387515643,-0.028485493979116646,0.6159580110189136,0.2687485739055327,0.44985182793596956,0.21667561282102424,D,0.5956335,0.30634207,0.6936461,0.3180307,0.31812552
P169Q,N/A,0.4367313264040896,0.3085764149889304,0.2919962060618625,0.1263691793258222,-0.2704800202728871,0.3469612844795966,D,0.5434189,0.4129234,0.5870373,0.31968322,0.31979266
G336A,N/A,-0.006689394546478846,-0.08915719714995197,-0.16553925021819807,-0.13581210475881897,-0.19145271014866735,0.2915831433694564,U,0.5485208,0.5973001,0.40260428,0.3200295,0.32012507
I322T,N/A,-0.29951008544577395,-0.377062832384437,-0.34130262678815815,-0.5569421568763487,0.12518628834204165,-0.2968594818370137,U,0.508426,0.5167954,0.48308828,0.30292532,0.30306247
E78V,N/A,0.17547968411921241,0.7412315447530811,-0.04498352243793866,-0.26584991533492713,-0.17931113375464014,0.24073813507201874,U,0.5340792,0.56820434,0.43167576,0.32293993,0.3230358
E53D,N/A,-0.3851366386098806,0.046630884254328056,-0.17382007193529914,0.06734338586222588,0.15877886537458374,0.6163181575904616,D,0.5320348,0.43579978,0.5641148,0.31032223,0.31046888
R9W,N/A,-0.5446298141293417,0.024800942905832325,-1.1810890731680967,0.023301043439003077,0.18708798730913517,0.2641113762650713,D,0.67657745,0.13095903,0.86904633,0.2313141,0.23139203
E13K,N/A,0.2988637499944059,-0.13367184367382032,0.3189101917380406,-0.13997135883244616,0.4909624762558456,-0.09313183846968433,D,0.53948635,0.4208398,0.5791148,0.29771653,0.29784626
N215S,N/A,-0.2553345146934157,-0.290105687412217,0.09883297916642518,-0.3349098623093573,-0.45934274317423085,-0.15214699153252625,D,0.56024355,0.37891906,0.62106967,0.26539275,0.26552907
R18G,N/A,-0.559907575423937,0.41010574221591073,0.18466087785421162,-0.10624670922527724,0.1022317893782612,0.5675464820488186,U,0.6193462,0.74329954,0.2565254,0.31003052,0.31009513
N250D,N/A,0.3757938906035091,0.1275173602390841,-0.42515012779948097,0.1961148361609486,-0.7605292491316222,0.392400299803431,D,0.581249,0.33604315,0.663946,0.3373428,0.33745617
N248S,N/A,-0.18793119362206684,0.16974261530747886,-0.3351711646939973,0.26364623090480627,0.05358556823665167,-0.3615321525807111,U,0.7065938,0.9394084,0.06051042,0.1432609,0.14325431
D235V,N/A,-0.3318851161221624,-0.5003845605833694,-0.02211830538697944,-0.1865496710288555,-0.15296325745700715,-0.35810598348134637,U,0.59513235,0.6925566,0.30733314,0.2677882,0.26788387
R265G,N/A,-0.3926046037425274,-0.08142665003146302,-0.21015282968000626,-0.10072352982191494,-0.06453628748374131,-0.12183708738246604,U,0.6168472,0.73799497,0.26180735,0.2160922,0.21615873
S184L,N/A,0.09786849773077543,0.058399889169918645,0.35960569328948555,0.1649935123713665,-0.10940853377794232,0.3679631046350305,D,0.5865775,0.32509032,0.674925,0.2829472,0.28304666
R217H,N/A,-0.2996647487307334,0.04444605316148525,-0.4470440829077331,-0.0025953673075544952,-0.02012354009269529,-0.03902737531584345,U,0.59601086,0.6943603,0.30548942,0.2882389,0.2883101
S218P,N/A,0.17695609621070843,0.3596293026075256,-0.008327366433999986,-0.45122647387359,-0.13755654186643745,-0.1472746570457779,D,0.5086948,0.48255327,0.51733625,0.29402176,0.29415137
I68M,N/A,-0.411051079470985,-0.4669524927820823,-0.2359346325046869,-0.29291367375466987,0.009632158731543359,-0.1948433727085969,U,0.5612485,0.62306136,0.37683105,0.28592238,0.28602654
I59M,N/A,-0.3246602995182105,0.1668412419874406,0.1766008406811716,-0.018277627746763052,-0.1921720068188201,0.042430350718152106,U,0.56632185,0.63334984,0.36649016,0.2775704,0.2776742
C233S,N/A,-0.2570803183053,-0.14240967203674598,-0.12057208550422847,-0.5927311745733995,-0.028809074653964883,-0.07639482565316716,U,0.5337548,0.5675249,0.4322999,0.27935633,0.2794893
T45S,N/A,0.18688559560201726,0.10425960330431201,-0.4015817438390437,-0.507995401280147,0.10871032678010463,-0.04726209791782933,D,0.5975228,0.30240196,0.697556,0.24214442,0.24226832
R217P,N/A,-0.4977498682857133,0.10598992526148072,0.006000640773675796,-0.5964903696516726,-0.05088699185327665,-0.5206854274676647,U,0.534321,0.56866544,0.43116513,0.29747766,0.29760864
H264Y,N/A,0.07650924125307088,-0.09522094508736179,-0.025424195022524115,-0.28240966846300974,-0.5262170223983117,0.15471453038004016,U,0.52351165,0.5470165,0.45290047,0.30202714,0.30213842
V303L,N/A,-0.02537507375911321,-0.6581690408131976,-0.6424741709239763,-1.2517153854632375,0.03715853131139195,-1.7551294005925586,U,0.6387145,0.7847924,0.2150034,0.23730619,0.23734616
T345I,N/A,-0.0779865572297742,0.038537430066960456,0.21466283277489387,-0.32081481570044507,-0.2244196908997255,-0.11523324821037147,D,0.58057433,0.3374301,0.66256166,0.23138247,0.23151718
I229T,N/A,0.7984080854045131,-0.2537616554213039,0.03868658368526487,-0.5606566044072582,-0.47701895664162364,0.1269966970500613,D,0.51900095,0.461951,0.53799134,0.3024602,0.3025749
T117A,N/A,-0.658032681720386,0.02869617588943231,0.07607147890616676,0.15989759206146986,-0.4384406709077321,-0.149023936371899,U,0.6087912,0.72104317,0.27880943,0.2915814,0.29166886
C77G,N/A,0.3460168247060596,0.1665566856633125,-0.035923528682309074,0.13521664479975792,-0.05608200914987781,-0.07731637795090847,U,0.655484,0.8215385,0.17830516,0.18883325,0.18886052
P141R,N/A,-0.8283929055981838,-0.375203527475905,-0.27766540376899274,-0.20345508721696004,-0.6046202117557172,-0.33861497469737656,U,0.64627457,0.8012635,0.19856001,0.21222226,0.21225227
T310A,N/A,-0.25317779631396375,-0.016952383025879383,-0.1015402221185161,-0.36970444251700585,0.48862814835625074,0.04306458234527485,U,0.55497384,0.61029303,0.38950512,0.27137652,0.27150008
D12E,N/A,-0.40057918768113,-0.1701419260996176,-0.8881487682061759,0.17610352304584148,0.17459730004008242,-0.0005984938380922033,U,0.50353163,0.5070462,0.4929195,0.40635008,0.4064193
K254R,N/A,-0.5111253858604566,0.15224303888787688,0.06610147419003506,0.22998208355972938,1.1245613778975834,0.026722403908284093,D,0.6280981,0.23798211,0.76204824,0.27058643,0.27069435
I36M,N/A,-0.036834159162037826,-0.15084872075980932,-0.4786043324527643,-0.050920457884574825,-0.1419693645210451,-0.8500292216252963,U,0.6917523,0.9041098,0.09578547,0.17132992,0.17132741
Y280F,N/A,-0.3187558666959331,-0.2315986464005512,0.6709937338378731,0.1467051778326229,-0.19107616365616678,-0.6876042720673337,D,0.6856018,0.110214084,0.88985056,0.16775121,0.16777799
L11P,N/A,1.315621364525612,0.05445240372508881,-0.11041984542620178,-0.1656571231176449,0.2476628136056265,0.024053828895741362,U,0.6020837,0.70700127,0.29284653,0.29157227,0.2916424
S83G,N/A,-0.040848616401475364,0.06908047661775676,-0.0539578160251745,0.6494332434406971,0.28549428228276597,0.36432170206524234,U,0.643477,0.7951869,0.20469917,0.24120174,0.24124582
A160S,N/A,0.24103803144066596,-0.20336246430906055,0.19320073493693113,-0.6335409801480588,0.2109361731089619,0.1283219891701977,D,0.62409097,0.2465282,0.75347733,0.23930512,0.23942173
I298M,N/A,0.33694790595577034,0.15370083777408394,-0.06469597699827404,0.02439479231329576,0.19588845070180663,-1.0057975609081484,U,0.5746417,0.6503678,0.34955308,0.32667628,0.32679492
V201A,N/A,0.13755753005218666,-0.5070101179790142,-0.27064420096645253,-0.3370715760156252,0.11719576932826219,-0.23350097009947218,U,0.5532651,0.6068982,0.39302614,0.35376343,0.35385162
I257V,N/A,-0.045334548425527005,-0.023927106808985923,0.1956465895574125,0.3694482562297547,0.08208087591880284,0.1276977328256919,U,0.55260205,0.6055522,0.39436257,0.32620806,0.3263023
K57R,N/A,-0.0802407366228222,0.11008900676957208,-0.46029226271670015,-0.23816783623596444,0.2802582518461321,0.25291647453378785,D,0.6082109,0.28009176,0.7198899,0.2918206,0.29193875
G65V,N/A,-0.3384959287593688,0.2845542229064943,-0.7676380378228612,-1.098308261008223,-0.4637025705352905,0.3264351433627557,D,0.60988766,0.27646565,0.7233057,0.30751136,0.30773807
A5V,N/A,-0.4253280350085404,-0.38152613384569317,-0.3650511353763555,-0.7844590636087238,-0.393891347460379,-0.20038396826912952,U,0.53021514,0.5604144,0.43940642,0.28279403,0.2829268
N222S,N/A,-0.7173161098761455,-0.339224119345776,-0.3249249451526087,-0.6165759779696814,0.4947743762231882,0.0903862028882324,D,0.5823352,0.33378446,0.6661513,0.27109373,0.2712486
S332G,N/A,0.31900030283333436,0.07007019633029896,0.19846378547390892,-0.18133740728006698,0.3837669231276736,-0.3382617946449996,U,0.5648036,0.6302772,0.36959642,0.3232479,0.3233544
R205T,N/A,0.3170057564491171,-0.6277829513205202,-0.3552748561208101,-0.15033889349588328,0.17728270937232324,0.17244654769369433,U,0.6012079,0.7052118,0.29471108,0.34058025,0.340641
H112R,N/A,1.0563491498570408,-0.14029763108505386,-0.038763882881231546,0.09548637514398368,-0.14932130326561166,0.4040509410950239,U,0.6874485,0.8940636,0.105845936,0.1844918,0.1845035
D154V,N/A,0.0014151880802084388,-0.3836315784876469,0.008732354498410496,-0.49303157274366444,0.03931944242845855,-0.2256735184155799,U,0.5365375,0.57314664,0.42673552,0.28513643,0.2852632
S269P,N/A,-0.669770491955133,-0.8024296480230182,-0.4170818909270002,-0.6041583200133048,-0.26898834691301327,-1.4253968026036623,U,0.52362895,0.5472762,0.45268998,0.33668628,0.3368091
L296S,N/A,-0.1497673896944628,-0.40146073306172936,-0.9528730923365247,-0.3032040239054526,0.24336496888527911,0.2960441826321252,D,0.70058656,0.07497131,0.92506397,0.15106629,0.15109365
H109R,N/A,-1.1928087771742648,-0.21886902998606522,0.16059954372803628,-0.6478930508161755,-0.05665551589012533,0.026614005501680513,U,0.5589904,0.61847043,0.38140482,0.37380004,0.37390772
A188V,N/A,-0.21408767745003612,0.13440519718138677,-0.364916330574397,-0.19555069693738236,0.4862898465781285,1.2340673913518996,D,0.6818931,0.118756,0.88124156,0.20653261,0.20663409
Q26R,N/A,-0.26761169533528995,-0.22991066543335553,-0.30089232201927885,-0.545532826227908,0.06318964087574355,-0.07680931048964429,U,0.528058,0.55608726,0.44373736,0.26103687,0.2611649
I32F,N/A,-0.2689029412243335,-0.11111572203556982,-0.7971886733682506,-0.6487749287695275,0.10422457288227896,-0.3228689636517024,D,0.6760039,0.13228424,0.86775154,0.17393668,0.17400132
N30K,N/A,-0.2423036479889472,-0.2119888377548833,-0.03025555653619158,-0.21715443913601173,-0.2355317800649312,-0.6809626183593395,U,0.552022,0.60436785,0.39552408,0.27469352,0.27482954
Q327E,N/A,-0.015480504003285009,-0.6428067713302017,-0.2782279093526631,-0.250714326479835,0.11640009974252156,-0.45317292817036114,U,0.6703273,0.8547747,0.14510886,0.20705873,0.20707414
D72G,N/A,0.0025115109736472993,0.12608655549108558,-0.36770598073101374,-0.31517175441730405,-0.21771659922050773,0.25728196853637497,D,0.54409057,0.41154447,0.5883661,0.27801853,0.27814853
G244V,N/A,0.6393307325291024,-0.10833490276692802,-0.013340317900872636,0.2519604684976713,-0.45556192347410845,0.4915893898134275,U,0.5632614,0.62717545,0.3727665,0.33652353,0.33662036
V110G,N/A,-0.13823142849418638,-0.12004818170443651,0.2626124565383508,-0.009512574209600985,0.15184555507855838,-0.19180751556547482,D,0.51811033,0.46373922,0.5362123,0.26604113,0.26617843
E234K,N/A,-0.8206343126741026,-0.33094471686473853,-0.9764661850884181,-0.38240557949273224,-0.22745726284931117,-0.49341373437582764,D,0.533083,0.4336949,0.5662205,0.34910423,0.3492221
S269T,N/A,-0.2651288665231193,-0.23185594281299501,-0.1904364949150404,-0.5151950508833962,0.04573413614674919,0.02413867288662159,U,0.5242933,0.5485428,0.4512931,0.25906205,0.25919884
I330V,N/A,0.633937631491405,-0.0033310633004412296,-0.034418108649054986,-0.1486502244759808,-0.1761312509317272,-0.2559472180867038,U,0.6505247,0.8105928,0.18924646,0.19098265,0.19100134
V4M,N/A,-0.08687954700148799,0.2794420974527624,0.016242275588105128,0.2952631573876536,0.15341949943806937,0.3888359575492807,U,0.5820515,0.6655181,0.3343174,0.23053722,0.23061527
I19L,N/A,0.07808462511421196,-0.20298478370886217,0.1728906895659173,0.2648741789953553,0.19765961398158616,-0.3704163964960163,U,0.53944296,0.57903165,0.42093125,0.35720098,0.3573176
A223V,N/A,-0.3844569063473411,-0.6331109817261146,0.5128872669647796,-0.49064538140235414,0.08102110640556509,-0.47456763052379985,D,0.6710468,0.14358336,0.85650665,0.15761274,0.1576349
I276T,N/A,-0.9241328781528124,-0.559422798191526,0.43390675174757676,-0.9037939059429468,-0.5138082188743235,-0.6038199386663673,D,0.5865134,0.32518402,0.67475456,0.29982343,0.29997855
E89K,N/A,-0.11162462089005566,0.0744223487475495,-0.07025253312169229,0.12468607638462183,1.1125401539126796,0.11150981910764085,D,0.57072014,0.3575975,0.6423874,0.33232456,0.33245242
P208S,N/A,-0.060747291423035435,0.1922262412041161,-0.5145220356690876,-1.3090630261926333,-0.2067712211512552,-0.5298425013736332,D,0.6479753,0.19489092,0.8050422,0.22706616,0.22718535
S225I,N/A,-0.29185263820061863,0.05385455090402404,0.16618564820775114,-0.2608802891449373,0.6339038988534502,0.08216658724207399,D,0.5018482,0.4962383,0.5036313,0.30838543,0.30854324
Y280D,N/A,0.17057934640018255,-0.6397242230229331,0.10586313256042025,0.14439150476799759,-0.13257044167301232,-0.08915462104569033,U,0.6479888,0.8050767,0.19486609,0.30552107,0.3055671
H312P,N/A,-0.27128467690624325,0.3076536083380522,0.17282023707675637,0.23089184459195236,-0.3242811324554884,-0.20136692326812947,U,0.55077785,0.6018423,0.39802825,0.29726177,0.29737186
S299G,N/A,0.6203269422670554,0.34524824587824826,0.12267644827184442,0.7158320959372906,0.1947103823717841,0.008454914291394956,U,0.5953669,0.69304395,0.30684686,0.27331275,0.27339956
G147A,N/A,-0.9352823372840123,0.0337247417865348,0.1935248436760238,0.04049044356221639,0.5538929983935361,-0.15118640302062744,D,0.6050143,0.28680542,0.71320796,0.2723414,0.27246726
M35K,N/A,0.04277202000103316,-0.4923086002980868,-0.1428039392368799,-0.25188302269670065,0.8627065213955707,0.3803024592830398,D,0.61769056,0.26012635,0.7398837,0.31843883,0.31852278
S252L,N/A,-0.37113484007343994,-0.2907617280316178,0.21810941719223215,-0.020127067351080608,1.0758919981163877,-0.037332844394807156,D,0.6291792,0.23566633,0.76436347,0.27730417,0.2773993
N158H,N/A,-0.45100553695881457,-0.19452782682363168,-0.3620275499623199,-0.22148540815550147,0.22462376883937266,0.30531455725700224,D,0.58748055,0.32320204,0.676762,0.2921604,0.292293
L104S,N/A,0.6894279611944135,-0.5319738639786274,-0.17241744961934952,-0.6716284547615594,-0.11070062674269636,-0.7849232002079515,U,0.67168397,0.85783315,0.14202195,0.19805194,0.19805214
G98D,N/A,-0.2097442807620229,0.008115395829841322,-0.00395320070436323,0.3632825268447823,0.30663977031053385,0.32826694293858627,U,0.58285725,0.6671982,0.3326844,0.29009336,0.29018345
D74N,N/A,1.511275041048717,0.023818874411144317,0.4745946842542055,0.6820878797432475,-0.6364296962962585,-1.760010706766814,D,0.6730322,0.13904545,0.8609773,0.26056993,0.26062882
L73V,N/A,-0.6745376948235667,0.009959583454124591,-0.47321924148863953,-0.29771010053840424,-0.05443381556344481,0.22207695261764404,U,0.5662458,0.6331804,0.36663023,0.3264559,0.32654703
L177F,N/A,0.14407102121214896,-0.9087471807074459,0.12972077021128878,-0.850068374252535,0.24337462623359024,0.1712387770740257,D,0.69294876,0.09306398,0.90700537,0.12546517,0.12548037
I8M,N/A,0.2711371650130487,0.15955432033292224,-0.004190450809754425,0.11988790967407936,-0.2271893828825611,-0.006597106553124662,U,0.5996278,0.70189756,0.29798305,0.26959157,0.26967308
V185E,N/A,0.6814804650329895,0.3926211233723174,-0.13324902351701723,-0.0852357027163254,0.03571470938392689,0.4685906306074253,U,0.50422955,0.50841266,0.491494,0.30143458,0.30154592
Y157S,N/A,-0.45093087964747075,-0.03435663091512792,-0.30240144942726216,-0.3183545239841025,-0.0628493627816557,0.22927772506497898,U,0.59533733,0.69293004,0.30685577,0.2777517,0.27783304
N250Y,N/A,-0.33988927464064966,-0.19024759998463395,-0.033453294541945996,-0.32981465898099005,-0.018027268550367223,-0.1961023086679527,U,0.6242374,0.7536724,0.2460991,0.16069521,0.16075432
C124R,N/A,-0.7605651995668444,-0.3784237457373994,-0.04017295222952818,-0.47514219159134274,0.5145347612900546,0.20701494466907386,D,0.58501107,0.3282933,0.67167234,0.28339687,0.28354794
V16L,N/A,-0.2821087257219321,-0.018344568364536372,0.07989985547477237,0.016504433440558002,1.0999208623683747,-0.3068423210267474,D,0.5720896,0.35479438,0.64517605,0.333234,0.3333598
N187S,N/A,-0.5122567886306602,-0.18645094697154152,-0.2427150033979317,-0.41766372706785415,0.12443637597460805,-0.46221049619208643,U,0.5390149,0.5781187,0.42174116,0.27955353,0.27970627
D63H,N/A,0.18352377544713594,-0.1333656314045406,-0.9667594246867509,0.16646123093309964,-0.17455671215317986,-0.3555540969485267,U,0.65533274,0.8212378,0.17867406,0.2839585,0.28397316
C256Y,N/A,-0.34157985975370864,0.38234799815290177,0.5917405111104305,-0.17121094389438404,0.3272415951807686,-0.21266769015938217,D,0.5474843,0.40469876,0.59520996,0.32160223,0.3217419
C142F,N/A,0.21314842756482733,-0.37536292214120004,0.40647536509646975,-0.03591682843779096,0.08251000495372306,-0.14600538090068185,D,0.56783724,0.3634861,0.63651854,0.3339225,0.33402258
K311N,N/A,-0.37309584036101473,0.44331039387841786,-0.21729520956222487,-0.24906524276331654,0.67380276375555,0.24660562102225397,D,0.51576895,0.46836868,0.53146535,0.31097448,0.31112888
E71G,N/A,-0.33693226283065086,-0.7295509367859645,0.313643329396918,-0.09712885073891749,0.07347594059531562,-0.526601738078866,D,0.57168776,0.35565287,0.64439327,0.33504233,0.33513287
E171D,N/A,-0.14184834954480605,-0.27002367792658816,-0.22106805797660944,-0.4977470380790371,-0.5490409279483682,0.29468702764973853,D,0.5973752,0.3027241,0.69726455,0.26899016,0.26911125
I36T,N/A,0.010568343227252272,0.0741456611607385,-0.3530558073829391,0.36651515030131576,0.11511392790506877,-0.6719803136442024,U,0.6845571,0.8873715,0.11257707,0.23434605,0.2343742
F99C,N/A,1.0838315025827974,-0.19356857613010534,0.22865777131381548,-0.08392950758544777,0.10826262101901203,-0.1306827916395896,U,0.5980671,0.6986535,0.30123577,0.28802192,0.2881008
Q197E,N/A,0.35129178125072696,-0.3661186891957308,-0.5724219058140936,-0.9224483401288776,-0.24655958353754542,-0.4757234805703011,D,0.5550099,0.3894868,0.6104205,0.33597925,0.3361054
I262V,N/A,-0.47070137162637243,-0.6499256449612489,-0.6344655918342001,-0.5232891509517988,0.11007332206020837,-0.6567729744397042,D,0.5192059,0.46155068,0.53841215,0.3331021,0.3332128
T161M,N/A,0.0136375440623227,0.37282988269208456,0.5917832616795123,0.10434255474763049,0.28490524876216744,0.14541279491351417,D,0.62957174,0.2348149,0.7651949,0.24923837,0.24934278
L166S,N/A,-0.003900242311094823,0.008610176194070574,-0.37197644266787827,-0.33494322285188244,0.22319213446881117,0.09158793052482866,D,0.5778326,0.34303686,0.65691894,0.2541274,0.2542527
S2A,N/A,-0.03306767561404199,-0.44452659500024166,0.15245278652498975,-0.25037588695690033,-0.0889765541706467,-0.31493941749406357,U,0.5098915,0.5197656,0.48019433,0.30100334,0.30114052
R79K,N/A,0.014377417559405479,-0.18455539630027898,0.4746325810579778,0.054584746098383624,0.46166970996455126,0.3515858937696439,D,0.63534564,0.2224058,0.7776249,0.2485036,0.2485824
H112D,N/A,-0.09687443458245569,-0.28108162095898853,-0.2549471709582672,-0.18480449860165268,-0.23702102700761452,-0.20730805866702434,U,0.65124714,0.81218714,0.18766157,0.22701682,0.2270459
T151M,N/A,-0.3014028665088435,0.15860297838800555,-0.35935372438544033,-0.032709046654800324,0.1989502030767535,0.33469475047994945,D,0.51928,0.4613649,0.53852314,0.30471373,0.30485395
T81S,N/A,-0.17988976931311182,0.060896374287984695,-0.1772174709871867,-0.05518295341182122,0.16486306481556462,0.31645601196987955,D,0.51905227,0.4618299,0.53807586,0.27280098,0.2729494
N306I,N/A,-0.6970540083609186,-0.33176805013325666,-0.811521206185688,-0.8842772299539259,0.4195148614175481,0.17575777500857737,D,0.67459565,0.13546848,0.86451364,0.21446131,0.21457003
V204I,N/A,0.16669204350131386,-0.3807667133860191,-0.7191031339189221,-0.3596519416031463,0.5428422416711998,-0.8701963294281522,U,0.51920354,0.5383963,0.46154436,0.39314297,0.3932312
E37G,N/A,-0.7650631769308328,0.022289748506430677,-0.5587338188038019,-0.8130076868605902,-0.4921179007783554,-0.5464924794980195,U,0.67795604,0.87208366,0.12768926,0.18064761,0.18059821
N250H,N/A,-0.40528146127594256,0.006406773534338297,-0.3918036915204943,0.3671618492036115,-0.08756170945994023,-0.2525831350455308,U,0.69419026,0.90985215,0.09006903,0.18705995,0.18705916
V267I,N/A,-0.44267477030358104,0.05816814726607609,0.7027645250431447,0.3391320205244439,-0.638206087623089,-0.27338577461016916,D,0.6497612,0.19100311,0.8089927,0.28344956,0.28355932
H315Y,N/A,0.3510854102831188,0.3483237781543142,-0.1441745739901414,0.25057056382451687,0.11690787805609548,0.14252664769650897,U,0.64274985,0.7935813,0.20626178,0.21792431,0.21794973
R217S,N/A,-0.001183490195467293,0.16278176455019122,-0.07655801101374927,0.34671830609592214,0.06442972759450462,0.5627661340922839,U,0.5117575,0.523479,0.47644037,0.3351563,0.33527535
L260H,N/A,0.048934205979628206,-0.06714926356336912,-0.06489726404301033,-0.014161753430828646,0.05580233420903603,0.14362194203074616,U,0.5448958,0.58998626,0.40991804,0.3089349,0.30903807
M242I,N/A,-0.3388058918028502,0.1534921557965408,-0.46809770405087714,0.592347121805822,-0.33670171499327556,0.7702143448573396,D,0.6491334,0.19239086,0.807623,0.26002085,0.26012152
L292P,N/A,-0.16280746207646477,-0.05368868194409742,-0.10439435009534344,-0.2688867003915467,-0.03651820675871376,-0.2723232896892994,U,0.6245148,0.75427085,0.24551478,0.19603208,0.1960809
K33E,N/A,-0.24130219076676326,-0.2780091397322639,-0.31228683516968697,-0.6779191680168097,0.1271919451930577,-0.4457396802594217,U,0.531876,0.5637478,0.4360705,0.29488757,0.2950118
E277K,N/A,-0.38002184728930777,0.47017044260423246,-0.058856700305004665,0.11545249371387607,0.1922756479936243,0.28842124544518527,U,0.635244,0.7772881,0.22250736,0.23490588,0.23493946
K195E,N/A,-0.40148399161050347,0.18620596769710002,-0.3329779495337783,-0.7485416809980203,0.11626443923991032,-0.22584934495558875,U,0.5416406,0.5833466,0.41639742,0.27498943,0.27510715
N222K,N/A,-0.38962882893707007,-0.12167291376648692,-0.6642263380165584,-0.5834703948130773,0.11557062218241519,0.10468648119984292,D,0.6298344,0.2342268,0.76573336,0.24028386,0.24041109
R27G,N/A,-0.18267973341445484,-0.5350445794229325,-0.36536400219161236,-1.5335478194187777,-0.3638299262300476,-2.6264074286525387,U,0.5841967,0.669931,0.32990563,0.31393957,0.31402278
C142S,N/A,-0.6381252753007941,-0.18447254374494212,-0.7990456650531224,-0.5103982104476131,0.05115947153461569,-0.36087678311492977,D,0.5917603,0.31435513,0.6856022,0.31700897,0.31712922
H315P,N/A,-0.016138986972254,-0.07744844692827824,0.24208582081207325,0.2963448774673752,-0.06762957033522447,0.3383124405083981,D,0.50637114,0.4872453,0.51273113,0.35081738,0.35091743
V49M,N/A,-0.5530893360984713,-0.35597532770614165,-0.45864222574917096,-0.3643169459949742,0.07418089045420431,0.010027104637608164,D,0.537534,0.4247511,0.57517016,0.2931659,0.29330254
N263H,N/A,-0.3200275272702793,-0.46339450770784907,0.3337698393678118,0.10014547005220728,0.46190869380440447,0.5536830267862316,D,0.6334721,0.22644861,0.7735898,0.27284566,0.2729265
R27W,N/A,0.2685376482875243,-0.25269856740455093,-0.4005459044474507,-0.9371315490503443,-0.24926155923551707,-0.7787750041453612,U,0.5426641,0.5854454,0.4143729,0.324989,0.32509267
S170G,N/A,-0.2746381493772987,-0.2955359082423957,-0.06402448917206485,-0.06193729699786809,0.9274583593209362,-0.08666825514363997,D,0.54061997,0.4185622,0.58140105,0.3494512,0.3495682
N338H,N/A,0.2914463599565457,-0.13217978518467619,-0.3703937700901123,-0.5823234438594627,-0.05958241670854609,-0.9096535996336212,U,0.6326125,0.7716284,0.22818731,0.25221318,0.2522558
D12G,N/A,-0.49667923218357685,-0.2558225485112336,-0.17423178920006718,-0.22405743613437093,0.03987377886731801,-0.2822910152875895,U,0.5902881,0.6825035,0.31734696,0.27621987,0.2763286
I150N,N/A,-0.6053313271849363,-0.16038207976204003,-0.27064226801097563,-0.042129709495939464,0.25317855287137975,-0.19970807077223063,U,0.5308828,0.5618007,0.43811226,0.31015873,0.31027862
A128S,N/A,-0.10107551402997249,0.018610067176288478,-0.11140130940219015,-0.04374662030734248,0.9062782942810641,0.4278737248033154,D,0.6043234,0.28823742,0.7117496,0.25776276,0.25788176
H329R,N/A,0.1225025902546767,0.11363102430862326,-0.5031159019055818,-0.3110649104727931,0.357833250082262,-0.444714000926239,U,0.50778705,0.51551527,0.48436448,0.34228274,0.34240416
P169L,N/A,-0.5233623586449306,-0.5760271714005218,-0.18213848210147504,-0.1691988438846764,0.1648350872243455,-0.2873212242405431,U,0.5720739,0.6451206,0.35480306,0.30979365,0.30989644
S46G,N/A,-0.2383408109033799,-0.26014744071031215,-0.2642940816285369,-0.3379217171719652,-0.2672133085467461,-0.7517839489896146,U,0.58708376,0.6758899,0.3239672,0.2785571,0.27865788
E78A,N/A,0.2839129833905888,0.24841071290283892,-0.07703211770663249,0.25948679053949,0.3499682013173852,0.2481637922772863,U,0.6094706,0.72247756,0.27739015,0.287879,0.28794485
N30S,N/A,0.3643747826745913,-0.11797359542149305,1.0353226384034646,0.18561703156186213,0.07644494306342423,0.4444509880344701,D,0.6986802,0.079502024,0.9205233,0.19854148,0.19856761
G67V,N/A,-0.30379370227899827,0.8985896607896176,1.4610469991279245,0.27534457704457344,2.3120670777347505,0.5419994899323988,D,0.70655644,0.06064515,0.9393628,0.15862909,0.15867734
V16M,N/A,-0.08544110217847455,-0.5620135701220116,-0.012064149433614836,-0.6503349118693502,0.09576194832762741,-0.2814586544244892,D,0.5055553,0.48884857,0.51107067,0.26343927,0.2635776
Y283S,N/A,-0.6752440482672252,-0.011103284934729556,-0.2123262112990799,-0.38000925540362296,0.09331254212758495,-0.15096334539212766,U,0.6007234,0.70413995,0.29565996,0.24438891,0.24447754
I276M,N/A,-0.6117598445882115,-0.13657100592444868,-0.06564025217225242,0.282976450814628,-0.012590737372379325,0.0066193584341004705,U,0.56236994,0.62533617,0.3745501,0.28255334,0.28267512
V7F,N/A,-0.8291704460696873,-0.47364660968333167,-0.3289258268778588,-0.5424607718065114,0.09676075044461856,-0.676214706581064,D,0.5543575,0.39085382,0.6091467,0.27957103,0.27971178
E331K,N/A,-0.45608101850442123,0.1795782215498817,1.0724119110133952,0.17271407568635555,-0.040691753873497084,-0.0693640941577594,D,0.66908705,0.14797042,0.8520292,0.25484726,0.2549303
R18H,N/A,0.2055693292357739,-0.20753233750980674,0.47191662706141074,-0.2759067579830661,0.00612343415486103,-0.5993540283038825,D,0.5799162,0.3387755,0.6612049,0.32408053,0.32420096
E13D,N/A,-0.2984369016092552,0.1453588028918967,-0.11394289223555074,0.13994714469425218,-0.03948060826785133,-0.2003332926825181,U,0.64763105,0.8042453,0.19560306,0.21919334,0.21923412
I61S,N/A,-0.37043963041213596,-0.13306700892545642,-0.29646254264690647,-0.42473034619534245,-0.38502038426319873,-0.9602586455199559,U,0.5725741,0.6461055,0.35374427,0.2639793,0.26408333
V213L,N/A,-0.4748204619726123,0.0008201463931412318,-0.2355003163220005,-0.1844081537226316,0.14717276518989136,0.22576339907370527,U,0.56963766,0.640089,0.35971603,0.25214094,0.25224927
S321N,N/A,-0.1929763041675814,-0.06130439965058948,-0.27627368030857385,-0.3927253877843232,-0.36105141322361345,0.22335214734195125,D,0.50798833,0.48396447,0.51592046,0.30397075,0.30410215
I219T,N/A,-0.09166797633427268,0.09715800435058129,-0.09388058735630285,-0.7425229483407016,0.287988331064686,-0.16131044979334597,U,0.568266,0.6372528,0.36247307,0.23901153,0.23910536
K241R,N/A,-0.2502924995979622,-0.10657516110221664,-0.3964170875713692,-0.5098455000272571,0.41979566505445787,-0.16802630920561054,D,0.5413665,0.41702732,0.58287233,0.2871885,0.28734082
D203G,N/A,0.12490102267017207,-0.09672920431575688,-0.3144585940727211,-0.5137908354180485,-0.029992791490336363,0.15419170611866462,D,0.5823939,0.33367994,0.66628826,0.29076102,0.2908768
A20V,N/A,0.4023551857474638,-0.6180769478703994,-0.4213462865989096,-0.7840189552181838,-0.4705380532997604,-0.15941650087701445,D,0.52736825,0.44518617,0.55476856,0.35552868,0.35562834
E53K,N/A,-0.09229542523147272,-0.14439200538933347,0.029145690491462362,0.41637743883649564,0.38922085899665726,0.20287023464853463,U,0.6158001,0.7358311,0.2640717,0.29500648,0.29507783
V224I,N/A,0.27892262299404313,0.006553174028863344,-0.054407260137269695,-0.023904349370931978,-0.1155922834808472,0.2734378583809032,U,0.6104355,0.72450984,0.27536675,0.27274907,0.27281716
L284V,N/A,1.296595987479743,0.5182883402518792,-0.1439407648315537,0.052367020851590874,0.06359103079970624,0.43259737380688085,U,0.5367727,0.5736173,0.42626038,0.3187108,0.31880575
L11R,N/A,-0.38390016397462107,-0.08436327003797021,0.3226440351384967,0.2711747994050201,0.16754734029869098,0.18627715715506366,D,0.5659338,0.36735216,0.6326323,0.29737055,0.29749957
D203H,N/A,-0.3625215787436793,-0.1416257551512738,-0.054107939978632946,-0.2751458873033254,-0.017359564576885998,-0.8134979978156491,U,0.5346084,0.5692744,0.4306189,0.30586785,0.30601865
L334F,N/A,-0.4718572240578211,0.19836368272031088,0.2285973749178119,0.31237536254751047,0.39572540754736685,0.6106530769550722,D,0.51450014,0.4709437,0.52896047,0.31657493,0.31672183
G232E,N/A,-0.4215764873920358,-0.313022485635429,-0.3149113446235256,0.07826734739432638,0.38876753384505425,-0.28331139155071355,U,0.61330724,0.7305771,0.26934144,0.32246882,0.32253247
I75V,N/A,-0.39394895043038186,0.0384272810492376,-0.4332349862006667,-0.7611796937729063,-0.008428827502819527,0.5252307841492762,D,0.5157051,0.46844876,0.5312899,0.29295555,0.293114
K255Q,N/A,-0.14767465041219205,0.24613376327123218,-0.05112232071518812,-0.5585397710269766,0.2220478653838194,0.5536040288253927,D,0.5590625,0.38124916,0.61860704,0.30982354,0.30999115
N263S,N/A,0.37285600794070295,-0.46432578094939014,-0.2028565451286077,-0.9459641032431424,0.47424631745574647,-0.22257855867647294,D,0.56656146,0.3660324,0.633868,0.3284864,0.32862508
A20T,N/A,-0.4072050682493949,-0.3853685088506909,-0.09792250607915724,-0.24268556103661737,0.1931382764447915,0.31335827783229286,D,0.55292153,0.3937354,0.60621727,0.23835717,0.23850508
G55S,N/A,1.070310015547835,-0.08669884064695574,0.15763276564190024,-0.514144045209612,-0.35212870126468504,0.6772756595086973,D,0.58743566,0.3232997,0.6766742,0.32646522,0.32656977
T116A,N/A,0.16240984085593071,-0.13495868368220731,0.24221183634263851,-0.10202518399299973,0.08309943974041492,0.19740353565062912,D,0.57767326,0.34339425,0.6566235,0.26967168,0.26978743
K164N,N/A,-0.15846461426385494,-0.0631009381156175,-0.36166083860340786,0.29488557771213947,-0.09051683719351492,0.1794650567188553,U,0.6633256,0.8390181,0.16086835,0.23490971,0.23493035
A137V,N/A,1.9365967220709084,-0.1943902329856993,0.049201524336519926,0.6874763314942158,0.12470141275728844,1.213370655954564,U,0.52576,0.5515498,0.44841844,0.4022444,0.40231547
Q48H,N/A,0.34552265706106455,-0.09900765447700091,-0.14535178877020485,-0.3698498575646627,-0.4745068063566553,0.20317297571025775,U,0.5337197,0.5674972,0.43241325,0.33500573,0.33510858
A128T,N/A,-0.0746439513447951,-0.007845137436241906,-0.10153627151962955,-0.055630387917556694,0.13319534470863986,0.36973638551423993,U,0.50037855,0.5007069,0.49919274,0.25734136,0.25747582
V307M,N/A,0.8090618644915932,-0.12164526365272513,0.154226791005935,1.117239690359224,0.4056620969351479,0.021415513965358773,U,0.6033357,0.709675,0.29029167,0.37233534,0.37240142
N168I,N/A,-0.2596192727221015,0.16430827199997775,0.11107574499027813,-0.017883476939472058,0.5486269666073266,0.27766167947095777,U,0.54917663,0.5985847,0.40124038,0.27305493,0.2731944
E153G,N/A,-0.05420461894633239,0.09967909748602753,-0.5124023514173268,-0.5546059835760843,0.3807223279378319,-0.03389185255587674,D,0.6447351,0.20200789,0.7979837,0.20919223,0.2093098
G189S,N/A,-0.1939275571988213,-0.28604045818525103,-0.7714336518288843,-0.5807146204523087,-0.2490574487066455,-0.5445415503791411,D,0.55718976,0.38508496,0.61484945,0.34332734,0.34344503
A143T,N/A,1.5472449647067696,0.5190396363662222,0.08438274366098719,0.4239114144129798,-0.15276460473550238,0.5237627647593823,D,0.5398909,0.42003557,0.57993907,0.35899904,0.3590997
D72N,N/A,-0.3049363148937266,-0.05241279020524496,-0.4626957166639168,-1.3701470776262916,0.05729784012198935,0.018884449615916853,D,0.5640584,0.37104842,0.6286981,0.28759208,0.28777856
K164I,N/A,0.07887842121595832,-0.7894568641743586,0.004092788108526322,0.3897815636338768,-0.021842661491408597,0.29210796603862044,U,0.7055904,0.9370099,0.06294687,0.15626326,0.15624635
M342I,N/A,-0.41766497878541015,-0.03749175186990682,-0.004808092451349865,-0.3698751107803881,-0.024987547641581436,0.473806794120668,U,0.56717485,0.63507265,0.3647389,0.29625404,0.2963688
T81I,N/A,0.20849757791112722,0.045529542444677,-0.14379041372186874,-0.3008668255150684,-0.12233644124505254,-0.08690735384427434,U,0.55478925,0.60994816,0.3899077,0.26321137,0.26330677
A5P,N/A,-0.7208710434514811,-0.8646619256913997,-0.12971027068476437,-0.2533129474372175,-0.22226661923479243,-0.6884247295273732,U,0.5363634,0.57285213,0.4271411,0.3626077,0.3627165
A223G,N/A,-0.27237306591382315,-0.015143742234517164,-0.10183336805190774,-0.028761017228367682,0.2593242245400801,0.35689543483080344,U,0.53827876,0.57663363,0.4232183,0.29983518,0.2999628
E13Q,N/A,-0.18420110590547728,0.19108056687693079,0.2575418942300145,0.14049190935624425,-0.1302933838119413,0.221275694671469,D,0.51228976,0.47537437,0.5245433,0.26924157,0.26939148
L11V,N/A,-0.08015778616124447,-0.1515912939059787,-0.027304294829627453,-0.5130523027550414,0.2463155299520379,0.21907450562025,D,0.5513182,0.39695928,0.60295755,0.27344212,0.27359995
I107L,N/A,-0.5928893703287464,-0.13538111926558405,0.10791148102813963,0.04860078675734549,-0.3556362543194499,-0.38961423628962066,D,0.5138583,0.47224864,0.52769625,0.32348073,0.32362673
S108N,N/A,-0.4246540089187151,0.26143987232654453,0.12449304975608051,-0.4175659871461743,0.3237082553965444,0.10572987740490807,U,0.59500736,0.6922251,0.3075202,0.24968944,0.24977607
A29D,N/A,-0.07667651443836362,-0.0940105773587661,-0.2532799005140715,-0.19686996845938778,-0.47559466379897586,-0.1322583038086686,U,0.5958741,0.6940642,0.30576146,0.24379694,0.24386516
Q86R,N/A,-0.4619577912307888,-0.38171447231765104,-0.48975377709203977,-0.804330614016357,-0.03340381681079901,-0.1894948113197476,D,0.53783613,0.42411557,0.57574993,0.25830722,0.258458
G22V,N/A,-0.18541938167707103,0.011881803737029177,-0.6314165251877962,0.3927909906469661,0.6315018292195652,0.19138992974712796,U,0.5009155,0.50180984,0.4981477,0.3963613,0.3964363
E178Q,N/A,-0.2553688684428403,-0.018652110382252632,-0.2861287330904446,-0.3008871778983255,-0.05634194836399503,-0.11571341834126705,U,0.57801104,0.65720844,0.34259483,0.2478541,0.2479549
R10L,N/A,-0.12826442741046082,0.0003123317681221631,0.7369242449734433,-0.004114914077089767,0.3074310302980507,0.03464851853234658,D,0.6121533,0.2717978,0.7281703,0.31215405,0.31226644
T347A,N/A,-0.31315348344557237,-0.1442572018611512,0.29628954419682985,-0.47400978231523294,0.20777901849765387,-0.3745867749754354,D,0.5128899,0.47416115,0.5257323,0.31187645,0.31203574
L85V,N/A,0.004503632576237827,-0.07732548868595461,-0.25535121905259844,-0.015909495651229892,-0.23527329878007303,0.4624286767101259,U,0.5208948,0.54177576,0.4581478,0.33689722,0.33700114
A103T,N/A,-0.04501172442654602,-0.12912459517201302,0.0030360814886504005,0.22532331725844335,0.23209193592390479,0.12062602796232373,U,0.65923774,0.82987857,0.1699793,0.20427981,0.20430516
D74V,N/A,-0.26376014791262026,-0.22429478050776747,0.02265944070137856,-0.07989553284836119,-0.11790408382007356,-0.15901247639226596,U,0.6071636,0.71761835,0.28221318,0.20455067,0.20462914
K333E,N/A,0.29619005825179956,0.20565196915972125,0.09330594200388588,0.2178350723979872,0.6262037790130803,0.4336411191275996,D,0.53923327,0.4213551,0.5786114,0.3448479,0.3449468
A105V,N/A,0.16275328441106915,-0.3379953444728965,-0.14409335661049366,-0.5486508352959936,0.26303253449444,-0.21595468078024513,U,0.5369709,0.57401,0.425856,0.3032244,0.30334073
I115M,N/A,-0.3444425855422742,-0.10821712774070498,-0.2389523265788671,-1.7416813308789558,0.21548616494220116,0.3952440765486032,D,0.59713495,0.30309314,0.69663453,0.24616285,0.24637109
A42V,N/A,0.011425591811303431,0.0722543121315874,-0.08845047669606225,-0.24222201307347827,-0.43814849379437026,-0.39336956629552694,U,0.52882165,0.5576453,0.44223076,0.2771143,0.27723873
I75T,N/A,-0.5757355503145892,-0.21530795258027677,0.13193501059086257,0.37827979354832647,0.053890177597162484,0.3243016657202292,D,0.5275886,0.44474903,0.55521554,0.2755495,0.27568176
P208L,N/A,-0.22066427601008246,-0.27421806195394893,-0.21244542234011676,-0.31279062340403224,0.16203539442074447,0.013861010821036237,U,0.5486608,0.59755933,0.40229812,0.2834159,0.2835313
V279A,N/A,0.3132454678050371,-0.08645421419747222,-0.18726847582603273,1.0274104243575068,0.17188247850475372,0.22229752250349105,U,0.70034057,0.9244412,0.07552096,0.18198203,0.18201025
R10W,N/A,0.1279521140239497,-0.08439622087203237,0.10989642189295029,-0.6724924198077599,-0.28847180218710416,0.514943319548831,D,0.67566603,0.13306248,0.8669876,0.17568927,0.17575482
Q149H,N/A,-0.1307617139788155,-0.4039047494039465,-0.36003767079786453,-0.4533755430359412,0.23946806170066073,-0.8671210045327823,U,0.6215651,0.7480208,0.25182414,0.26299295,0.2630741
Y183C,N/A,0.27480302926685635,0.06311055713949958,-0.16248878159050276,0.01729472273269285,-0.022232428248841234,-0.010839872605889643,U,0.61687106,0.73807406,0.26178563,0.26329646,0.2633434
F261Y,N/A,-0.8753818978833039,-0.999690953112627,-0.3789611016231815,-0.8218794220326233,0.1018760594593963,-0.6181672801686537,D,0.61202955,0.27210397,0.7279553,0.25716677,0.25725406
R27P,N/A,0.02969619375239533,-0.8819351208413485,-0.3335038354496657,-0.581960435699396,-0.7252655058073871,-0.22927129837556906,U,0.5274928,0.55501956,0.44493714,0.36933672,0.3694223
I262S,N/A,-0.18206510991817623,-0.02885024445613383,-0.42274804718408393,-0.30400860731148066,-0.15001278129671197,0.14871765120576777,D,0.52281535,0.4542865,0.5456113,0.31073147,0.31086776
A42G,N/A,0.13642313295915495,0.10185050334357282,-0.018799921962268245,-0.8899717632788822,0.1414692036847273,0.27767741136137064,D,0.6318531,0.22988307,0.770058,0.22186252,0.2220097
V15L,N/A,-0.11189495066609284,-0.23437872236272414,0.1980629588375574,-0.31458490077453766,-0.06971227689455337,-0.2951826820627986,U,0.50685835,0.51366895,0.4862339,0.31126174,0.31140622
L266P,N/A,-0.2549903763144151,-0.4525820890262764,-0.08227358064927572,-0.17947747381731255,-0.014308388798523409,-0.18821387109986218,U,0.60276973,0.7084469,0.29142767,0.25525594,0.2553321
P208R,N/A,-0.2189474391989039,-0.09155698050284677,0.07292135870492784,0.024899907528198317,0.2666278409952367,0.27653358274929957,U,0.55419266,0.60874426,0.3911187,0.2655241,0.26563844
A31T,N/A,-0.7763570200070987,-0.26520542009680415,-0.08393349741664295,-0.7554858092551993,0.08479401691876962,-0.6225739814307271,U,0.531993,0.5639935,0.43584657,0.2370537,0.23722692
Q328P,N/A,0.025605174007530297,0.011154697249274727,0.19256432423679293,0.44701084492394866,0.3014716538959668,0.3698390317199476,U,0.5354917,0.57106376,0.42885786,0.28661054,0.28672054
L259S,N/A,0.4118879260834842,0.20029178891057478,-0.18948371836415456,-0.499322811182702,0.7979693745546259,0.7609575401457568,D,0.7053084,0.063665845,0.9363715,0.08110292,0.08113168
E230Q,N/A,-0.19164010034130693,-0.3835020709643322,-0.37361545481951763,-0.6247883312780826,-0.07106926324183237,-0.33381599421405755,U,0.53199816,0.56401014,0.43584228,0.28247002,0.28256863
I8V,N/A,-0.20394308132722513,0.33357430045188097,0.0609797353039581,-0.08350258291446228,-0.08488784165677199,0.47629531449991763,U,0.50556594,0.51106566,0.48880088,0.28907874,0.28922996
R163G,N/A,2.357755886120008,0.9092274654031086,1.318630389131049,0.32618001812916453,3.327241544658546,0.24575914451697076,D,0.6968016,0.08392216,0.9160357,0.19441283,0.19451815
L58F,N/A,-0.24172055618422303,-0.13035965802444896,-0.09790444966458639,-0.017593230154581113,-0.11195129483321226,-0.23666999128790145,U,0.6286253,0.7630899,0.23676634,0.23385723,0.2339107
E268A,N/A,0.7299670997581035,0.13579147977543385,-0.19118977611191473,-0.01804008117715502,-0.03974588642295269,0.24922596574241154,U,0.610862,0.7253996,0.27446252,0.26821724,0.2682687
D132G,N/A,0.0029075426898604252,-0.3142644663053935,-0.26518144110481373,0.1432329740221534,0.1743792637831913,0.24894716350211213,U,0.6350057,0.7768274,0.22307496,0.29215768,0.29220474
E13G,N/A,0.6030877325373597,-0.6156906653214645,-0.6613397791064676,-0.04272263730004644,-0.030743657717979822,-0.5111894346192611,U,0.7003186,0.9243812,0.075565636,0.1926984,0.19269948
T114A,N/A,-0.08496996475066856,-0.3324330904420673,-0.13979035547546942,0.2723860487520418,0.1097442339270501,-0.24787388392784743,U,0.70603365,0.93806905,0.061871495,0.14955094,0.14956643
G54R,N/A,-0.42176121406109085,0.7932715833988428,-0.017072806377551902,-0.5903301594719863,-0.1752613058094826,-0.6142767504331031,U,0.6564999,0.8237838,0.17604856,0.22536927,0.22534762
V201L,N/A,-0.5315960474230479,-0.38407846836121234,-0.447399761002669,-0.300697171574415,0.03837144909069595,-0.22329541097275943,U,0.5164311,0.53283435,0.46708634,0.320602,0.32071662
I50V,N/A,-0.18865033291096006,-0.45900997080990596,0.17488811068449758,-0.18601518732462516,0.13847889357259738,0.3933907594054074,D,0.589065,0.3199568,0.68005836,0.28704,0.28715533
S83N,N/A,0.22858076414833306,0.02211534962547096,0.055633251922249174,-0.2340835992626293,0.09017038785155324,-0.16801740956193573,U,0.54920816,0.5986705,0.40119871,0.27863526,0.27875456
R9G,N/A,-0.19931463299107754,-0.3029270967990366,1.4652863913329692,0.2657011025233715,0.2061663014768253,0.010083308751880859,D,0.7162402,0.037063174,0.96295094,0.13376743,0.13377662
S299R,N/A,0.9225358287200196,0.5651071149564644,0.07103012479354244,0.49629333807225184,0.10432803777955837,0.39089251491415566,U,0.52899575,0.55801815,0.44190496,0.3297797,0.32989386
T45A,N/A,0.046201631709454745,-0.35293792196320695,0.41777049262930716,-0.46516963803343353,-0.11236658059059713,0.22028522168673728,D,0.68928504,0.101648845,0.8984279,0.13729623,0.13732615
V152L,N/A,-0.6187850727880442,-0.4725884002590031,-0.10530300163625815,-0.46660078337569755,0.44008093963160755,-0.221523397914432,D,0.56479424,0.3696702,0.6303129,0.26317534,0.26331234
K57Q,N/A,-0.4473459560841705,0.06492576562650247,-0.09511778337546781,-0.505215240795272,-0.9945048964045347,0.22028716380331176,D,0.52096856,0.45797586,0.5418995,0.36201862,0.36213753
R325W,N/A,1.3741302492648095,0.13116904812012734,0.20004456645306573,0.7764363321509472,0.08256847607754368,0.8820956554672273,D,0.5430974,0.4135862,0.58640444,0.3842438,0.3843276
K57T,N/A,0.7726104357643251,-0.5662236113961111,-0.024156064969425607,0.12116386525101515,-0.18371305158880508,-0.47975204561825907,U,0.6746741,0.86467063,0.13526851,0.24133739,0.2413755
V180A,N/A,-0.08048440357359667,0.3167697561522697,0.034783059162233974,-0.19300377442491254,-0.427140113508062,0.19721237866278227,U,0.50206906,0.5040794,0.4958031,0.2785761,0.27870154
S170N,N/A,-0.23068106977076902,-0.31775009179713093,0.4766359055308019,0.11124708291065835,0.41654336103434303,-0.4774910009262136,D,0.6166564,0.2623291,0.7377095,0.30843943,0.3085175
A125E,N/A,-1.0928806164792437,-0.36204930977722416,-0.1128655391997881,-0.8249820096640659,0.03641017400831597,-0.5395222222752339,D,0.5086615,0.48262846,0.51727796,0.31270328,0.31287634
S247A,N/A,0.49430443396039997,0.4188875858384517,-0.01974382192690401,-0.07411419023043074,-0.6088817950031031,0.12801277894041324,D,0.5640495,0.3711719,0.628785,0.309788,0.30991977
S2L,N/A,-0.032053808829991315,-0.36938351255852336,1.9144654951592297,-0.045355782352885364,1.1686604165005166,0.4688527537004635,D,0.6607227,0.16672592,0.83324254,0.3211473,0.3212236
A143V,N/A,-0.32760086139016603,0.07654601826660568,-0.7150893522026666,-1.006208664197016,-0.23317995659813906,0.47683183374932886,D,0.65088385,0.1884774,0.81140393,0.24233948,0.24254046
K241E,N/A,-0.07299791785363481,-0.18001080344984347,0.6055574560743117,-0.06532838084955747,0.4246794191538416,-0.3249367083864772,D,0.6152278,0.26533905,0.7346803,0.26650125,0.26659054
S170T,N/A,-0.4888509166302999,0.03012571805815759,0.31172802943734146,0.006649507807885626,0.3781334273738388,-0.18313588861074342,D,0.55877125,0.38188437,0.61806095,0.30768275,0.30782768
I190V,N/A,-0.30732570783418406,0.13605393815534383,-0.6080873669130191,0.07613837262970825,0.5283944847306511,-0.39039119644984693,U,0.56309986,0.6268374,0.37308508,0.37763843,0.37771016
