,A129T,max,diff,True
0,1.756122738064607e-06,1.1170729385518796e-06,-3.41132738064607e-07,0
1,2.4964434562189356e-06,1.1170729385518796e-06,-4.858034562189355e-07,0
2,1.9355327694493985e-06,1.1170729385518796e-06,-2.9444276944939854e-07,0
3,9.23549534281098e-07,1.1170729385518796e-06,-3.2994534281098063e-08,0
4,3.2171127744869126e-07,1.1170729385518796e-06,5.529672255130875e-08,0
5,9.458284071425103e-08,1.1170729385518796e-06,4.689015928574896e-08,0
6,2.8957317015416586e-08,1.1170729385518796e-06,4.14770829845834e-08,0
7,1.0992393576444847e-08,1.1170729385518796e-06,8.481170642355516e-08,0
8,9.547090032300007e-09,1.1170729385518796e-06,1.809289099677e-07,0
9,3.2353876555282414e-08,1.1170729385518796e-06,3.017901234447176e-07,0
10,1.0949211322259516e-07,1.1170729385518796e-06,3.996018867774048e-07,0
11,2.604521848519715e-07,1.1170729385518796e-06,4.2522081514802857e-07,0
12,4.422758893737458e-07,1.1170729385518796e-06,3.560031106262542e-07,0
13,5.402147364446127e-07,1.1170729385518796e-06,2.500932635553873e-07,0
14,4.533821184370373e-07,1.1170729385518796e-06,2.2074588156296277e-07,0
15,2.7995597237530344e-07,1.1170729385518796e-06,2.2945402762469657e-07,0
16,1.61669712655194e-07,1.1170729385518796e-06,1.9242628734480598e-07,0
17,1.2283795422166386e-07,1.1170729385518796e-06,1.1002604577833615e-07,0
18,1.2178714061213682e-07,1.1170729385518796e-06,1.9085859387863197e-08,0
19,1.3014191089424735e-07,1.1170729385518796e-06,-4.220521089424735e-08,0
20,1.4950507153838069e-07,1.1170729385518796e-06,-6.68481715383807e-08,1
21,1.7279547282177966e-07,1.1170729385518796e-06,-5.6205472821779663e-08,0
22,2.2440598686299934e-07,1.1170729385518796e-06,-3.658898686299932e-08,0
23,3.8405281035300985e-07,1.1170729385518796e-06,-6.576481035300983e-08,0
24,7.757020380033477e-07,1.1170729385518796e-06,-1.629240380033477e-07,0
25,1.6295233914039537e-06,1.1170729385518796e-06,-2.4912339140395373e-07,0
26,3.4088773989966927e-06,1.1170729385518796e-06,-1.7434739899669304e-07,0
27,6.789743997568911e-06,1.1170729385518796e-06,6.0736002431089e-08,0
28,1.1655054228731109e-05,1.1170729385518796e-06,1.2294577126889086e-07,0
29,1.529873970439722e-05,1.1170729385518796e-06,-3.253970439722048e-08,0
30,1.416797695157294e-05,1.1170729385518796e-06,-4.176951572938835e-09,0
31,8.821055953275563e-06,1.1170729385518796e-06,1.0060404672443763e-07,0
32,3.9491343677715215e-06,1.1170729385518796e-06,-6.578436777152166e-08,0
33,4.8089109139294254e-06,1.1170729385518796e-06,-2.990091392942527e-08,0
34,3.3998596598302805e-06,1.1170729385518796e-06,4.482034016971964e-08,0
35,1.5630437154897656e-06,1.1170729385518796e-06,1.3006628451023414e-07,0
36,5.393614074385111e-07,1.1170729385518796e-06,1.4753959256148884e-07,0
37,1.7998459338446191e-07,1.1170729385518796e-06,1.0550940661553809e-07,0
38,7.765689974956121e-08,1.1170729385518796e-06,1.0941210025043881e-07,0
39,4.4677123020335964e-08,1.1170729385518796e-06,2.1580687697966406e-07,0
40,6.38902220703993e-08,1.1170729385518796e-06,4.1542477792960073e-07,0
41,1.573525821638193e-07,1.1170729385518796e-06,6.718694178361808e-07,0
42,3.694227678149446e-07,1.1170729385518796e-06,8.787572321850555e-07,0
43,7.357200630178391e-07,1.1170729385518796e-06,9.092599369821609e-07,0
44,1.186192877603225e-06,1.1170729385518796e-06,7.481471223967751e-07,0
45,1.469765652943835e-06,1.1170729385518796e-06,5.72264347056165e-07,0
46,1.3599462379542324e-06,1.1170729385518796e-06,5.693637620457674e-07,0
47,9.93356687367239e-07,1.1170729385518796e-06,6.45923312632761e-07,0
48,6.871237921130339e-07,1.1170729385518796e-06,5.78886207886966e-07,0
49,5.540489121879101e-07,1.1170729385518796e-06,3.1510008781208993e-07,0
50,5.353779427386894e-07,1.1170729385518796e-06,4.665057261310634e-09,0
51,6.019485845633103e-07,1.1170729385518796e-06,-2.2834258456331036e-07,1
52,7.029994397930916e-07,1.1170729385518796e-06,-3.3145843979309165e-07,1
53,7.945899372485329e-07,1.1170729385518796e-06,-2.917889372485329e-07,0
54,9.415579965282677e-07,1.1170729385518796e-06,-2.081069965282676e-07,0
55,1.3404907095145443e-06,1.1170729385518796e-06,-2.056907095145442e-07,0
56,2.4868073798140938e-06,1.1170729385518796e-06,-3.4715737981409386e-07,0
57,5.2654796151127436e-06,1.1170729385518796e-06,-3.84309615112744e-07,0
58,1.1011729620643203e-05,1.1170729385518796e-06,3.8467037935679835e-07,0
59,2.0891584383371965e-05,1.1170729385518796e-06,2.1859156166280356e-06,0
60,3.2771031907118625e-05,1.1170729385518796e-06,3.776168092881376e-06,0
61,3.8480381817339285e-05,1.1170729385518796e-06,4.2892181826607124e-06,0
62,3.1548132007793575e-05,1.1170729385518796e-06,4.0388679922064214e-06,1
63,1.7212345686757808e-05,1.1170729385518796e-06,2.853154313242192e-06,1
64,4.160799746815254e-06,1.1170729385518796e-06,1.0335802531847463e-06,0
65,4.785152321390139e-06,1.1170729385518796e-06,1.0694576786098617e-06,0
66,3.2523379891216566e-06,1.1170729385518796e-06,6.540420108783441e-07,0
67,1.4643029299330153e-06,1.1170729385518796e-06,3.5948707006698486e-07,0
68,5.54991515553231e-07,1.1170729385518796e-06,2.088164844467689e-07,0
69,2.5892998301657336e-07,1.1170729385518796e-06,1.2247201698342666e-07,0
70,1.5373792026160094e-07,1.1170729385518796e-06,1.2600807973839906e-07,0
71,1.1113268344480646e-07,1.1170729385518796e-06,2.2196131655519354e-07,0
72,1.4661157432552588e-07,1.1170729385518796e-06,4.196074256744741e-07,0
73,2.8017878133199465e-07,1.1170729385518796e-06,7.041952186680053e-07,0
74,6.068108950542932e-07,1.1170729385518796e-06,9.07509104945707e-07,0
75,1.2408956648572047e-06,1.1170729385518796e-06,8.743443351427952e-07,0
76,2.080214274056848e-06,1.1170729385518796e-06,7.007457259431518e-07,0
77,2.6981294601036758e-06,1.1170729385518796e-06,6.96090539896324e-07,0
78,2.71624483629026e-06,1.1170729385518796e-06,1.0324751637097396e-06,0
79,2.383266596074879e-06,1.1170729385518796e-06,1.332593403925121e-06,0
80,2.122718317678944e-06,1.1170729385518796e-06,1.0964616823210557e-06,0
81,1.9044651978147477e-06,1.1170729385518796e-06,4.4890480218525257e-07,0
82,1.712743748048229e-06,1.1170729385518796e-06,-1.8875374804822893e-07,0
83,1.6894823478132009e-06,1.1170729385518796e-06,-6.35032347813201e-07,1
84,1.7492960986993332e-06,1.1170729385518796e-06,-7.528870986993333e-07,1
85,1.806492761630425e-06,1.1170729385518796e-06,-5.481027616304249e-07,0
86,1.96371422393055e-06,1.1170729385518796e-06,-2.645242239305498e-07,0
87,2.663965016291159e-06,1.1170729385518796e-06,-2.1332501629115894e-07,0
88,5.001231578127399e-06,1.1170729385518796e-06,-4.84931578127399e-07,0
89,1.0829103297817947e-05,1.1170729385518796e-06,-4.278032978179458e-07,0
90,2.260133340533495e-05,1.1170729385518796e-06,1.029966594665053e-06,0
91,4.0833507061956544e-05,1.1170729385518796e-06,3.6236929380434614e-06,0
92,5.839113665449163e-05,1.1170729385518796e-06,5.43896334550837e-06,0
93,6.098413992723926e-05,1.1170729385518796e-06,6.202560072760738e-06,1
94,4.3915330507687125e-05,1.1170729385518796e-06,6.461869492312878e-06,1
95,2.085307907985279e-05,1.1170729385518796e-06,4.890220920147209e-06,1
96,3.1908425404481907e-06,1.1170729385518796e-06,1.3590574595518096e-06,1
97,3.4641061903633566e-06,1.1170729385518796e-06,1.4286238096366436e-06,1
98,2.2381850442215482e-06,1.1170729385518796e-06,8.989149557784518e-07,1
99,1.0430825107888478e-06,1.1170729385518796e-06,3.940874892111524e-07,0
100,4.955756639362999e-07,1.1170729385518796e-06,1.5924833606370005e-07,0
101,2.952743070422268e-07,1.1170729385518796e-06,1.0160369295777325e-07,0
102,1.8563033324269214e-07,1.1170729385518796e-06,1.1325966675730786e-07,0
103,1.2681178498278532e-07,1.1170729385518796e-06,1.6707221501721466e-07,0
104,1.4989090549588655e-07,1.1170729385518796e-06,2.869070945041134e-07,0
105,3.357856073105708e-07,1.1170729385518796e-06,4.3267939268942923e-07,0
106,8.519074154416334e-07,1.1170729385518796e-06,4.858725845583666e-07,0
107,1.7602070378542866e-06,1.1170729385518796e-06,4.795929621457131e-07,0
108,2.8791313599774955e-06,1.1170729385518796e-06,6.147886400225043e-07,0
109,3.853598974315791e-06,1.1170729385518796e-06,1.101271025684208e-06,0
110,4.53233968395965e-06,1.1170729385518796e-06,1.80291031604035e-06,0
111,5.06996610045e-06,1.1170729385518796e-06,1.9858238995499998e-06,0
112,5.173118654469204e-06,1.1170729385518796e-06,1.311151345530796e-06,0
113,4.394329327762668e-06,1.1170729385518796e-06,4.4128067223733153e-07,0
114,3.2972522094470817e-06,1.1170729385518796e-06,-1.74692209447082e-07,0
115,2.632548310843734e-06,1.1170729385518796e-06,-5.222083108437339e-07,1
116,2.4473522565374857e-06,1.1170729385518796e-06,-5.086722565374856e-07,0
117,2.668773269150756e-06,1.1170729385518796e-06,-2.2456326915075576e-07,0
118,3.223967813280178e-06,1.1170729385518796e-06,8.70821867198221e-08,0
119,4.487346811999578e-06,1.1170729385518796e-06,1.3896318800042155e-07,0
120,8.334645935559386e-06,1.1170729385518796e-06,-1.326159355593866e-07,0
121,1.8459448304080714e-05,1.1170729385518796e-06,-4.081483040807132e-07,0
122,3.8316213536864444e-05,1.1170729385518796e-06,-4.7631353686444707e-07,0
123,6.48804978751847e-05,1.1170729385518796e-06,-7.899978751846998e-07,0
124,8.321843787440854e-05,1.1170729385518796e-06,-1.0679378744085421e-06,0
125,7.666652823057891e-05,1.1170729385518796e-06,7.378717694210861e-07,0
126,4.878646922732985e-05,1.1170729385518796e-06,3.71253077267014e-06,1
127,2.0770124493093046e-05,1.1170729385518796e-06,3.847175506906953e-06,1
128,2.011961288651501e-06,1.1170729385518796e-06,1.3171587113484987e-06,1
129,2.089593045409595e-06,1.1170729385518796e-06,1.4047569545904048e-06,1
130,1.3688692823483977e-06,1.1170729385518796e-06,8.398707176516027e-07,1
131,7.453324253992334e-07,1.1170729385518796e-06,3.233975746007664e-07,0
132,4.647019743154935e-07,1.1170729385518796e-06,1.219620256845065e-07,0
133,3.316019194652684e-07,1.1170729385518796e-06,7.35700805347316e-08,0
134,2.3074976000363536e-07,1.1170729385518796e-06,5.8937239996364605e-08,0
135,1.6073808275614427e-07,1.1170729385518796e-06,6.837591724385572e-08,0
136,1.9689948297356527e-07,1.1170729385518796e-06,9.334551702643475e-08,0
137,4.7114527816886026e-07,1.1170729385518796e-06,1.1160772183113977e-07,0
138,1.1370630656241509e-06,1.1170729385518796e-06,1.7517693437584907e-07,0
139,2.217392199532443e-06,1.1170729385518796e-06,4.88227800467557e-07,0
140,3.715357180647468e-06,1.1170729385518796e-06,1.125012819352532e-06,0
141,5.727973493613665e-06,1.1170729385518796e-06,1.887206506386336e-06,0
142,8.099321164265126e-06,1.1170729385518796e-06,2.334578835734874e-06,0
143,9.796654594002879e-06,1.1170729385518796e-06,2.0040454059971196e-06,0
144,9.321334778716928e-06,1.1170729385518796e-06,1.2245652212830708e-06,0
145,6.793364966760367e-06,1.1170729385518796e-06,6.788650332396333e-07,0
146,4.178933692091048e-06,1.1170729385518796e-06,3.6687630790895144e-07,0
147,2.7677350600000943e-06,1.1170729385518796e-06,1.6706493999990591e-07,0
148,2.7431041059613384e-06,1.1170729385518796e-06,2.7585894038661792e-08,0
149,3.762003287743808e-06,1.1170729385518796e-06,1.889671225619176e-08,0
150,4.978530559565803e-06,1.1170729385518796e-06,3.3597944043419735e-07,0
151,6.772028012293352e-06,1.1170729385518796e-06,7.248619877066473e-07,0
152,1.251764773804781e-05,1.1170729385518796e-06,5.467522619521895e-07,0
153,2.7318103026011067e-05,1.1170729385518796e-06,-5.787030260110672e-07,0
154,5.3358182283064836e-05,1.1170729385518796e-06,-2.9944822830648354e-06,0
155,8.217299185367097e-05,1.1170729385518796e-06,-6.442991853670976e-06,0
156,9.425112751332096e-05,1.1170729385518796e-06,-7.897827513320965e-06,0
157,7.821594298719928e-05,1.1170729385518796e-06,-4.7742429871992824e-06,0
158,4.6071243912696755e-05,1.1170729385518796e-06,-1.7614391269675484e-07,0
159,1.876634133666926e-05,1.1170729385518796e-06,1.4358586633307416e-06,1
160,1.4100667740526484e-06,1.1170729385518796e-06,1.0481732259473519e-06,1
161,1.577545932954642e-06,1.1170729385518796e-06,1.0849340670453578e-06,1
162,1.1644485395614044e-06,1.1170729385518796e-06,6.664914604385958e-07,1
163,7.424670962319273e-07,1.1170729385518796e-06,3.189829037680727e-07,0
164,5.254903451071139e-07,1.1170729385518796e-06,1.751126548928861e-07,0
165,4.18681636575349e-07,1.1170729385518796e-06,8.968936342465104e-08,0
166,3.207282200555329e-07,1.1170729385518796e-06,2.2802779944467082e-08,0
167,2.445518965457429e-07,1.1170729385518796e-06,-9.889896545742889e-09,0
168,2.9419563302751196e-07,1.1170729385518796e-06,-2.4871633027511926e-08,0
169,6.51039675553909e-07,1.1170729385518796e-06,-9.720675553908961e-09,0
170,1.5616191438954922e-06,1.1170729385518796e-06,1.826408561045077e-07,0
171,3.3376369761715063e-06,1.1170729385518796e-06,7.172330238284932e-07,0
172,6.44562686601684e-06,1.1170729385518796e-06,1.3544831339831605e-06,0
173,1.0963357030357784e-05,1.1170729385518796e-06,1.6197429696422156e-06,0
174,1.5361594884105803e-05,1.1170729385518796e-06,1.4445051158941952e-06,0
175,1.667731402788184e-05,1.1170729385518796e-06,1.1643859721181625e-06,0
176,1.3600749909639508e-05,1.1170729385518796e-06,1.0301500903604912e-06,0
177,8.610094850545909e-06,1.1170729385518796e-06,8.238851494540911e-07,0
178,4.717878120477753e-06,1.1170729385518796e-06,5.30311879522246e-07,0
179,2.8405503991765705e-06,1.1170729385518796e-06,3.091696008234293e-07,0
180,2.907931975344539e-06,1.1170729385518796e-06,4.066802465546113e-08,0
181,4.182946629744516e-06,1.1170729385518796e-06,-6.814662974451643e-08,0
182,5.714680280596207e-06,1.1170729385518796e-06,2.8485971940379385e-07,0
183,8.580879792827669e-06,1.1170729385518796e-06,6.000402071723314e-07,0
184,1.653911028587927e-05,1.1170729385518796e-06,7.618971412072926e-08,0
185,3.3596393959753866e-05,1.1170729385518796e-06,-1.4960939597538642e-06,0
186,5.959775883688553e-05,1.1170729385518796e-06,-4.54185883688553e-06,0
187,8.339876214381799e-05,1.1170729385518796e-06,-8.235462143817984e-06,1
188,8.734388775762801e-05,1.1170729385518796e-06,-9.039687757628008e-06,1
189,6.735337473213477e-05,1.1170729385518796e-06,-5.622474732134769e-06,0
190,3.802799864562665e-05,1.1170729385518796e-06,-1.4813986456266493e-06,0
191,1.5384477516606735e-05,1.1170729385518796e-06,2.4812248339326526e-07,0
192,1.6034491252983176e-06,1.1170729385518796e-06,6.870208747016824e-07,1
193,1.8918571052304408e-06,1.1170729385518796e-06,8.855028947695592e-07,1
194,1.413646183465279e-06,1.1170729385518796e-06,8.002538165347206e-07,1
195,8.608761710006611e-07,1.1170729385518796e-06,6.132738289993388e-07,0
196,5.771687125049993e-07,1.1170729385518796e-06,4.3385128749500075e-07,0
197,4.4803911415051653e-07,1.1170729385518796e-06,2.500678858494835e-07,0
198,3.532207806018982e-07,1.1170729385518796e-06,9.132321939810181e-08,0
199,3.0891975654331717e-07,1.1170729385518796e-06,-1.1808756543317199e-08,0
200,4.605984012834133e-07,1.1170729385518796e-06,-7.99254012834133e-08,0
201,1.2145261491942813e-06,1.1170729385518796e-06,-1.8223614919428128e-07,0
202,3.251420808592869e-06,1.1170729385518796e-06,-2.863308085928685e-07,0
203,7.353304951758605e-06,1.1170729385518796e-06,-3.2306495175860604e-07,0
204,1.3976805379641405e-05,1.1170729385518796e-06,-5.602053796414041e-07,0
205,2.2029864574540566e-05,1.1170729385518796e-06,-1.216964574540568e-06,0
206,2.7796338331044068e-05,1.1170729385518796e-06,-1.7587383310440652e-06,0
207,2.6999401003739875e-05,1.1170729385518796e-06,-1.523201003739876e-06,0
208,1.9974923675945066e-05,1.1170729385518796e-06,-7.936236759450634e-07,0
209,1.1856892135455733e-05,1.1170729385518796e-06,-3.8429213545573403e-07,0
210,6.253543646262886e-06,1.1170729385518796e-06,-2.3403364626288523e-07,0
211,3.47552564681566e-06,1.1170729385518796e-06,-1.044056468156607e-07,0
212,2.885525618218853e-06,1.1170729385518796e-06,-1.4090561821885303e-07,0
213,3.648057463700663e-06,1.1170729385518796e-06,-1.7639746370066303e-07,0
214,5.369180489545395e-06,1.1170729385518796e-06,-3.127048954539606e-08,0
215,9.39726226934526e-06,1.1170729385518796e-06,-1.117822693452611e-07,0
216,1.829406993121721e-05,1.1170729385518796e-06,-6.004699312172113e-07,0
217,3.425288369193773e-05,1.1170729385518796e-06,-1.2402836919377273e-06,0
218,5.657309021628684e-05,1.1170729385518796e-06,-2.7982902162868435e-06,0
219,7.572779763544553e-05,1.1170729385518796e-06,-5.652997635445533e-06,0
220,7.686806061091918e-05,1.1170729385518796e-06,-6.95186061091918e-06,1
221,5.7857550366658984e-05,1.1170729385518796e-06,-4.571050366658985e-06,0
222,3.271683748412736e-05,1.1170729385518796e-06,-1.4105374841273568e-06,0
223,1.3891102931030332e-05,1.1170729385518796e-06,-8.760293103033263e-08,0
224,2.135487575990946e-06,1.1170729385518796e-06,1.0098424240090541e-06,1
225,2.544864163838048e-06,1.1170729385518796e-06,1.5393058361619512e-06,1
226,1.866493005804337e-06,1.1170729385518796e-06,1.5210969941956632e-06,1
227,1.0424270026622856e-06,1.1170729385518796e-06,1.1915029973377143e-06,0
228,6.117335747695595e-07,1.1170729385518796e-06,8.110764252304405e-07,0
229,4.392087686049279e-07,1.1170729385518796e-06,4.483352313950721e-07,0
230,3.616021849401261e-07,1.1170729385518796e-06,1.685818150598739e-07,0
231,4.407101623155863e-07,1.1170729385518796e-06,-5.081916231558632e-08,0
232,1.0259948705993758e-06,1.1170729385518796e-06,-3.819688705993757e-07,0
233,2.888712712997581e-06,1.1170729385518796e-06,-1.0210027129975813e-06,1
234,7.2364408059679185e-06,1.1170729385518796e-06,-1.921070805967919e-06,1
235,1.526774296804234e-05,1.1170729385518796e-06,-2.854842968042339e-06,1
236,2.6837912436722844e-05,1.1170729385518796e-06,-3.837612436722844e-06,1
237,3.8611349767794975e-05,1.1170729385518796e-06,-4.663949767794975e-06,1
238,4.4372921720807014e-05,1.1170729385518796e-06,-4.5296217208070155e-06,1
239,3.9755059923981767e-05,1.1170729385518796e-06,-3.1682599239817665e-06,0
240,2.777207755177002e-05,1.1170729385518796e-06,-1.62457755177002e-06,0
241,1.6184800336940512e-05,1.1170729385518796e-06,-1.0662003369405128e-06,0
242,9.130050741135967e-06,1.1170729385518796e-06,-1.1710107411359668e-06,0
243,5.9644376899543154e-06,1.1170729385518796e-06,-1.2967276899543162e-06,0
244,5.075610884867767e-06,1.1170729385518796e-06,-1.372340884867767e-06,0
245,5.30165219245405e-06,1.1170729385518796e-06,-1.25503219245405e-06,0
246,6.4481987965371415e-06,1.1170729385518796e-06,-9.41628796537142e-07,0
247,9.87528553482516e-06,1.1170729385518796e-06,-7.022555348251599e-07,0
248,1.756897022844501e-05,1.1170729385518796e-06,-1.6447022844501234e-07,0
249,3.175967036576995e-05,1.1170729385518796e-06,9.279296342300488e-07,0
250,5.29158642923382e-05,1.1170729385518796e-06,7.233357076617965e-07,0
251,7.221958946214702e-05,1.1170729385518796e-06,-1.9966894621470144e-06,0
252,7.446487776974072e-05,1.1170729385518796e-06,-3.5783777697407266e-06,0
253,5.821380575467599e-05,1.1170729385518796e-06,-1.9824057546759816e-06,0
254,3.5997968430867475e-05,1.1170729385518796e-06,-2.429684308674762e-07,0
255,1.7233212545996898e-05,1.1170729385518796e-06,1.959874540031009e-07,0
256,2.83801642495005e-06,1.1170729385518796e-06,1.78197357504995e-06,1
257,3.222074632005378e-06,1.1170729385518796e-06,2.4538553679946224e-06,1
258,2.1018439358844444e-06,1.1170729385518796e-06,2.2551460641155557e-06,1
259,9.89057530992449e-07,1.1170729385518796e-06,1.627862469007551e-06,0
260,5.323956823434593e-07,1.1170729385518796e-06,9.587943176565406e-07,0
261,4.0951090740257906e-07,1.1170729385518796e-06,4.2541509259742085e-07,0
262,4.097892194853333e-07,1.1170729385518796e-06,8.032778051466672e-08,0
263,7.262526369356495e-07,1.1170729385518796e-06,-2.7990663693564953e-07,0
264,1.9329746121923758e-06,1.1170729385518796e-06,-9.535236121923757e-07,1
265,5.153312979510031e-06,1.1170729385518796e-06,-2.006872979510031e-06,1
266,1.2431253756645347e-05,1.1170729385518796e-06,-3.093463756645347e-06,1
267,2.591941615918255e-05,1.1170729385518796e-06,-3.7848161591825513e-06,1
268,4.4044423042220734e-05,1.1170729385518796e-06,-3.781023042220736e-06,1
269,5.9285656167879e-05,1.1170729385518796e-06,-2.740456167879001e-06,0
270,6.296924526787262e-05,1.1170729385518796e-06,-9.098452678726237e-07,0
271,5.220954675680443e-05,1.1170729385518796e-06,8.377532431955652e-07,0
272,3.420820549797148e-05,1.1170729385518796e-06,1.1416945020285198e-06,0
273,1.9921139052383453e-05,1.1170729385518796e-06,-4.6233905238345224e-07,0
274,1.2871979822226053e-05,1.1170729385518796e-06,-2.365379822226053e-06,1
275,1.0415980353879324e-05,1.1170729385518796e-06,-3.4597003538793235e-06,1
276,9.627015326766187e-06,1.1170729385518796e-06,-3.720515326766187e-06,1
277,8.915157826444561e-06,1.1170729385518796e-06,-3.138447826444562e-06,1
278,8.783897275738355e-06,1.1170729385518796e-06,-2.2897372757383553e-06,1
279,1.1180985119068684e-05,1.1170729385518796e-06,-1.573045119068685e-06,0
280,1.8559381302936928e-05,1.1170729385518796e-06,-1.89581302936926e-07,0
281,3.4626606331898945e-05,1.1170729385518796e-06,1.8918936681010544e-06,0
282,6.019659506586194e-05,1.1170729385518796e-06,2.300504934138062e-06,0
283,8.36113012297831e-05,1.1170729385518796e-06,6.216987702168937e-07,0
284,8.854651377956679e-05,1.1170729385518796e-06,3.935862204332204e-07,0
285,7.415374255409759e-05,1.1170729385518796e-06,1.8380574459024102e-06,0
286,5.008889390885102e-05,1.1170729385518796e-06,2.202506091148986e-06,0
287,2.5296669035727812e-05,1.1170729385518796e-06,1.3459309642721892e-06,0
288,2.9377954980325032e-06,1.1170729385518796e-06,1.824274501967497e-06,1
289,2.88950315806634e-06,1.1170729385518796e-06,2.304616841933659e-06,1
290,1.577610417617796e-06,1.1170729385518796e-06,1.942209582382204e-06,1
291,6.273394204946174e-07,1.1170729385518796e-06,1.2183405795053824e-06,1
292,3.3037825405947965e-07,1.1170729385518796e-06,5.693337459405203e-07,0
293,2.932291775560614e-07,1.1170729385518796e-06,1.5420382244393853e-07,0
294,3.864722213204603e-07,1.1170729385518796e-06,-1.0187222132046031e-07,0
295,8.126666173045869e-07,1.1170729385518796e-06,-4.1790661730458693e-07,1
296,2.217907090061776e-06,1.1170729385518796e-06,-9.374170900617759e-07,1
297,6.493714259694953e-06,1.1170729385518796e-06,-1.5762442596949532e-06,1
298,1.7655207169691832e-05,1.1170729385518796e-06,-1.835707169691832e-06,0
299,3.8675687231199063e-05,1.1170729385518796e-06,-7.072872311990628e-07,0
300,6.437025622240814e-05,1.1170729385518796e-06,1.938743777591851e-06,0
301,8.198442483147537e-05,1.1170729385518796e-06,4.084775168524635e-06,0
302,8.033751376893256e-05,1.1170729385518796e-06,4.576286231067431e-06,0
303,5.973123982194011e-05,1.1170729385518796e-06,4.051760178059883e-06,0
304,3.481994418177399e-05,1.1170729385518796e-06,2.1394558182260062e-06,0
305,1.901222483038995e-05,1.1170729385518796e-06,-8.165248303899496e-07,0
306,1.2744850294762875e-05,1.1170729385518796e-06,-3.1122902947628747e-06,1
307,1.0834352021497062e-05,1.1170729385518796e-06,-4.1370120214970625e-06,1
308,9.648804447858389e-06,1.1170729385518796e-06,-3.964214447858388e-06,1
309,8.476358043033105e-06,1.1170729385518796e-06,-3.1686080430331047e-06,1
310,8.830511818320871e-06,1.1170729385518796e-06,-2.8635818183208712e-06,1
311,1.267926559128172e-05,1.1170729385518796e-06,-2.9410055912817197e-06,1
312,2.323807403991762e-05,1.1170729385518796e-06,-2.0469740399176183e-06,0
313,4.617168370837961e-05,1.1170729385518796e-06,-6.016837083796083e-07,0
314,8.025854043012703e-05,1.1170729385518796e-06,-3.776404301270345e-07,0
315,0.00010769545395806003,1.1170729385518796e-06,3.4154604193997837e-07,0
316,0.00011170729385518796,1.1170729385518796e-06,3.50970614481204e-06,0
317,9.396190607398922e-05,1.1170729385518796e-06,5.593793926010775e-06,0
318,6.299831499392043e-05,1.1170729385518796e-06,4.137685006079574e-06,0
319,3.019111749404933e-05,1.1170729385518796e-06,1.7122825059506734e-06,0
320,1.7368505350952667e-06,1.1170729385518796e-06,1.0149494649047333e-06,1
321,1.4253034108524597e-06,1.1170729385518796e-06,1.2489265891475404e-06,1
322,6.471841034103965e-07,1.1170729385518796e-06,9.775158965896036e-07,0
323,2.2338839245502915e-07,1.1170729385518796e-06,5.238646075449709e-07,0
324,1.2723965456027908e-07,1.1170729385518796e-06,1.7720934543972094e-07,0
325,1.4149055875998585e-07,1.1170729385518796e-06,-7.872558759985851e-09,0
326,2.074317080455192e-07,1.1170729385518796e-06,-9.733670804551921e-08,1
327,5.106301645994128e-07,1.1170729385518796e-06,-2.060771645994128e-07,1
328,1.954909423549284e-06,1.1170729385518796e-06,-4.4496942354928405e-07,0
329,7.448000875768309e-06,1.1170729385518796e-06,-6.59390875768308e-07,0
330,2.2098659965994835e-05,1.1170729385518796e-06,2.626400340051669e-07,0
331,4.7561989162456894e-05,1.1170729385518796e-06,3.3561108375431092e-06,0
332,7.474192685504776e-05,1.1170729385518796e-06,6.0128731449522375e-06,0
333,8.694392043809637e-05,1.1170729385518796e-06,5.211579561903624e-06,0
334,7.39669922514667e-05,1.1170729385518796e-06,3.210907748533301e-06,0
335,4.556968107951073e-05,1.1170729385518796e-06,2.0673189204892663e-06,0
336,2.1756011491439442e-05,1.1170729385518796e-06,6.728885085605556e-07,0
337,1.030475095243828e-05,1.1170729385518796e-06,-1.0067209524382792e-06,0
338,6.556756309300812e-06,1.1170729385518796e-06,-2.026896309300812e-06,1
339,5.211636023798682e-06,1.1170729385518796e-06,-2.158286023798682e-06,1
340,4.319173485666031e-06,1.1170729385518796e-06,-1.7873834856660306e-06,1
341,4.263211389561464e-06,1.1170729385518796e-06,-1.7645713895614641e-06,1
342,6.201031584634026e-06,1.1170729385518796e-06,-2.6648615846340263e-06,1
343,1.1820081730818655e-05,1.1170729385518796e-06,-3.928781730818655e-06,1
344,2.527365121361756e-05,1.1170729385518796e-06,-4.575751213617559e-06,1
345,5.1855358521532616e-05,1.1170729385518796e-06,-4.940058521532621e-06,1
346,8.593750653975812e-05,1.1170729385518796e-06,-4.883806539758131e-06,0
347,0.00010774982398408948,1.1170729385518796e-06,-1.8218239840894914e-06,0
348,0.00010546950566733464,1.1170729385518796e-06,3.277494332665367e-06,0
349,8.3508176063673e-05,1.1170729385518796e-06,4.996723936327e-06,0
350,5.093789728266055e-05,1.1170729385518796e-06,2.9171027173394485e-06,0
351,2.128374326272219e-05,1.1170729385518796e-06,9.904567372778126e-07,0
352,4.941182850562354e-07,1.1170729385518796e-06,3.966887149437645e-07,0
353,3.451261097776934e-07,1.1170729385518796e-06,4.523778902223066e-07,0
354,1.3422533803527226e-07,1.1170729385518796e-06,3.175416619647277e-07,0
355,4.0564614884283903e-08,1.1170729385518796e-06,1.500293851157161e-07,0
356,2.466906872199542e-08,1.1170729385518796e-06,4.579143127800458e-08,0
357,2.736796453441009e-08,1.1170729385518796e-06,4.983935465589916e-09,0
358,5.584196628500914e-08,1.1170729385518796e-06,-8.53026628500914e-09,0
359,2.99837745228901e-07,1.1170729385518796e-06,-5.128374522890102e-08,0
360,1.6861991997668937e-06,1.1170729385518796e-06,-1.707391997668938e-07,0
361,6.921603148851144e-06,1.1170729385518796e-06,-6.0453148851144e-08,0
362,1.9551609772612008e-05,1.1170729385518796e-06,1.297990227387993e-06,0
363,3.842173352506437e-05,1.1170729385518796e-06,3.602766474935628e-06,0
364,5.366188531841157e-05,1.1170729385518796e-06,3.89981468158843e-06,0
365,5.285721158705833e-05,1.1170729385518796e-06,2.20458841294167e-06,0
366,3.5926899312990065e-05,1.1170729385518796e-06,1.305000687009933e-06,0
367,1.7084326332143187e-05,1.1170729385518796e-06,9.288736678568119e-07,0
368,6.4221409095132875e-06,1.1170729385518796e-06,1.9194909048671255e-07,0
369,2.6530701680160515e-06,1.1170729385518796e-06,-4.2608016801605137e-07,0
370,1.5424720125178528e-06,1.1170729385518796e-06,-5.857500125178528e-07,1
371,1.0775508838822224e-06,1.1170729385518796e-06,-4.771368838822223e-07,1
372,9.51188232980197e-07,1.1170729385518796e-06,-4.3936023298019694e-07,1
373,1.4612949074149167e-06,1.1170729385518796e-06,-8.004319074149168e-07,1
374,3.288148668044683e-06,1.1170729385518796e-06,-1.770778668044683e-06,1
375,8.082113844202968e-06,1.1170729385518796e-06,-3.2610938442029687e-06,1
376,1.8974931258592415e-05,1.1170729385518796e-06,-4.7630312585924145e-06,1
377,3.780699556566133e-05,1.1170729385518796e-06,-5.840295565661327e-06,1
378,5.79120536380795e-05,1.1170729385518796e-06,-5.541053638079499e-06,1
379,6.681025217408444e-05,1.1170729385518796e-06,-2.701752174084438e-06,0
380,6.018579549186241e-05,1.1170729385518796e-06,5.396045081375875e-07,0
381,4.280778947923684e-05,1.1170729385518796e-06,1.2553105207631628e-06,0
382,2.244971750322937e-05,1.1170729385518796e-06,6.048824967706297e-07,0
383,7.774760065298928e-06,1.1170729385518796e-06,2.976399347010728e-07,0
384,7.912900559014555e-08,1.1170729385518796e-06,9.589199440985444e-08,0
385,5.0332157653714364e-08,1.1170729385518796e-06,9.524084234628563e-08,0
386,1.652844026433337e-08,1.1170729385518796e-06,6.095475973566662e-08,0
387,3.483786261021806e-09,1.1170729385518796e-06,2.866371373897819e-08,0
388,1.4075019681552756e-09,1.1170729385518796e-06,1.2419198031844725e-08,0
389,2.302552420495665e-09,1.1170729385518796e-06,7.729447579504335e-09,0
390,1.9325499593085726e-08,1.1170729385518796e-06,6.463500406914274e-09,0
391,1.743830657539461e-07,1.1170729385518796e-06,-9.028065753946108e-09,0
392,1.0449667771822015e-06,1.1170729385518796e-06,-5.6660777182201385e-08,0
393,3.9980586202629615e-06,1.1170729385518796e-06,1.546137973703797e-08,0
394,9.992508417393989e-06,1.1170729385518796e-06,5.582915826060101e-07,0
395,1.6944788137122848e-05,1.1170729385518796e-06,1.1678118628771519e-06,0
396,1.9710929563964268e-05,1.1170729385518796e-06,1.0297704360357352e-06,0
397,1.5364889624959156e-05,1.1170729385518796e-06,7.331103750408446e-07,0
398,7.905112634353553e-06,1.1170729385518796e-06,6.526373656464465e-07,0
399,2.8186861931272167e-06,1.1170729385518796e-06,3.704238068727832e-07,0
400,8.515704913921832e-07,1.1170729385518796e-06,5.034150860781674e-08,0
401,3.1461027140966157e-07,1.1170729385518796e-06,-7.112527140966153e-08,0
402,1.5217773626030855e-07,1.1170729385518796e-06,-6.117123626030855e-08,1
403,9.673960000105656e-08,1.1170729385518796e-06,-4.146440000105656e-08,1
404,1.4833077655065312e-07,1.1170729385518796e-06,-8.757827655065312e-08,1
405,4.439951793364671e-07,1.1170729385518796e-06,-2.976821793364671e-07,1
406,1.416696478845233e-06,1.1170729385518796e-06,-8.47825478845233e-07,1
407,3.953678205517397e-06,1.1170729385518796e-06,-1.7833082055173969e-06,1
408,9.059715832441924e-06,1.1170729385518796e-06,-2.699235832441924e-06,1
409,1.6352072951980206e-05,1.1170729385518796e-06,-3.0716729519802073e-06,1
410,2.2406596131289465e-05,1.1170729385518796e-06,-2.613096131289466e-06,1
411,2.333220396178352e-05,1.1170729385518796e-06,-1.52150396178352e-06,0
412,1.88760390021816e-05,1.1170729385518796e-06,-6.812390021816006e-07,0
413,1.1669391178664544e-05,1.1170729385518796e-06,-3.7819117866454395e-07,0
414,5.089973722933003e-06,1.1170729385518796e-06,-1.2389372293300307e-07,0
415,1.413435859561841e-06,1.1170729385518796e-06,5.754414043815882e-08,0
416,1.1083905940666556e-08,1.1170729385518796e-06,7.333694059333442e-09,0
417,6.093197468870446e-09,1.1170729385518796e-06,7.2972025311295535e-09,0
418,1.5439863673544426e-09,1.1170729385518796e-06,5.034943632645558e-09,0
419,1.8929095468628502e-10,1.1170729385518796e-06,2.806769045313715e-09,0
420,3.836456646092581e-11,1.1170729385518796e-06,2.0415554335390743e-09,0
421,4.807187899825352e-10,1.1170729385518796e-06,2.834991210017465e-09,0
422,7.650421677617316e-09,1.1170729385518796e-06,3.571178322382685e-09,0
423,7.12408234848255e-08,1.1170729385518796e-06,-2.5127234848255043e-09,0
424,3.8644985561220897e-07,1.1170729385518796e-06,-2.8086855612208953e-08,0
425,1.2715140219101091e-06,1.1170729385518796e-06,-3.885402191010909e-08,0
426,2.6662857006818336e-06,1.1170729385518796e-06,5.894429931816617e-08,0
427,3.6911482605605857e-06,1.1170729385518796e-06,2.0678173943941423e-07,0
428,3.3766362266690738e-06,1.1170729385518796e-06,2.792037733309263e-07,0
429,1.9884160135707366e-06,1.1170729385518796e-06,2.881239864292638e-07,0
430,7.503284471351059e-07,1.1170729385518796e-06,2.0403255286489401e-07,0
431,2.0040671494781144e-07,1.1170729385518796e-06,7.819928505218858e-08,0
432,5.046160531897147e-08,1.1170729385518796e-06,1.0833494681028532e-08,0
433,1.5383608397431258e-08,1.1170729385518796e-06,-2.317208397431259e-09,0
434,5.569109840710217e-09,1.1170729385518796e-06,-6.626198407102169e-10,0
435,6.307969412641022e-09,1.1170729385518796e-06,-2.431709412641022e-09,0
436,3.001355292421542e-08,1.1170729385518796e-06,-2.1962122924215417e-08,1
437,1.445901973505072e-07,1.1170729385518796e-06,-1.0575869735050721e-07,1
438,5.223480086210771e-07,1.1170729385518796e-06,-3.308480086210771e-07,1
439,1.357072804256826e-06,1.1170729385518796e-06,-6.46075804256826e-07,1
440,2.665860280435812e-06,1.1170729385518796e-06,-8.15720280435812e-07,1
441,4.1592488686394164e-06,1.1170729385518796e-06,-8.027488686394165e-07,1
442,5.1030931442373395e-06,1.1170729385518796e-06,-7.624931442373391e-07,0
443,4.789207023968174e-06,1.1170729385518796e-06,-6.679370239681749e-07,0
444,3.3901038159527612e-06,1.1170729385518796e-06,-4.818338159527614e-07,0
445,1.732825417808979e-06,1.1170729385518796e-06,-2.330954178089793e-07,0
446,5.846357882693783e-07,1.1170729385518796e-06,-3.7626788269378337e-08,0
447,1.1902401829888575e-07,1.1170729385518796e-06,1.838698170111424e-08,0
448,7.099054057750944e-10,1.1170729385518796e-06,5.534594224905686e-12,0
449,2.837315190991641e-10,1.1170729385518796e-06,1.403834809008359e-10,0
450,5.058318534892886e-11,1.1170729385518796e-06,1.4118481465107114e-10,0
451,4.128440807117248e-12,1.1170729385518796e-06,1.1567655919288276e-10,0
452,4.726731625655661e-12,1.1170729385518796e-06,2.3342026837434434e-10,0
453,1.2751723825139594e-10,1.1170729385518796e-06,6.129957617486041e-10,0
454,1.8816107423624047e-09,1.1170729385518796e-06,1.5374492576375952e-09,0
455,1.5208167371009844e-08,1.1170729385518796e-06,3.1576326289901555e-09,0
456,7.078131763289664e-08,1.1170729385518796e-06,4.185882367103355e-09,0
457,1.989679363728767e-07,1.1170729385518796e-06,1.0229063627123284e-08,0
458,3.503144186426825e-07,1.1170729385518796e-06,3.371058135731756e-08,0
459,3.915970443916543e-07,1.1170729385518796e-06,6.616095560834571e-08,0
460,2.7267551302716546e-07,1.1170729385518796e-06,8.326048697283458e-08,0
461,1.1476767416298859e-07,1.1170729385518796e-06,6.683032583701142e-08,0
462,2.967894401520826e-08,1.1170729385518796e-06,3.226585598479175e-08,0
463,5.614218119018744e-09,1.1170729385518796e-06,9.153981880981255e-09,0
464,1.1096449270946087e-09,1.1170729385518796e-06,1.4513850729053915e-09,0
465,2.4683800708252516e-10,1.1170729385518796e-06,2.1547899291747477e-10,0
466,1.2772138956418292e-10,1.1170729385518796e-06,1.1599861043581709e-10,0
467,1.0879302571083378e-09,1.1170729385518796e-06,-7.781792571083378e-10,1
468,9.460658786594562e-09,1.1170729385518796e-06,-7.747148786594561e-09,1
469,4.8871519969775735e-08,1.1170729385518796e-06,-3.737411996977573e-08,1
470,1.5010470283274375e-07,1.1170729385518796e-06,-9.610950283274375e-08,1
471,3.074971297457623e-07,1.1170729385518796e-06,-1.366751297457623e-07,1
472,4.966866211561921e-07,1.1170729385518796e-06,-1.2954462115619215e-07,0
473,6.87054140935251e-07,1.1170729385518796e-06,-1.3781014093525102e-07,0
474,7.678583403503005e-07,1.1170729385518796e-06,-1.7807034035030045e-07,1
475,6.446658235210325e-07,1.1170729385518796e-06,-1.8057082352103247e-07,1
476,3.8740179840383577e-07,1.1170729385518796e-06,-1.2001579840383576e-07,1
477,1.534840647212472e-07,1.1170729385518796e-06,-4.24530647212472e-08,0
478,3.6174346979866263e-08,1.1170729385518796e-06,-3.247146979866265e-09,0
479,4.723649009348652e-09,1.1170729385518796e-06,2.2083009906513485e-09,0
480,9.655358386982196e-12,1.1170729385518796e-06,-2.390898386982196e-12,0
481,2.661349627666852e-12,1.1170729385518796e-06,7.454803723331483e-13,0
482,3.4454225854144903e-13,1.1170729385518796e-06,1.4671677414585508e-12,0
483,1.1729765173160873e-13,1.1170729385518796e-06,4.116882348268391e-12,0
484,7.893252694113825e-13,1.1170729385518796e-06,2.2248274730588616e-11,0
485,1.384525887430942e-11,1.1170729385518796e-06,1.4566674112569058e-10,0
486,1.7273034916657062e-10,1.1170729385518796e-06,8.045186508334291e-10,0
487,1.2500811000558825e-09,1.1170729385518796e-06,2.801808899944117e-09,0
488,5.367876972391461e-09,1.1170729385518796e-06,6.452923027608539e-09,0
489,1.3977852046758136e-08,1.1170729385518796e-06,1.2045347953241865e-08,0
490,2.203442781608769e-08,1.1170729385518796e-06,1.8774172183912305e-08,0
491,2.0254712797920355e-08,1.1170729385518796e-06,2.1890387202079642e-08,0
492,1.0331047635545485e-08,1.1170729385518796e-06,1.797225236445452e-08,0
493,2.8608995276995393e-09,1.1170729385518796e-06,1.0035200472300464e-08,0
494,4.49515067336006e-10,1.1170729385518796e-06,3.835634932663994e-09,0
495,5.07346955940965e-11,1.1170729385518796e-06,9.705753044059036e-10,0
496,6.63071493736855e-12,1.1170729385518796e-06,1.4626028506263145e-10,0
497,1.849163015170169e-12,1.1170729385518796e-06,1.774853698482983e-11,0
498,2.6297195735553088e-11,1.1170729385518796e-06,-1.1289395735553086e-11,0
499,3.883064571738676e-10,1.1170729385518796e-06,-3.036123571738676e-10,1
500,2.827379047019127e-09,1.1170729385518796e-06,-2.131421047019127e-09,1
501,1.0632235015153228e-08,1.1170729385518796e-06,-6.7605250151532284e-09,1
502,2.3825583751000614e-08,1.1170729385518796e-06,-9.713383751000612e-09,1
503,4.0275200005091534e-08,1.1170729385518796e-06,-5.977100005091535e-09,0
504,6.066865955903442e-08,1.1170729385518796e-06,-3.621259559034416e-09,0
505,7.942468517903371e-08,1.1170729385518796e-06,-1.247498517903371e-08,0
506,8.247341365977661e-08,1.1170729385518796e-06,-2.5173213659776616e-08,1
507,6.237350601898051e-08,1.1170729385518796e-06,-2.636140601898051e-08,1
508,3.1547261976493885e-08,1.1170729385518796e-06,-1.5428561976493884e-08,1
509,9.544594021212142e-09,1.1170729385518796e-06,-4.467674021212141e-09,1
510,1.5529809342955143e-09,1.1170729385518796e-06,-3.6982093429551426e-10,0
511,1.2719379221596664e-10,1.1170729385518796e-06,8.005620778403337e-11,0
512,2.9801654159601305e-13,1.1170729385518796e-06,2.843933458403987e-12,0
513,2.4389383580034433e-12,1.1170729385518796e-06,1.4436761641996556e-11,0
514,1.2371717781733034e-11,1.1170729385518796e-06,4.4895082218266965e-11,0
515,3.704956587040069e-11,1.1170729385518796e-06,1.0169843412959931e-10,0
516,6.378344549404754e-11,1.1170729385518796e-06,1.9820955450595243e-10,0
517,6.409217778899247e-11,1.1170729385518796e-06,4.167598222110075e-10,0
518,4.521833336880963e-11,1.1170729385518796e-06,1.4549516666311906e-09,0
519,5.274142186294504e-11,1.1170729385518796e-06,4.814298578137054e-09,0
520,1.5451535736899318e-10,1.1170729385518796e-06,9.728524642631007e-09,0
521,3.659750682912849e-10,1.1170729385518796e-06,1.2464524931708715e-08,0
522,4.955184900187203e-10,1.1170729385518796e-06,1.063378150998128e-08,0
523,3.521497281553339e-10,1.1170729385518796e-06,5.936670271844666e-09,0
524,1.258405267934887e-10,1.1170729385518796e-06,2.420399473206511e-09,0
525,2.2527848188001303e-11,1.1170729385518796e-06,9.400571518119986e-10,0
526,2.4267631031882294e-12,1.1170729385518796e-06,3.3363123689681183e-10,0
527,1.3109193386543165e-12,1.1170729385518796e-06,1.0165608066134569e-10,0
528,3.0440255250035985e-12,1.1170729385518796e-06,1.177349744749964e-10,0
529,1.6734738021866275e-11,1.1170729385518796e-06,2.497572619781337e-10,0
530,1.4427632189959387e-10,1.1170729385518796e-06,3.3757167810040613e-10,0
531,7.643605813720536e-10,1.1170729385518796e-06,5.999994186279464e-10,0
532,2.222116973748045e-09,1.1170729385518796e-06,2.506383026251955e-09,0
533,3.6659586806741645e-09,1.1170729385518796e-06,7.333441319325835e-09,0
534,4.2251027499260015e-09,1.1170729385518796e-06,1.1955397250073998e-08,0
535,6.438658161660904e-09,1.1170729385518796e-06,1.1030241838339096e-08,0
536,1.3452764047544718e-08,1.1170729385518796e-06,2.099735952455282e-09,0
537,1.8766438861237205e-08,1.1170729385518796e-06,-7.419338861237204e-09,1
538,1.3801454134390795e-08,1.1170729385518796e-06,-7.4363041343907955e-09,1
539,5.649022901237667e-09,1.1170729385518796e-06,-3.1264029012376673e-09,1
540,1.5091088515260422e-09,1.1170729385518796e-06,-8.147188515260421e-10,1
541,2.7293764827524815e-10,1.1170729385518796e-06,-1.2957764827524814e-10,0
542,2.8765094164895285e-11,1.1170729385518796e-06,-3.2787941648952844e-12,0
543,1.561091335042702e-12,1.1170729385518796e-06,3.357858664957298e-12,0
544,8.612501152036269e-11,1.1170729385518796e-06,2.056489884796373e-10,0
545,4.876971762950813e-10,1.1170729385518796e-06,6.082428237049187e-10,0
546,1.6062397185449755e-09,1.1170729385518796e-06,1.0658302814550248e-09,0
547,3.260733542718521e-09,1.1170729385518796e-06,1.2524564572814788e-09,0
548,4.140288482954507e-09,1.1170729385518796e-06,1.2319115170454931e-09,0
549,3.4222083912996562e-09,1.1170729385518796e-06,1.7489116087003436e-09,0
550,1.9196162181220446e-09,1.1170729385518796e-06,4.933413781877955e-09,0
551,6.827672964012369e-10,1.1170729385518796e-06,1.1798132703598762e-08,0
552,1.3747949207743565e-10,1.1170729385518796e-06,1.6923720507922566e-08,0
553,1.6916025027550912e-11,1.1170729385518796e-06,1.504118397497245e-08,0
554,3.649434973267328e-12,1.1170729385518796e-06,8.532770565026732e-09,0
555,2.1635777175653587e-12,1.1170729385518796e-06,3.039546422282435e-09,0
556,5.363482240101591e-12,1.1170729385518796e-06,7.625665177598983e-10,0
557,2.587698321978205e-11,1.1170729385518796e-06,3.6217001678021796e-10,0
558,9.244968794628857e-11,1.1170729385518796e-06,6.328273120537113e-10,0
559,2.229078320277093e-10,1.1170729385518796e-06,1.7900121679722909e-09,0
560,4.165771796464063e-10,1.1170729385518796e-06,4.519402820353594e-09,0
561,1.431422631833151e-09,1.1170729385518796e-06,7.390817368166849e-09,0
562,7.115704348721849e-09,1.1170729385518796e-06,7.68309565127815e-09,0
563,2.3018931247315608e-08,1.1170729385518796e-06,9.073268752684396e-09,0
564,4.243024301475559e-08,1.1170729385518796e-06,2.232965698524441e-08,0
565,4.535373300645014e-08,1.1170729385518796e-06,4.1911366993549876e-08,0
566,3.083375411472088e-08,1.1170729385518796e-06,4.445574588527911e-08,0
567,1.9913480691563182e-08,1.1170729385518796e-06,2.7651819308436824e-08,0
568,2.1563948405874108e-08,1.1170729385518796e-06,5.103451594125897e-09,0
569,2.033332322276537e-08,1.1170729385518796e-06,-6.115623222765373e-09,0
570,1.0036605502510611e-08,1.1170729385518796e-06,-3.4585855025106114e-09,0
571,2.5666926223745725e-09,1.1170729385518796e-06,-6.525262237457213e-11,0
572,4.422012013284363e-10,1.1170729385518796e-06,3.8039979867156385e-10,0
573,7.268087775659019e-11,1.1170729385518796e-06,1.841381222434098e-10,0
574,1.4688171992081847e-11,1.1170729385518796e-06,1.458498280079181e-10,0
575,6.5101885969078625e-12,1.1170729385518796e-06,1.5901381140309213e-10,0
576,5.791752713178901e-09,1.1170729385518796e-06,1.2028672868210995e-09,0
577,2.2139228949201357e-08,1.1170729385518796e-06,-1.050228949201356e-09,0
578,5.042053344855418e-08,1.1170729385518796e-06,-8.484333448554174e-09,0
579,7.368610489948182e-08,1.1170729385518796e-06,-1.6671504899481816e-08,0
580,7.278314515315795e-08,1.1170729385518796e-06,-1.8335545153157953e-08,0
581,5.0903044413723135e-08,1.1170729385518796e-06,-9.434344413723139e-09,0
582,2.4519122948665868e-08,1.1170729385518796e-06,8.464677051334134e-09,0
583,7.303931378075335e-09,1.1170729385518796e-06,2.4364868621924665e-08,0
584,1.2621643773035486e-09,1.1170729385518796e-06,2.7951435622696453e-08,0
585,1.47290627137641e-10,1.1170729385518796e-06,2.129360937286236e-08,0
586,4.7769389895452155e-11,1.1170729385518796e-06,1.2164130610104548e-08,0
587,1.5614638605043263e-10,1.1170729385518796e-06,5.986623613949568e-09,0
588,6.562732000312802e-10,1.1170729385518796e-06,4.3044967999687206e-09,0
589,2.158212993723664e-09,1.1170729385518796e-06,6.6261070062763366e-09,0
590,5.155701279895321e-09,1.1170729385518796e-06,1.552189872010468e-08,0
591,9.138885634007933e-09,1.1170729385518796e-06,3.795891436599207e-08,0
592,1.5505027201580614e-08,1.1170729385518796e-06,7.292647279841938e-08,0
593,4.4058093056615414e-08,1.1170729385518796e-06,9.447790694338457e-08,0
594,1.436963648089007e-07,1.1170729385518796e-06,7.940863519109931e-08,0
595,3.1635289437797994e-07,1.1170729385518796e-06,6.323410562202005e-08,0
596,4.151578074787233e-07,1.1170729385518796e-06,1.0611719252127665e-07,0
597,3.221647026303687e-07,1.1170729385518796e-06,1.660962973696312e-07,0
598,1.5527132994200492e-07,1.1170729385518796e-06,1.5262467005799507e-07,0
599,5.99342542012492e-08,1.1170729385518796e-06,8.775174579875079e-08,0
600,3.6832755788630066e-08,1.1170729385518796e-06,3.177124421136993e-08,0
601,3.0747951769210696e-08,1.1170729385518796e-06,4.6800482307893085e-09,0
602,1.9328119814160288e-08,1.1170729385518796e-06,-4.4751981416029073e-10,0
603,8.731956468686078e-09,1.1170729385518796e-06,4.998035313139211e-10,0
604,2.9097718841098833e-09,1.1170729385518796e-06,1.1758181158901168e-09,0
605,9.890264774976617e-10,1.1170729385518796e-06,1.9654035225023386e-09,0
606,5.465074481143646e-10,1.1170729385518796e-06,3.5289125518856355e-09,0
607,5.116730267072537e-10,1.1170729385518796e-06,3.9892369732927456e-09,0
608,9.920246988971065e-08,1.1170729385518796e-06,-1.6866669889710654e-08,0
609,2.8447710784586743e-07,1.1170729385518796e-06,-6.510710784586742e-08,0
610,4.997682204754274e-07,1.1170729385518796e-06,-1.239462204754274e-07,1
611,5.711430048483871e-07,1.1170729385518796e-06,-1.3754100484838713e-07,0
612,4.53205768920292e-07,1.1170729385518796e-06,-9.503776892029202e-08,0
613,2.6128623761048226e-07,1.1170729385518796e-06,-2.670223761048225e-08,0
614,1.0589633808748745e-07,1.1170729385518796e-06,3.3325661912512556e-08,0
615,2.910106703537256e-08,1.1170729385518796e-06,5.609623296462745e-08,0
616,6.239230196358635e-09,1.1170729385518796e-06,4.8115169803641364e-08,0
617,1.9210364507601115e-09,1.1170729385518796e-06,3.339886354923989e-08,0
618,2.313011268835003e-09,1.1170729385518796e-06,2.5748788731164997e-08,0
619,6.852106742172808e-09,1.1170729385518796e-06,2.8477093257827188e-08,0
620,2.0136979768735518e-08,1.1170729385518796e-06,4.413572023126449e-08,0
621,4.7069193783064154e-08,1.1170729385518796e-06,8.713080621693584e-08,1
622,8.434027623904312e-08,1.1170729385518796e-06,1.9006472376095688e-07,0
623,1.316578287324933e-07,1.1170729385518796e-06,3.712551712675067e-07,0
624,2.370807278761886e-07,1.1170729385518796e-06,5.614212721238114e-07,0
625,5.725750016746619e-07,1.1170729385518796e-06,5.759549983253379e-07,0
626,1.3420436282805668e-06,1.1170729385518796e-06,2.929463717194331e-07,0
627,2.1702169146830064e-06,1.1170729385518796e-06,-2.8276914683006408e-08,0
628,2.129433045542252e-06,1.1170729385518796e-06,3.163695445774788e-08,0
629,1.2414754807744286e-06,1.1170729385518796e-06,2.791045192255714e-07,0
630,4.5777249156872427e-07,1.1170729385518796e-06,3.063555084312758e-07,0
631,1.6327006199535672e-07,1.1170729385518796e-06,1.715209380046433e-07,0
632,1.245617872504542e-07,1.1170729385518796e-06,4.470921274954579e-08,0
633,1.1507651176179796e-07,1.1170729385518796e-06,-1.2612511761797962e-08,0
634,7.390445769110914e-08,1.1170729385518796e-06,-9.983657691109142e-09,0
635,3.3023841882409084e-08,1.1170729385518796e-06,3.997758117590913e-09,0
636,1.5749255331383174e-08,1.1170729385518796e-06,1.0901144668616828e-08,0
637,1.1795089119773229e-08,1.1170729385518796e-06,2.5586810880226774e-08,0
638,1.1841445379378197e-08,1.1170729385518796e-06,4.55389546206218e-08,0
639,1.383687583031101e-08,1.1170729385518796e-06,4.6153824169688983e-08,0
640,5.999392437307138e-07,1.1170729385518796e-06,-5.472724373071385e-08,0
641,1.394741835196258e-06,1.1170729385518796e-06,-1.633818351962578e-07,0
642,2.0006922388037608e-06,1.1170729385518796e-06,-2.393322388037608e-07,0
643,1.8968919742827984e-06,1.1170729385518796e-06,-1.8800197428279836e-07,0
644,1.2896164348487728e-06,1.1170729385518796e-06,-7.678643484877293e-08,0
645,6.639758099061831e-07,1.1170729385518796e-06,2.3224190093816864e-08,0
646,2.658039789179097e-07,1.1170729385518796e-06,7.900702108209031e-08,0
647,8.803833019352909e-08,1.1170729385518796e-06,8.417066980647092e-08,0
648,2.9148370604865122e-08,1.1170729385518796e-06,6.855172939513489e-08,0
649,1.7854422176127536e-08,1.1170729385518796e-06,6.356817782387247e-08,0
650,3.045575092580404e-08,1.1170729385518796e-06,9.637524907419597e-08,0
651,8.319207865733826e-08,1.1170729385518796e-06,1.8035392134266173e-07,0
652,2.1689459902227716e-07,1.1170729385518796e-06,3.2450840097772283e-07,0
653,4.492293857643448e-07,1.1170729385518796e-06,5.864706142356551e-07,1
654,7.378122339793594e-07,1.1170729385518796e-06,1.0667077660206406e-06,1
655,1.097888869514422e-06,1.1170729385518796e-06,1.7284511304855782e-06,1
656,1.7085084208171516e-06,1.1170729385518796e-06,2.2200815791828485e-06,1
657,3.0504267458143006e-06,1.1170729385518796e-06,1.8625632541856998e-06,1
658,5.289480115686842e-06,1.1170729385518796e-06,3.851998843131584e-07,0
659,6.567090121175207e-06,1.1170729385518796e-06,-8.612701211752071e-07,0
660,5.033346207402999e-06,1.1170729385518796e-06,-5.997062074029985e-07,0
661,2.348361719852102e-06,1.1170729385518796e-06,1.560882801478978e-07,0
662,8.074108087297421e-07,1.1170729385518796e-06,3.2088919127025797e-07,0
663,4.2058793965967336e-07,1.1170729385518796e-06,1.279400603403267e-07,0
664,3.7317508643798043e-07,1.1170729385518796e-06,-2.4343086437980398e-08,0
665,2.8800160180100546e-07,1.1170729385518796e-06,-3.2997601801005465e-08,0
666,1.7541221860094548e-07,1.1170729385518796e-06,1.121178139905454e-08,0
667,1.1586562564255536e-07,1.1170729385518796e-06,2.7100374357444626e-08,0
668,1.0379415232024387e-07,1.1170729385518796e-06,6.770484767975613e-08,0
669,1.1538950952579157e-07,1.1170729385518796e-06,1.8085749047420842e-07,0
670,1.4289939996718426e-07,1.1170729385518796e-06,2.717776000328158e-07,0
671,1.3991150367108249e-07,1.1170729385518796e-06,2.2693549632891752e-07,0
672,1.646239685074346e-06,1.1170729385518796e-06,5.310031492565417e-08,0
673,3.161567505694849e-06,1.1170729385518796e-06,5.413249430515078e-08,0
674,3.881083501805899e-06,1.1170729385518796e-06,7.676498194101016e-09,0
675,3.363015416553131e-06,1.1170729385518796e-06,-1.0082541655313097e-07,0
676,2.251274739083524e-06,1.1170729385518796e-06,-2.0807473908352435e-07,0
677,1.2274006798798094e-06,1.1170729385518796e-06,-1.9135067987980942e-07,0
678,5.42948932651594e-07,1.1170729385518796e-06,-7.437293265159406e-08,0
679,1.8716966228473425e-07,1.1170729385518796e-06,3.265333771526575e-08,0
680,6.459800351920975e-08,1.1170729385518796e-06,8.775199648079024e-08,0
681,5.961619331599921e-08,1.1170729385518796e-06,1.6689680668400076e-07,0
682,1.4446246603219547e-07,1.1170729385518796e-06,3.599935339678045e-07,0
683,4.3872131344019185e-07,1.1170729385518796e-06,6.60658686559808e-07,0
684,1.1396406738234123e-06,1.1170729385518796e-06,1.017879326176588e-06,1
685,2.257820748307484e-06,1.1170729385518796e-06,1.533649251692516e-06,1
686,3.5141279106179107e-06,1.1170729385518796e-06,2.4483520893820897e-06,1
687,4.623105692216851e-06,1.1170729385518796e-06,3.702154307783149e-06,1
688,5.597227749590128e-06,1.1170729385518796e-06,4.458772250409872e-06,1
689,7.266454057758121e-06,1.1170729385518796e-06,3.2256459422418797e-06,1
690,9.497240288080256e-06,1.1170729385518796e-06,1.5302971191974305e-07,0
691,9.28998130500343e-06,1.1170729385518796e-06,-1.7213713050034294e-06,0
692,5.77807249686894e-06,1.1170729385518796e-06,-1.0946924968689395e-06,0
693,2.371947002367694e-06,1.1170729385518796e-06,-9.896700236769422e-08,0
694,9.693118614504616e-07,1.1170729385518796e-06,8.903813854953844e-08,0
695,7.068028749700335e-07,1.1170729385518796e-06,-4.90418749700335e-08,0
696,6.527377199123753e-07,1.1170729385518796e-06,-1.204047199123753e-07,0
697,5.661719397949178e-07,1.1170729385518796e-06,-1.0348593979491778e-07,0
698,4.936075578093245e-07,1.1170729385518796e-06,-9.486455780932458e-08,0
699,4.818856073505026e-07,1.1170729385518796e-06,-7.463060735050266e-08,0
700,5.259840163032775e-07,1.1170729385518796e-06,1.2015198369672263e-07,0
701,6.267186684902805e-07,1.1170729385518796e-06,4.511013315097197e-07,0
702,6.892793481159884e-07,1.1170729385518796e-06,5.993506518840116e-07,0
703,5.520031435828306e-07,1.1170729385518796e-06,4.1795885641716944e-07,0
704,2.0897606470054815e-06,1.1170729385518796e-06,3.197293529945186e-07,0
705,3.517546936394471e-06,1.1170729385518796e-06,4.363130636055282e-07,0
706,4.074950508856575e-06,1.1170729385518796e-06,2.0758949114342515e-07,0
707,3.6642485563722387e-06,1.1170729385518796e-06,-3.3320855637223854e-07,0
708,2.722829227579994e-06,1.1170729385518796e-06,-7.48179227579994e-07,0
709,1.6262497295062289e-06,1.1170729385518796e-06,-6.815187295062288e-07,1
710,7.113795632500911e-07,1.1170729385518796e-06,-3.057425632500911e-07,0
711,2.1253874082926948e-07,1.1170729385518796e-06,-9.86740829269466e-10,0
712,6.489780343139306e-08,1.1170729385518796e-06,1.6010219656860693e-07,0
713,1.0673074213127206e-07,1.1170729385518796e-06,3.5304925786872796e-07,0
714,3.797638947024662e-07,1.1170729385518796e-06,6.685861052975337e-07,1
715,1.1971728993786993e-06,1.1170729385518796e-06,9.853271006213005e-07,1
716,2.8856267985784883e-06,1.1170729385518796e-06,1.1486532014215125e-06,1
717,5.286349943768062e-06,1.1170729385518796e-06,1.3809100562319395e-06,1
718,7.675763009134572e-06,1.1170729385518796e-06,2.2616769908654267e-06,1
719,9.115237847217231e-06,1.1170729385518796e-06,3.7516621527827693e-06,1
720,9.198681969347153e-06,1.1170729385518796e-06,4.573218030652848e-06,1
721,9.025276031542835e-06,1.1170729385518796e-06,3.1722239684571644e-06,1
722,8.9048510930913e-06,1.1170729385518796e-06,3.1035890690869973e-07,0
723,7.042410297179298e-06,1.1170729385518796e-06,-1.1949402971792984e-06,1
724,3.799946634869635e-06,1.1170729385518796e-06,-8.153266348696351e-07,1
725,1.5651093251102243e-06,1.1170729385518796e-06,-2.549893251102242e-07,0
726,8.814326079965124e-07,1.1170729385518796e-06,-1.9568760799651237e-07,0
727,8.80731586369255e-07,1.1170729385518796e-06,-3.28400586369255e-07,0
728,9.571061743678851e-07,1.1170729385518796e-06,-4.140571743678851e-07,0
729,9.719388302549588e-07,1.1170729385518796e-06,-4.3730583025495883e-07,0
730,9.944256171588448e-07,1.1170729385518796e-06,-4.6016361715884473e-07,0
731,1.074222195203342e-06,1.1170729385518796e-06,-3.78181195203342e-07,0
732,1.1920649746890352e-06,1.1170729385518796e-06,-2.6424974689035294e-08,0
733,1.336183311536474e-06,1.1170729385518796e-06,3.6682668846352593e-07,0
734,1.3034458541746715e-06,1.1170729385518796e-06,4.606941458253287e-07,0
735,8.952301403360657e-07,1.1170729385518796e-06,2.8682985966393433e-07,0
736,1.3396628498942649e-06,1.1170729385518796e-06,4.5392715010573515e-07,0
737,2.151501439193779e-06,1.1170729385518796e-06,5.780785608062205e-07,0
738,2.6048038486902357e-06,1.1170729385518796e-06,2.7060615130976416e-07,0
739,2.6249622818716673e-06,1.1170729385518796e-06,-3.801522818716674e-07,0
740,2.1542942136003e-06,1.1170729385518796e-06,-8.232942136002998e-07,1
741,1.3114560094219768e-06,1.1170729385518796e-06,-6.879360094219769e-07,1
742,5.406176272484739e-07,1.1170729385518796e-06,-2.6495362724847386e-07,1
743,1.4264445671247952e-07,1.1170729385518796e-06,3.427454328752048e-08,0
744,4.616801049364309e-08,1.1170729385518796e-06,1.9264698950635688e-07,0
745,1.3412180691095667e-07,1.1170729385518796e-06,3.612931930890433e-07,1
746,5.184241099048608e-07,1.1170729385518796e-06,5.520758900951391e-07,1
747,1.516862600845957e-06,1.1170729385518796e-06,6.157673991540432e-07,0
748,3.381478457647745e-06,1.1170729385518796e-06,4.6769154235225497e-07,0
749,6.038239149199097e-06,1.1170729385518796e-06,4.602808508009021e-07,0
750,8.874282281562844e-06,1.1170729385518796e-06,1.0687877184371575e-06,0
751,1.0283328069861807e-05,1.1170729385518796e-06,2.181071930138193e-06,1
752,9.099134905527527e-06,1.1170729385518796e-06,2.966965094472473e-06,1
753,6.89449537906512e-06,1.1170729385518796e-06,2.3464746209348797e-06,1
754,5.202272467658798e-06,1.1170729385518796e-06,6.977675323412025e-07,0
755,3.4475445578848015e-06,1.1170729385518796e-06,-3.1760455788480135e-07,0
756,1.7027276851738124e-06,1.1170729385518796e-06,-3.5533768517381246e-07,0
757,7.854288438580819e-07,1.1170729385518796e-06,-2.4414984385808195e-07,0
758,6.476455614027772e-07,1.1170729385518796e-06,-3.267745614027772e-07,1
759,7.614799855235e-07,1.1170729385518796e-06,-4.470549855235e-07,1
760,8.684836008915163e-07,1.1170729385518796e-06,-5.145436008915162e-07,1
761,9.581170969838385e-07,1.1170729385518796e-06,-5.596440969838385e-07,1
762,1.082293132242464e-06,1.1170729385518796e-06,-5.99236132242464e-07,1
763,1.213184249026077e-06,1.1170729385518796e-06,-4.978482490260769e-07,0
764,1.3472530558375674e-06,1.1170729385518796e-06,-2.2799305583756744e-07,0
765,1.4655651504350425e-06,1.1170729385518796e-06,-1.8575150435042667e-08,0
766,1.289508764145643e-06,1.1170729385518796e-06,7.282123585435705e-08,0
767,7.679602885465473e-07,1.1170729385518796e-06,8.416771145345268e-08,0
768,6.695879791823407e-07,1.1170729385518796e-06,3.003580208176593e-07,0
769,1.1194703430878629e-06,1.1170729385518796e-06,3.73419656912137e-07,0
770,1.4354629369871814e-06,1.1170729385518796e-06,1.8054706301281852e-07,0
771,1.5096939496321622e-06,1.1170729385518796e-06,-2.2720394963216224e-07,0
772,1.2376872800517343e-06,1.1170729385518796e-06,-4.780192800517342e-07,0
773,7.280081477244178e-07,1.1170729385518796e-06,-3.6558014772441775e-07,1
774,2.842571333029772e-07,1.1170729385518796e-06,-1.1084313330297719e-07,0
775,7.076317642292838e-08,1.1170729385518796e-06,4.901282357707162e-08,0
776,2.8471979527384513e-08,1.1170729385518796e-06,1.2316602047261548e-07,0
777,9.008314552099034e-08,1.1170729385518796e-06,1.891628544790097e-07,1
778,3.281433289802699e-07,1.1170729385518796e-06,2.4786667101973015e-07,1
779,9.707006263712395e-07,1.1170729385518796e-06,2.1337937362876036e-07,0
780,2.3358295983956713e-06,1.1170729385518796e-06,5.3220401604328754e-08,0
781,4.582401235165505e-06,1.1170729385518796e-06,-2.8161235165504403e-08,0
782,6.887712534835858e-06,1.1170729385518796e-06,3.08467465164142e-07,0
783,7.322195753412093e-06,1.1170729385518796e-06,1.1240642465879087e-06,0
784,5.493304246466403e-06,1.1170729385518796e-06,1.723425753533597e-06,1
785,3.3607584424621555e-06,1.1170729385518796e-06,1.3890315575378454e-06,1
786,2.0354510101742505e-06,1.1170729385518796e-06,5.456389898257498e-07,0
787,1.14545909570951e-06,1.1170729385518796e-06,2.5620904290489986e-08,0
788,5.31088371800082e-07,1.1170729385518796e-06,-8.419637180008195e-08,0
789,3.0251677389203404e-07,1.1170729385518796e-06,-1.2308777389203403e-07,1
790,3.123748425248929e-07,1.1170729385518796e-06,-1.8929784252489289e-07,1
791,3.7258920523670416e-07,1.1170729385518796e-06,-2.3947920523670415e-07,1
792,4.57663390662661e-07,1.1170729385518796e-06,-2.9091039066266097e-07,1
793,5.890492407197616e-07,1.1170729385518796e-06,-3.646272407197616e-07,1
794,7.356740900416008e-07,1.1170729385518796e-06,-4.114230900416008e-07,1
795,8.432946258852542e-07,1.1170729385518796e-06,-3.4216862588525413e-07,0
796,9.369387295334364e-07,1.1170729385518796e-06,-2.0406972953343644e-07,0
797,9.7271616111118e-07,1.1170729385518796e-06,-9.381616111117998e-08,0
798,8.179218803415009e-07,1.1170729385518796e-06,-2.6347880341500927e-08,0
799,4.912539118707963e-07,1.1170729385518796e-06,-6.354911870796325e-09,0
800,5.10152175524531e-07,1.1170729385518796e-06,1.0263482447546902e-07,0
801,8.82245602659303e-07,1.1170729385518796e-06,8.402639734069708e-08,0
802,1.0610587524361834e-06,1.1170729385518796e-06,-2.999875243618327e-08,0
803,9.768232054206795e-07,1.1170729385518796e-06,-1.9681020542067947e-07,0
804,6.99075389101288e-07,1.1170729385518796e-06,-2.6304938910128796e-07,0
805,3.646261690810653e-07,1.1170729385518796e-06,-1.6742616908106533e-07,0
806,1.3164166615889987e-07,1.1170729385518796e-06,-3.863156615889987e-08,0
807,3.636771837619883e-08,1.1170729385518796e-06,3.031988162380118e-08,0
808,1.4026401262044718e-08,1.1170729385518796e-06,6.160039873795528e-08,0
809,3.495932230185377e-08,1.1170729385518796e-06,8.401767769814623e-08,1
810,1.5425496427146692e-07,1.1170729385518796e-06,8.657403572853308e-08,0
811,5.488383722675222e-07,1.1170729385518796e-06,6.490627732477722e-09,0
812,1.4819067627532263e-06,1.1170729385518796e-06,-1.918967627532263e-07,0
813,2.889924145504175e-06,1.1170729385518796e-06,-3.2246414550417534e-07,0
814,3.834799384402349e-06,1.1170729385518796e-06,-4.098938440234884e-08,0
815,3.392823726161628e-06,1.1170729385518796e-06,5.280962738383716e-07,0
816,2.063633062090744e-06,1.1170729385518796e-06,8.25476937909256e-07,1
817,9.866096040188415e-07,1.1170729385518796e-06,6.551503959811583e-07,1
818,4.768213517882292e-07,1.1170729385518796e-06,3.105646482117708e-07,0
819,2.4149341336544534e-07,1.1170729385518796e-06,9.389058663455469e-08,0
820,1.2105246687761419e-07,1.1170729385518796e-06,1.642253312238582e-08,0
821,9.458422407292492e-08,1.1170729385518796e-06,-2.595962407292492e-08,0
822,1.1076056022172964e-07,1.1170729385518796e-06,-5.920626022172964e-08,1
823,1.3228300281987096e-07,1.1170729385518796e-06,-7.958610281987096e-08,1
824,1.7182910612145855e-07,1.1170729385518796e-06,-1.0475130612145855e-07,1
825,2.4835536718071195e-07,1.1170729385518796e-06,-1.4440036718071194e-07,1
826,3.285044314961325e-07,1.1170729385518796e-06,-1.594934314961325e-07,0
827,3.811701459229442e-07,1.1170729385518796e-06,-1.1454214592294422e-07,0
828,4.4238047977560844e-07,1.1170729385518796e-06,-5.7558479775608464e-08,0
829,5.051659419589793e-07,1.1170729385518796e-06,-3.7121941958979314e-08,0
830,4.832651896068463e-07,1.1170729385518796e-06,-3.7833189606846315e-08,0
831,3.1658348317906883e-07,1.1170729385518796e-06,-2.011448317906885e-08,0
832,5.869588586779221e-07,1.1170729385518796e-06,-6.8432858677922e-08,0
833,9.212230922679196e-07,1.1170729385518796e-06,-1.2625109226791949e-07,0
834,9.1851901283041e-07,1.1170729385518796e-06,-1.2549101283041004e-07,0
835,6.608345672282856e-07,1.1170729385518796e-06,-1.209365672282855e-07,0
836,3.8304911744906093e-07,1.1170729385518796e-06,-1.1992711744906094e-07,0
837,1.849931066983245e-07,1.1170729385518796e-06,-8.30111066983245e-08,1
838,7.87563243358224e-08,1.1170729385518796e-06,-3.56845243358224e-08,0
839,2.839667859943379e-08,1.1170729385518796e-06,1.7838214005662123e-09,0
840,8.698197946131781e-09,1.1170729385518796e-06,2.6408902053868215e-08,0
841,1.794946306639431e-08,1.1170729385518796e-06,4.03508369336057e-08,0
842,9.951915836029364e-08,1.1170729385518796e-06,2.160284163970635e-08,0
843,4.13244849026439e-07,1.1170729385518796e-06,-1.2335784902643896e-07,0
844,1.1296098774097578e-06,1.1170729385518796e-06,-4.638498774097579e-07,1
845,1.9041600313780739e-06,1.1170729385518796e-06,-7.09180031378074e-07,1
846,1.9740790921145517e-06,1.1170729385518796e-06,-4.674090921145518e-07,1
847,1.3039639635448651e-06,1.1170729385518796e-06,1.2896036455134874e-08,0
848,5.835197108687219e-07,1.1170729385518796e-06,2.654702891312781e-07,1
849,2.1183401358190587e-07,1.1170729385518796e-06,2.401189864180942e-07,0
850,9.06104020934277e-08,1.1170729385518796e-06,1.323185979065723e-07,0
851,4.617122273049423e-08,1.1170729385518796e-06,6.498677726950576e-08,0
852,2.7856845389384013e-08,1.1170729385518796e-06,3.099575461061598e-08,0
853,3.232165782094562e-08,1.1170729385518796e-06,2.5129421790543795e-09,0
854,3.9494572389718966e-08,1.1170729385518796e-06,-1.4093472389718966e-08,0
855,4.033074431911604e-08,1.1170729385518796e-06,-1.7006844319116038e-08,0
856,5.3553114259977414e-08,1.1170729385518796e-06,-2.2954614259977413e-08,0
857,9.020724693398416e-08,1.1170729385518796e-06,-4.0742546933984165e-08,0
858,1.2171670444094268e-07,1.1170729385518796e-06,-4.277380444094268e-08,0
859,1.5712311264097527e-07,1.1170729385518796e-06,-2.7413112640975287e-08,0
860,2.488302704007172e-07,1.1170729385518796e-06,-4.202327040071721e-08,0
861,3.7843015116358827e-07,1.1170729385518796e-06,-8.993815116358825e-08,0
862,4.2345128790877927e-07,1.1170729385518796e-06,-1.0853528790877931e-07,0
863,3.0857006217078464e-07,1.1170729385518796e-06,-7.558206217078464e-08,0
864,6.453376178060314e-07,1.1170729385518796e-06,-1.6718061780603142e-07,0
865,9.047265234318508e-07,1.1170729385518796e-06,-2.1364352343185082e-07,0
866,7.989142449578145e-07,1.1170729385518796e-06,-1.634492449578145e-07,0
867,5.262356952226839e-07,1.1170729385518796e-06,-1.3085569522268395e-07,0
868,2.9407739375042176e-07,1.1170729385518796e-06,-1.1349539375042177e-07,0
869,1.4337922251284876e-07,1.1170729385518796e-06,-7.341822251284876e-08,1
870,6.30577771890265e-08,1.1170729385518796e-06,-3.39731771890265e-08,1
871,2.4320167870148667e-08,1.1170729385518796e-06,-6.608167870148667e-09,0
872,9.083073184783006e-09,1.1170729385518796e-06,1.1699226815216994e-08,0
873,2.3110315681157298e-08,1.1170729385518796e-06,1.4206184318842704e-08,0
874,1.7465420046679195e-07,1.1170729385518796e-06,-9.091000046679197e-08,1
875,7.775878888209039e-07,1.1170729385518796e-06,-5.704308888209039e-07,1
876,1.8787011773230103e-06,1.1170729385518796e-06,-1.4521031773230103e-06,1
877,2.4921179364213693e-06,1.1170729385518796e-06,-1.8779989364213693e-06,1
878,1.8564405265032318e-06,1.1170729385518796e-06,-1.2582045265032318e-06,1
879,8.066733237650875e-07,1.1170729385518796e-06,-3.840103237650875e-07,1
880,2.2505157616459652e-07,1.1170729385518796e-06,2.607042383540347e-08,0
881,5.930685669224297e-08,1.1170729385518796e-06,8.579314330775703e-08,0
882,2.6840531547421546e-08,1.1170729385518796e-06,5.879936845257844e-08,0
883,1.3024557891404404e-08,1.1170729385518796e-06,3.886864210859559e-08,0
884,6.58335148860917e-09,1.1170729385518796e-06,2.447434851139083e-08,0
885,6.912216458314584e-09,1.1170729385518796e-06,1.1695383541685414e-08,0
886,8.881446733171908e-09,1.1170729385518796e-06,5.36895326682809e-09,0
887,1.369355901016366e-08,1.1170729385518796e-06,4.854840989836341e-09,0
888,2.3058848811606323e-08,1.1170729385518796e-06,6.386851188393678e-09,0
889,3.274720863956877e-08,1.1170729385518796e-06,7.437791360431233e-09,0
890,5.4096736833018694e-08,1.1170729385518796e-06,1.601363166981298e-09,0
891,1.4106493846965067e-07,1.1170729385518796e-06,-4.206583846965066e-08,0
892,3.169762019689981e-07,1.1170729385518796e-06,-1.3165920196899806e-07,1
893,4.985682424026974e-07,1.1170729385518796e-06,-2.103592424026974e-07,1
894,5.556252692071198e-07,1.1170729385518796e-06,-2.256192692071198e-07,1
895,4.194431975325639e-07,1.1170729385518796e-06,-1.6751919753256392e-07,1
896,6.981369030064653e-07,1.1170729385518796e-06,-2.5103990300646527e-07,0
897,1.0215213800635064e-06,1.1170729385518796e-06,-3.913543800635065e-07,0
898,9.73238350210492e-07,1.1170729385518796e-06,-3.99063350210492e-07,0
899,6.786922381287985e-07,1.1170729385518796e-06,-3.123842381287985e-07,1
900,3.7363525538954293e-07,1.1170729385518796e-06,-1.9621025538954294e-07,1
901,1.7986006321771594e-07,1.1170729385518796e-06,-1.0727536321771594e-07,1
902,8.536990129415938e-08,1.1170729385518796e-06,-5.647830129415938e-08,1
903,3.926394837919805e-08,1.1170729385518796e-06,-2.3941148379198052e-08,1
904,1.8719577072543123e-08,1.1170729385518796e-06,-3.481377072543122e-09,0
905,6.474940511892272e-08,1.1170729385518796e-06,-3.7500905118922717e-08,1
906,4.2315276623356473e-07,1.1170729385518796e-06,-3.4462606623356474e-07,1
907,1.5309831077607746e-06,1.1170729385518796e-06,-1.3165421077607745e-06,1
908,2.997754061035902e-06,1.1170729385518796e-06,-2.605221061035902e-06,1
909,3.230747854850898e-06,1.1170729385518796e-06,-2.787350854850898e-06,1
910,1.9354166911982157e-06,1.1170729385518796e-06,-1.6143316911982157e-06,1
911,6.529504326426565e-07,1.1170729385518796e-06,-4.744364326426565e-07,1
912,1.3557148176608512e-07,1.1170729385518796e-06,-2.9061481766085128e-08,0
913,3.375242013972261e-08,1.1170729385518796e-06,4.3284179860277386e-08,0
914,1.830327972717293e-08,1.1170729385518796e-06,3.887202027282707e-08,0
915,7.242251515626083e-09,1.1170729385518796e-06,3.1596948484373916e-08,0
916,2.0713931149914306e-09,1.1170729385518796e-06,1.9543806885008568e-08,0
917,4.10067113351048e-09,1.1170729385518796e-06,8.532528866489522e-09,0
918,1.2852313687686464e-08,1.1170729385518796e-06,3.4534863123135354e-09,0
919,2.0754130747268216e-08,1.1170729385518796e-06,1.338286925273178e-08,0
920,2.0992548450328954e-08,1.1170729385518796e-06,4.3745251549671056e-08,0
921,3.3637785916728e-08,1.1170729385518796e-06,6.2211614083272e-08,0
922,1.0670274289476316e-07,1.1170729385518796e-06,2.3075257105236848e-08,0
923,2.857894707868316e-07,1.1170729385518796e-06,-7.951947078683164e-08,0
924,5.285580647578984e-07,1.1170729385518796e-06,-1.7753906475789843e-07,1
925,7.458749858476141e-07,1.1170729385518796e-06,-2.3797998584761413e-07,1
926,8.077230200262806e-07,1.1170729385518796e-06,-2.593210200262805e-07,0
927,5.861281468845171e-07,1.1170729385518796e-06,-1.8330014688451713e-07,0
928,1.0412264535313878e-06,1.1170729385518796e-06,-5.214044535313879e-07,0
929,1.5435508697669232e-06,1.1170729385518796e-06,-8.054258697669232e-07,1
930,1.4315871582914441e-06,1.1170729385518796e-06,-7.565081582914441e-07,1
931,9.29188147461752e-07,1.1170729385518796e-06,-4.98099147461752e-07,1
932,4.877873732468592e-07,1.1170729385518796e-06,-2.789703732468593e-07,1
933,2.2482210660565165e-07,1.1170729385518796e-06,-1.4265290660565167e-07,1
934,8.860443971016592e-08,1.1170729385518796e-06,-5.930193971016592e-08,1
935,3.04206728688524e-08,1.1170729385518796e-06,-1.41779728688524e-08,0
936,1.8825832893640666e-08,1.1170729385518796e-06,4.409167106359337e-09,0
937,1.03352874962026e-07,1.1170729385518796e-06,-5.1146674962026004e-08,0
938,5.383121682075144e-07,1.1170729385518796e-06,-4.1443616820751436e-07,1
939,1.5809163426671896e-06,1.1170729385518796e-06,-1.3311803426671895e-06,1
940,2.5980737156823564e-06,1.1170729385518796e-06,-2.240280715682356e-06,1
941,2.4123217345173402e-06,1.1170729385518796e-06,-2.0772747345173402e-06,1
942,1.2794177134142764e-06,1.1170729385518796e-06,-1.0674677134142764e-06,1
943,4.014541887420586e-07,1.1170729385518796e-06,-2.899751887420586e-07,1
944,8.67754964741172e-08,1.1170729385518796e-06,-1.8121696474117194e-08,0
945,2.305125503966251e-08,1.1170729385518796e-06,2.9621244960337487e-08,0
946,1.0633753709425417e-08,1.1170729385518796e-06,2.948064629057459e-08,0
947,5.224100570157648e-09,1.1170729385518796e-06,1.9807699429842355e-08,0
948,4.206030604497699e-09,1.1170729385518796e-06,8.9731693955023e-09,0
949,9.568917393244262e-09,1.1170729385518796e-06,1.7827826067557383e-09,0
950,1.8430625058089924e-08,1.1170729385518796e-06,6.271074941910075e-09,0
951,2.5445449964397394e-08,1.1170729385518796e-06,4.17874500356026e-08,0
952,4.911940692129765e-08,1.1170729385518796e-06,1.0149559307870236e-07,0
953,1.3298624552948976e-07,1.1170729385518796e-06,1.2622175447051024e-07,0
954,3.3850590190525337e-07,1.1170729385518796e-06,5.6301098094746624e-08,0
955,7.161847698332447e-07,1.1170729385518796e-06,-7.049376983324458e-08,0
956,1.243379681151973e-06,1.1170729385518796e-06,-1.85609681151973e-07,0
957,1.7288491342100589e-06,1.1170729385518796e-06,-3.129491342100588e-07,0
958,1.7465093264704936e-06,1.1170729385518796e-06,-3.684393264704934e-07,0
959,1.1766087979900438e-06,1.1170729385518796e-06,-2.6459279799004376e-07,0
960,1.3578493445969306e-06,1.1170729385518796e-06,-6.260453445969306e-07,0
961,1.8285806518044773e-06,1.1170729385518796e-06,-8.489906518044773e-07,0
962,1.5197537265780325e-06,1.1170729385518796e-06,-6.906897265780324e-07,0
963,9.073702037323021e-07,1.1170729385518796e-06,-4.120832037323021e-07,0
964,4.6278067066936436e-07,1.1170729385518796e-06,-2.3346267066936437e-07,1
965,2.0374394593553372e-07,1.1170729385518796e-06,-1.1735554593553372e-07,1
966,6.651893232018731e-08,1.1170729385518796e-06,-3.3366432320187316e-08,1
967,1.7171859158339936e-08,1.1170729385518796e-06,1.5422340841660062e-08,0
968,2.092202229832677e-08,1.1170729385518796e-06,4.670307770167323e-08,0
969,8.739781940688508e-08,1.1170729385518796e-06,4.468118059311492e-08,0
970,3.287955041008338e-07,1.1170729385518796e-06,-1.1427250410083377e-07,0
971,8.043090412449033e-07,1.1170729385518796e-06,-5.073320412449033e-07,1
972,1.161818969451458e-06,1.1170729385518796e-06,-8.303759694514579e-07,1
973,9.84664538573674e-07,1.1170729385518796e-06,-7.02986538573674e-07,1
974,5.096691031216806e-07,1.1170729385518796e-06,-3.1979910312168064e-07,1
975,1.823822745841832e-07,1.1170729385518796e-06,-6.439927458418321e-08,0
976,5.669530352445122e-08,1.1170729385518796e-06,1.943389647554878e-08,0
977,2.319252874001417e-08,1.1170729385518796e-06,2.6587571259985836e-08,0
978,1.846161561910352e-08,1.1170729385518796e-06,1.3702384380896481e-08,0
979,1.6274490375532955e-08,1.1170729385518796e-06,5.885209624467046e-09,0
980,1.9252580187737854e-08,1.1170729385518796e-06,-7.013801877378543e-10,0
981,2.7797008836731518e-08,1.1170729385518796e-06,-6.915808836731517e-09,0
982,3.5469485881649844e-08,1.1170729385518796e-06,5.185514118350158e-09,0
983,5.425605042931749e-08,1.1170729385518796e-06,5.5892949570682516e-08,0
984,1.3196110650351062e-07,1.1170729385518796e-06,1.3224489349648938e-07,0
985,3.679368620099126e-07,1.1170729385518796e-06,1.462831379900874e-07,0
986,8.926501749660984e-07,1.1170729385518796e-06,3.631682503390156e-08,0
987,1.8498934718996612e-06,1.1170729385518796e-06,-1.520534718996611e-07,0
988,3.172715983653482e-06,1.1170729385518796e-06,-4.073459836534816e-07,0
989,4.0887750937743074e-06,1.1170729385518796e-06,-6.324050937743082e-07,0
990,3.691073811291214e-06,1.1170729385518796e-06,-6.292138112912142e-07,0
991,2.2233645960537363e-06,1.1170729385518796e-06,-4.1312459605373617e-07,0
992,1.019346812186332e-06,1.1170729385518796e-06,-3.729118121863319e-07,0
993,1.1467986607188343e-06,1.1170729385518796e-06,-4.1111666071883424e-07,0
994,8.004628176124248e-07,1.1170729385518796e-06,-2.606608176124248e-07,0
995,4.1961305428831524e-07,1.1170729385518796e-06,-1.3136305428831524e-07,0
996,1.9818794777498133e-07,1.1170729385518796e-06,-7.647994777498133e-08,0
997,7.958376359869962e-08,1.1170729385518796e-06,-3.521736359869962e-08,0
998,2.2104756378674447e-08,1.1170729385518796e-06,3.1899436213255526e-09,0
999,8.119767620375021e-09,1.1170729385518796e-06,3.527623237962498e-08,0
1000,1.527661346031271e-08,1.1170729385518796e-06,7.262428653968729e-08,0
1001,3.7908819942243266e-08,1.1170729385518796e-06,1.0528018005775673e-07,0
1002,1.0526594916600314e-07,1.1170729385518796e-06,8.851205083399686e-08,0
1003,2.1974681441345425e-07,1.1170729385518796e-06,8.389185586545745e-09,0
1004,2.8619911982784896e-07,1.1170729385518796e-06,-6.097011982784895e-08,0
1005,2.3711591303684693e-07,1.1170729385518796e-06,-5.6408913036846953e-08,0
1006,1.3695511923904168e-07,1.1170729385518796e-06,-1.4726119239041675e-08,0
1007,6.176823322461048e-08,1.1170729385518796e-06,1.587756677538953e-08,0
1008,2.561502309155133e-08,1.1170729385518796e-06,2.2453676908448672e-08,0
1009,1.7872171171549365e-08,1.1170729385518796e-06,1.2113928828450635e-08,0
1010,1.8331095407039388e-08,1.1170729385518796e-06,2.6868045929606137e-09,0
1011,2.0624213224986058e-08,1.1170729385518796e-06,-3.2506132249860587e-09,0
1012,2.627653177838509e-08,1.1170729385518796e-06,-1.011453177838509e-08,0
1013,3.017424558071292e-08,1.1170729385518796e-06,-1.0746145580712923e-08,0
1014,4.0333976083701534e-08,1.1170729385518796e-06,8.419239162984648e-10,0
1015,6.788018587956908e-08,1.1170729385518796e-06,3.974281412043092e-08,0
1016,1.6687536126661953e-07,1.1170729385518796e-06,8.115863873338045e-08,0
1017,4.7398096584566887e-07,1.1170729385518796e-06,4.448703415433119e-08,0
1018,1.1447064107274368e-06,1.1170729385518796e-06,-8.458641072743681e-08,0
1019,2.278923181744428e-06,1.1170729385518796e-06,-2.850331817444278e-07,0
1020,3.5350426295839225e-06,1.1170729385518796e-06,-5.096926295839223e-07,0
1021,3.98578198263658e-06,1.1170729385518796e-06,-6.065419826365796e-07,0
1022,3.121874999372165e-06,1.1170729385518796e-06,-5.094049993721649e-07,0
1023,1.5887816995459836e-06,1.1170729385518796e-06,-2.8351169954598335e-07,0
