,N235S,diff,True
0,1.2977467882374491e-06,1.2637321176255082e-07,0
1,1.7787026820794758e-06,2.2846731792052421e-07,0
2,1.1815993047278296e-06,4.772906952721704e-07,0
3,4.098771670807901e-07,5.0019283291921e-07,0
4,8.76252331817211e-08,2.954507668182789e-07,0
5,1.90244855746086e-08,1.231065144253914e-07,0
6,1.622016040921845e-08,5.6042939590781563e-08,0
7,2.9119875329244822e-08,6.878162467075519e-08,0
8,6.070702498382993e-08,1.2429197501617007e-07,0
9,1.8496090325980851e-07,1.3309009674019148e-07,0
10,4.84505161281908e-07,8.12183871809208e-09,0
11,8.536906803945537e-07,-1.7626468039455377e-07,0
12,9.824193771097295e-07,-1.8708337710972944e-07,0
13,7.703445616922937e-07,2.2439438307706325e-08,0
14,4.711733698305479e-07,2.1718763016945215e-07,0
15,2.800858106162289e-07,2.568601893837711e-07,0
16,1.7974517674833678e-07,2.054838232516632e-07,0
17,1.3183525096941277e-07,1.2522274903058723e-07,0
18,1.0270885714548064e-07,5.479514285451936e-08,0
19,7.927955657993977e-08,2.089244342006024e-08,0
20,7.384175459909967e-08,2.1127445400900324e-08,0
21,1.243888791348116e-07,1.0717120865188398e-08,0
22,2.719654225820607e-07,-5.771442258206069e-08,0
23,5.410054359588014e-07,-1.9383243595880135e-07,0
24,1.0214964879801191e-06,-3.7627348798011915e-07,0
25,2.026599020138517e-06,-5.900890201385168e-07,0
26,4.34955461525685e-06,-1.0161846152568503e-06,0
27,8.489628212430822e-06,-1.5150182124308224e-06,0
28,1.3096222886155807e-05,-1.205322886155807e-06,0
29,1.5423646412046338e-05,-5.36464120463378e-08,0
30,1.3409404116824393e-05,8.958958831756066e-07,0
31,8.047055053346162e-06,1.0799849466538383e-06,0
32,4.103571332545774e-06,-2.8195133254577474e-07,0
33,4.7534392492166495e-06,-6.896924921665011e-08,0
34,2.7218926882409185e-06,7.190773117590813e-07,0
35,8.355351305171092e-07,8.876448694828905e-07,0
36,1.8359717731266856e-07,5.151378226873316e-07,0
37,8.658688938409617e-08,2.0134911061590385e-07,0
38,1.1340785665861018e-07,7.629914334138984e-08,0
39,1.4971103301544098e-07,1.0808996698455904e-07,0
40,2.70680203519177e-07,1.8614279648082294e-07,0
41,7.142052947139448e-07,7.09637052860553e-08,0
42,1.5354272394599831e-06,-3.3876723945998325e-07,0
43,2.3183459377922142e-06,-7.306459377922142e-07,0
44,2.4903241662438048e-06,-6.202141662438048e-07,0
45,2.0159430947149812e-06,-2.5383094714981444e-08,0
46,1.3827074930733923e-06,5.368325069266079e-07,0
47,9.479942817499832e-07,7.270657182500166e-07,0
48,7.138934074686995e-07,6.019465925313005e-07,0
49,5.629537160409847e-07,3.494032839590152e-07,0
50,4.674597681344036e-07,1.0894523186559641e-07,0
51,4.00880122926454e-07,-7.612292645398504e-11,0
52,4.0700629734285284e-07,-1.5765297342852866e-08,0
53,6.815885973991014e-07,-1.5699259739910136e-07,0
54,1.2544455670859266e-06,-4.890995670859266e-07,0
55,2.1117100826494405e-06,-9.360200826494405e-07,1
56,3.6524257469911962e-06,-1.4568157469911966e-06,1
57,7.300465602785608e-06,-2.330815602785608e-06,1
58,1.556891356211267e-05,-4.1060135621126715e-06,1
59,2.9056230140747853e-05,-6.120130140747851e-06,1
60,4.2408241341363396e-05,-6.327241341363393e-06,1
61,4.627316621461958e-05,-4.082366214619582e-06,0
62,3.670844040011823e-05,-1.415440400118228e-06,0
63,2.006151782153637e-05,1.5628217846362945e-07,0
64,5.742877457315588e-06,-6.909374573155878e-07,0
65,5.962733364229613e-06,-2.696733642296125e-07,0
66,3.1703623282520295e-06,7.153476717479703e-07,0
67,1.0241767450039295e-06,8.253032549960702e-07,0
68,3.370528018142298e-07,4.3359719818577017e-07,0
69,2.299067430681555e-07,1.490682569318445e-07,0
70,2.438562690458136e-07,3.544373095418641e-08,0
71,2.869546049137148e-07,4.532639508628518e-08,0
72,5.07985253014297e-07,4.8792746985702945e-08,0
73,1.1205915517061844e-06,-1.5939255170618438e-07,0
74,2.1040402728290518e-06,-6.289802728290518e-07,0
75,3.0780954763657297e-06,-1.0247454763657297e-06,0
76,3.5455824547863715e-06,-8.467424547863713e-07,0
77,3.3479571630382593e-06,-2.3517163038259175e-08,0
78,2.8126219446801966e-06,9.208180553198033e-07,0
79,2.411365311122928e-06,1.3339946888770718e-06,0
80,2.1116221749544096e-06,1.1528978250455903e-06,0
81,1.7689010207981606e-06,6.496589792018391e-07,0
82,1.4145571817793762e-06,1.838828182206237e-07,0
83,1.0633138488991309e-06,4.3326151100869096e-08,0
84,1.0176515309414449e-06,-1.6615309414450603e-09,0
85,1.5548858572934425e-06,-2.928658572934424e-07,0
86,2.5429245610682474e-06,-8.326245610682475e-07,0
87,3.928481541629758e-06,-1.4397915416297583e-06,1
88,6.827417664198112e-06,-2.226457664198112e-06,1
89,1.4373358066372227e-05,-3.846958066372225e-06,1
90,3.0713493426587514e-05,-7.092093426587517e-06,1
91,5.5227083169762234e-05,-1.1264283169762235e-05,1
92,7.565846509308668e-05,-1.2872965093086686e-05,1
93,7.574923055586383e-05,-9.599030555863816e-06,1
94,5.4480116625034005e-05,-4.5092166250340054e-06,0
95,2.6759290101764045e-05,-7.61190101764044e-07,0
96,4.638698860099491e-06,-2.2127886009949066e-07,0
97,4.6154131732442235e-06,1.34516826755777e-07,0
98,2.539586645379152e-06,5.721833546208482e-07,0
99,1.0137394486549035e-06,4.3889055134509654e-07,0
100,4.734637402727091e-07,1.819482597272909e-07,0
101,3.144723888193343e-07,7.524561118066572e-08,0
102,2.765085211265203e-07,1.5426478873479707e-08,0
103,3.355587508950461e-07,-4.995675089504613e-08,0
104,5.554275452951418e-07,-1.2910154529514186e-07,0
105,1.0575422981060171e-06,-2.995822981060171e-07,0
106,1.9355820897691227e-06,-6.086120897691228e-07,0
107,3.119514879596723e-06,-9.01134879596723e-07,0
108,4.28475871563906e-06,-8.208587156390604e-07,0
109,4.9766390396812345e-06,-3.415903968123365e-08,0
110,5.372487435781884e-06,9.70492564218116e-07,0
111,5.730301399104603e-06,1.344238600895396e-06,0
112,5.600179107203432e-06,9.521208927965681e-07,0
113,4.7582900349260856e-06,2.106399650739148e-07,0
114,3.472675935630355e-06,-2.1248593563035513e-07,0
115,2.3034825758033765e-06,-1.1136257580337622e-07,0
116,1.9035653885697837e-06,6.168461143021624e-08,0
117,2.57516090801454e-06,-1.4196090801454032e-07,0
118,3.930500146729751e-06,-6.475801467297516e-07,0
119,5.787815580733408e-06,-1.1515355807334075e-06,1
120,1.0085508899219324e-05,-1.7867688992193251e-06,1
121,2.154169824363286e-05,-3.3627982436328614e-06,1
122,4.464262375970554e-05,-6.983423759705539e-06,1
123,7.522319325419637e-05,-1.2093493254196366e-05,1
124,9.546555399160256e-05,-1.488795399160256e-05,1
125,8.808767666618394e-05,-1.1945176666183942e-05,1
126,5.766668168151279e-05,-5.526681681512793e-06,1
127,2.544933117615017e-05,-5.039311761501696e-07,0
128,3.056755372322109e-06,1.718546276778909e-07,0
129,3.15802926324884e-06,2.3925073675115983e-07,0
130,1.9747936513976346e-06,2.3349634860236563e-07,0
131,1.0518053182493087e-06,4.108468175069135e-08,0
132,6.391450944638952e-07,-4.3440094463895217e-08,0
133,4.5204309104304686e-07,-4.216009104304681e-08,0
134,3.5484608893560636e-07,-6.282408893560637e-08,0
135,3.126190789656845e-07,-8.390107896568452e-08,0
136,3.8478789956470776e-07,-9.367689956470776e-08,0
137,7.488877506788899e-07,-1.6078075067888987e-07,0
138,1.674515849539464e-06,-3.582858495394641e-07,0
139,3.341169460939938e-06,-6.471894609399383e-07,0
140,5.460321599506694e-06,-6.450515995066945e-07,0
141,7.669958744954962e-06,-8.149874495496155e-08,0
142,9.87898045830709e-06,5.304195416929107e-07,0
143,1.1198554711001874e-05,6.214452889981263e-07,0
144,1.0702338265129955e-05,-3.743826512995524e-08,0
145,8.624505330956043e-06,-9.610153309560428e-07,0
146,5.863345527095748e-06,-1.146615527095748e-06,1
147,3.5809551999340723e-06,-5.45215199934072e-07,0
148,2.7077070855134744e-06,9.989291448652557e-08,0
149,3.50590365099996e-06,2.4284634900003973e-07,0
150,5.243873687330545e-06,-3.103687330544816e-09,0
151,7.548056851737256e-06,-8.468685173725585e-08,0
152,1.304171542841824e-05,9.498457158176084e-08,0
153,2.704412993173129e-05,-2.1402993173128614e-07,0
154,5.210567712164968e-05,-2.1126771216496807e-06,0
155,8.046567616647398e-05,-6.042376166473981e-06,0
156,9.434069910307237e-05,-9.808799103072367e-06,1
157,8.148543687989613e-05,-9.386436879896132e-06,1
158,5.025095786561484e-05,-4.74535786561483e-06,1
159,2.104456594281577e-05,-5.694659428157712e-07,0
160,2.4292587524619235e-06,-3.0838752461923227e-08,0
161,2.762261009644297e-06,-1.506610096442969e-07,0
162,2.0224291033172847e-06,-1.745491033172849e-07,0
163,1.280377419084178e-06,-1.8480741908417796e-07,0
164,8.914303966901422e-07,-1.6300839669014215e-07,0
165,6.619710204991887e-07,-1.2754002049918866e-07,0
166,4.6325804423429596e-07,-9.769104423429598e-08,0
167,3.0944938140480534e-07,-5.741338140480532e-08,0
168,2.590008739538916e-07,2.949712604610834e-08,0
169,5.415403790017227e-07,1.290876209982772e-07,0
170,1.5951810614338878e-06,1.8139893856611218e-07,0
171,3.897215875711177e-06,1.5545412428882263e-07,0
172,7.497366328341722e-06,2.4731367165827873e-07,0
173,1.1931125989541592e-05,5.873740104584066e-07,0
174,1.5856221096063592e-05,9.14078903936409e-07,0
175,1.713981376111682e-05,7.181862388831805e-07,0
176,1.5213916823550589e-05,-4.760168235505891e-07,0
177,1.1330109936759752e-05,-1.735029936759751e-06,1
178,7.2755456415867125e-06,-1.9015056415867126e-06,1
179,4.371452317484644e-06,-1.1530023174846435e-06,1
180,3.204742180871848e-06,-2.3514218087184825e-07,0
181,3.6987301078503198e-06,3.9283989214967977e-07,0
182,5.091629028672219e-06,8.795709713277804e-07,0
183,7.466568170524552e-06,1.7612118294754487e-06,1
184,1.3719224654761674e-05,3.1124753452383264e-06,1
185,2.802977725567253e-05,4.3445227443274706e-06,1
186,5.0340422743517624e-05,4.506977256482376e-06,0
187,7.189751212028004e-05,2.204287879719962e-06,0
188,7.952906723618643e-05,-2.64396723618643e-06,0
189,6.659307069417932e-05,-5.799770694179316e-06,0
190,4.073502766090173e-05,-4.3653276609017304e-06,1
191,1.7198748774412984e-05,-1.2987487744129837e-06,0
192,2.53618391760143e-06,-2.827339176014302e-07,0
193,3.237176573743342e-06,-5.172765737433419e-07,0
194,2.598107031665533e-06,-3.9195703166553316e-07,0
195,1.6854749211813978e-06,-1.8265492118139763e-07,0
196,1.1775968408194113e-06,-1.2982684081941138e-07,0
197,8.937704622034555e-07,-1.5804046220345555e-07,0
198,6.436741346975256e-07,-1.619911346975255e-07,0
199,3.856729435899544e-07,-5.0704943589954406e-08,0
200,2.749584242443137e-07,1.5361357575568628e-07,0
201,6.123310263095878e-07,4.922389736904122e-07,1
202,1.9814540441672083e-06,1.0582659558327917e-06,1
203,5.288831648584845e-06,1.751378351415156e-06,1
204,1.1033579764819895e-05,2.322220235180105e-06,1
205,1.8228506040025566e-05,2.506293959974434e-06,0
206,2.356724136383081e-05,2.362058636169188e-06,0
207,2.35646274038406e-05,1.8143725961594006e-06,0
208,1.8807583898934386e-05,3.804161010656142e-07,0
209,1.2679322029285372e-05,-1.1318220292853714e-06,0
210,7.737088714124187e-06,-1.647838714124188e-06,1
211,4.656130290993586e-06,-1.224900290993586e-06,0
212,3.2202941796090307e-06,-4.164441796090309e-07,0
213,3.071743166060118e-06,4.643468339398825e-07,0
214,3.945661320145334e-06,1.4950386798546659e-06,0
215,6.450761647748028e-06,3.0511983522519725e-06,1
216,1.3120551010985525e-05,4.9941489890144765e-06,1
217,2.687971149286244e-05,6.656088507137558e-06,1
218,4.6639516907203833e-05,7.286583092796165e-06,1
219,6.436267612056148e-05,5.220623879438515e-06,0
220,6.887499458259828e-05,4.1640541740172105e-07,0
221,5.632421874859918e-05,-3.200518748599181e-06,0
222,3.465830206269919e-05,-3.1017020626991913e-06,0
223,1.5224137931351714e-05,-1.0459379313517153e-06,0
224,3.805651398075792e-06,-7.16251398075792e-07,1
225,4.8989473139055915e-06,-9.37577313905592e-07,0
226,3.6314641177695566e-06,-3.0483411776955655e-07,0
227,2.0310545419317084e-06,2.0389545806829172e-07,0
228,1.2850787839463984e-06,1.6474121605360162e-07,0
229,9.721706316716313e-07,-3.942063167163125e-08,0
230,6.755763109577109e-07,-8.776431095771088e-08,0
231,4.029362978204072e-07,5.200770217959277e-08,0
232,3.667666807059272e-07,3.622323192940728e-07,0
233,9.486255593279337e-07,1.0485744406720665e-06,1
234,3.1941888122138736e-06,2.2770211877861265e-06,1
235,8.812291608524825e-06,3.7085083914751743e-06,1
236,1.85249791665566e-05,4.485320833443402e-06,1
237,2.955379832818603e-05,4.263901671813971e-06,1
238,3.5504936596684775e-05,4.045063403315224e-06,1
239,3.2557180612527714e-05,3.7122193874722877e-06,1
240,2.383743261847172e-05,2.152667381528285e-06,0
241,1.4756459950752304e-05,3.9414004924769623e-07,0
242,8.46530363353935e-06,-3.739236335393495e-07,0
243,5.208309359639519e-06,-3.8439935963951917e-07,0
244,3.9643740576176834e-06,-1.304440576176832e-07,0
245,3.980542406622885e-06,1.672675933771149e-07,0
246,4.6599998823670165e-06,1.0131501176329844e-06,0
247,6.715725544134859e-06,2.8130644558651397e-06,1
248,1.319940145145377e-05,4.831698548546227e-06,1
249,2.7259731524541172e-05,6.2202684754588255e-06,1
250,4.79648688617768e-05,6.196231138223198e-06,1
251,6.619072903133671e-05,4.0261709686632906e-06,0
252,7.017319801905705e-05,6.004019809429452e-07,0
253,5.8224558923547544e-05,-1.7970589235475427e-06,0
254,3.797615017220102e-05,-1.7898501722010167e-06,0
255,1.82783723370366e-05,-3.5307233703660027e-07,0
256,5.1084351520483526e-06,-5.725551520483522e-07,0
257,5.869322581347022e-06,-3.53372581347022e-07,0
258,3.7705811452876923e-06,5.163888547123071e-07,0
259,1.8164628601537566e-06,8.018371398462433e-07,0
260,1.0397151516902895e-06,4.865148483097104e-07,0
261,7.50552521857932e-07,1.4465247814206792e-07,0
262,5.289711293444581e-07,3.483787065554179e-08,0
263,3.646157397095589e-07,1.6337526029044112e-07,0
264,4.498362174409994e-07,6.428237825590008e-07,0
265,1.6076487234178753e-06,1.7429612765821242e-06,1
266,6.41655952051846e-06,3.2408704794815407e-06,1
267,1.857135582254972e-05,3.88364417745028e-06,1
268,3.773925335167545e-05,2.632046648324551e-06,0
269,5.514272142863593e-05,1.1291785713640713e-06,0
270,5.9376635327712655e-05,2.060764672287347e-06,0
271,4.889514636791361e-05,3.5279536320863926e-06,0
272,3.2326466574000425e-05,2.756533425999578e-06,0
273,1.8258985311598425e-05,1.2864146884015758e-06,0
274,1.0093291354649003e-05,6.389086453509976e-07,0
275,6.872170693499506e-06,3.195993065004941e-07,0
276,6.3412433116728165e-06,-2.407933116728172e-07,0
277,6.699343998731242e-06,-7.50793998731242e-07,0
278,6.988613451510541e-06,-2.4169345151054044e-07,0
279,8.511400717716982e-06,1.556699282283017e-06,0
280,1.5217549175825836e-05,3.913950824174166e-06,1
281,3.185471867538383e-05,5.57508132461617e-06,1
282,5.821450909960648e-05,4.83859090039352e-06,0
283,8.259458143098062e-05,1.5730185690193758e-06,0
284,9.044334208351564e-05,-1.7831420835156273e-06,0
285,7.831829416339744e-05,-2.39049416339744e-06,0
286,5.300381058416758e-05,-4.5501058416757715e-07,0
287,2.577400589863813e-05,1.4493941013618717e-06,0
288,4.2992962524111735e-06,4.0368374758882645e-07,0
289,4.320317761717682e-06,7.94862238282318e-07,0
290,2.3819896990597995e-06,1.1590603009402007e-06,0
291,9.615778539213415e-07,9.429221460786584e-07,0
292,4.6179177920753223e-07,4.975382207924678e-07,0
293,3.193444269026142e-07,1.8803357309738583e-07,0
294,2.5559841410744994e-07,8.788658589255009e-08,0
295,2.283764834749844e-07,2.332825165250156e-07,0
296,5.8592449495831e-07,8.170055050416901e-07,1
297,3.2483756808381433e-06,1.960594319161856e-06,1
298,1.3696830727331165e-05,2.6326692726688347e-06,1
299,3.78755382930541e-05,4.915617069459023e-07,0
300,7.012788154774538e-05,-4.079081547745376e-06,0
301,9.020727781972232e-05,-5.202877819722316e-06,0
302,8.452354721643718e-05,-1.01484721643717e-06,0
303,6.068288402039049e-05,2.156515979609507e-06,0
304,3.4989496649598834e-05,1.8014033504011666e-06,0
305,1.733718672033427e-05,1.0792132796657325e-06,0
306,8.848916795830337e-06,1.0490032041696613e-06,0
307,6.2570546967073875e-06,6.879753032926134e-07,0
308,6.1356432218284085e-06,-2.2249322182840824e-07,0
309,6.572148988062598e-06,-1.0339689880625978e-06,0
310,7.016916393517165e-06,-7.389863935171646e-07,0
311,9.105289253393934e-06,1.168910746606067e-06,0
312,1.7780363805893806e-05,4.233636194106194e-06,1
313,3.9911102514998495e-05,6.377697485001508e-06,1
314,7.570047085947788e-05,4.058929140522111e-06,0
315,0.00010964801676500366,-2.694016765003663e-06,0
316,0.00012140323639220776,-7.611236392207748e-06,0
317,0.00010378394619446038,-5.403846194460384e-06,0
318,6.641614491783051e-05,3.698550821694955e-07,0
319,2.9187248705476586e-05,3.2525512945234144e-06,1
320,2.0038533840282937e-06,7.604266159717061e-07,0
321,1.7293502163082196e-06,9.706997836917805e-07,0
322,8.034927475962922e-07,8.84647252403708e-07,0
323,2.671994906895664e-07,5.344465093104335e-07,0
324,1.0560791157540904e-07,2.3591808842459097e-07,0
325,7.432906704348488e-08,8.731693295651511e-08,0
326,6.941045954235327e-08,6.722154045764673e-08,0
327,1.4128214743332425e-07,2.1040285256667576e-07,1
328,9.798969320950342e-07,6.791330679049657e-07,1
329,5.876507580501182e-06,1.322302419498819e-06,1
330,2.256093705805797e-05,4.1286294194203027e-07,0
331,5.518228870313525e-05,-4.125988703135251e-06,0
332,8.824165977617512e-05,-8.492159776175132e-06,1
333,9.6693000894037e-05,-6.379200894037016e-06,1
334,7.657529445386872e-05,-9.352944538687215e-07,0
335,4.5945870323490103e-05,1.2185296765098951e-06,0
336,2.1961214493828727e-05,6.900855061712744e-07,0
337,9.105888181927569e-06,4.934218180724319e-07,0
338,4.056023494566837e-06,6.900765054331635e-07,0
339,2.717436518004154e-06,5.112534819958463e-07,0
340,2.715892187981421e-06,-2.2032187981421433e-08,0
341,3.056301993549765e-06,-3.818719935497651e-07,0
342,3.765494833762335e-06,4.2865166237664846e-08,0
343,6.715620079385713e-06,1.7058699206142854e-06,0
344,1.6887069163897262e-05,4.6155308361027414e-06,1
345,4.122268324039952e-05,6.190616759600484e-06,1
346,7.793577195100916e-05,2.5366280489908427e-06,0
347,0.00010895437844203879,-4.606378442038791e-06,0
348,0.00011457648747469776,-7.737487474697758e-06,1
349,9.054844142271988e-05,-3.456941422719893e-06,0
350,5.154213467785152e-05,2.0742653221484823e-06,0
351,1.9466532435769732e-05,3.3624675642302694e-06,1
352,4.740130648714247e-07,4.429459351285753e-07,0
353,3.5195099239240577e-07,4.7464000760759414e-07,0
354,1.390140472692836e-07,3.4013095273071635e-07,0
355,3.676442366680754e-08,1.6969957633319244e-07,0
356,1.0509566691876183e-08,6.819373330812382e-08,0
357,6.2397865510965815e-09,3.2413513448903416e-08,0
358,1.4842655975595018e-08,4.308424402440498e-08,1
359,1.4436785121369329e-07,1.433061487863067e-07,1
360,1.2320026003357348e-06,4.3740739966426493e-07,1
361,6.729132613172794e-06,5.26107386827205e-07,0
362,2.267316797677633e-05,-1.3454679767763302e-06,0
363,4.723491831740194e-05,-5.2483183174019456e-06,1
364,6.297869985523283e-05,-6.250199855232823e-06,1
365,5.6619898969403395e-05,-2.5294989694033953e-06,0
366,3.6176860849416796e-05,7.324391505831999e-07,0
367,1.7353734401604256e-05,8.867655983957436e-07,0
368,6.6526011081664215e-06,2.3682889183357855e-07,0
369,2.2235549162186774e-06,1.5331508378132273e-07,0
370,8.076979336166115e-07,2.2920206638338844e-07,0
371,4.712145281568105e-07,1.8915647184318953e-07,0
372,4.7284505146059026e-07,9.393794853940972e-08,0
373,6.192813976394562e-07,1.1011460236054375e-07,0
374,1.2129795700343985e-06,4.5303042996560157e-07,0
375,3.6778963336301177e-06,1.5120336663698828e-06,1
376,1.1735068552128524e-05,3.0667314478714767e-06,1
377,2.915489342377196e-05,3.18000657622804e-06,1
378,5.132006915546227e-05,8.033308445377322e-07,0
379,6.52707843731142e-05,-1.8084843731142161e-06,0
380,6.174119312328316e-05,-1.6131931232831527e-06,0
381,4.298790375876733e-05,9.238962412326748e-07,0
382,2.100170476964861e-05,2.3963952303513885e-06,1
383,6.668720130941095e-06,1.8097998690589047e-06,1
384,6.036911174349191e-08,1.2289388825650808e-07,0
385,3.910800246590628e-08,1.136149975340937e-07,0
386,1.2272042182602277e-08,6.966295781739772e-08,0
387,2.0475937754354605e-09,3.212380622456454e-08,0
388,2.946696479617786e-10,1.494383035203822e-08,0
389,6.301521370883727e-10,1.1495147862911626e-08,0
390,9.752783453591073e-09,2.155041654640893e-08,0
391,1.1341857521078813e-07,7.727742478921187e-08,1
392,8.725896410001407e-07,2.1700035899985932e-07,0
393,4.151286873630392e-06,1.1100312636960874e-07,0
394,1.1796034780252839e-05,-9.224347802528404e-07,0
395,2.019266547342539e-05,-1.920865473425391e-06,0
396,2.166323365136411e-05,-9.575336513641106e-07,0
397,1.5397103368418797e-05,7.247966315812022e-07,0
398,7.717584142196444e-06,1.0014258578035577e-06,0
399,2.9108931587348654e-06,4.2797684126513415e-07,0
400,8.707491140974823e-07,1.0257288590251772e-07,0
401,2.287761654068944e-07,4.132183459310556e-08,0
402,6.777806470200172e-08,3.5756935297998284e-08,0
403,3.101038114597679e-08,3.255201885402322e-08,1
404,3.3229691175411263e-08,3.5331508824588735e-08,0
405,8.625728749096601e-08,7.651671250903399e-08,0
406,3.9517727088430633e-07,2.3564172911569362e-07,0
407,1.7774655843861488e-06,5.717944156138511e-07,0
408,5.836794040588338e-06,8.204059594116622e-07,0
409,1.2956454962128939e-05,6.02945037871062e-07,0
410,1.971176250848147e-05,3.025374915185288e-07,0
411,2.1482799375044367e-05,5.978006249556329e-07,0
412,1.7220806642460697e-05,1.3124933575393043e-06,0
413,9.997876335211585e-06,1.6361236647884155e-06,1
414,3.974110634436734e-06,1.251819365563267e-06,1
415,1.0018149097706002e-06,5.958450902293998e-07,1
416,2.644490270243655e-09,1.6789409729756346e-08,0
417,1.3553297150207912e-09,1.2757670284979209e-08,0
418,3.1066325512441485e-10,6.6258467448755855e-09,0
419,3.2445748061732834e-11,3.1948042519382673e-09,0
420,1.0666788116682344e-11,2.4811632118833176e-09,0
421,2.420509717918722e-10,3.918869028208128e-09,0
422,4.224032807351822e-09,9.464767192648177e-09,0
423,4.743125290095123e-08,3.2725947099048775e-08,0
424,3.2012412547067765e-07,8.121787452932238e-08,0
425,1.257848922568905e-06,7.652107743109503e-08,0
426,2.8821570838525543e-06,-1.5407083852554183e-08,0
427,3.932300479902027e-06,8.555952009797311e-08,0
428,3.344829398438056e-06,3.933006015619442e-07,0
429,1.8961060791349502e-06,4.437239208650498e-07,0
430,7.765888124845165e-07,2.177241875154834e-07,0
431,2.438414805388187e-07,5.0233519461181276e-08,0
432,5.7202465100279844e-08,8.661034899720155e-09,0
433,1.1200562349081169e-08,3.5581376509188318e-09,0
434,2.5302872934116416e-09,3.1576027065883583e-09,0
435,8.201054991556807e-10,3.508584500844319e-09,0
436,2.3390534131603744e-09,6.602896586839626e-09,0
437,2.3216890955961143e-08,2.0639809044038848e-08,0
438,1.7032682080319594e-07,4.434717919680406e-08,0
439,7.479557213016864e-07,2.747227869831352e-08,0
440,2.034145089673284e-06,-7.362508967328392e-08,0
441,3.629622975831031e-06,-1.3356297583103115e-07,0
442,4.4339892042983695e-06,7.742079570163004e-08,0
443,3.844310310664734e-06,4.707196893352668e-07,0
444,2.4083334604200366e-06,6.691665395799636e-07,1
445,1.074217751950051e-06,5.34282248049949e-07,1
446,3.2238448575225485e-07,2.7509751424774507e-07,1
447,6.038076883197974e-08,9.308823116802027e-08,0
448,2.1763264389461045e-11,7.36821735610539e-10,0
449,8.161029110442231e-12,4.4068397088955776e-10,0
450,1.3192369303772804e-12,2.035717630696227e-10,0
451,1.2198848438404696e-13,1.4912201151561595e-10,0
452,1.642004745397458e-12,3.362569952546025e-10,0
453,5.5186557909345906e-11,9.52573442090654e-10,0
454,1.028035303502025e-09,3.244854696497975e-09,0
455,1.0205950761716451e-08,1.1593549238283548e-08,1
456,5.587981834296703e-08,3.0192581657032955e-08,1
457,1.7688790541280586e-07,5.505809458719414e-08,0
458,3.312267760832989e-07,8.082422391670111e-08,0
459,3.7491934810953225e-07,1.0512365189046772e-07,0
460,2.658401407244019e-07,1.0390985927559816e-07,0
461,1.2509338470958765e-07,6.376761529041234e-08,0
462,4.551926156379203e-08,1.8814738436207968e-08,0
463,1.3513783022879177e-08,1.5823169771208235e-09,0
464,2.5476343847739466e-09,6.47456152260538e-11,0
465,2.8301685987768293e-10,2.1321514012231703e-10,0
466,2.986728689764736e-11,2.2868271310235263e-10,0
467,4.4874581292365524e-11,2.9138641870763446e-10,0
468,1.0295433334753759e-09,9.651466665246244e-10,0
469,1.2327729466193644e-08,1.1371705338063558e-09,0
470,7.403890128844078e-08,-1.2414701288440788e-08,0
471,2.4581293632324885e-07,-5.6930936323248844e-08,0
472,5.023050895570695e-07,-1.0541008955706948e-07,0
473,6.851349649511842e-07,-9.71849649511842e-08,0
474,6.54309602832018e-07,-2.13736028320181e-08,0
475,4.426676529610481e-07,6.096334703895192e-08,0
476,2.0884675436104046e-07,8.520824563895954e-08,1
477,6.715994204254062e-08,5.628105795745938e-08,1
478,1.4248835901778326e-08,2.2674964098221677e-08,0
479,1.8818063048456813e-09,5.9784736951543175e-09,0
480,3.144640021252086e-14,7.674193599787478e-12,0
481,9.381432737708844e-14,3.5591356726229116e-12,0
482,6.870719260432685e-13,1.7849680739567315e-12,0
483,2.4222314090710208e-12,5.387458590928978e-12,0
484,1.007042979480823e-11,2.8922970205191768e-11,0
485,1.790674196989767e-10,5.379158030102331e-11,0
486,1.914204333242361e-09,-6.191143332423611e-10,0
487,8.87062751796485e-09,-3.81183751796485e-09,0
488,1.8983322499200464e-08,-4.943722499200464e-09,0
489,2.2741200770529917e-08,6.617299229470081e-09,0
490,2.1340021886887682e-08,2.2812478113112323e-08,0
491,1.750364094052134e-08,2.704185905947866e-08,0
492,9.9802950881252e-09,1.9720504911874797e-08,0
493,3.583808735199959e-09,9.917191264800042e-09,0
494,1.0241148189535208e-09,3.4048751810464786e-09,0
495,2.4553641291472086e-10,7.906635870852791e-10,0
496,3.3492436514660464e-11,1.2044956348533953e-10,0
497,2.1779152538157613e-12,1.792858474618424e-11,0
498,1.5098394931428941e-12,1.5616460506857107e-11,0
499,4.7675481320420074e-11,5.828251867957994e-11,0
500,7.684377614222206e-10,1.1870023857777951e-10,0
501,6.038061480429025e-09,-1.2192214804290245e-09,0
502,2.477185855370373e-08,-8.124758553703731e-09,0
503,5.8453964014474917e-08,-1.9698164014474914e-08,0
504,8.705743952323854e-08,-2.359753952323853e-08,0
505,9.098370840302359e-08,-1.6654208403023582e-08,0
506,7.369995944525673e-08,-1.0347359445256724e-08,0
507,4.597891040509394e-08,-6.462410405093937e-09,0
508,1.8916455172794944e-08,-1.2409551727949461e-09,0
509,4.280833721155446e-09,1.326696278844554e-09,0
510,5.016610594859223e-10,8.083789405140778e-10,0
511,3.263264173982834e-11,1.9674735826017168e-10,0
512,3.728517104160133e-12,4.845128958398676e-13,0
513,3.4015298767866576e-11,-1.0682298767866577e-11,0
514,1.6393085750701272e-10,-8.470955750701272e-11,0
515,3.6162346586195406e-10,-1.8211846586195404e-10,0
516,3.721979505033538e-10,-6.189295050335382e-11,0
517,7.30101294449839e-10,-1.5044329444983902e-10,0
518,4.633210648864767e-09,-2.7634706488647665e-09,0
519,1.5694910324799185e-08,-9.960220324799184e-09,0
520,2.3845499512123435e-08,-1.2783199512123437e-08,0
521,1.6245841561645122e-08,-2.370541561645122e-09,0
522,5.017744264346499e-09,6.7385557356535e-09,0
523,8.126753855299422e-10,5.772674614470058e-09,0
524,1.2431953718043691e-10,2.550790462819563e-09,0
525,2.3824465087321787e-11,9.807555349126784e-10,0
526,4.691879169220771e-12,3.4384912083077923e-10,0
527,9.590545748154988e-13,1.086749454251845e-10,0
528,5.549821608114399e-13,1.2866101783918857e-10,0
529,5.86958119633808e-12,2.955564188036619e-10,0
530,1.022881648680556e-10,5.068648351319444e-10,0
531,1.049148564717949e-09,5.59921435282051e-10,0
532,5.538091593731052e-09,-6.515915937310524e-10,0
533,1.4161156617746446e-08,-3.1804566177464447e-09,0
534,1.7228323263502862e-08,-6.462232635028637e-10,0
535,1.1355959574702052e-08,7.1600404252979465e-09,0
536,6.317572628831506e-09,1.0704427371168492e-08,0
537,4.457296317892125e-09,8.283903682107876e-09,1
538,3.523448717360937e-09,3.502531282639063e-09,0
539,2.2118426965699853e-09,4.4074730343001496e-10,0
540,7.747521776246932e-10,-6.786117762469317e-11,0
541,1.2655367520299863e-10,2.0596324797001377e-11,0
542,1.1850551940318895e-11,1.4878348059681105e-11,0
543,3.0524361322095726e-12,1.7916638677904278e-12,0
544,4.534305422520292e-10,-1.0460854225202923e-10,0
545,2.158724836291701e-09,-8.748548362917011e-10,0
546,5.947182277729357e-09,-2.8926522777293567e-09,0
547,8.496751488130319e-09,-3.482531488130319e-09,0
548,5.927142155678553e-09,-1.1428215567855355e-10,0
549,2.6897064987163893e-09,2.7684635012836102e-09,0
550,2.9721228454373767e-09,4.233647154562623e-09,0
551,5.93552578432766e-09,7.21587421567234e-09,0
552,6.735108501308651e-09,1.112089149869135e-08,0
553,3.4308140606168687e-09,1.216738593938313e-08,0
554,7.423789827357956e-10,7.990271017264203e-09,0
555,6.727277357838111e-11,3.0320972264216185e-09,0
556,5.634898477223034e-12,8.49366101522777e-10,0
557,1.5727267736160688e-11,5.275377322638393e-10,0
558,4.143609709371738e-11,8.594909029062826e-10,0
559,7.787543420950985e-11,2.09139456579049e-09,0
560,1.9094235730627417e-10,4.9692376426937256e-09,0
561,9.326949619886125e-10,8.812025038011387e-09,0
562,6.012125216355862e-09,1.1351474783644136e-08,0
563,2.5817501802788485e-08,9.52709819721151e-09,0
564,5.996288277337753e-08,6.366917226622471e-09,0
565,7.315677357066068e-08,1.517582642933933e-08,0
566,4.5769532106893085e-08,3.249326789310692e-08,0
567,1.4291335873026633e-08,3.652116412697337e-08,1
568,2.2684144166726485e-09,2.6611585583327348e-08,1
569,2.2645649742544442e-10,1.533324350257456e-08,0
570,4.8248300125838776e-11,7.180771699874162e-09,0
571,3.008700416533548e-11,2.6934229958346647e-09,0
572,7.309507838710441e-11,8.051469216128955e-10,0
573,2.4665235618620493e-10,3.103064381379506e-11,0
574,3.768274137272524e-10,-2.2221241372725238e-10,0
575,2.647809437549712e-10,-1.3233894375497118e-10,0
576,1.2116722411817365e-08,-4.272462411817364e-09,0
577,3.396839612341198e-08,-1.1319596123411984e-08,0
578,5.5446422389633655e-08,-1.1741622389633646e-08,0
579,5.7660483740162383e-08,7.150162598376221e-10,0
580,4.2120392607791425e-08,1.3091207392208579e-08,0
581,2.621148932234729e-08,1.5564610677652704e-08,0
582,1.5111335286079703e-08,1.8339364713920293e-08,0
583,6.3901299624291684e-09,2.6080870037570833e-08,0
584,1.6071778168299954e-09,2.8282222183170004e-08,0
585,2.411234616834742e-10,2.1537076538316527e-08,0
586,2.663727795780083e-11,1.2284362722042199e-08,0
587,6.270108713767514e-11,6.355408912862325e-09,0
588,4.417296198467505e-10,5.5107903801532495e-09,0
589,1.5985827083730916e-09,8.887317291626906e-09,0
590,3.469967145377098e-09,1.9308932854622904e-08,0
591,6.64106325441832e-09,4.267973674558168e-08,0
592,1.6453446875401796e-08,7.53225531245982e-08,0
593,5.174848779428278e-08,9.612151220571723e-08,0
594,1.586792415514429e-07,7.98887584485571e-08,0
595,3.411831109093158e-07,4.743388909068416e-08,0
596,4.3624258696350326e-07,8.400341303649675e-08,0
597,3.268540627348109e-07,1.6383393726518912e-07,0
598,1.4798068505136114e-07,1.7112331494863885e-07,0
599,4.071430277244591e-08,1.184746972275541e-07,0
600,6.480377212754177e-09,6.930842278724582e-08,0
601,5.464928226028303e-10,3.875990717739717e-08,0
602,5.18893103318763e-11,2.0456510689668124e-08,0
603,4.149562797721975e-10,9.2800037202278e-09,0
604,2.4932221442237383e-09,1.7876878557762616e-09,0
605,6.639216996482198e-09,-3.531566996482198e-09,0
606,9.048737289405862e-09,-4.9858072894058625e-09,0
607,8.296447690720581e-09,-3.768967690720581e-09,0
608,1.2033542855075966e-07,-3.376042855075965e-08,0
609,2.6643569045911396e-07,-4.577369045911397e-08,0
610,3.677354984048401e-07,1.0895015951599265e-09,0
611,3.667121189669567e-07,5.435088103304326e-08,0
612,2.7348274376609184e-07,7.500825623390816e-08,0
613,1.531222642984517e-07,7.84747357015483e-08,0
614,6.799367986786824e-08,7.242332013213176e-08,0
615,2.1990841474224343e-08,6.479115852577566e-08,0
616,4.1397525112347115e-09,5.091024748876529e-08,0
617,5.1717389801589e-10,3.496412610198411e-08,0
618,5.946631774837603e-10,2.795423682251624e-08,0
619,3.1814077910698497e-09,3.514839220893015e-08,0
620,1.3369400111448523e-08,5.875469988855148e-08,0
621,3.728892050394861e-08,1.0987107949605139e-07,1
622,7.909713389118347e-08,2.1305886610881652e-07,0
623,1.6268652802723975e-07,3.6219847197276034e-07,0
624,3.782303585794421e-07,4.4983864142055784e-07,0
625,8.88885252036956e-07,3.0042474796304406e-07,0
626,1.7036778847742581e-06,-4.4297884774258305e-08,0
627,2.267306748745553e-06,-1.5491674874555308e-07,0
628,1.963380647145897e-06,1.4261935285410273e-07,0
629,1.099662357249101e-06,4.040876427508991e-07,0
630,3.920894454121203e-07,3.944895545878797e-07,0
631,8.443068905679695e-08,2.73702310943203e-07,0
632,1.0327581358348136e-08,1.7212441864165186e-07,0
633,7.969046028861047e-10,1.0772009539711389e-07,0
634,7.194907442513608e-10,6.462030925574864e-08,0
635,5.776223377072323e-09,3.127507662292768e-08,0
636,2.5725626154770977e-08,1.3867738452290234e-09,0
637,6.759832665099023e-08,-2.8876826650990227e-08,0
638,1.1707744339376912e-07,-5.755674339376912e-08,0
639,1.2719328504511413e-07,-6.421078504511413e-08,0
640,6.296482807016481e-07,-8.142628070164812e-08,0
641,1.2940816895596586e-06,-9.758168955965848e-08,0
642,1.6923864680505267e-06,-8.056468050526819e-09,0
643,1.5295857980780531e-06,9.913420192194698e-08,0
644,9.788175680772408e-07,1.8746243192275906e-07,0
645,4.589469586881846e-07,2.1480204131181536e-07,0
646,1.7165177417548387e-07,1.7275322582451615e-07,0
647,5.003866543554889e-08,1.231173345644511e-07,0
648,1.2634326997392858e-08,8.538497300260714e-08,0
649,8.949780561454347e-09,7.443481943854567e-08,0
650,2.1643297698410263e-08,1.1178070230158972e-07,0
651,6.541841637483111e-08,2.122645836251689e-07,0
652,1.8118234288467325e-07,3.8435465711532674e-07,0
653,4.250631068743814e-07,6.471168931256186e-07,1
654,8.499034582606597e-07,1.0067965417393402e-06,1
655,1.6075353645747542e-06,1.2867046354252462e-06,0
656,3.0621493371008367e-06,9.356306628991636e-07,0
657,5.247966702906369e-06,-2.9460670290636895e-07,0
658,6.935236553507553e-06,-1.2962265535075536e-06,0
659,6.429966717321107e-06,-8.456067173211073e-07,0
660,4.069042164234542e-06,2.589178357654575e-07,0
661,1.7610290068417713e-06,7.357709931582286e-07,0
662,5.075079570311368e-07,6.596520429688632e-07,0
663,9.523484329918847e-08,4.785221567008115e-07,0
664,1.3941015963057372e-08,3.4418598403694266e-07,0
665,2.926934927431429e-09,2.521760650725686e-07,0
666,7.98474294790515e-09,1.7361425705209487e-07,0
667,4.929854885677005e-08,9.028345114322993e-08,0
668,1.9043947450908594e-07,-1.750547450908596e-08,0
669,4.7604142325539123e-07,-1.7677042325539125e-07,0
670,7.4899672032481e-07,-3.3187772032481005e-07,0
671,6.83759482047517e-07,-3.08252482047517e-07,0
672,1.8242750211008289e-06,-1.4769502110082903e-07,0
673,3.2905443153702495e-06,-1.949143153702495e-07,0
674,3.7180319958906534e-06,-1.8119958906540042e-09,0
675,2.9150451544966948e-06,2.1487484550330525e-07,0
676,1.7029075214252138e-06,2.841324785747862e-07,0
677,8.035152598997625e-07,2.2119474010023743e-07,0
678,3.209021919055465e-07,1.4749080809445352e-07,0
679,1.1665506333899273e-07,1.0340093666100729e-07,0
680,6.319544416619432e-08,8.941855583380567e-08,0
681,8.973076861051818e-08,1.4024723138948186e-07,0
682,2.0510683599497228e-07,3.066931640050277e-07,0
683,4.94759084487831e-07,6.104909155121692e-07,0
684,1.1364426062644725e-06,1.0185973937355279e-06,1
685,2.350555865266256e-06,1.4307341347337445e-06,1
686,4.2624169991761595e-06,1.6969930008238404e-06,0
687,7.0476157447072145e-06,1.2771742552927851e-06,0
688,1.0515691481714639e-05,-4.939914817146398e-07,0
689,1.297296019839626e-05,-2.558060198396259e-06,1
690,1.2147608359988332e-05,-2.6085583599883326e-06,1
691,8.243035817970069e-06,-7.870258179700681e-07,0
692,4.080255771887101e-06,5.586542281128983e-07,0
693,1.5212082438359746e-06,7.766717561640253e-07,0
694,4.301698270876569e-07,6.606501729123432e-07,0
695,9.703431735089812e-08,5.719786826491018e-07,0
696,2.329780913805295e-08,5.02486190861947e-07,0
697,1.1170308255919493e-08,4.2926469174408053e-07,0
698,4.134761578938508e-08,3.3281938421061493e-07,0
699,2.2282506656977764e-07,1.762789334302224e-07,0
700,7.70695294774853e-07,-1.1917029477485291e-07,0
701,1.636954122827566e-06,-5.590541228275659e-07,0
702,2.1398126940939884e-06,-8.532326940939884e-07,0
703,1.64812779343663e-06,-6.608707934366302e-07,0
704,2.423146952065954e-06,-3.2386952065954216e-08,0
705,3.759430277535145e-06,1.10309722464855e-07,0
706,3.7463208359535087e-06,4.408891640464915e-07,0
707,2.6939249876782865e-06,5.798950123217136e-07,0
708,1.5482256469107143e-06,4.118743530892858e-07,0
709,7.774015377967439e-07,1.7039146220325619e-07,0
710,3.5843656971782995e-07,4.9310430282170055e-08,0
711,1.7542762564141678e-07,3.4258374358583214e-08,0
712,1.3553946096625332e-07,8.441853903374667e-08,0
713,2.3520396297329955e-07,2.1614003702670041e-07,0
714,5.426394180415988e-07,4.892405819584011e-07,0
715,1.274852644819333e-06,8.653973551806669e-07,0
716,2.8282327258680316e-06,1.1346872741319679e-06,0
717,5.575379988428721e-06,1.028190011571278e-06,0
718,9.619701498999479e-06,2.655085010005214e-07,0
719,1.4257163486602966e-05,-1.4803634866029648e-06,0
720,1.7085180265594766e-05,-3.4319802655947656e-06,1
721,1.5761045484992905e-05,-3.649745484992905e-06,1
722,1.0996283670022413e-05,-1.8177736700224118e-06,1
723,5.887114489096234e-06,-3.6024489096233484e-08,0
724,2.528747707807039e-06,4.874922921929613e-07,0
725,9.15209923261678e-07,4.28360076738322e-07,0
726,2.8481079314603953e-07,4.1739220685396037e-07,0
727,8.712035174290996e-08,4.6139364825709004e-07,0
728,4.4815126936468465e-08,4.7495187306353157e-07,0
729,5.119083554621562e-08,4.462611644537843e-07,0
730,1.5333402915014455e-07,3.5445997084985543e-07,0
731,5.853499357265042e-07,1.1257006427349585e-07,0
732,1.5411697538640291e-06,-3.589497538640291e-07,0
733,2.619156766963618e-06,-9.02716766963618e-07,0
734,2.8823288079138443e-06,-1.1036688079138445e-06,1
735,1.921955607316367e-06,-7.126556073163668e-07,1
736,1.503343203326508e-06,3.1423679667349174e-07,0
737,2.1926244535717304e-06,5.474755464282695e-07,0
738,2.086235092637719e-06,7.90104907362281e-07,0
739,1.468706086786615e-06,7.727839132133852e-07,0
740,8.81575010607151e-07,4.5070498939284877e-07,0
741,4.972822104685835e-07,1.305327895314165e-07,0
742,2.8005744363377014e-07,-3.975443633770115e-09,0
743,1.5966275924096506e-07,1.2813240759034927e-08,0
744,1.2832909384626017e-07,1.0055390615373983e-07,0
745,2.2556969958477068e-07,2.550683004152293e-07,0
746,5.684658663462144e-07,4.774241336537855e-07,1
747,1.4607051518448419e-06,6.305648481551583e-07,0
748,3.3233781606409733e-06,5.062718393590265e-07,0
749,6.684180604724642e-06,-1.6160060472464128e-07,0
750,1.1685258658433313e-05,-1.7625086584333136e-06,1
751,1.610659287533134e-05,-3.7509928753313405e-06,1
752,1.625997973424753e-05,-4.291679734247533e-06,1
753,1.2005282836510432e-05,-2.7906328365104323e-06,1
754,6.8168765093770585e-06,-8.987865093770591e-07,1
755,3.16626470718936e-06,-2.0647071893600733e-09,0
756,1.255479053743704e-06,1.22500946256296e-07,0
757,4.4801509137706793e-07,1.093379086229321e-07,0
758,1.651462257970911e-07,1.5840077420290893e-07,0
759,8.425046924693956e-08,2.2397453075306045e-07,0
760,6.463344477280714e-08,2.745905552271929e-07,0
761,7.987659870751318e-08,3.013864012924868e-07,0
762,2.232720599364131e-07,2.584929400635869e-07,0
763,6.813703881960631e-07,5.657661180393695e-08,0
764,1.4482841455028817e-06,-2.927841455028817e-07,0
765,2.072923225366312e-06,-5.862532253663119e-07,0
766,1.982176721616256e-06,-5.834067216162558e-07,0
767,1.197388830810887e-06,-3.169458308108869e-07,0
768,5.40951780616659e-07,4.3390621938334085e-07,0
769,7.307599674291982e-07,7.527200325708018e-07,0
770,6.514747081202647e-07,9.470152918797353e-07,0
771,4.778900608476274e-07,7.914399391523724e-07,0
772,3.266466539286014e-07,4.289743460713986e-07,0
773,2.204238820900219e-07,1.3948511790997812e-07,0
774,1.466631751081789e-07,2.110382489182111e-08,0
775,9.420451719571462e-08,1.9524482804285376e-08,0
776,7.917812230323473e-08,6.719387769676528e-08,0
777,1.339493333563269e-07,1.4006766664367313e-07,0
778,3.5581401379771705e-07,2.1392398620228296e-07,1
779,9.62026464750965e-07,2.301935352490352e-07,0
780,2.3526512489577513e-06,9.054875104224846e-08,0
781,5.155969961544214e-06,-5.359399615442134e-07,0
782,9.0632010313269e-06,-1.8847810313269001e-06,1
783,1.1370972905163816e-05,-3.009542905163816e-06,1
784,9.838384339186783e-06,-2.673964339186783e-06,1
785,6.145942934876932e-06,-1.4061729348769328e-06,1
786,3.037829139790837e-06,-4.5341913979083723e-07,0
787,1.2740739973627463e-06,-9.567399736274631e-08,0
788,4.850911388515025e-07,-3.3836138851502486e-08,0
789,1.9395044366431434e-07,-1.5753443664314323e-08,0
790,1.1016791995070897e-07,8.970080049291037e-09,0
791,7.687262549263487e-08,5.386637450736512e-08,0
792,4.354556361418732e-08,1.257994363858127e-07,0
793,4.2991433816643655e-08,1.9248456618335633e-07,0
794,1.4434567894266967e-07,2.0275332105733028e-07,0
795,4.0419272544647976e-07,1.3235327455352032e-07,0
796,7.299737505263925e-07,4.845024947360745e-08,0
797,9.107707896419888e-07,1.661221035801119e-08,0
798,8.215782543980421e-07,9.022745601958008e-09,0
799,4.887684363556934e-07,2.1811563644306583e-08,0
800,1.198011457015147e-07,4.821728542984853e-07,1
801,1.5451879089530812e-07,7.890262091046919e-07,1
802,1.526119045066638e-07,8.600680954933362e-07,1
803,1.2775891892260543e-07,6.483450810773945e-07,1
804,8.971933094471221e-08,3.484716690552878e-07,1
805,6.70334682299499e-08,1.289325317700501e-07,0
806,5.353282249421416e-08,3.5339477505785845e-08,0
807,4.0808291811106304e-08,2.249270818889369e-08,0
808,4.287819212438399e-08,2.9654807875616012e-08,0
809,7.361731887411499e-08,4.249668112588501e-08,0
810,1.892479833344972e-07,5.3144016665502796e-08,0
811,5.22340963198093e-07,5.305803680190705e-08,0
812,1.3270282002058978e-06,1.4881799794102281e-08,0
813,2.8513933249141466e-06,-2.346233249141465e-07,0
814,4.529200804369829e-06,-7.388008043698285e-07,1
815,4.908675202848386e-06,-1.0180252028483865e-06,1
816,3.6367856951147255e-06,-7.660956951147254e-07,1
817,2.008032368194812e-06,-3.798823681948118e-07,0
818,9.415614807165028e-07,-1.7075248071650275e-07,0
819,4.1023068493309455e-07,-9.145168493309452e-08,0
820,1.7914450561202835e-07,-5.6103505612028356e-08,0
821,9.391080555415515e-08,-3.6403205554155154e-08,0
822,6.974792321662032e-08,-2.432592321662032e-08,0
823,5.076511627338985e-08,2.9298837266101536e-09,0
824,2.2639596624250696e-08,5.3786703375749306e-08,0
825,1.7028475897735447e-08,1.0364352410226456e-07,0
826,6.146096753308835e-08,1.3070703246691166e-07,0
827,1.597694942081675e-07,1.366675057918325e-07,0
828,2.6360678845075765e-07,1.5563221154924237e-07,0
829,3.160137718066771e-07,1.8563522819332295e-07,0
830,2.709521373226396e-07,2.010658626773604e-07,0
831,1.4647818931330128e-07,1.675448106866987e-07,0
832,4.240833251595063e-08,4.759856674840494e-07,1
833,7.203928518177461e-08,7.202117148182253e-07,1
834,8.178876628616086e-08,7.118022337138391e-07,1
835,6.287260829503249e-08,4.839413917049675e-07,1
836,3.898953416718337e-08,2.318304658328166e-07,1
837,2.424411464766223e-08,8.079988535233777e-08,1
838,1.3962929769474405e-08,2.8829170230525596e-08,0
839,1.1694978847559414e-08,1.7261721152440585e-08,0
840,1.6992808994648086e-08,1.6022191005351916e-08,0
841,3.4062250888216964e-08,2.2008449111783026e-08,0
842,8.900547007239518e-08,3.3324529927604827e-08,0
843,2.3897256567625926e-07,6.299543432374073e-08,0
844,5.95651850198456e-07,9.476214980154394e-08,0
845,1.1665744011975886e-06,4.5835598802411475e-08,0
846,1.581610172991729e-06,-7.922017299172897e-08,0
847,1.4517832497351318e-06,-1.5088324973513165e-07,0
848,9.631874776657841e-07,-1.3912047766578412e-07,0
849,5.231043823139306e-07,-1.063953823139305e-07,0
850,2.5381601086154014e-07,-6.732201086154014e-08,0
851,1.1791808320227196e-07,-3.703828320227197e-08,0
852,6.041731496096975e-08,-2.4385014960969745e-08,0
853,3.801626835899272e-08,-1.811406835899272e-08,1
854,3.116441782764384e-08,-1.235611782764384e-08,0
855,2.0794392195392343e-08,3.2939078046076574e-09,0
856,7.154763555118001e-09,2.9664036444882e-08,0
857,4.69409647742261e-09,5.566900352257739e-08,0
858,2.1173347347583734e-08,7.329285265241626e-08,0
859,7.404238119009463e-08,7.504561880990536e-08,0
860,1.5974196852104852e-07,6.854203147895146e-08,0
861,2.0073607722168837e-07,1.0911092277831164e-07,0
862,1.5198724660654144e-07,1.810977533934586e-07,0
863,7.546093894505624e-08,1.7053206105494374e-07,1
864,2.251590896649299e-08,4.653360910335071e-07,1
865,3.812123179462764e-08,6.617407682053724e-07,1
866,4.079302870174052e-08,6.011479712982595e-07,1
867,3.1181207476582283e-08,3.7122879252341774e-07,1
868,1.804781545297944e-08,1.6805818454702056e-07,1
869,7.414421010617755e-09,6.397207898938225e-08,1
870,2.1949240995156226e-09,2.6042875900484373e-08,1
871,2.6731542433264447e-09,1.3641045756673556e-08,0
872,9.272710073381366e-09,9.880789926618634e-09,0
873,2.3568473695602357e-08,1.2967426304397648e-08,0
874,4.757484177301324e-08,3.787135822698677e-08,0
875,1.0068990313126896e-07,1.1367709686873102e-07,0
876,2.1660362407787056e-07,2.2388937592212947e-07,0
877,3.5452426044340404e-07,2.7500673955659594e-07,0
878,4.083490536463347e-07,1.9937894635366523e-07,0
879,3.4986788042247746e-07,6.635511957752257e-08,0
880,2.3463877270484678e-07,-1.4332772704846787e-08,0
881,1.2080052096155903e-07,-2.2042620961559033e-08,0
882,5.1893460407103855e-08,-9.590960407103857e-09,0
883,3.044151651828996e-08,-1.078991651828996e-08,0
884,2.1914890452952327e-08,-1.2371280452952326e-08,1
885,1.5190590876146957e-08,-9.491270876146957e-09,1
886,1.2125849127824399e-08,-3.863449127824399e-09,0
887,6.2323633570626956e-09,1.1490836642937305e-08,0
888,2.0308959744223625e-09,3.018060402557764e-08,0
889,6.41933432976354e-09,3.948276567023646e-08,0
890,3.348469680942695e-08,3.074280319057305e-08,0
891,1.0773800904578248e-07,2.8929909542175303e-09,0
892,2.1372921530309386e-07,-1.2985215303093845e-08,0
893,2.617696635919388e-07,4.484433640806122e-08,0
894,2.1197526513327423e-07,1.3470173486672583e-07,0
895,1.1414583445468107e-07,1.4986816554531893e-07,0
896,1.2059459183628494e-08,4.455665408163715e-07,1
897,2.536676214646104e-08,6.12375237853539e-07,1
898,2.830885771980505e-08,5.47516142280195e-07,1
899,1.5754339976653998e-08,3.48581660023346e-07,1
900,4.529803343014967e-09,1.6915819665698505e-07,0
901,7.864072528396042e-10,6.737249274716039e-08,0
902,1.8543277185147416e-10,2.5378667228148528e-08,0
903,7.415702559245602e-10,1.229592974407544e-08,0
904,2.713357141799013e-09,1.1598042858200985e-08,0
905,6.321598814254671e-09,2.266530118574533e-08,0
906,1.307574042564834e-08,6.959195957435166e-08,0
907,2.8805978147234248e-08,1.9112202185276572e-07,0
908,5.4101956534418e-08,3.4503504346558197e-07,0
909,7.361136174358069e-08,3.769186382564193e-07,0
910,7.983301339695202e-08,2.42848986603048e-07,0
911,7.565497164634772e-08,8.72820283536523e-08,0
912,5.5440545787408376e-08,1.3618654212591618e-08,0
913,2.5711524946094568e-08,3.822775053905433e-09,0
914,9.624859935968798e-09,5.245240064031201e-09,0
915,6.486159329992802e-09,1.9359606700071993e-09,0
916,3.979193729403527e-09,5.577062705964728e-10,0
917,2.0423663319053417e-09,3.0119736680946584e-09,0
918,1.2161270475541069e-09,1.3066672952445893e-08,0
919,7.386076335721577e-10,3.484689236642784e-08,0
920,3.7129536191373706e-09,6.312744638086262e-08,0
921,2.2954611675037912e-08,7.453898832496211e-08,0
922,8.98546488798315e-08,4.2255351120168504e-08,0
923,2.4873205011474306e-07,-3.818805011474305e-08,0
924,4.7444839690980224e-07,-1.1545539690980225e-07,0
925,6.050980294001054e-07,-8.608602940010538e-08,0
926,5.113738000296543e-07,5.096419997034566e-08,0
927,2.7402150788175275e-07,1.4507049211824723e-07,0
928,5.088453456981089e-08,4.765414654301891e-07,0
929,7.767771613786164e-08,6.574142838621384e-07,0
930,5.6240827143238296e-08,6.029901728567618e-07,0
931,2.111736590993477e-08,3.9225863409006524e-07,0
932,4.8281381997650076e-09,1.9229286180023497e-07,0
933,7.584053806546325e-10,7.602609461934536e-08,0
934,8.019345463821695e-11,2.8190006545361784e-08,1
935,7.650954743761045e-11,1.763109045256239e-08,0
936,5.113681426423417e-10,2.7093731857357658e-08,0
937,2.680194479450509e-09,5.605610552054949e-08,0
938,9.522830626918496e-09,1.188671693730815e-07,0
939,2.421013818824803e-08,2.2604686181175194e-07,0
940,4.4946355010426514e-08,3.127156449895735e-07,0
941,5.935838966890917e-08,2.7599061033109085e-07,0
942,5.794530022721697e-08,1.50003699772783e-07,0
943,3.948945383056821e-08,5.95775461694318e-08,0
944,1.606341308787154e-08,3.071908691212846e-08,0
945,3.780210264203775e-09,2.0611389735796223e-08,0
946,7.431462728045432e-10,1.2597053727195456e-08,0
947,3.200818863994152e-10,7.541298113600585e-09,0
948,2.4248869087990734e-10,6.145121309120092e-09,0
949,5.288963444810688e-10,9.51070365551893e-09,0
950,1.3189997416589889e-09,2.492060025834101e-08,0
951,5.117626112767139e-09,6.530017388723287e-08,0
952,2.3832274137052283e-08,1.2660972586294772e-07,0
953,9.992011288134762e-08,1.518588871186524e-07,0
954,3.323598480977334e-07,5.5386151902266625e-08,0
955,7.725879042227238e-07,-1.2501890422272375e-07,0
956,1.2500746233754157e-06,-1.842546233754155e-07,0
957,1.4654642013781344e-06,-3.80942013781345e-08,0
958,1.2182148398325537e-06,1.815751601674461e-07,0
959,6.790995395471136e-07,2.6336546045288634e-07,0
960,2.0730402955821193e-07,5.199479704417881e-07,0
961,2.3150580572523907e-07,7.26472194274761e-07,0
962,1.24323046577145e-07,6.798069534228549e-07,0
963,3.879459805981049e-08,4.3920540194018954e-07,0
964,8.946931424387652e-09,2.1133706857561237e-07,1
965,1.3671401864220903e-09,8.233765981357792e-08,1
966,1.7588265945108155e-10,3.508431734054892e-08,0
967,1.2672779935416165e-09,3.7127822006458384e-08,0
968,9.891556929270742e-09,6.353104307072926e-08,0
969,3.878140886364177e-08,9.113159113635825e-08,0
970,9.09407717407229e-08,1.0942222825927711e-07,0
971,1.4890266361104813e-07,1.2687333638895187e-07,0
972,1.7597931981625297e-07,1.3817768018374705e-07,0
973,1.4837370097531148e-07,1.2268829902468851e-07,0
974,8.960332075343629e-08,9.29856792465637e-08,0
975,3.8428381528879866e-08,7.471761847112013e-08,0
976,1.1590308031567762e-08,5.769559196843224e-08,0
977,2.33059594702256e-09,3.588970405297744e-08,0
978,2.9327648238541614e-10,1.9969823517614584e-08,0
979,4.58923652265622e-10,1.4645476347734377e-08,0
980,2.8062906331912925e-09,1.4199309366808706e-08,0
981,7.937475532643387e-09,1.4898124467356615e-08,0
982,1.619217879447246e-08,2.8531921205527543e-08,0
983,4.487242581047293e-08,6.826657418952708e-08,0
984,1.3120888408346742e-07,1.236901159165326e-07,0
985,3.938654689052764e-07,9.471853109472365e-08,0
986,1.0413737897713766e-06,-1.4061078977137654e-07,0
987,2.0565015912311062e-06,-3.900715912311062e-07,0
988,3.0221492983657845e-06,-3.1168929836578467e-07,0
989,3.3868505606901404e-06,-1.0470560690140085e-08,0
990,2.8031957832524435e-06,1.9616421674755626e-07,0
991,1.5618208847646308e-06,2.413891152353692e-07,0
992,2.545173660635581e-07,3.7345463393644185e-07,0
993,2.062636314097762e-07,5.079533685902239e-07,0
994,8.007947870759093e-08,4.477695212924091e-07,0
995,1.8964345240231247e-08,2.6409165475976875e-07,0
996,3.4513089624841914e-09,1.1559769103751581e-07,1
997,4.111272857643817e-10,4.367777271423563e-08,1
998,6.444595613795267e-10,2.7882240438620475e-08,0
999,7.125085041555321e-09,4.082421495844468e-08,0
1000,3.6381621809997374e-08,4.939887819000262e-08,0
1001,9.43488743235394e-08,3.550212567646059e-08,0
1002,1.5441477604588402e-07,1.9066223954115973e-08,0
1003,1.8953512889407445e-07,1.8413871105925524e-08,0
1004,1.7894367959282813e-07,3.256232040717188e-08,0
1005,1.2526700330022105e-07,4.799299669977895e-08,0
1006,6.557640256828381e-08,5.503159743171621e-08,0
1007,2.9777649187544597e-08,4.9559950812455414e-08,0
1008,1.0604412406350195e-08,3.744638759364981e-08,0
1009,2.092840967077928e-09,2.452875903292207e-08,0
1010,3.763115970489778e-10,1.6728688402951023e-08,0
1011,1.9648853166803547e-09,1.3740214683319645e-08,0
1012,8.339189189740512e-09,9.001410810259486e-09,0
1013,1.737072782914439e-08,5.135772170855609e-09,0
1014,3.385947772564913e-08,1.0978022274350863e-08,0
1015,8.349357504983901e-08,2.5784424950160986e-08,0
1016,2.0523512730952406e-07,3.7621872690475904e-08,0
1017,5.624966862662009e-07,-5.859568626620094e-08,0
1018,1.3391697936377724e-06,-3.058497936377724e-07,0
1019,2.347122036353135e-06,-4.01292036353135e-07,0
1020,3.0896147510308763e-06,-1.4649475103087638e-07,0
1021,3.1763674908438183e-06,9.752250915618201e-08,0
1022,2.3962772417026487e-06,1.4766275829735143e-07,0
1023,1.158676493340641e-06,1.435835066593589e-07,0
