,Q165K,max,diff,True
0,2.3404410224672496e-06,9.901643916118388e-07,-9.254510224672497e-07,1
1,3.457319152661503e-06,9.901643916118388e-07,-1.446679152661503e-06,1
2,3.0870143399011955e-06,9.901643916118388e-07,-1.4459243399011955e-06,1
3,1.767433633161401e-06,9.901643916118388e-07,-8.768786331614011e-07,1
4,7.045677064888255e-07,9.901643916118388e-07,-3.275597064888255e-07,0
5,2.441179137903703e-07,9.901643916118388e-07,-1.0264491379037031e-07,0
6,1.1265910966842472e-07,9.901643916118388e-07,-4.2224709668424734e-08,0
7,9.711326845367816e-08,9.901643916118388e-07,-1.3091684536781548e-09,0
8,1.9856655501419467e-07,9.901643916118388e-07,-8.090555014194674e-09,0
9,4.3855703699779997e-07,9.901643916118388e-07,-1.0441303699779996e-07,0
10,6.501969380415379e-07,9.901643916118388e-07,-1.4110293804153794e-07,0
11,5.957098262777487e-07,9.901643916118388e-07,8.996317372225135e-08,0
12,3.410017362961663e-07,9.901643916118388e-07,4.572772637038337e-07,0
13,1.4829813838605392e-07,9.901643916118388e-07,6.42009861613946e-07,1
14,9.700412827287136e-08,9.901643916118388e-07,5.771238717271287e-07,1
15,1.239217726174599e-07,9.901643916118388e-07,3.854882273825401e-07,1
16,1.6022464206853128e-07,9.901643916118388e-07,1.9387135793146869e-07,0
17,1.5374767219248814e-07,9.901643916118388e-07,7.911632780751187e-08,0
18,1.0362463734859827e-07,9.901643916118388e-07,3.724836265140175e-08,0
19,6.397389463769282e-08,9.901643916118388e-07,2.396280536230718e-08,0
20,7.272533526247139e-08,9.901643916118388e-07,9.9315647375286e-09,0
21,1.1204868644999144e-07,9.901643916118388e-07,4.54131355000856e-09,0
22,1.591717030665601e-07,9.901643916118388e-07,2.8645296933439908e-08,0
23,2.807728045753726e-07,9.901643916118388e-07,3.751519542462743e-08,0
24,7.190190873152451e-07,9.901643916118388e-07,-1.0624108731524513e-07,0
25,1.968472573482095e-06,9.901643916118388e-07,-5.88072573482095e-07,1
26,4.689446486445517e-06,9.901643916118388e-07,-1.4549164864455174e-06,1
27,9.361837046753346e-06,9.901643916118388e-07,-2.5113570467533456e-06,1
28,1.5474066191794875e-05,9.901643916118388e-07,-3.696066191794875e-06,1
29,2.023735682281918e-05,9.901643916118388e-07,-4.971156822819179e-06,1
30,1.9540135623589374e-05,9.901643916118388e-07,-5.376335623589373e-06,1
31,1.3004656923115665e-05,9.901643916118388e-07,-4.0829969231156645e-06,1
32,4.791858998279433e-06,9.901643916118388e-07,-9.085089982794333e-07,0
33,5.952434199706044e-06,9.901643916118388e-07,-1.1734241997060442e-06,0
34,4.548859826991127e-06,9.901643916118388e-07,-1.104179826991127e-06,0
35,2.3447387169370497e-06,9.901643916118388e-07,-6.516287169370499e-07,0
36,1.0272889169337042e-06,9.901643916118388e-07,-3.4038791693370427e-07,0
37,5.769730308299171e-07,9.901643916118388e-07,-2.914790308299171e-07,1
38,4.215614854354438e-07,9.901643916118388e-07,-2.344924854354438e-07,1
39,4.0942143243371907e-07,9.901643916118388e-07,-1.4893743243371905e-07,0
40,7.877382100400519e-07,9.901643916118388e-07,-3.0842321004005185e-07,0
41,1.5948661154721482e-06,9.901643916118388e-07,-7.656441154721482e-07,0
42,2.1251431202420586e-06,9.901643916118388e-07,-8.769631202420586e-07,0
43,1.741916863228138e-06,9.901643916118388e-07,-9.693686322813802e-08,0
44,9.592360768786492e-07,9.901643916118388e-07,9.75103923121351e-07,0
45,5.349825621741724e-07,9.901643916118388e-07,1.5070474378258276e-06,1
46,5.343738191369792e-07,9.901643916118388e-07,1.3949361808630206e-06,1
47,7.114950685384209e-07,9.901643916118388e-07,9.277849314615791e-07,1
48,8.307795486074319e-07,9.901643916118388e-07,4.35230451392568e-07,0
49,7.184212717678219e-07,9.901643916118388e-07,1.5072772823217818e-07,0
50,4.485680575078851e-07,9.901643916118388e-07,9.147494249211496e-08,0
51,2.806027527962345e-07,9.901643916118388e-07,9.300324720376545e-08,0
52,3.234000058608677e-07,9.901643916118388e-07,4.814099413913227e-08,0
53,4.7071431900213967e-07,9.901643916118388e-07,3.208668099786034e-08,0
54,6.351780528270156e-07,9.901643916118388e-07,9.827294717298445e-08,0
55,9.95426517603852e-07,9.901643916118388e-07,1.3937348239614803e-07,0
56,2.1854439777977903e-06,9.901643916118388e-07,-4.5793977797790385e-08,0
57,5.5514051252771125e-06,9.901643916118388e-07,-6.70235125277113e-07,0
58,1.2997236112194769e-05,9.901643916118388e-07,-1.6008361121947673e-06,0
59,2.5366251306153686e-05,9.901643916118388e-07,-2.288751306153686e-06,0
60,3.939406662357881e-05,9.901643916118388e-07,-2.846866623578807e-06,0
61,4.672900162496762e-05,9.901643916118388e-07,-3.959401624967625e-06,0
62,4.031978755048936e-05,9.901643916118388e-07,-4.732787550489363e-06,1
63,2.3983105769312895e-05,9.901643916118388e-07,-3.917605769312895e-06,1
64,5.356354828162629e-06,9.901643916118388e-07,-1.619748281626287e-07,0
65,6.063010389008395e-06,9.901643916118388e-07,-2.0840038900839412e-07,0
66,4.350091717548552e-06,9.901643916118388e-07,-4.4371171754855095e-07,0
67,2.3883511045399483e-06,9.901643916118388e-07,-5.645611045399481e-07,0
68,1.5044649993220681e-06,9.901643916118388e-07,-7.406569993220682e-07,1
69,1.2628360808180505e-06,9.901643916118388e-07,-8.814340808180504e-07,1
70,1.0419350851874666e-06,9.901643916118388e-07,-7.621890851874666e-07,1
71,9.465082423512056e-07,9.901643916118388e-07,-6.134142423512056e-07,1
72,1.5070998028908356e-06,9.901643916118388e-07,-9.408808028908357e-07,1
73,2.612687128883192e-06,9.901643916118388e-07,-1.6283131288831918e-06,1
74,3.0795998853821063e-06,9.901643916118388e-07,-1.5652798853821061e-06,1
75,2.3489208018945282e-06,9.901643916118388e-07,-2.3368080189452831e-07,0
76,1.4650535422782857e-06,9.901643916118388e-07,1.3159064577217142e-06,0
77,1.3236752850455161e-06,9.901643916118388e-07,2.0705447149544834e-06,1
78,1.7816731272641212e-06,9.901643916118388e-07,1.9670468727358783e-06,1
79,2.374426724596589e-06,9.901643916118388e-07,1.341433275403411e-06,0
80,2.5866915071622e-06,9.901643916118388e-07,6.324884928377999e-07,0
81,2.0935788832393545e-06,9.901643916118388e-07,2.5979111676064575e-07,0
82,1.2690365074469802e-06,9.901643916118388e-07,2.5495349255301993e-07,0
83,7.669016278928024e-07,9.901643916118388e-07,2.8754837210719755e-07,0
84,7.664148152613533e-07,9.901643916118388e-07,2.299941847386466e-07,0
85,1.044693655487388e-06,9.901643916118388e-07,2.136963445126121e-07,0
86,1.4142135353656466e-06,9.901643916118388e-07,2.8497646463435355e-07,0
87,2.10276009126351e-06,9.901643916118388e-07,3.478799087364901e-07,0
88,4.357036958293454e-06,9.901643916118388e-07,1.5926304170654616e-07,0
89,1.0951422560943043e-05,9.901643916118388e-07,-5.501225609430413e-07,0
90,2.472479282042608e-05,9.901643916118388e-07,-1.0934928204260775e-06,0
91,4.426779444425929e-05,9.901643916118388e-07,1.894055557407178e-07,0
92,6.105905237992772e-05,9.901643916118388e-07,2.771047620072278e-06,0
93,6.39136465979441e-05,9.901643916118388e-07,3.2730534020558968e-06,0
94,4.93218370279559e-05,9.901643916118388e-07,1.0553629720441e-06,0
95,2.6818152948120667e-05,9.901643916118388e-07,-1.0748529481206688e-06,0
96,5.449272041219329e-06,9.901643916118388e-07,-8.993720412193289e-07,0
97,6.025298606848255e-06,9.901643916118388e-07,-1.132568606848255e-06,0
98,4.280407282808811e-06,9.901643916118388e-07,-1.143307282808811e-06,1
99,2.5513109091139557e-06,9.901643916118388e-07,-1.1141409091139555e-06,1
100,1.9579671314111053e-06,9.901643916118388e-07,-1.3031431314111055e-06,1
101,1.7901752418988831e-06,9.901643916118388e-07,-1.3932972418988831e-06,1
102,1.4130633740277515e-06,9.901643916118388e-07,-1.1141733740277516e-06,1
103,1.0798810046211188e-06,9.901643916118388e-07,-7.859970046211188e-07,1
104,1.3435126340681385e-06,9.901643916118388e-07,-9.067146340681386e-07,1
105,2.029291410338057e-06,9.901643916118388e-07,-1.260826410338057e-06,1
106,2.2398599753837387e-06,9.901643916118388e-07,-9.020799753837386e-07,1
107,1.8446802295157925e-06,9.901643916118388e-07,3.951197704842072e-07,0
108,1.827407323843605e-06,9.901643916118388e-07,1.6665126761563948e-06,1
109,2.760128994838628e-06,9.901643916118388e-07,2.1947410051613715e-06,1
110,4.2677513236199415e-06,9.901643916118388e-07,2.0674986763800586e-06,0
111,5.517757200394317e-06,9.901643916118388e-07,1.5380327996056823e-06,0
112,5.608780522030956e-06,9.901643916118388e-07,8.75489477969044e-07,0
113,4.330235397894967e-06,9.901643916118388e-07,5.053746021050323e-07,0
114,2.569022999926041e-06,9.901643916118388e-07,5.535370000739585e-07,0
115,1.40411773141004e-06,9.901643916118388e-07,7.062222685899601e-07,1
116,1.2036777942156454e-06,9.901643916118388e-07,7.350022057843546e-07,0
117,1.7176821206873795e-06,9.901643916118388e-07,7.265278793126206e-07,0
118,2.511370180790791e-06,9.901643916118388e-07,7.996798192092094e-07,0
119,3.7941803895142718e-06,9.901643916118388e-07,8.321296104857282e-07,0
120,7.807252535274859e-06,9.901643916118388e-07,3.9477746472514025e-07,0
121,1.886811899705906e-05,9.901643916118388e-07,-8.168189970590583e-07,0
122,3.9217637626481705e-05,9.901643916118388e-07,-1.3777376264817088e-06,0
123,6.280590688344118e-05,9.901643916118388e-07,1.2845931165588202e-06,0
124,7.63902149633137e-05,9.901643916118388e-07,5.760285036686297e-06,0
125,7.075100525049126e-05,9.901643916118388e-07,6.653394749508735e-06,1
126,4.949216899581061e-05,9.901643916118388e-07,3.006831004189382e-06,0
127,2.530665906270616e-05,9.901643916118388e-07,-6.893590627061625e-07,0
128,4.982021157354108e-06,9.901643916118388e-07,-1.6529011573541086e-06,1
129,5.1991475029146334e-06,9.901643916118388e-07,-1.7047975029146336e-06,1
130,3.593513653898569e-06,9.901643916118388e-07,-1.3847736538985684e-06,1
131,2.3548790408894704e-06,9.901643916118388e-07,-1.2861490408894706e-06,1
132,2.038555668939822e-06,9.901643916118388e-07,-1.4518916689398219e-06,1
133,1.7989486794575237e-06,9.901643916118388e-07,-1.3937766794575237e-06,1
134,1.2506921631926373e-06,9.901643916118388e-07,-9.610051631926373e-07,1
135,7.596331851186889e-07,9.901643916118388e-07,-5.305191851186889e-07,1
136,7.161642677973427e-07,9.901643916118388e-07,-4.259192677973427e-07,1
137,9.959276987624905e-07,9.901643916118388e-07,-4.131746987624905e-07,1
138,1.2223767727463776e-06,9.901643916118388e-07,8.98632272536223e-08,0
139,1.5892504495458491e-06,9.901643916118388e-07,1.116369550454151e-06,1
140,2.828621255171732e-06,9.901643916118388e-07,2.0117487448282677e-06,1
141,5.2056515491355315e-06,9.901643916118388e-07,2.409528450864469e-06,1
142,7.998895411715812e-06,9.901643916118388e-07,2.4350045882841877e-06,0
143,9.795167726486297e-06,9.901643916118388e-07,2.005532273513702e-06,0
144,9.444195037368552e-06,9.901643916118388e-07,1.101704962631446e-06,0
145,7.093272896172835e-06,9.901643916118388e-07,3.789571038271658e-07,0
146,4.157388664730432e-06,9.901643916118388e-07,3.8842133526956776e-07,0
147,2.1509715197962207e-06,9.901643916118388e-07,7.838284802037796e-07,0
148,1.7091712560532659e-06,9.901643916118388e-07,1.0615187439467343e-06,0
149,2.488986166944216e-06,9.901643916118388e-07,1.2919138330557839e-06,0
150,3.6968832898107545e-06,9.901643916118388e-07,1.6176267101892459e-06,1
151,5.5647914903290375e-06,9.901643916118388e-07,1.932098509670962e-06,1
152,1.1275270172611992e-05,9.901643916118388e-07,1.7891298273880074e-06,0
153,2.585161294498101e-05,9.901643916118388e-07,8.877870550189908e-07,0
154,4.969347313207641e-05,9.901643916118388e-07,6.702268679235887e-07,0
155,7.288279336891364e-05,9.901643916118388e-07,2.8472066310863546e-06,0
156,8.103649009172282e-05,9.901643916118388e-07,5.3168099082771776e-06,0
157,6.910170237095208e-05,9.901643916118388e-07,4.3399976290479215e-06,0
158,4.524985808850432e-05,9.901643916118388e-07,6.452419114956823e-07,0
159,2.203393870584033e-05,9.901643916118388e-07,-1.8317387058403294e-06,1
160,3.447964517660248e-06,9.901643916118388e-07,-9.897245176602477e-07,1
161,3.5834078691176765e-06,9.901643916118388e-07,-9.209278691176767e-07,1
162,2.772280403992239e-06,9.901643916118388e-07,-9.413404039922387e-07,1
163,2.251529993653381e-06,9.901643916118388e-07,-1.190079993653381e-06,1
164,2.0511926346768942e-06,9.901643916118388e-07,-1.3505896346768942e-06,1
165,1.627867370028197e-06,9.901643916118388e-07,-1.119496370028197e-06,1
166,9.764840466533536e-07,9.901643916118388e-07,-6.329530466533536e-07,1
167,4.7119448485086004e-07,9.901643916118388e-07,-2.3653248485086003e-07,1
168,3.251287931817173e-07,9.901643916118388e-07,-5.580479318171724e-08,0
169,4.920786312624586e-07,9.901643916118388e-07,1.4924036873754143e-07,0
170,9.90081983178431e-07,9.901643916118388e-07,7.54178016821569e-07,1
171,2.2693488632604054e-06,9.901643916118388e-07,1.7855211367395941e-06,1
172,5.00586458163934e-06,9.901643916118388e-07,2.7942454183606604e-06,1
173,9.190285491279358e-06,9.901643916118388e-07,3.3928145087206417e-06,1
174,1.3445395249539733e-05,9.901643916118388e-07,3.3607047504602654e-06,1
175,1.5661651021936983e-05,9.901643916118388e-07,2.180048978063019e-06,0
176,1.457982360309679e-05,9.901643916118388e-07,5.107639690320961e-08,0
177,1.0770625341473616e-05,9.901643916118388e-07,-1.336645341473616e-06,0
178,6.263403335013132e-06,9.901643916118388e-07,-1.015213335013133e-06,0
179,3.131087186882342e-06,9.901643916118388e-07,1.8632813117658e-08,0
180,2.123395011851027e-06,9.901643916118388e-07,8.252049881489732e-07,0
181,2.6344855765000494e-06,9.901643916118388e-07,1.4803144234999506e-06,0
182,3.7504920239970915e-06,9.901643916118388e-07,2.2490479760029095e-06,1
183,6.056974908322636e-06,9.901643916118388e-07,3.123945091677364e-06,1
184,1.3070882393508645e-05,9.901643916118388e-07,3.5444176064913545e-06,1
185,2.8914845478313426e-05,9.901643916118388e-07,3.185454521686575e-06,0
186,5.1811526830751424e-05,9.901643916118388e-07,3.244373169248579e-06,0
187,7.0808103814624e-05,9.901643916118388e-07,4.355196185376004e-06,0
188,7.373677652792493e-05,9.901643916118388e-07,4.567423472075073e-06,0
189,5.9134228742677957e-05,9.901643916118388e-07,2.5966712573220456e-06,0
190,3.651281852377714e-05,9.901643916118388e-07,3.378147622286256e-08,0
191,1.6840954283061275e-05,9.901643916118388e-07,-1.2083542830612748e-06,0
192,2.530343551146033e-06,9.901643916118388e-07,-2.3987355114603304e-07,0
193,3.0105749876598743e-06,9.901643916118388e-07,-2.3321498765987423e-07,0
194,2.822040829710069e-06,9.901643916118388e-07,-6.081408297100693e-07,0
195,2.52017309008071e-06,9.901643916118388e-07,-1.04602309008071e-06,1
196,2.1092544311050963e-06,9.901643916118388e-07,-1.0982344311050962e-06,1
197,1.4461771381055766e-06,9.901643916118388e-07,-7.480701381055766e-07,1
198,7.469917877026326e-07,9.901643916118388e-07,-3.0244778770263265e-07,0
199,3.040886096658737e-07,9.901643916118388e-07,-6.977609665873758e-09,0
200,2.076346374443284e-07,9.901643916118388e-07,1.7303836255567162e-07,0
201,5.023596653399918e-07,9.901643916118388e-07,5.299303346600082e-07,1
202,1.5448274515875285e-06,9.901643916118388e-07,1.4202625484124719e-06,1
203,4.227751070077962e-06,9.901643916118388e-07,2.8024889299220367e-06,1
204,9.41312025941932e-06,9.901643916118388e-07,4.003479740580681e-06,1
205,1.6368373233228933e-05,9.901643916118388e-07,4.444526766771065e-06,1
206,2.2372446057944845e-05,9.901643916118388e-07,3.665153942055158e-06,1
207,2.4580912598632536e-05,9.901643916118388e-07,8.952874013674624e-07,0
208,2.1825541481535325e-05,9.901643916118388e-07,-2.644241481535323e-06,1
209,1.5442438826668812e-05,9.901643916118388e-07,-3.969838826668813e-06,1
210,8.689389414292685e-06,9.901643916118388e-07,-2.6698794142926843e-06,1
211,4.209555213360894e-06,9.901643916118388e-07,-8.384352133608945e-07,0
212,2.3916985771987132e-06,9.901643916118388e-07,3.5292142280128685e-07,0
213,2.275270061043853e-06,9.901643916118388e-07,1.1963899389561467e-06,0
214,3.1557330856387503e-06,9.901643916118388e-07,2.182176914361249e-06,1
215,5.966018003113622e-06,9.901643916118388e-07,3.3194619968863776e-06,1
216,1.3655459004135069e-05,9.901643916118388e-07,4.038140995864931e-06,1
217,2.8800841448114086e-05,9.901643916118388e-07,4.211758551885917e-06,1
218,4.859916534283464e-05,9.901643916118388e-07,5.17563465716536e-06,1
219,6.314186504481159e-05,9.901643916118388e-07,6.932934955188405e-06,1
220,6.312573979223765e-05,9.901643916118388e-07,6.790460207762355e-06,1
221,4.914982347524055e-05,9.901643916118388e-07,4.136676524759447e-06,0
222,3.0024394803663048e-05,9.901643916118388e-07,1.2819051963369541e-06,0
223,1.4103850064079205e-05,9.901643916118388e-07,-3.0035006407920587e-07,0
224,2.988112214495849e-06,9.901643916118388e-07,1.5721778550415103e-07,0
225,3.998263155707756e-06,9.901643916118388e-07,8.590684429224346e-08,0
226,3.8894884748654696e-06,9.901643916118388e-07,-5.018984748654695e-07,0
227,3.114214708934812e-06,9.901643916118388e-07,-8.802847089348121e-07,0
228,2.1413898895941707e-06,9.901643916118388e-07,-7.185798895941707e-07,0
229,1.1956439970428195e-06,9.901643916118388e-07,-3.080999970428195e-07,0
230,5.070308220393472e-07,9.901643916118388e-07,2.315317796065281e-08,0
231,1.9440272917763297e-07,9.901643916118388e-07,1.9548827082236701e-07,0
232,2.520136744338545e-07,9.901643916118388e-07,3.920123255661456e-07,0
233,9.118563902601637e-07,9.901643916118388e-07,9.55853609739836e-07,1
234,3.1413156172870752e-06,9.901643916118388e-07,2.1740543827129243e-06,1
235,8.732533889485005e-06,9.901643916118388e-07,3.680366110514994e-06,1
236,1.849816347591243e-05,9.901643916118388e-07,4.502136524087569e-06,1
237,2.9770577188161132e-05,9.901643916118388e-07,4.176822811838868e-06,1
238,3.7716352237617853e-05,9.901643916118388e-07,2.126947762382145e-06,0
239,3.869095275653884e-05,9.901643916118388e-07,-2.104152756538842e-06,0
240,3.195519219811416e-05,9.901643916118388e-07,-5.8076921981141624e-06,1
241,2.0898053767084672e-05,9.901643916118388e-07,-5.779453767084673e-06,1
242,1.1125076266259124e-05,9.901643916118388e-07,-3.1660362662591234e-06,1
243,5.5773114954414116e-06,9.901643916118388e-07,-9.096014954414123e-07,0
244,3.491731274001256e-06,9.901643916118388e-07,2.1153872599874394e-07,0
245,3.136755731291882e-06,9.901643916118388e-07,9.098642687081182e-07,0
246,3.927827895813903e-06,9.901643916118388e-07,1.5787421041860966e-06,0
247,7.0369459576712415e-06,9.901643916118388e-07,2.136084042328759e-06,1
248,1.4809837744910474e-05,9.901643916118388e-07,2.5946622550895253e-06,1
249,2.8764023563349467e-05,9.901643916118388e-07,3.9235764366505345e-06,1
250,4.619533301746252e-05,9.901643916118388e-07,7.443866982537482e-06,1
251,5.917281428036788e-05,9.901643916118388e-07,1.1050085719632121e-05,1
252,6.040476495096355e-05,9.901643916118388e-07,1.0481735049036446e-05,1
253,4.9920616778063345e-05,9.901643916118388e-07,6.31078322193666e-06,1
254,3.3428381495902034e-05,9.901643916118388e-07,2.3266185040979654e-06,0
255,1.7314763765618872e-05,9.901643916118388e-07,1.1443623438112677e-07,0
256,4.3137055651030336e-06,9.901643916118388e-07,3.062844348969664e-07,0
257,5.581462455470842e-06,9.901643916118388e-07,9.446754452915896e-08,0
258,4.887844725204104e-06,9.901643916118388e-07,-5.308547252041039e-07,0
259,3.272739542250836e-06,9.901643916118388e-07,-6.558195422508362e-07,0
260,1.8199769120572072e-06,9.901643916118388e-07,-3.287869120572072e-07,0
261,8.172304021650173e-07,9.901643916118388e-07,1.7695597834982602e-08,0
262,2.8794024450235894e-07,9.901643916118388e-07,2.0217675549764108e-07,0
263,1.5241896891838856e-07,9.901643916118388e-07,2.939270310816114e-07,0
264,4.65990721242581e-07,9.901643916118388e-07,5.13460278757419e-07,0
265,2.022401446150521e-06,9.901643916118388e-07,1.124038553849479e-06,0
266,7.139498833907307e-06,9.901643916118388e-07,2.1982911660926926e-06,0
267,1.8960635532720615e-05,9.901643916118388e-07,3.173964467279385e-06,0
268,3.7036429261585095e-05,9.901643916118388e-07,3.226970738414903e-06,1
269,5.4518099474947446e-05,9.901643916118388e-07,2.0271005250525556e-06,0
270,6.304485378933058e-05,9.901643916118388e-07,-9.854537893305801e-07,0
271,5.826938775764303e-05,9.901643916118388e-07,-5.222087757643036e-06,1
272,4.23954357525949e-05,9.901643916118388e-07,-7.045535752594901e-06,1
273,2.4305110582310848e-05,9.901643916118388e-07,-4.846310582310847e-06,1
274,1.2246834661020593e-05,9.901643916118388e-07,-1.7402346610205924e-06,0
275,7.13760869223577e-06,9.901643916118388e-07,-1.8132869223576968e-07,0
276,5.641350194745144e-06,9.901643916118388e-07,2.651498052548565e-07,0
277,5.3278293966480416e-06,9.901643916118388e-07,4.4888060335195754e-07,0
278,6.132180078061985e-06,9.901643916118388e-07,3.61979921938014e-07,0
279,9.747949593198706e-06,9.901643916118388e-07,-1.400095931987062e-07,0
280,1.8528617333079373e-05,9.901643916118388e-07,-1.5881733307937138e-07,0
281,3.3823590494744455e-05,9.901643916118388e-07,2.6949095052555442e-06,0
282,5.3212246625821604e-05,9.901643916118388e-07,9.284853374178398e-06,1
283,6.954302199419739e-05,9.901643916118388e-07,1.4689978005802599e-05,1
284,7.526631257229241e-05,9.901643916118388e-07,1.3673787427707595e-05,1
285,6.730074222719997e-05,9.901643916118388e-07,8.691057772800028e-06,1
286,4.800142558990306e-05,9.901643916118388e-07,4.289974410096948e-06,1
287,2.542196132689457e-05,9.901643916118388e-07,1.2206386731054317e-06,0
288,4.599093293143766e-06,9.901643916118388e-07,1.6297670685623422e-07,0
289,5.2917375251767895e-06,9.901643916118388e-07,-9.761752517679067e-08,0
290,3.9463174109769535e-06,9.901643916118388e-07,-4.264974109769536e-07,0
291,2.1746731103770057e-06,9.901643916118388e-07,-3.2899311037700583e-07,0
292,9.827813560588938e-07,9.901643916118388e-07,-8.306935605889389e-08,0
293,3.597281757454081e-07,9.901643916118388e-07,8.770482425459185e-08,0
294,1.2015060766602768e-07,9.901643916118388e-07,1.6444939233397232e-07,0
295,1.7547334324967807e-07,9.901643916118388e-07,2.192866567503219e-07,0
296,9.588948820048828e-07,9.901643916118388e-07,3.2159511799511717e-07,0
297,4.5204779763090034e-06,9.901643916118388e-07,3.969920236909961e-07,0
298,1.5518948720219155e-05,9.901643916118388e-07,3.0055127978084506e-07,0
299,3.786366384638946e-05,9.901643916118388e-07,1.047361536105407e-07,0
300,6.645099694990214e-05,9.901643916118388e-07,-1.4199694990214633e-07,0
301,8.698897669539859e-05,9.901643916118388e-07,-9.197766953985848e-07,0
302,8.786612293642757e-05,9.901643916118388e-07,-2.9523229364275804e-06,0
303,6.898874264621099e-05,9.901643916118388e-07,-5.205742646210995e-06,1
304,4.186320797778854e-05,9.901643916118388e-07,-4.90380797778854e-06,1
305,2.0571049446934645e-05,9.901643916118388e-07,-2.3753494469346457e-06,1
306,1.0156854627154846e-05,9.901643916118388e-07,-5.242946271548456e-07,0
307,6.8280621902596674e-06,9.901643916118388e-07,-1.307221902596678e-07,0
308,5.914988949753317e-06,9.901643916118388e-07,-2.3039894975331621e-07,0
309,5.6733055456023874e-06,9.901643916118388e-07,-3.655555456023873e-07,0
310,6.788713794462016e-06,9.901643916118388e-07,-8.217837944620164e-07,0
311,1.1548615791876934e-05,9.901643916118388e-07,-1.810355791876934e-06,0
312,2.3245612320940302e-05,9.901643916118388e-07,-2.054512320940301e-06,0
313,4.381433807425194e-05,9.901643916118388e-07,1.7556619257480587e-06,0
314,6.96735458941706e-05,9.901643916118388e-07,1.0207354105829395e-05,1
315,9.130040324163051e-05,9.901643916118388e-07,1.6736596758369496e-05,1
316,9.901643916118387e-05,9.901643916118388e-07,1.620056083881613e-05,1
317,8.789031022656568e-05,9.901643916118388e-07,1.1665389773434317e-05,1
318,6.060501375244893e-05,9.901643916118388e-07,6.530986247551075e-06,1
319,3.0012801240105846e-05,9.901643916118388e-07,1.890598759894158e-06,0
320,2.7913070316664286e-06,9.901643916118388e-07,-3.950703166642857e-08,0
321,2.7237903946805513e-06,9.901643916118388e-07,-4.956039468055119e-08,0
322,1.6680969404574758e-06,9.901643916118388e-07,-4.3396940457475714e-08,0
323,7.344447174841837e-07,9.901643916118388e-07,1.280828251581626e-08,0
324,2.619269228857201e-07,9.901643916118388e-07,4.252207711427994e-08,0
325,7.62298528113672e-08,9.901643916118388e-07,5.7388147188632796e-08,0
326,4.288403226434352e-08,9.901643916118388e-07,6.721096773565647e-08,0
327,2.5489977747727397e-07,9.901643916118388e-07,4.9653222522726014e-08,0
328,1.707941711012681e-06,9.901643916118388e-07,-1.9800171101268094e-07,0
329,7.958806916919509e-06,9.901643916118388e-07,-1.1701969169195073e-06,0
330,2.516723448594659e-05,9.901643916118388e-07,-2.805934485946589e-06,1
331,5.466275940845164e-05,9.901643916118388e-07,-3.7446594084516397e-06,0
332,8.41363317150387e-05,9.901643916118388e-07,-3.3815317150387116e-06,0
333,9.520839539265838e-05,9.901643916118388e-07,-3.0528953926583846e-06,0
334,8.093220657635489e-05,9.901643916118388e-07,-3.754306576354884e-06,0
335,5.177763668902034e-05,9.901643916118388e-07,-4.140636689020344e-06,1
336,2.526435724609664e-05,9.901643916118388e-07,-2.8354572460966434e-06,1
337,1.0432178672639917e-05,9.901643916118388e-07,-1.1341486726399167e-06,0
338,4.972719361822861e-06,9.901643916118388e-07,-4.4285936182286106e-07,0
339,3.5017577678629316e-06,9.901643916118388e-07,-4.484077678629319e-07,0
340,3.057184081401508e-06,9.901643916118388e-07,-5.253940814015077e-07,0
341,3.105955720976206e-06,9.901643916118388e-07,-6.073157209762063e-07,0
342,4.572148935375095e-06,9.901643916118388e-07,-1.0359789353750952e-06,0
343,1.0098802331752574e-05,9.901643916118388e-07,-2.207502331752574e-06,1
344,2.383942338487683e-05,9.901643916118388e-07,-3.1415233848768295e-06,1
345,4.744131608149671e-05,9.901643916118388e-07,-5.260160814967178e-07,0
346,7.456525780387179e-05,9.901643916118388e-07,6.4884421961282075e-06,0
347,9.353336910458155e-05,9.901643916118388e-07,1.2394630895418444e-05,1
348,9.609045721032541e-05,9.901643916118388e-07,1.2656542789674598e-05,1
349,7.982137012364268e-05,9.901643916118388e-07,8.683529876357321e-06,1
350,5.017623478868905e-05,9.901643916118388e-07,3.6787652113109496e-06,1
351,2.1986558160714113e-05,9.901643916118388e-07,2.876418392858883e-07,0
352,8.343134199588965e-07,9.901643916118388e-07,5.649358004110335e-08,0
353,6.765341905981261e-07,9.901643916118388e-07,1.2096980940187388e-07,0
354,3.3442919621890154e-07,9.901643916118388e-07,1.1733780378109841e-07,0
355,1.1503250572201369e-07,9.901643916118388e-07,7.55614942779863e-08,0
356,3.123410974997359e-08,9.901643916118388e-07,3.9226390250026406e-08,0
357,9.264456982828352e-09,9.901643916118388e-07,2.3087443017171653e-08,0
358,3.786845003997359e-08,9.901643916118388e-07,9.443249960026405e-09,0
359,3.4433209379452896e-07,9.901643916118388e-07,-9.577809379452897e-08,1
360,2.180425569178548e-06,9.901643916118388e-07,-6.649655691785481e-07,1
361,9.089810501191114e-06,9.901643916118388e-07,-2.2286605011911136e-06,1
362,2.5105003687413315e-05,9.901643916118388e-07,-4.255403687413313e-06,1
363,4.708260517633618e-05,9.901643916118388e-07,-5.058105176336185e-06,1
364,6.196650943545864e-05,9.901643916118388e-07,-4.404809435458642e-06,0
365,5.890282620734864e-05,9.901643916118388e-07,-3.841026207348641e-06,0
366,4.089953566223565e-05,9.901643916118388e-07,-3.667635662235655e-06,1
367,2.0742687621073334e-05,9.901643916118388e-07,-2.729487621073335e-06,1
368,7.903520808430897e-06,9.901643916118388e-07,-1.2894308084308974e-06,0
369,2.6471864831189357e-06,9.901643916118388e-07,-4.2019648311893557e-07,0
370,1.164749645912894e-06,9.901643916118388e-07,-2.0802764591289397e-07,0
371,8.199196516689416e-07,9.901643916118388e-07,-2.1950565166894156e-07,0
372,7.455290149095843e-07,9.901643916118388e-07,-2.3370101490958427e-07,0
373,9.567233827075848e-07,9.901643916118388e-07,-2.958603827075849e-07,0
374,2.2323026830555157e-06,9.901643916118388e-07,-7.149326830555158e-07,0
375,6.808235040986618e-06,9.901643916118388e-07,-1.9872150409866186e-06,1
376,1.792142897217697e-05,9.901643916118388e-07,-3.70952897217697e-06,1
377,3.5555020602145296e-05,9.901643916118388e-07,-3.588320602145296e-06,1
378,5.274826847151938e-05,9.901643916118388e-07,-3.7726847151937546e-07,0
379,6.108643322192454e-05,9.901643916118388e-07,3.0220667780754594e-06,0
380,5.7485566551479514e-05,9.901643916118388e-07,3.2398334485204857e-06,0
381,4.3005363976402294e-05,9.901643916118388e-07,1.057736023597708e-06,0
382,2.365105452768024e-05,9.901643916118388e-07,-5.964545276802395e-07,0
383,8.818724487401516e-06,9.901643916118388e-07,-7.463244874015152e-07,0
384,1.1528073153973472e-07,9.901643916118388e-07,5.974026846026527e-08,0
385,7.552828413946064e-08,9.901643916118388e-07,7.004471586053937e-08,0
386,2.922082672901832e-08,9.901643916118388e-07,4.826237327098167e-08,0
387,7.475746131482877e-09,9.901643916118388e-07,2.467175386851712e-08,0
388,1.6079115747076574e-09,9.901643916118388e-07,1.2218788425292343e-08,0
389,3.4364313768109328e-09,9.901643916118388e-07,6.595568623189067e-09,0
390,3.9013759311232284e-08,9.901643916118388e-07,-1.3224759311232284e-08,0
391,3.1635636771887364e-07,9.901643916118388e-07,-1.5100136771887366e-07,1
392,1.6805676489000454e-06,9.901643916118388e-07,-6.922616489000453e-07,1
393,5.8672460009042825e-06,9.901643916118388e-07,-1.853726000904283e-06,1
394,1.3662749147081918e-05,9.901643916118388e-07,-3.1119491470819186e-06,1
395,2.1637373248483752e-05,9.901643916118388e-07,-3.5247732484837524e-06,1
396,2.3838283891241398e-05,9.901643916118388e-07,-3.097583891241395e-06,1
397,1.8620859062981973e-05,9.901643916118388e-07,-2.522859062981972e-06,1
398,1.036984434431446e-05,9.901643916118388e-07,-1.8120943443144608e-06,1
399,4.109059673754563e-06,9.901643916118388e-07,-9.199496737545632e-07,1
400,1.197816647445594e-06,9.901643916118388e-07,-2.959046474455942e-07,0
401,3.1118027636549605e-07,9.901643916118388e-07,-6.769527636549601e-08,0
402,1.2127711680595154e-07,9.901643916118388e-07,-3.0270616805951535e-08,0
403,8.948950602424608e-08,9.901643916118388e-07,-3.4214306024246076e-08,0
404,1.0394435137288005e-07,9.901643916118388e-07,-4.3191851372880046e-08,0
405,2.5162071100121354e-07,9.901643916118388e-07,-1.0530771100121355e-07,0
406,9.79880298934987e-07,9.901643916118388e-07,-4.1100929893498696e-07,1
407,3.4889539569704217e-06,9.901643916118388e-07,-1.3185839569704217e-06,1
408,9.190718671581017e-06,9.901643916118388e-07,-2.830238671581017e-06,1
409,1.7096669230182434e-05,9.901643916118388e-07,-3.8162692301824346e-06,1
410,2.2939908237534038e-05,9.901643916118388e-07,-3.1464082375340384e-06,1
411,2.361111533905481e-05,9.901643916118388e-07,-1.8004153390548085e-06,0
412,1.9594079167389166e-05,9.901643916118388e-07,-1.3992791673891649e-06,0
413,1.27487856856306e-05,9.901643916118388e-07,-1.4575856856306007e-06,0
414,5.961161671578247e-06,9.901643916118388e-07,-9.950816715782466e-07,0
415,1.845104343121726e-06,9.901643916118388e-07,-3.741243431217261e-07,0
416,6.983265829132439e-09,9.901643916118388e-07,1.1434334170867558e-08,0
417,3.4474491976383434e-09,9.901643916118388e-07,9.942950802361656e-09,0
418,9.682731802815281e-10,9.901643916118388e-07,5.6106568197184724e-09,0
419,1.7614846404460109e-10,9.901643916118388e-07,2.8199115359553985e-09,0
420,2.0694545814507388e-10,9.901643916118388e-07,1.872974541854926e-09,0
421,2.9315048751623106e-09,9.901643916118388e-07,3.8420512483768933e-10,0
422,2.816857223853177e-08,9.901643916118388e-07,-1.6946972238531768e-08,1
423,1.7292302663006073e-07,9.901643916118388e-07,-1.0419492663006073e-07,1
424,7.093942654283379e-07,9.901643916118388e-07,-3.5103126542833786e-07,1
425,1.993829174709349e-06,9.901643916118388e-07,-7.61169174709349e-07,1
426,3.855192432113932e-06,9.901643916118388e-07,-1.1299624321139326e-06,1
427,5.123428111334299e-06,9.901643916118388e-07,-1.2254981113342993e-06,1
428,4.7102822254212835e-06,9.901643916118388e-07,-1.0544422254212835e-06,1
429,3.0308296387100398e-06,9.901643916118388e-07,-7.542896387100394e-07,1
430,1.3703008459343521e-06,9.901643916118388e-07,-4.159398459343522e-07,1
431,4.3383973392808686e-07,9.901643916118388e-07,-1.5523373392808684e-07,1
432,9.849274832295457e-08,9.901643916118388e-07,-3.719764832295457e-08,1
433,1.8846316179627644e-08,9.901643916118388e-07,-5.779916179627644e-09,0
434,5.866082101012896e-09,9.901643916118388e-07,-9.595921010128957e-10,0
435,5.333543414457098e-09,9.901643916118388e-07,-1.4572834144570976e-09,0
436,1.4113366702443323e-08,9.901643916118388e-07,-6.061936702443322e-09,0
437,7.365220504833553e-08,9.901643916118388e-07,-3.482070504833553e-08,0
438,3.636204403663337e-07,9.901643916118388e-07,-1.721204403663337e-07,1
439,1.3004602405478908e-06,9.901643916118388e-07,-5.894632405478909e-07,1
440,3.1314002156351e-06,9.901643916118388e-07,-1.2812602156351e-06,1
441,5.072745927136322e-06,9.901643916118388e-07,-1.7162459271363224e-06,1
442,5.797517985752088e-06,9.901643916118388e-07,-1.4569179857520872e-06,1
443,5.093759576543825e-06,9.901643916118388e-07,-9.724895765438255e-07,1
444,3.65281031674682e-06,9.901643916118388e-07,-7.445403167468204e-07,1
445,2.0443720420938647e-06,9.901643916118388e-07,-5.446420420938649e-07,1
446,8.008708830668165e-07,9.901643916118388e-07,-2.538618830668165e-07,1
447,2.0002364555032652e-07,9.901643916118388e-07,-6.261264555032653e-08,0
448,1.6798129734098806e-10,9.901643916118388e-07,5.47458702659012e-10,0
449,5.817222514687576e-11,9.901643916118388e-07,3.6594277485312424e-10,0
450,1.1179374089239806e-11,9.901643916118388e-07,1.805886259107602e-10,0
451,8.058121150131399e-12,9.901643916118388e-07,1.1174687884986861e-10,0
452,1.4569757367970551e-10,9.901643916118388e-07,9.244942632029451e-11,0
453,1.712543821448413e-09,9.901643916118388e-07,-9.72030821448413e-10,0
454,1.1731623839451772e-08,9.901643916118388e-07,-8.312563839451772e-09,1
455,5.1046479580644046e-08,9.901643916118388e-07,-3.268067958064405e-08,1
456,1.5632006439240904e-07,9.901643916118388e-07,-8.135286439240904e-08,1
457,3.555570723791382e-07,9.901643916118388e-07,-1.463600723791382e-07,1
458,5.854355490257586e-07,9.901643916118388e-07,-2.0141054902575857e-07,1
459,6.67681171719697e-07,9.901643916118388e-07,-2.0992317171969698e-07,0
460,5.230548132598618e-07,9.901643916118388e-07,-1.6711881325986173e-07,0
461,2.884751681630313e-07,9.901643916118388e-07,-1.0687716816303128e-07,0
462,1.1400884089146262e-07,9.901643916118388e-07,-5.206404089146261e-08,0
463,3.1545477549715084e-08,9.901643916118388e-07,-1.6777277549715083e-08,1
464,5.885098587817234e-09,9.901643916118388e-07,-3.3240685878172335e-09,1
465,7.703214131054657e-10,9.901643916118388e-07,-3.080044131054658e-10,0
466,1.4595546786752043e-10,9.901643916118388e-07,9.776453213247958e-11,0
467,3.337076579859273e-10,9.901643916118388e-07,-2.395665798592729e-11,0
468,2.888987712834242e-09,9.901643916118388e-07,-1.175477712834242e-09,0
469,2.2034258541170753e-08,9.901643916118388e-07,-1.0536858541170753e-08,0
470,1.0996321324018816e-07,9.901643916118388e-07,-5.5968013240188166e-08,1
471,3.4231155735745223e-07,9.901643916118388e-07,-1.7148955735745223e-07,1
472,6.748933536724967e-07,9.901643916118388e-07,-3.0775135367249675e-07,1
473,8.794214942963144e-07,9.901643916118388e-07,-3.301774942963144e-07,1
474,8.196742769138109e-07,9.901643916118388e-07,-2.298862769138109e-07,1
475,6.103534860898307e-07,9.901643916118388e-07,-1.4625848608983065e-07,1
476,3.809505130891068e-07,9.901643916118388e-07,-1.1356451308910679e-07,1
477,1.8226585478834648e-07,9.901643916118388e-07,-7.123485478834648e-08,1
478,5.815160400763267e-08,9.901643916118388e-07,-2.522440400763267e-08,0
479,1.118219570892897e-08,9.901643916118388e-07,-4.2502457089289694e-09,0
480,1.2747440781461817e-12,9.901643916118388e-07,5.989715921853819e-12,0
481,3.401490129051886e-13,9.901643916118388e-07,3.0666809870948117e-12,0
482,2.6428747389648e-13,9.901643916118388e-07,1.5474225261035197e-12,0
483,3.4854774560778533e-12,9.901643916118388e-07,7.487025439221472e-13,0
484,5.4420673818790887e-11,9.901643916118388e-07,-3.138307381879089e-11,1
485,4.957684239308631e-10,9.901643916118388e-07,-3.362564239308631e-10,1
486,2.547503701855608e-09,9.901643916118388e-07,-1.5702547018556084e-09,1
487,8.130824957304157e-09,9.901643916118388e-07,-4.0789349573041574e-09,1
488,1.9448198773816253e-08,9.901643916118388e-07,-7.627398773816254e-09,0
489,3.89453502929146e-08,9.901643916118388e-07,-1.29221502929146e-08,0
490,5.935371187137232e-08,9.901643916118388e-07,-1.8545111871372324e-08,0
491,6.279731364993758e-08,9.901643916118388e-07,-2.0652213649937582e-08,0
492,4.8287516782559274e-08,9.901643916118388e-07,-1.9984216782559272e-08,0
493,2.9402496767835916e-08,9.901643916118388e-07,-1.6506396767835912e-08,0
494,1.3086490167111068e-08,9.901643916118388e-07,-8.801340167111069e-09,1
495,3.5636596692121664e-09,9.901643916118388e-07,-2.5423496692121663e-09,1
496,5.336948369799455e-10,9.901643916118388e-07,-3.808038369799455e-10,1
497,4.308982672383843e-11,9.901643916118388e-07,-2.3492126723838432e-11,0
498,5.990747075052968e-12,9.901643916118388e-07,9.017052924947034e-12,0
499,7.501610238638847e-11,9.901643916118388e-07,9.677997613611522e-12,0
500,9.251273310345481e-10,9.901643916118388e-07,-2.2916933103454793e-10,0
501,6.44890090624026e-09,9.901643916118388e-07,-2.5771909062402598e-09,0
502,2.5493568177533372e-08,9.901643916118388e-07,-1.138136817753337e-08,1
503,5.994766582049929e-08,9.901643916118388e-07,-2.5649565820499288e-08,1
504,8.903392644497424e-08,9.901643916118388e-07,-3.1986526444974235e-08,1
505,8.857843543563581e-08,9.901643916118388e-07,-2.1628735435635814e-08,1
506,6.406757906965686e-08,9.901643916118388e-07,-6.767379069656868e-09,0
507,3.807682706721633e-08,9.901643916118388e-07,-2.064727067216334e-09,0
508,1.9444077921865363e-08,9.901643916118388e-07,-3.3253779218653628e-09,0
509,7.493462392599822e-09,9.901643916118388e-07,-2.4165423925998213e-09,0
510,1.8451129220785934e-09,9.901643916118388e-07,-6.619529220785934e-10,0
511,2.620778149023199e-10,9.901643916118388e-07,-5.4827814902319914e-11,0
512,2.5177006440175277e-12,9.901643916118388e-07,6.242493559824722e-13,0
513,1.194861921444757e-11,9.901643916118388e-07,4.9270807855524304e-12,0
514,3.6359703141222e-11,9.901643916118388e-07,2.0907096858778e-11,0
515,7.66729759766254e-11,9.901643916118388e-07,6.207502402337459e-11,0
516,1.2048764424793844e-10,9.901643916118388e-07,1.4150535575206152e-10,0
517,1.8571395131397743e-10,9.901643916118388e-07,2.9513804868602254e-10,0
518,3.700799461311528e-10,9.901643916118388e-07,1.1300900538688474e-09,0
519,8.058204848288942e-10,9.901643916118388e-07,4.061219515171105e-09,0
520,1.7529731687072065e-09,9.901643916118388e-07,8.130066831292794e-09,0
521,3.3739269028260903e-09,9.901643916118388e-07,9.45657309717391e-09,0
522,4.957506988042036e-09,9.901643916118388e-07,6.171793011957964e-09,0
523,5.818541986111036e-09,9.901643916118388e-07,4.702780138889642e-10,0
524,5.829500162689661e-09,9.901643916118388e-07,-3.2832601626896617e-09,0
525,4.191635977522488e-09,9.901643916118388e-07,-3.2290509775224877e-09,1
526,1.7454780740232375e-09,9.901643916118388e-07,-1.4094200740232373e-09,1
527,3.825795529882673e-10,9.901643916118388e-07,-2.796125529882673e-10,1
528,4.7348461385573357e-11,9.901643916118388e-07,7.343053861442663e-11,0
529,2.3900437193414906e-11,9.901643916118388e-07,2.425915628065851e-10,0
530,8.05999573048862e-11,9.901643916118388e-07,4.012480426951138e-10,0
531,2.665810131676873e-10,9.901643916118388e-07,1.0977789868323128e-09,0
532,9.407368276000373e-10,9.901643916118388e-07,3.787763172399963e-09,0
533,3.0593534557966365e-09,9.901643916118388e-07,7.940046544203364e-09,0
534,7.579002694864503e-09,9.901643916118388e-07,8.601497305135498e-09,0
535,1.3834136382385621e-08,9.901643916118388e-07,3.6347636176143792e-09,0
536,1.8225186876247242e-08,9.901643916118388e-07,-2.672686876247242e-09,0
537,1.6652232399951375e-08,9.901643916118388e-07,-5.305132399951374e-09,0
538,1.0625887630948571e-08,9.901643916118388e-07,-4.260737630948572e-09,0
539,4.8909498607288364e-09,9.901643916118388e-07,-2.3683298607288367e-09,1
540,1.6561432130054698e-09,9.901643916118388e-07,-9.617532130054697e-10,1
541,4.1440036958698963e-10,9.901643916118388e-07,-2.710403695869896e-10,1
542,7.171987077829635e-11,9.901643916118388e-07,-4.623357077829634e-11,1
543,7.878414732074182e-12,9.901643916118388e-07,-2.9594647320741826e-12,0
544,2.8928937237310567e-10,9.901643916118388e-07,2.4846276268943267e-12,0
545,1.0748269570192751e-09,9.901643916118388e-07,2.1113042980724906e-11,0
546,2.6186471481413324e-09,9.901643916118388e-07,5.3422851858667895e-11,0
547,4.498051033843099e-09,9.901643916118388e-07,1.5138966156900442e-11,0
548,5.864222313866457e-09,9.901643916118388e-07,-4.920223138664571e-10,0
549,6.410876439498699e-09,9.901643916118388e-07,-1.239756439498699e-09,0
550,6.119700225176272e-09,9.901643916118388e-07,7.333297748237281e-10,0
551,5.907699308669208e-09,9.901643916118388e-07,6.573200691330791e-09,0
552,6.922670673265687e-09,9.901643916118388e-07,1.0138529326734315e-08,0
553,6.704877371740748e-09,9.901643916118388e-07,8.353222628259253e-09,0
554,3.880115441184134e-09,9.901643916118388e-07,4.656304558815865e-09,0
555,1.4154980737308025e-09,9.901643916118388e-07,1.6262119262691977e-09,0
556,5.398717396870222e-10,9.901643916118388e-07,2.2805826031297778e-10,0
557,2.8879294770325967e-10,9.901643916118388e-07,9.925405229674032e-11,0
558,2.1807790869613312e-10,9.901643916118388e-07,5.071990913038668e-10,0
559,2.9800277847737006e-10,9.901643916118388e-07,1.71491722152263e-09,0
560,6.43021724438163e-10,9.901643916118388e-07,4.292958275561837e-09,0
561,1.8695703256363987e-09,9.901643916118388e-07,6.952669674363602e-09,0
562,4.994879889037378e-09,9.901643916118388e-07,9.80392011096262e-09,0
563,1.128281826070459e-08,9.901643916118388e-07,2.0809381739295416e-08,1
564,2.2348691152652256e-08,9.901643916118388e-07,4.241120884734775e-08,0
565,3.6803941049358464e-08,9.901643916118388e-07,5.046115895064155e-08,0
566,4.815468737856792e-08,9.901643916118388e-07,2.7134812621432072e-08,0
567,5.4669418942695186e-08,9.901643916118388e-07,-7.1041189426951806e-09,0
568,5.786501921946835e-08,9.901643916118388e-07,-3.119761921946835e-08,1
569,5.2615992249621824e-08,9.901643916118388e-07,-3.8398292249621825e-08,1
570,3.719654291156754e-08,9.901643916118388e-07,-3.061852291156754e-08,1
571,1.9755659092923702e-08,9.901643916118388e-07,-1.72542190929237e-08,1
572,7.826717912847153e-09,9.901643916118388e-07,-7.0041169128471525e-09,1
573,2.152709599378524e-09,9.901643916118388e-07,-1.895890599378524e-09,1
574,3.879969984702509e-10,9.901643916118388e-07,-2.2745899847025092e-10,0
575,9.841006786385041e-11,9.901643916118388e-07,6.711393213614958e-11,0
576,9.666004510941702e-09,9.901643916118388e-07,-2.6713845109417017e-09,0
577,2.8439323116418142e-08,9.901643916118388e-07,-7.350323116418141e-09,0
578,5.6377919980347325e-08,9.901643916118388e-07,-1.4441719980347322e-08,0
579,8.408760505396746e-08,9.901643916118388e-07,-2.707300505396746e-08,0
580,1.0669943748228482e-07,9.901643916118388e-07,-5.225183748228482e-08,1
581,1.1622666560474222e-07,9.901643916118388e-07,-7.475796560474222e-08,1
582,9.714769381398264e-08,9.901643916118388e-07,-6.416389381398264e-08,1
583,6.322193737310784e-08,9.901643916118388e-07,-3.155313737310784e-08,0
584,3.976326612081791e-08,9.901643916118388e-07,-1.0549666120817909e-08,0
585,2.40564694412321e-08,9.901643916118388e-07,-2.6155694412320982e-09,0
586,1.0507707334499948e-08,9.901643916118388e-07,1.704192665500052e-09,0
587,3.169232861734447e-09,9.901643916118388e-07,2.973537138265554e-09,0
588,1.964310617606865e-09,9.901643916118388e-07,2.996459382393136e-09,0
589,4.24795638868148e-09,9.901643916118388e-07,4.536363611318521e-09,0
590,8.47736518383135e-09,9.901643916118388e-07,1.220023481616865e-08,0
591,1.3953719035934648e-08,9.901643916118388e-07,3.3144080964065353e-08,0
592,2.531603797616025e-08,9.901643916118388e-07,6.311546202383974e-08,0
593,5.3262107588995115e-08,9.901643916118388e-07,8.527389241100488e-08,0
594,1.07254398619203e-07,9.901643916118388e-07,1.1585060138079701e-07,0
595,1.8391524079554813e-07,9.901643916118388e-07,1.9567175920445187e-07,0
596,2.5662295623758343e-07,9.901643916118388e-07,2.646520437624165e-07,0
597,2.8521673808323214e-07,9.901643916118388e-07,2.030442619167678e-07,0
598,2.5597192014785517e-07,9.901643916118388e-07,5.192407985214482e-08,0
599,2.098223765419252e-07,9.901643916118388e-07,-6.21363765419252e-08,0
600,1.8395660505774494e-07,9.901643916118388e-07,-1.1535260505774495e-07,1
601,1.6459687190839922e-07,9.901643916118388e-07,-1.2916887190839923e-07,1
602,1.2829609982808671e-07,9.901643916118388e-07,-1.0941549982808671e-07,1
603,7.791282001474491e-08,9.901643916118388e-07,-6.868106001474491e-08,1
604,3.35827609825218e-08,9.901643916118388e-07,-2.9497170982521804e-08,1
605,9.89224033737055e-09,9.901643916118388e-07,-6.93781033737055e-09,1
606,3.344504496991841e-09,9.901643916118388e-07,7.309155030081589e-10,0
607,3.314249557276679e-09,9.901643916118388e-07,1.1866604427233205e-09,0
608,1.2024876900830115e-07,9.901643916118388e-07,-3.791296900830116e-08,1
609,2.9256931237604644e-07,9.901643916118388e-07,-7.319931237604643e-08,1
610,4.968765865759531e-07,9.901643916118388e-07,-1.2105458657595313e-07,1
611,6.817668235596645e-07,9.901643916118388e-07,-2.4816482355966457e-07,1
612,8.327656034959806e-07,9.901643916118388e-07,-4.7459760349598063e-07,1
613,8.331873190816561e-07,9.901643916118388e-07,-5.98603319081656e-07,1
614,6.053783759677481e-07,9.901643916118388e-07,-4.6615637596774813e-07,1
615,3.211452284944793e-07,9.901643916118388e-07,-2.359479284944793e-07,1
616,1.4463418751244544e-07,9.901643916118388e-07,-9.027978751244544e-08,0
617,6.415067505791719e-08,9.901643916118388e-07,-2.8830775057917188e-08,0
618,2.880660698830273e-08,9.901643916118388e-07,-7.448069883027322e-10,0
619,2.4282344918094997e-08,9.901643916118388e-07,1.1046855081904999e-08,0
620,4.944546726139164e-08,9.901643916118388e-07,1.4827232738608368e-08,0
621,1.0152953828334737e-07,9.901643916118388e-07,3.2670461716652625e-08,0
622,1.6762116256064194e-07,9.901643916118388e-07,1.0678383743935806e-07,0
623,2.454980590006805e-07,9.901643916118388e-07,2.574149409993195e-07,0
624,3.755845533571376e-07,9.901643916118388e-07,4.229174466428624e-07,0
625,6.117223503776595e-07,9.901643916118388e-07,5.368076496223404e-07,0
626,9.600681580614224e-07,9.901643916118388e-07,6.749218419385775e-07,1
627,1.2718070690770365e-06,9.901643916118388e-07,8.701329309229635e-07,0
628,1.3090739354059864e-06,9.901643916118388e-07,8.519960645940136e-07,0
629,1.0474257241877724e-06,9.901643916118388e-07,4.7315427581222754e-07,0
630,7.279447340292168e-07,9.901643916118388e-07,3.6183265970783226e-08,0
631,5.665943860649489e-07,9.901643916118388e-07,-2.3180338606494884e-07,0
632,5.613073555605608e-07,9.901643916118388e-07,-3.9203635556056087e-07,1
633,5.715441388300771e-07,9.901643916118388e-07,-4.6908013883007713e-07,1
634,4.826939678281207e-07,9.901643916118388e-07,-4.187731678281207e-07,1
635,3.0517328274387214e-07,9.901643916118388e-07,-2.6815168274387216e-07,1
636,1.3823171496725616e-07,9.901643916118388e-07,-1.1158131496725616e-07,1
637,5.416667948589027e-08,9.901643916118388e-07,-1.6784779485890266e-08,0
638,4.0867074389970576e-08,9.901643916118388e-07,1.651332561002942e-08,0
639,4.802582018324859e-08,9.901643916118388e-07,1.1964879816751406e-08,0
640,7.166517523093155e-07,9.901643916118388e-07,-1.7143975230931553e-07,1
641,1.5138395173930583e-06,9.901643916118388e-07,-2.824795173930582e-07,0
642,2.262289338679844e-06,9.901643916118388e-07,-5.00929338679844e-07,1
643,2.74447512513333e-06,9.901643916118388e-07,-1.0355851251333302e-06,1
644,2.904728063533678e-06,9.901643916118388e-07,-1.691898063533678e-06,1
645,2.5062435213572065e-06,9.901643916118388e-07,-1.8190435213572066e-06,1
646,1.6129037559360682e-06,9.901643916118388e-07,-1.2680927559360682e-06,1
647,7.709928244333327e-07,9.901643916118388e-07,-5.987838244333326e-07,1
648,3.074599864171007e-07,9.901643916118388e-07,-2.0975988641710068e-07,1
649,1.3796374824707053e-07,9.901643916118388e-07,-5.654114824707052e-08,0
650,1.2896882853224256e-07,9.901643916118388e-07,-2.1378285322425496e-09,0
651,2.578660507393815e-07,9.901643916118388e-07,5.679949260618494e-09,0
652,5.42717377605089e-07,9.901643916118388e-07,-1.314377605089049e-09,0
653,9.415807995124105e-07,9.901643916118388e-07,9.411920048758939e-08,0
654,1.3529618647183923e-06,9.901643916118388e-07,4.5155813528160766e-07,0
655,1.7957536684566226e-06,9.901643916118388e-07,1.0305863315433776e-06,0
656,2.3984394811926133e-06,9.901643916118388e-07,1.5301505188073868e-06,0
657,3.21075532672118e-06,9.901643916118388e-07,1.7022346732788202e-06,0
658,4.003894252822716e-06,9.901643916118388e-07,1.6707857471772842e-06,1
659,4.159274690275305e-06,9.901643916118388e-07,1.5465453097246954e-06,0
660,3.3513980823086307e-06,9.901643916118388e-07,1.0822419176913698e-06,0
661,2.1742476419364997e-06,9.901643916118388e-07,3.3020235806350006e-07,0
662,1.4357113424165476e-06,9.901643916118388e-07,-3.074113424165476e-07,0
663,1.324282267615462e-06,9.901643916118388e-07,-7.75754267615462e-07,1
664,1.5519884288500612e-06,9.901643916118388e-07,-1.2031564288500612e-06,1
665,1.6981923309009657e-06,9.901643916118388e-07,-1.4431883309009657e-06,1
666,1.4682126564426168e-06,9.901643916118388e-07,-1.2815886564426167e-06,1
667,9.345277542344154e-07,9.901643916118388e-07,-7.915617542344155e-07,1
668,4.473207756918336e-07,9.901643916118388e-07,-2.758217756918336e-07,1
669,2.418029205987597e-07,9.901643916118388e-07,5.444407940124028e-08,0
670,2.530089842280843e-07,9.901643916118388e-07,1.6166801577191573e-07,0
671,2.7530995691880607e-07,9.901643916118388e-07,9.153704308119394e-08,0
672,2.18834584809863e-06,9.901643916118388e-07,-4.890058480986297e-07,0
673,4.023119362254027e-06,9.901643916118388e-07,-8.074193622540271e-07,0
674,5.1789263113858615e-06,9.901643916118388e-07,-1.2901663113858619e-06,1
675,5.265469805623355e-06,9.901643916118388e-07,-2.0032798056233547e-06,1
676,4.62237860631015e-06,9.901643916118388e-07,-2.5791786063101503e-06,1
677,3.445596456999231e-06,9.901643916118388e-07,-2.409546456999231e-06,1
678,2.006826387078737e-06,9.901643916118388e-07,-1.5382503870787369e-06,1
679,8.876564540823494e-07,9.901643916118388e-07,-6.678334540823494e-07,1
680,3.6767706042610114e-07,9.901643916118388e-07,-2.1532706042610115e-07,0
681,3.137897987509477e-07,9.901643916118388e-07,-8.727679875094773e-08,0
682,6.146590134089586e-07,9.901643916118388e-07,-1.1020301340895867e-07,0
683,1.3141080556863323e-06,9.901643916118388e-07,-2.1472805568633243e-07,0
684,2.4209551041543217e-06,9.901643916118388e-07,-2.634351041543215e-07,0
685,3.6828350876812233e-06,9.901643916118388e-07,1.0863491231877674e-07,0
686,4.856005306988158e-06,9.901643916118388e-07,1.1064746930118423e-06,0
687,6.0523900148129274e-06,9.901643916118388e-07,2.272869985187073e-06,0
688,7.309006818978331e-06,9.901643916118388e-07,2.7469931810216686e-06,0
689,8.302145464580554e-06,9.901643916118388e-07,2.1899545354194466e-06,1
690,8.403105798004125e-06,9.901643916118388e-07,1.2471642019958742e-06,0
691,7.036538840001163e-06,9.901643916118388e-07,5.320711599988387e-07,0
692,4.702727869782083e-06,9.901643916118388e-07,-1.9347869782083172e-08,0
693,2.7828055154932083e-06,9.901643916118388e-07,-5.098255154932083e-07,0
694,2.039242636210258e-06,9.901643916118388e-07,-9.808926362102581e-07,1
695,2.2536710078688424e-06,9.901643916118388e-07,-1.5959100078688426e-06,1
696,2.8360647898919154e-06,9.901643916118388e-07,-2.303731789891915e-06,1
697,3.1146376996640517e-06,9.901643916118388e-07,-2.651951699664052e-06,1
698,2.6523985922024466e-06,9.901643916118388e-07,-2.2536555922024468e-06,1
699,1.6597047349180598e-06,9.901643916118388e-07,-1.25244973491806e-06,1
700,8.489355511274137e-07,9.901643916118388e-07,-2.027995511274136e-07,0
701,6.290266711385735e-07,9.901643916118388e-07,4.4879332886142667e-07,0
702,7.664687722742454e-07,9.901643916118388e-07,5.221612277257546e-07,0
703,7.596554196208678e-07,9.901643916118388e-07,2.1030658037913223e-07,0
704,3.36993139330229e-06,9.901643916118388e-07,-9.604413933022898e-07,1
705,5.380783636216396e-06,9.901643916118388e-07,-1.426923636216397e-06,1
706,5.9245442614695274e-06,9.901643916118388e-07,-1.642004261469527e-06,1
707,5.039780255844905e-06,9.901643916118388e-07,-1.7087402558449046e-06,1
708,3.709607805167405e-06,9.901643916118388e-07,-1.7349578051674047e-06,1
709,2.3992825789681317e-06,9.901643916118388e-07,-1.4545515789681317e-06,1
710,1.2556925328607334e-06,9.901643916118388e-07,-8.500555328607335e-07,1
711,5.597161078790499e-07,9.901643916118388e-07,-3.4816410787904993e-07,1
712,4.1137805548366974e-07,9.901643916118388e-07,-1.8637805548366975e-07,0
713,7.416803093928731e-07,9.901643916118388e-07,-2.819003093928731e-07,0
714,1.5453323911834668e-06,9.901643916118388e-07,-4.96982391183467e-07,0
715,2.88241096272841e-06,9.901643916118388e-07,-6.999109627284102e-07,0
716,4.6609446446692326e-06,9.901643916118388e-07,-6.266646446692318e-07,0
717,6.614797506506252e-06,9.901643916118388e-07,5.246249349374919e-08,0
718,8.713212448854164e-06,9.901643916118388e-07,1.2242275511458343e-06,0
719,1.0781567521669373e-05,9.901643916118388e-07,2.085332478330628e-06,0
720,1.1959112010167175e-05,9.901643916118388e-07,1.8127879898328259e-06,0
721,1.1571984539615312e-05,9.901643916118388e-07,6.255154603846876e-07,0
722,9.614164815841213e-06,9.901643916118388e-07,-3.98954815841213e-07,0
723,6.630404068525434e-06,9.901643916118388e-07,-7.829340685254341e-07,0
724,3.79306991174852e-06,9.901643916118388e-07,-8.084499117485201e-07,1
725,2.1319048649839047e-06,9.901643916118388e-07,-8.217848649839046e-07,1
726,1.7465630081139359e-06,9.901643916118388e-07,-1.0608180081139359e-06,1
727,2.1525965120456555e-06,9.901643916118388e-07,-1.6002655120456555e-06,1
728,2.768300696609482e-06,9.901643916118388e-07,-2.225251696609482e-06,1
729,3.019857264849249e-06,9.901643916118388e-07,-2.485224264849249e-06,1
730,2.527022571984009e-06,9.901643916118388e-07,-1.992760571984009e-06,1
731,1.5693917016706038e-06,9.901643916118388e-07,-8.733507016706038e-07,1
732,9.264222288186129e-07,9.901643916118388e-07,2.392177711813871e-07,0
733,9.331976144769251e-07,9.901643916118388e-07,7.698123855230748e-07,0
734,1.1772013719103069e-06,9.901643916118388e-07,5.869386280896934e-07,0
735,1.039736452556452e-06,9.901643916118388e-07,1.4232354744354803e-07,0
736,2.76711155120891e-06,9.901643916118388e-07,-9.735215512089099e-07,1
737,3.937756852230199e-06,9.901643916118388e-07,-1.2081768522301999e-06,1
738,3.84823630552606e-06,9.901643916118388e-07,-9.728263055260598e-07,0
739,2.848880950875877e-06,9.901643916118388e-07,-6.040709508758771e-07,0
740,1.7536980383476642e-06,9.901643916118388e-07,-4.226980383476641e-07,0
741,9.204762245868357e-07,9.901643916118388e-07,-2.9695622458683575e-07,0
742,4.202623925691935e-07,9.901643916118388e-07,-1.445983925691935e-07,0
743,2.7006386879665124e-07,9.901643916118388e-07,-9.314486879665124e-08,0
744,4.453193624767518e-07,9.901643916118388e-07,-2.065043624767518e-07,0
745,9.299363400617752e-07,9.901643916118388e-07,-4.345213400617752e-07,1
746,1.733844004612439e-06,9.901643916118388e-07,-6.633440046124389e-07,1
747,2.8758000935947915e-06,9.901643916118388e-07,-7.431700935947914e-07,1
748,4.389760584955727e-06,9.901643916118388e-07,-5.405905849557269e-07,0
749,6.533784084576142e-06,9.901643916118388e-07,-3.526408457614255e-08,0
750,9.364466079596042e-06,9.901643916118388e-07,5.78603920403959e-07,0
751,1.1620037797794472e-05,9.901643916118388e-07,8.44362202205529e-07,0
752,1.1645475040173535e-05,9.901643916118388e-07,4.206249598264647e-07,0
753,9.477721547650172e-06,9.901643916118388e-07,-2.36751547650172e-07,0
754,6.41142481639527e-06,9.901643916118388e-07,-5.113848163952695e-07,0
755,3.620166491677729e-06,9.901643916118388e-07,-4.902264916777289e-07,0
756,1.7645137756093368e-06,9.901643916118388e-07,-4.171237756093368e-07,1
757,9.366144407829107e-07,9.901643916118388e-07,-3.953354407829107e-07,1
758,8.27063484541875e-07,9.901643916118388e-07,-5.06192484541875e-07,1
759,1.079563545255204e-06,9.901643916118388e-07,-7.651385452552041e-07,1
760,1.426633063178403e-06,9.901643916118388e-07,-1.072693063178403e-06,1
761,1.5912716609608081e-06,9.901643916118388e-07,-1.1927986609608082e-06,1
762,1.3467731434255371e-06,9.901643916118388e-07,-8.637161434255371e-07,1
763,8.879488949321812e-07,9.901643916118388e-07,-1.7261289493218106e-07,0
764,6.654778065586985e-07,9.901643916118388e-07,4.537821934413015e-07,0
765,8.088121298618195e-07,9.901643916118388e-07,6.381778701381803e-07,0
766,9.712830578537365e-07,9.901643916118388e-07,3.910469421462635e-07,0
767,7.643292975824892e-07,9.901643916118388e-07,8.779870241751078e-08,0
768,1.5150550057410446e-06,9.901643916118388e-07,-5.451090057410446e-07,0
769,2.114120314569681e-06,9.901643916118388e-07,-6.21230314569681e-07,0
770,2.0286887121322226e-06,9.901643916118388e-07,-4.1267871213222264e-07,0
771,1.4168440608778237e-06,9.901643916118388e-07,-1.343540608778238e-07,0
772,7.312620327956787e-07,9.901643916118388e-07,2.840596720432135e-08,0
773,2.769081070230197e-07,9.901643916118388e-07,8.551989297698037e-08,0
774,1.0113324612950688e-07,9.901643916118388e-07,7.228075387049311e-08,0
775,1.139795349928828e-07,9.901643916118388e-07,5.796465007117195e-09,0
776,2.6023444026902503e-07,9.901643916118388e-07,-1.0859644026902503e-07,0
777,5.332054879115775e-07,9.901643916118388e-07,-2.539594879115775e-07,1
778,9.289774234912472e-07,9.901643916118388e-07,-3.5296742349124717e-07,1
779,1.4911572182648475e-06,9.901643916118388e-07,-3.0707721826484766e-07,1
780,2.510688237079484e-06,9.901643916118388e-07,-1.216382370794838e-07,0
781,4.462727068777176e-06,9.901643916118388e-07,9.151293122282503e-08,0
782,6.9696245181880146e-06,9.901643916118388e-07,2.2655548181198553e-07,0
783,8.255429249516956e-06,9.901643916118388e-07,1.9083075048304499e-07,0
784,7.1982050831943465e-06,9.901643916118388e-07,1.8524916805653775e-08,0
785,4.802245975874158e-06,9.901643916118388e-07,-5.2455975874157475e-08,0
786,2.579553551970691e-06,9.901643916118388e-07,1.5364480293094362e-09,0
787,1.1633461344852078e-06,9.901643916118388e-07,7.733865514792183e-09,0
788,4.790376425282664e-07,9.901643916118388e-07,-3.2145642528266445e-08,0
789,2.458161663334241e-07,9.901643916118388e-07,-6.638716633342411e-08,0
790,2.4072156981824545e-07,9.901643916118388e-07,-1.1764456981824544e-07,0
791,3.4673568571123785e-07,9.901643916118388e-07,-2.1362568571123785e-07,1
792,4.966172814141163e-07,9.901643916118388e-07,-3.2986428141411624e-07,1
793,5.816931835671838e-07,9.901643916118388e-07,-3.5727118356718377e-07,1
794,5.203195999353232e-07,9.901643916118388e-07,-1.960685999353232e-07,0
795,3.9974472990843024e-07,9.901643916118388e-07,1.013812700915698e-07,0
796,3.813611277887465e-07,9.901643916118388e-07,3.5150787221125347e-07,0
797,4.973290200423458e-07,9.901643916118388e-07,3.815709799576541e-07,0
798,5.601163941739071e-07,9.901643916118388e-07,2.314576058260929e-07,0
799,4.122900183651209e-07,9.901643916118388e-07,7.260898163487906e-08,0
800,9.65251631716315e-07,9.901643916118388e-07,-3.5246463171631505e-07,0
801,1.41013556600848e-06,9.901643916118388e-07,-4.4386356600847994e-07,0
802,1.3840839547075546e-06,9.901643916118388e-07,-3.530239547075545e-07,0
803,9.387965711424801e-07,9.901643916118388e-07,-1.5878357114248013e-07,0
804,4.3272222983138646e-07,9.901643916118388e-07,3.3037701686135553e-09,0
805,1.322294698495337e-07,9.901643916118388e-07,6.497053015046629e-08,0
806,3.3494191534268176e-08,9.901643916118388e-07,5.951590846573183e-08,0
807,3.209365430332207e-08,9.901643916118388e-07,3.459394569667794e-08,0
808,7.800564644862943e-08,9.901643916118388e-07,-2.3788464486294205e-09,0
809,1.6073584093508757e-07,9.901643916118388e-07,-4.1758840935087566e-08,0
810,2.869083879642109e-07,9.901643916118388e-07,-4.60793879642109e-08,0
811,5.451672286485618e-07,9.901643916118388e-07,1.016177135143815e-08,0
812,1.188269992294223e-06,9.901643916118388e-07,1.0174000770577706e-07,0
813,2.3908487141573867e-06,9.901643916118388e-07,1.7661128584261302e-07,0
814,3.5986250138523508e-06,9.901643916118388e-07,1.9518498614764908e-07,0
815,3.768111329866382e-06,9.901643916118388e-07,1.528086701336177e-07,0
816,2.79013035782968e-06,9.901643916118388e-07,9.897964217031998e-08,0
817,1.5446749756852081e-06,9.901643916118388e-07,9.708502431479173e-08,0
818,6.74721979900309e-07,9.901643916118388e-07,1.1266402009969104e-07,0
819,2.494623009069371e-07,9.901643916118388e-07,8.592169909306291e-08,0
820,9.263234129854863e-08,9.901643916118388e-07,4.484265870145137e-08,0
821,4.951556412872021e-08,9.901643916118388e-07,1.9109035871279792e-08,0
822,5.2279088579224095e-08,9.901643916118388e-07,-7.24788579224092e-10,0
823,8.194165626152998e-08,9.901643916118388e-07,-2.9244756261529975e-08,0
824,1.2799899087188023e-07,9.901643916118388e-07,-6.092119087188023e-08,0
825,1.675813454800566e-07,9.901643916118388e-07,-6.362634548005658e-08,0
826,1.780656887933295e-07,9.901643916118388e-07,-9.0546887933295e-09,0
827,1.6877397573969591e-07,9.901643916118388e-07,9.785402426030408e-08,0
828,1.9214243938494453e-07,9.901643916118388e-07,1.9267956061505545e-07,0
829,2.690916197100731e-07,9.901643916118388e-07,1.989523802899269e-07,0
830,3.190286539197639e-07,9.901643916118388e-07,1.2640334608023608e-07,0
831,2.578070753611841e-07,9.901643916118388e-07,3.8661924638815885e-08,0
832,7.79731671805817e-07,9.901643916118388e-07,-2.612056718058169e-07,0
833,1.1351138000524644e-06,9.901643916118388e-07,-3.401418000524643e-07,0
834,1.0924855826732236e-06,9.901643916118388e-07,-2.994575826732236e-07,0
835,7.083125894653815e-07,9.901643916118388e-07,-1.6841458946538143e-07,0
836,3.088934635525421e-07,9.901643916118388e-07,-4.577146355254212e-08,0
837,9.045567580386996e-08,9.901643916118388e-07,1.1526324196130033e-08,0
838,1.8546717354345053e-08,9.901643916118388e-07,2.4525082645654953e-08,0
839,6.811657277624098e-09,9.901643916118388e-07,2.3368842722375907e-08,0
840,1.4041229715626264e-08,9.901643916118388e-07,2.1065870284373733e-08,0
841,3.281835922243634e-08,9.901643916118388e-07,2.548194077756367e-08,0
842,7.516798600471193e-08,9.901643916118388e-07,4.595401399528806e-08,0
843,1.9173871404275848e-07,9.901643916118388e-07,9.814828595724156e-08,0
844,4.7623380099728547e-07,9.901643916118388e-07,1.8952619900271443e-07,0
845,9.15434077027898e-07,9.901643916118388e-07,2.795459229721019e-07,0
846,1.217192594703365e-06,9.901643916118388e-07,2.89477405296635e-07,0
847,1.1083546868100894e-06,9.901643916118388e-07,2.085053131899106e-07,0
848,7.263403580568477e-07,9.901643916118388e-07,1.226496419431523e-07,0
849,3.60705875918428e-07,9.901643916118388e-07,9.124712408157205e-08,0
850,1.383611050484955e-07,9.901643916118388e-07,8.456789495150449e-08,0
851,4.480823954900829e-08,9.901643916118388e-07,6.63497604509917e-08,0
852,1.5060478092798578e-08,9.901643916118388e-07,4.379212190720142e-08,0
853,6.550490221688982e-09,9.901643916118388e-07,2.8284109778311016e-08,0
854,6.5677792265740635e-09,9.901643916118388e-07,1.8833320773425936e-08,0
855,1.4606295337164548e-08,9.901643916118388e-07,8.717604662835454e-09,0
856,3.416886608901627e-08,9.901643916118388e-07,-3.5703660890162698e-09,0
857,6.053834907113963e-08,9.901643916118388e-07,-1.1073649071139631e-08,0
858,7.537055393173398e-08,9.901643916118388e-07,3.572346068266023e-09,0
859,8.026636227219998e-08,9.901643916118388e-07,4.9443637727800006e-08,0
860,1.1545353904122393e-07,9.901643916118388e-07,9.135346095877607e-08,0
861,1.9735222296186774e-07,9.901643916118388e-07,9.113977703813228e-08,0
862,2.6743912358518675e-07,9.901643916118388e-07,4.7476876414813206e-08,0
863,2.4260412548922537e-07,9.901643916118388e-07,-9.616125489225374e-09,0
864,7.586242048594069e-07,9.901643916118388e-07,-2.8046720485940687e-07,0
865,1.051433929924762e-06,9.901643916118388e-07,-3.6035092992476193e-07,0
866,9.182453320873356e-07,9.901643916118388e-07,-2.8278033208733564e-07,0
867,5.203937005503337e-07,9.901643916118388e-07,-1.2501370055033367e-07,0
868,1.9595854986765817e-07,9.901643916118388e-07,-1.537654986765817e-08,0
869,4.932032943557727e-08,9.901643916118388e-07,2.0640670564422727e-08,0
870,8.143598939401214e-09,9.901643916118388e-07,2.094100106059878e-08,0
871,1.2882056644396348e-09,9.901643916118388e-07,1.6423794335560366e-08,0
872,1.8498611485491879e-09,9.901643916118388e-07,1.893243885145081e-08,0
873,5.453763033392938e-09,9.901643916118388e-07,3.186273696660706e-08,0
874,1.680240505291258e-08,9.901643916118388e-07,6.69417949470874e-08,0
875,5.377243262859844e-08,9.901643916118388e-07,1.5338456737140154e-07,0
876,1.3872773030956177e-07,9.901643916118388e-07,2.8787026969043823e-07,0
877,2.469295575654141e-07,9.901643916118388e-07,3.6718944243458596e-07,0
878,2.957239467039572e-07,9.901643916118388e-07,3.025120532960428e-07,0
879,2.4770332984319984e-07,9.901643916118388e-07,1.749596701568002e-07,0
880,1.508320185611394e-07,9.901643916118388e-07,1.002899814388606e-07,0
881,6.53370148320809e-08,9.901643916118388e-07,7.976298516791909e-08,0
882,1.967876607819972e-08,9.901643916118388e-07,6.596113392180026e-08,0
883,4.678147832250475e-09,9.901643916118388e-07,4.721505216774952e-08,0
884,1.1230647133356632e-09,9.901643916118388e-07,2.993463528666434e-08,0
885,3.857213922006e-10,9.901643916118388e-07,1.8221878607799397e-08,0
886,8.937214369605908e-10,9.901643916118388e-07,1.3356678563039408e-08,0
887,3.853507901374837e-09,9.901643916118388e-07,1.4694892098625164e-08,0
888,1.206682267093427e-08,9.901643916118388e-07,1.7378877329065732e-08,0
889,2.6446636613443665e-08,9.901643916118388e-07,1.373836338655634e-08,0
890,4.4360996672749335e-08,9.901643916118388e-07,1.1337103327250657e-08,0
891,7.148284445647489e-08,9.901643916118388e-07,2.7516255543525112e-08,0
892,1.3407588329807035e-07,9.901643916118388e-07,5.1241116701929665e-08,0
893,2.646455970180245e-07,9.901643916118388e-07,2.3563402981975553e-08,0
894,4.256180958914947e-07,9.901643916118388e-07,-9.561209589149474e-08,0
895,4.587365028296774e-07,9.901643916118388e-07,-2.068125028296774e-07,1
896,1.0760667017541477e-06,9.901643916118388e-07,-6.289697017541477e-07,1
897,1.3770799264758643e-06,9.901643916118388e-07,-7.469129264758644e-07,1
898,1.0674377656321416e-06,9.901643916118388e-07,-4.932627656321416e-07,1
899,5.201173091599757e-07,9.901643916118388e-07,-1.5380930915997573e-07,0
900,1.643676713917804e-07,9.901643916118388e-07,1.3057328608219586e-08,0
901,3.416580913517137e-08,9.901643916118388e-07,3.8418890864828626e-08,0
902,4.621811951776851e-09,9.901643916118388e-07,2.4269788048223148e-08,0
903,4.261067450641375e-10,9.901643916118388e-07,1.4896693254935863e-08,1
904,1.6410116749264426e-10,9.901643916118388e-07,1.5074098832507356e-08,0
905,6.116574480315168e-10,9.901643916118388e-07,2.6636842551968486e-08,1
906,2.8524764732001565e-09,9.901643916118388e-07,7.567422352679984e-08,0
907,1.0891870496934135e-08,9.901643916118388e-07,2.0354912950306585e-07,0
908,2.8356315284545112e-08,9.901643916118388e-07,3.641766847154549e-07,0
909,4.8562689987288414e-08,9.901643916118388e-07,3.948343100127116e-07,0
910,5.5391197761666667e-08,9.901643916118388e-07,2.6569380223833333e-07,0
911,4.266090069113373e-08,9.901643916118388e-07,1.3585309930886628e-07,0
912,2.1546205840737536e-08,9.901643916118388e-07,8.496379415926246e-08,0
913,6.7376846202609405e-09,9.901643916118388e-07,7.029891537973905e-08,0
914,1.2911420446126973e-09,9.901643916118388e-07,5.58841579553873e-08,0
915,1.7600982440607736e-10,9.901643916118388e-07,3.866319017559392e-08,0
916,2.7128238225094367e-11,9.901643916118388e-07,2.1588071761774906e-08,0
917,4.693943779307293e-11,9.901643916118388e-07,1.2586260562206928e-08,0
918,4.2183650194894923e-10,9.901643916118388e-07,1.5883963498051052e-08,0
919,2.819187178127189e-09,9.901643916118388e-07,3.131781282187281e-08,0
920,1.2985750137709658e-08,9.901643916118388e-07,5.175204986229035e-08,0
921,4.348405286787996e-08,9.901643916118388e-07,5.2365347132120034e-08,0
922,1.1111307512471952e-07,9.901643916118388e-07,1.8664924875280494e-08,0
923,2.2872290912534213e-07,9.901643916118388e-07,-2.2452909125342146e-08,0
924,4.302167523244883e-07,9.901643916118388e-07,-7.919775232448828e-08,0
925,7.789999970577361e-07,9.901643916118388e-07,-2.7110499705773605e-07,1
926,1.1556465443245905e-06,9.901643916118388e-07,-6.072445443245904e-07,1
927,1.1563784929406472e-06,9.901643916118388e-07,-7.535504929406472e-07,1
928,1.832967776079e-06,9.901643916118388e-07,-1.313145776079e-06,1
929,2.3227541149186744e-06,9.901643916118388e-07,-1.5846291149186743e-06,1
930,1.8036726064963038e-06,9.901643916118388e-07,-1.1285936064963037e-06,1
931,8.944415053381357e-07,9.901643916118388e-07,-4.633525053381357e-07,1
932,2.9159936417550693e-07,9.901643916118388e-07,-8.278236417550695e-08,0
933,6.26945710031904e-08,9.901643916118388e-07,1.9474628996809596e-08,0
934,8.707507806949213e-09,9.901643916118388e-07,2.0594992193050787e-08,0
935,7.996718172949998e-10,9.901643916118388e-07,1.5443028182705004e-08,0
936,3.6066456734935666e-10,9.901643916118388e-07,2.2874335432650646e-08,0
937,1.2983794844392554e-09,9.901643916118388e-07,5.090782051556074e-08,0
938,3.345480821851757e-09,9.901643916118388e-07,1.2053051917814827e-07,0
939,6.974312709859966e-09,9.901643916118388e-07,2.4276168729014004e-07,0
940,1.3108247287800102e-08,9.901643916118388e-07,3.446847527121999e-07,0
941,1.7907670442491293e-08,9.901643916118388e-07,3.171393295575087e-07,0
942,1.4894584638601408e-08,9.901643916118388e-07,1.970554153613986e-07,0
943,7.367244260804957e-09,9.901643916118388e-07,1.0411175573919505e-07,0
944,2.2223087711181704e-09,9.901643916118388e-07,6.643149122888183e-08,0
945,4.068619536917146e-10,9.901643916118388e-07,5.226563804630828e-08,0
946,4.429891640346247e-11,9.901643916118388e-07,4.0070101083596544e-08,0
947,1.1647944566807695e-11,9.901643916118388e-07,2.5020152055433195e-08,0
948,9.998812292984996e-11,9.901643916118388e-07,1.3079211877070149e-08,0
949,7.715602659652477e-10,9.901643916118388e-07,1.0580139734034753e-08,0
950,4.850598051107264e-09,9.901643916118388e-07,1.9851101948892735e-08,0
951,2.397919742906748e-08,9.901643916118388e-07,4.3253702570932515e-08,0
952,8.673384890897441e-08,9.901643916118388e-07,6.38811510910256e-08,0
953,2.3958599701569264e-07,9.901643916118388e-07,1.9622002984307364e-08,0
954,5.367024826320893e-07,9.901643916118388e-07,-1.4189548263208933e-07,0
955,1.0100856462564093e-06,9.901643916118388e-07,-3.6439464625640917e-07,0
956,1.6630363088192592e-06,9.901643916118388e-07,-6.052663088192591e-07,1
957,2.39773107691474e-06,9.901643916118388e-07,-9.8183107691474e-07,1
958,2.775833522820932e-06,9.901643916118388e-07,-1.3977635228209318e-06,1
959,2.261293936027295e-06,9.901643916118388e-07,-1.3492779360272952e-06,1
960,2.796182362426034e-06,9.901643916118388e-07,-2.064378362426034e-06,1
961,3.459422696091297e-06,9.901643916118388e-07,-2.479832696091297e-06,1
962,2.6439679724906467e-06,9.901643916118388e-07,-1.8149039724906466e-06,1
963,1.2893695023089548e-06,9.901643916118388e-07,-7.940825023089548e-07,1
964,4.0523110408847494e-07,9.901643916118388e-07,-1.7591310408847495e-07,0
965,8.107620978604417e-08,9.901643916118388e-07,5.312190213955827e-09,0
966,1.0147868251275107e-08,9.901643916118388e-07,2.3004631748724892e-08,0
967,1.5657362863493164e-09,9.901643916118388e-07,3.102846371365068e-08,0
968,4.2375380123969455e-09,9.901643916118388e-07,6.338756198760306e-08,0
969,1.1998143663377988e-08,9.901643916118388e-07,1.2008085633662202e-07,0
970,2.0807565411635768e-08,9.901643916118388e-07,1.9371543458836425e-07,0
971,2.7266629085742676e-08,9.901643916118388e-07,2.6971037091425736e-07,0
972,3.25830052553377e-08,9.901643916118388e-07,2.9885999474466234e-07,0
973,2.9359522716615902e-08,9.901643916118388e-07,2.523184772833841e-07,0
974,1.537912560189794e-08,9.901643916118388e-07,1.7449087439810206e-07,1
975,4.233154576904525e-09,9.901643916118388e-07,1.1374984542309546e-07,1
976,6.020198467601506e-10,9.901643916118388e-07,7.552718015323986e-08,0
977,4.553934219538211e-11,9.901643916118388e-07,4.973456065780462e-08,0
978,1.5545233087420375e-11,9.901643916118388e-07,3.214845476691258e-08,0
979,1.970393976324786e-10,9.901643916118388e-07,2.1962660602367524e-08,0
980,1.5236270294789573e-09,9.901643916118388e-07,1.702757297052104e-08,0
981,7.382728761185074e-09,9.901643916118388e-07,1.3498471238814928e-08,0
982,2.9315960276011913e-08,9.901643916118388e-07,1.133903972398809e-08,0
983,1.056706756694981e-07,9.901643916118388e-07,4.478324330501899e-09,0
984,3.130656889546834e-07,9.901643916118388e-07,-4.885968895468338e-08,0
985,7.560944269236664e-07,9.901643916118388e-07,-2.418744269236664e-07,0
986,1.5550365661708254e-06,9.901643916118388e-07,-6.260695661708254e-07,0
987,2.7459146003993628e-06,9.901643916118388e-07,-1.0480746003993626e-06,1
988,4.106480419826325e-06,9.901643916118388e-07,-1.341110419826325e-06,1
989,5.0361780681138385e-06,9.901643916118388e-07,-1.5798080681138393e-06,1
990,4.764715453902943e-06,9.901643916118388e-07,-1.7028554539029438e-06,1
991,3.1973571857989512e-06,9.901643916118388e-07,-1.3871171857989511e-06,1
992,2.3241837418772457e-06,9.901643916118388e-07,-1.6777487418772457e-06,1
993,2.6004746034164355e-06,9.901643916118388e-07,-1.8647926034164356e-06,1
994,1.7958060700311107e-06,9.901643916118388e-07,-1.2560040700311107e-06,1
995,7.787067180654205e-07,9.901643916118388e-07,-4.904567180654205e-07,1
996,2.1144449353833866e-07,9.901643916118388e-07,-8.973649353833866e-08,0
997,3.54066087555356e-08,9.901643916118388e-07,8.9597912444644e-09,0
998,4.023222874953658e-09,9.901643916118388e-07,2.127147712504634e-08,0
999,3.48040012875742e-09,9.901643916118388e-07,3.991559987124258e-08,0
1000,1.2215804345047648e-08,9.901643916118388e-07,7.568509565495235e-08,0
1001,2.5168643347068892e-08,9.901643916118388e-07,1.180203566529311e-07,0
1002,3.158167838980212e-08,9.901643916118388e-07,1.6219632161019788e-07,0
1003,3.023031520222747e-08,9.901643916118388e-07,1.9790568479777252e-07,0
1004,2.663742593864585e-08,9.901643916118388e-07,1.9859157406135417e-07,1
1005,1.761619305201458e-08,9.901643916118388e-07,1.630908069479854e-07,1
1006,6.71470435901898e-09,9.901643916118388e-07,1.1551429564098102e-07,1
1007,1.3300136246144593e-09,9.901643916118388e-07,7.631578637538554e-08,1
1008,1.3330479805563186e-10,9.901643916118388e-07,4.793539520194437e-08,0
1009,1.1352935751587073e-11,9.901643916118388e-07,2.997474706424841e-08,0
1010,9.520130238005296e-11,9.901643916118388e-07,2.092269869761995e-08,0
1011,9.885484475782453e-10,9.901643916118388e-07,1.6385051552421753e-08,0
1012,5.468088552400217e-09,9.901643916118388e-07,1.0693911447599782e-08,0
1013,1.8605118021862703e-08,9.901643916118388e-07,8.229819781372965e-10,0
1014,5.293648056595624e-08,9.901643916118388e-07,-1.1760580565956241e-08,0
1015,1.510389074981564e-07,9.901643916118388e-07,-4.34159074981564e-08,0
1016,3.9406886487543813e-07,9.901643916118388e-07,-1.4603486487543815e-07,0
1017,9.078407933976023e-07,9.901643916118388e-07,-3.8937279339760226e-07,0
1018,1.8324980389396561e-06,9.901643916118388e-07,-7.723780389396562e-07,1
1019,3.1165115098101365e-06,9.901643916118388e-07,-1.1226215098101362e-06,1
1020,4.328874079561123e-06,9.901643916118388e-07,-1.3035240795611226e-06,1
1021,4.737929597983197e-06,9.901643916118388e-07,-1.358689597983197e-06,1
1022,3.859312738428439e-06,9.901643916118388e-07,-1.2468427384284393e-06,1
1023,2.1743844815686037e-06,9.901643916118388e-07,-8.691144815686035e-07,1
