,Y107H,diff,True
0,9.75373259120945e-07,4.48746740879055e-07,0
1,1.1779321071053174e-06,8.292378928946826e-07,0
2,7.061865266990519e-07,9.527034733009482e-07,1
3,2.380990887090032e-07,6.719709112909969e-07,1
4,6.005307484563187e-08,3.230229251543681e-07,0
5,2.5409035850486625e-08,1.1672196414951339e-07,0
6,2.7736640942508532e-08,4.4526459057491476e-08,0
7,4.212994968570634e-08,5.577155031429367e-08,0
8,4.768166352792367e-08,1.3731733647207633e-07,0
9,4.3990687993486694e-08,2.740603120065133e-07,0
10,6.175464333631058e-08,4.3087235666368945e-07,0
11,1.346820368661921e-07,5.427439631338078e-07,0
12,2.812225555019132e-07,5.141134444980869e-07,0
13,4.54007106720539e-07,3.38776893279461e-07,0
14,5.652684390928433e-07,1.2309256090715677e-07,0
15,5.273313914935629e-07,9.614608506437113e-09,0
16,3.783131400266151e-07,6.915859973384877e-09,0
17,2.3818417019878192e-07,1.8873829801218076e-08,0
18,1.2826515440537487e-07,2.923884559462513e-08,0
19,6.582125435838603e-08,3.4350745641613974e-08,0
20,6.731261371572652e-08,2.765658628427347e-08,0
21,1.1634323615600884e-07,1.8762763843991154e-08,0
22,2.027369389557527e-07,1.1514061044247297e-08,0
23,3.0611533032222064e-07,4.105766967777939e-08,0
24,4.384840230026728e-07,2.067389769973272e-07,0
25,9.355099520471537e-07,5.010000479528465e-07,0
26,2.576998805749288e-06,7.563711942507116e-07,0
27,6.167185104048297e-06,8.074248959517028e-07,0
28,1.1232378099399e-05,6.585219006009995e-07,0
29,1.483279631712706e-05,5.372036828729396e-07,0
30,1.3513596196325533e-05,7.917038036744668e-07,0
31,7.922978086133928e-06,1.204061913866072e-06,0
32,2.454936402052086e-06,1.3666835979479138e-06,0
33,2.6578705186132717e-06,2.0265994813867276e-06,1
34,1.5061582955370001e-06,1.934811704463e-06,1
35,5.299825482459861e-07,1.1931974517540135e-06,1
36,1.7293476670655598e-07,5.258002332934441e-07,0
37,1.0601896779554408e-07,1.8191703220445592e-07,0
38,1.1596433449060581e-07,7.374266550939421e-08,0
39,1.255403597679519e-07,1.3226064023204813e-07,0
40,1.1666479170220824e-07,3.4015820829779175e-07,0
41,1.376044389755943e-07,6.475645610244058e-07,0
42,2.389931805820657e-07,9.576668194179343e-07,0
43,4.975920276272685e-07,1.0901079723727314e-06,0
44,9.580854662823351e-07,9.120245337176648e-07,0
45,1.4946770567468364e-06,4.958829432531634e-07,0
46,1.796854021899916e-06,1.226859781000842e-07,0
47,1.6580149662092069e-06,1.7045033790792916e-08,0
48,1.2919273169641165e-06,2.3912683035883544e-08,0
49,8.803033772180315e-07,3.205362278196841e-08,0
50,5.0421177292252e-07,7.219322707748003e-08,0
51,3.2717845170534e-07,7.362554829466e-08,0
52,3.7364743356989215e-07,1.7593566430107825e-08,0
53,6.006432675936249e-07,-7.604726759362486e-08,0
54,9.091003892371572e-07,-1.437543892371572e-07,0
55,1.1319529274011118e-06,4.37370725988882e-08,0
56,1.5332663982217042e-06,6.623436017782955e-07,0
57,3.3725782257684387e-06,1.5970717742315613e-06,0
58,9.140980757194703e-06,2.321919242805297e-06,0
59,2.0871297790860548e-05,2.0648022091394546e-06,0
60,3.529570650329469e-05,7.852934967053125e-07,0
61,4.209733116623201e-05,9.346883376798524e-08,0
62,3.401007370479096e-05,1.2829262952090395e-06,0
63,1.7695040863820898e-05,2.5227591361791e-06,1
64,3.4766445137457315e-06,1.5752954862542686e-06,1
65,3.720218897278392e-06,1.9728411027216083e-06,1
66,2.1802082855828148e-06,1.705501714417185e-06,1
67,8.460747099101073e-07,1.0034052900898923e-06,1
68,3.124162778385941e-07,4.582337221614059e-07,0
69,1.8443781879453626e-07,1.9453718120546373e-07,0
70,1.5635352239311732e-07,1.229464776068827e-07,0
71,1.3057125733339796e-07,2.0170974266660203e-07,0
72,1.2815353456331606e-07,4.2862446543668385e-07,0
73,2.1042764372351449e-07,7.507713562764855e-07,0
74,4.667539635804616e-07,1.0083060364195384e-06,0
75,9.969436670822205e-07,1.0564063329177795e-06,0
76,1.7992525691164853e-06,8.995874308835148e-07,0
77,2.7043679546571403e-06,6.200720453428598e-07,0
78,3.3456102338213475e-06,3.878297661786525e-07,0
79,3.496662943569374e-06,2.486970564306258e-07,0
80,3.1576286455471863e-06,1.0689135445281361e-07,0
81,2.303202937350381e-06,1.1535706264961887e-07,0
82,1.3671119445879628e-06,2.313280554120371e-07,0
83,9.081806672566663e-07,1.9845933274333362e-07,0
84,1.0680960963099345e-06,-5.210609630993463e-08,0
85,1.7360886323135812e-06,-4.740686323135811e-07,0
86,2.408455146683229e-06,-6.981551466832291e-07,0
87,2.6552395596822317e-06,-1.6654955968223158e-07,0
88,3.3581950817532903e-06,1.24276491824671e-06,0
89,7.304146412355562e-06,3.2222535876444395e-06,1
90,1.882836018906985e-05,4.793039810930146e-06,1
91,3.983461662620379e-05,4.128183373796208e-06,0
92,6.177038918176502e-05,1.0151108182349761e-06,0
93,6.689350952271185e-05,-7.433095227118395e-07,0
94,4.902567111944062e-05,9.45228880559381e-07,0
95,2.3378072978574666e-05,2.620027021425335e-06,0
96,3.8116177328030817e-06,6.058022671969183e-07,0
97,4.098509228761237e-06,6.514207712387636e-07,0
98,2.4241999883811335e-06,6.875700116188666e-07,0
99,9.484455809207829e-07,5.041844190792172e-07,0
100,3.8240822295835187e-07,2.7300377704164815e-07,0
101,2.2918149136196352e-07,1.605365086380365e-07,0
102,1.4616047850827813e-07,1.457745214917219e-07,0
103,9.546667804626783e-08,1.9013532195373215e-07,0
104,1.0957150931818397e-07,3.16754490681816e-07,0
105,2.641304638967249e-07,4.938295361032752e-07,0
106,6.801158016989833e-07,6.468541983010166e-07,0
107,1.411630620170726e-06,8.067493798292742e-07,0
108,2.4777116531422975e-06,9.861883468577024e-07,0
109,3.905202076073806e-06,1.0372779239261948e-06,0
110,5.5079160754310426e-06,8.350639245689578e-07,0
111,6.585785376276871e-06,4.887546237231278e-07,0
112,6.22994186580307e-06,3.223581341969297e-07,0
113,4.4596789564951434e-06,5.09251043504857e-07,0
114,2.5952796762950007e-06,6.649103237049991e-07,0
115,1.7116065579270911e-06,4.805134420729092e-07,0
116,1.911710026502967e-06,5.3539973497033054e-08,0
117,2.88004345855338e-06,-4.4684345855338017e-07,0
118,3.867718503231666e-06,-5.847985032316665e-07,0
119,4.429096347770087e-06,2.0718365222991343e-07,0
120,6.322011362453781e-06,1.9767286375462173e-06,1
121,1.3911898523758446e-05,4.267001476241553e-06,1
122,3.2299160249611104e-05,5.3600397503888965e-06,1
123,6.049739323499568e-05,2.6323067650043267e-06,0
124,8.308360294653255e-05,-2.5060029465325505e-06,0
125,8.011573263475649e-05,-3.973232634756494e-06,0
126,5.325129073242441e-05,-1.1112907324244123e-06,0
127,2.361161654171571e-05,1.3337834582842903e-06,0
128,3.5870035305571398e-06,-3.5839353055714e-07,0
129,3.782817653793779e-06,-3.855376537937792e-07,0
130,2.1998409659817425e-06,8.449034018257785e-09,0
131,9.488528357503773e-07,1.4403716424962277e-07,0
132,5.501539347930778e-07,4.555106520692219e-08,0
133,4.085760334114477e-07,1.3069665885523289e-09,0
134,2.681555865827603e-07,2.3866413417239668e-08,0
135,1.643636330236546e-07,6.435436697634539e-08,0
136,1.5521300622010686e-07,1.3589799377989314e-07,0
137,3.428378960065455e-07,2.452691039934545e-07,1
138,8.827818635946127e-07,4.334481364053873e-07,0
139,1.8940394658521557e-06,7.999405341478441e-07,0
140,3.487727151673878e-06,1.327542848326122e-06,0
141,5.95729090143677e-06,1.6311690985632304e-06,0
142,9.159118970716733e-06,1.2502810292832675e-06,0
143,1.1330040254876724e-05,4.899597451232759e-07,0
144,1.0351269655859184e-05,3.136303441408165e-07,0
145,6.856062666763375e-06,8.074273332366246e-07,0
146,3.680384764039229e-06,1.0363452359607708e-06,1
147,2.2265683130788572e-06,8.09171686921143e-07,0
148,2.234571277981902e-06,5.730287220180982e-07,0
149,3.263196778021451e-06,4.855532219785489e-07,0
150,4.592371274086969e-06,6.483987259130312e-07,0
151,6.287938971934042e-06,1.1754310280659577e-06,0
152,1.0911219857052465e-05,2.2254801429475362e-06,1
153,2.34557404581489e-05,3.3743595418511037e-06,1
154,4.7186818108392166e-05,2.806181891607834e-06,0
155,7.496809808306483e-05,-5.447980830648313e-07,0
156,8.826736639179645e-05,-3.7354663917964437e-06,0
157,7.502926830474561e-05,-2.930268304745609e-06,0
158,4.5519995373723904e-05,-1.4395373723896665e-08,0
159,1.9015987260415743e-05,1.459112739584257e-06,0
160,3.0430035585990593e-06,-6.44583558599059e-07,1
161,3.413881071884713e-06,-8.022810718847128e-07,1
162,2.268961548759236e-06,-4.2108154875923614e-07,0
163,1.3235195629799442e-06,-2.2794956297994425e-07,0
164,1.0557118323620192e-06,-3.272898323620191e-07,0
165,9.292857316053936e-07,-3.9485473160539353e-07,0
166,6.58742639677449e-07,-2.9317563967744905e-07,0
167,3.6811586351440985e-07,-1.1607986351440983e-07,0
168,2.808712308634969e-07,7.626769136503067e-09,0
169,5.860027486618222e-07,8.462525133817771e-08,0
170,1.5381144877184778e-06,2.3846551228152216e-07,0
171,3.371079544997362e-06,6.815904550026378e-07,0
172,6.1890017394572835e-06,1.5556782605427174e-06,0
173,1.0338309309240367e-05,2.1801906907596316e-06,0
174,1.532226368890291e-05,1.4480363110970908e-06,0
175,1.7569780076981662e-05,2.882199230183387e-07,0
176,1.4342074953895984e-05,3.9582504610401575e-07,0
177,8.443430764814818e-06,1.1516492351851827e-06,0
178,4.009674979914685e-06,1.3643650200853146e-06,1
179,2.0469787952580138e-06,1.1714712047419863e-06,1
180,1.8227783154129283e-06,1.1468216845870716e-06,0
181,2.7161653148088446e-06,1.375404685191155e-06,0
182,4.523188621228328e-06,1.4480113787716715e-06,0
183,8.098195372693471e-06,1.129584627306529e-06,0
184,1.575694013068378e-05,1.0747598693162189e-06,0
185,3.122779505442163e-05,1.1465049455783706e-06,0
186,5.465907972392954e-05,1.883202760704611e-07,0
187,7.509951768109186e-05,-9.977176810918597e-07,0
188,7.724963051895243e-05,-3.645305189524297e-07,0
189,5.9085105136051816e-05,1.7081948639481836e-06,0
190,3.365954169037891e-05,2.710158309621088e-06,0
191,1.3838210195896694e-05,2.061789804103306e-06,1
192,3.1706653042406415e-06,-9.172153042406415e-07,1
193,3.960923599182721e-06,-1.2410235991827213e-06,1
194,3.1131693273502324e-06,-9.070193273502323e-07,1
195,2.255789400469928e-06,-7.529694004699279e-07,0
196,2.0236850511147186e-06,-9.759150511147187e-07,1
197,1.7790674861992711e-06,-1.0433374861992711e-06,1
198,1.2071110213138095e-06,-7.254280213138095e-07,1
199,6.62025039450642e-07,-3.2705703945064204e-07,1
200,4.988667647687234e-07,-7.029476476872343e-08,0
201,1.0067703816949434e-06,9.779961830505662e-08,0
202,2.6869792547497277e-06,3.527407452502723e-07,0
203,6.056789935820824e-06,9.834200641791768e-07,0
204,1.1268453408423975e-05,2.0873465915760252e-06,0
205,1.816214364360192e-05,2.5726563563980805e-06,0
206,2.433066987164231e-05,1.5986301283576896e-06,0
207,2.4640117289210057e-05,7.388827107899455e-07,0
208,1.8213465634313686e-05,9.745343656863141e-07,0
209,1.0225324731351095e-05,1.3221752686489055e-06,0
210,4.857977789294132e-06,1.2312722107058675e-06,0
211,2.4108069735291238e-06,1.0204230264708765e-06,0
212,1.7374971198339509e-06,1.066352880166049e-06,0
213,2.3132595106536263e-06,1.2228304893463741e-06,0
214,4.688662090677488e-06,7.52037909322512e-07,0
215,9.914541397497876e-06,-4.1258139749787606e-07,0
216,1.9003657677021798e-05,-8.889576770217967e-07,0
217,3.441498722078769e-05,-8.791872207876905e-07,0
218,5.5932052110683104e-05,-2.005952110683106e-06,0
219,7.204927147681469e-05,-2.465971476814694e-06,0
220,6.900148981167299e-05,2.8991018832700774e-07,0
221,4.9381766061278384e-05,3.741933938721617e-06,0
222,2.743819709935061e-05,4.118402900649384e-06,1
223,1.1651233365920633e-05,2.5269666340793657e-06,1
224,4.237959635471009e-06,-1.1485596354710089e-06,1
225,5.5510190863604895e-06,-1.58964908636049e-06,1
226,4.693397735528044e-06,-1.3667677355280443e-06,0
227,3.645295931836618e-06,-1.410345931836618e-06,1
228,3.205336707640665e-06,-1.7555167076406651e-06,1
229,2.616692609999056e-06,-1.6839426099990558e-06,1
230,1.6732327408140189e-06,-1.0854207408140189e-06,1
231,8.822761280077305e-07,-4.273321280077305e-07,1
232,6.508849230131393e-07,7.811407698686069e-08,0
233,1.4705335586648011e-06,5.26666441335199e-07,0
234,4.427081840824256e-06,1.0441281591757442e-06,0
235,1.0654433946414904e-05,1.8663660535850948e-06,0
236,2.027631884937622e-05,2.733981150623782e-06,0
237,3.1362439362742635e-05,2.4552606372573645e-06,0
238,3.849268558442603e-05,1.0573144155739668e-06,0
239,3.601229609262275e-05,2.5710390737725104e-07,0
240,2.566736322026685e-05,3.227367797331553e-07,0
241,1.4705775255455109e-05,4.4482474454489157e-07,0
242,7.645634400362962e-06,4.457455996370388e-07,0
243,4.230452875302748e-06,5.934571246972515e-07,0
244,2.957139209395425e-06,8.767907906045753e-07,0
245,3.341945813200931e-06,8.058641867990694e-07,0
246,5.717190064548365e-06,-4.4040064548364455e-08,0
247,1.0776457430731187e-05,-1.2476674307311882e-06,0
248,1.994064661358027e-05,-1.909546613580274e-06,0
249,3.6495661182917765e-05,-3.0156611829177668e-06,0
250,5.978347317908637e-05,-5.6223731790863685e-06,1
251,7.652584327237354e-05,-6.308943272373535e-06,1
252,7.252362297196645e-05,-1.7500229719664533e-06,0
253,5.283944041002483e-05,3.588059589975173e-06,0
254,3.139348963757384e-05,4.79281036242616e-06,1
255,1.4543713699543655e-05,3.381586300456344e-06,1
256,5.210115002261149e-06,-6.742350022611487e-07,0
257,6.47828022637023e-06,-9.623302263702299e-07,0
258,5.2511797041269074e-06,-9.64209704126908e-07,0
259,3.988380177041891e-06,-1.370080177041891e-06,0
260,3.2903624344232075e-06,-1.7641324344232076e-06,1
261,2.460750501810004e-06,-1.5655455018100043e-06,1
262,1.5164069911785434e-06,-9.525979911785434e-07,1
263,8.096072496839275e-07,-2.816162496839275e-07,0
264,7.309317154803969e-07,3.617282845196032e-07,0
265,2.2573901082393168e-06,1.0932198917606828e-06,0
266,7.682019874927994e-06,1.9754101250720062e-06,0
267,1.9891955131605507e-05,2.563044868394494e-06,0
268,3.874275002659484e-05,1.628549973405161e-06,0
269,5.7138793429180844e-05,-8.668934291808448e-07,0
270,6.398165824816044e-05,-2.5442582481604404e-06,0
271,5.427112492115521e-05,-1.848024921155207e-06,0
272,3.5245096277835746e-05,-1.6209627783574332e-07,0
273,1.872508285204752e-05,8.20317147952481e-07,0
274,9.874299743594156e-06,8.579002564058439e-07,0
275,6.362766881504296e-06,8.290031184957037e-07,0
276,5.074455168880354e-06,1.0259948311196455e-06,0
277,5.160017367688713e-06,7.885326323112871e-07,0
278,6.8750674047893445e-06,-1.2814740478934418e-07,0
279,1.1452518518111102e-05,-1.384418518111103e-06,0
280,2.230717290561244e-05,-3.175672905612439e-06,1
281,4.404644336936418e-05,-6.616643369364178e-06,1
282,7.419689039832439e-05,-1.1143790398324385e-05,1
283,9.595121408157464e-05,-1.1783614081574645e-05,1
284,9.483072089415235e-05,-6.170520894152346e-06,0
285,7.592066319369193e-05,7.136806308064405e-09,0
286,4.978314401338491e-05,2.7656559866150898e-06,0
287,2.398965185557761e-05,3.233748144422391e-06,1
288,4.613203561279688e-06,8.977643872031157e-08,0
289,5.083941757199302e-06,3.123824280069795e-08,0
290,3.5720752907277106e-06,-3.1025290727710405e-08,0
291,2.3614514171972473e-06,-4.569514171972474e-07,0
292,1.7250227942050151e-06,-7.656927942050151e-07,0
293,1.209151830144456e-06,-7.017738301444559e-07,1
294,7.308858030130856e-07,-3.874008030130856e-07,1
295,4.395100558207839e-07,2.2148944179216082e-08,0
296,8.068173759061566e-07,5.961126240938436e-07,0
297,3.5441488111326485e-06,1.6648211888673506e-06,1
298,1.358092927202898e-05,2.7485707279710204e-06,1
299,3.71863646687481e-05,1.1807353312519016e-06,0
300,7.018687421731949e-05,-4.138074217319485e-06,0
301,9.299135813040404e-05,-7.986958130404038e-06,1
302,8.939614976375323e-05,-5.887449763753225e-06,1
303,6.331346039339335e-05,-4.7406039339335283e-07,0
304,3.378567373369201e-05,3.005226266307993e-06,0
305,1.5361131426954075e-05,3.0552685730459274e-06,1
306,8.04908882372501e-06,1.848831176274988e-06,0
307,5.7728056727135535e-06,1.1722243272864473e-06,0
308,4.960306350861547e-06,9.528436491384533e-07,0
309,4.908617007368643e-06,6.295629926313566e-07,0
310,6.15333457933434e-06,1.2459542066565985e-07,0
311,1.1153133253547504e-05,-8.78933253547503e-07,0
312,2.5777404626362226e-05,-3.763404626362226e-06,1
313,5.622396667483998e-05,-9.935166674839978e-06,1
314,9.674749520971997e-05,-1.698809520971997e-05,1
315,0.00012615841386730742,-1.9204413867307424e-05,1
316,0.00012914312616831963,-1.5351126168319616e-05,1
317,0.00010774209404256284,-9.361994042562843e-06,1
318,7.013533777687951e-05,-3.349337776879503e-06,0
319,3.155864201570097e-05,8.811579842990308e-07,0
320,2.6686146500140702e-06,9.56653499859296e-08,0
321,2.5114707406459136e-06,1.8857925935408648e-07,0
322,1.3791494220418258e-06,3.089905779581744e-07,0
323,6.600640736970715e-07,1.4158192630292844e-07,0
324,3.821632182328608e-07,-4.0637218232860784e-08,0
325,2.337318000403668e-07,-7.20858000403668e-08,0
326,1.3385094316305133e-07,2.781056836948671e-09,0
327,1.693760043530732e-07,1.8230899564692682e-07,1
328,9.377231012649319e-07,7.21306898735068e-07,1
329,5.378667210276559e-06,1.8201427897234422e-06,1
330,2.1108301234073315e-05,1.8654987659266852e-06,0
331,5.333097862978988e-05,-2.274678629789881e-06,0
332,8.759172720430164e-05,-7.842227204301648e-06,1
333,9.75856980030525e-05,-7.271898003052512e-06,1
334,7.644240278831239e-05,-8.024027883123846e-07,0
335,4.268764891612945e-05,4.47675108387055e-06,1
336,1.7687493981404394e-05,4.963806018595607e-06,1
337,6.543022803552799e-06,3.0562871964472016e-06,1
338,3.2350352870375627e-06,1.5110647129624375e-06,1
339,2.4467066315611727e-06,7.819833684388276e-07,0
340,2.276030441093996e-06,4.178295589060033e-07,0
341,2.374122838978054e-06,3.003071610219457e-07,0
342,3.3703541354891096e-06,4.3800586451089043e-07,0
343,8.217947399962852e-06,2.0354260003714598e-07,0
344,2.3584207330843147e-05,-2.081607330843144e-06,0
345,5.5160710434546655e-05,-7.747410434546652e-06,1
346,9.520238530490574e-05,-1.472998530490574e-05,1
347,0.00012342117369813798,-1.9073173698137984e-05,1
348,0.0001256186997083651,-1.877969970836509e-05,1
349,0.00010092782847530388,-1.383632847530389e-05,1
350,5.990825928083381e-05,-6.291859280833809e-06,1
351,2.3704568421173305e-05,-8.75568421173304e-07,0
352,8.000951400314669e-07,1.1686385996853312e-07,0
353,6.184469499873462e-07,2.081440500126537e-07,0
354,2.507890499291234e-07,2.2835595007087658e-07,0
355,7.627597975104249e-08,1.3018802024895748e-07,0
356,3.1984265429626564e-08,4.671903457037344e-08,0
357,1.6653998312207534e-08,2.1999301687792464e-08,0
358,2.0204137287172506e-08,3.7722762712827495e-08,0
359,1.3288773616383892e-07,1.5478626383616106e-07,1
360,1.072897581041505e-06,5.965124189584947e-07,1
361,5.91459451427093e-06,1.3406454857290693e-06,1
362,2.0280634697015108e-05,1.0470653029848912e-06,0
363,4.3030164551798165e-05,-1.0435645517981696e-06,0
364,5.837870194227455e-05,-1.6502019422745475e-06,0
365,5.2812123090806064e-05,1.278276909193936e-06,0
366,3.254340883901769e-05,4.365891160982305e-06,1
367,1.3791672155027884e-05,4.4488278449721154e-06,1
368,4.267182789293736e-06,2.6222472107062637e-06,1
369,1.2576296506629282e-06,1.1192403493370718e-06,1
370,5.919861947567707e-07,4.449138052432293e-07,1
371,4.5975044659740964e-07,2.0062055340259037e-07,0
372,4.492778637766578e-07,1.1750513622334219e-07,0
373,5.449653633701473e-07,1.844306366298527e-07,0
374,1.1979072934598215e-06,4.681027065401786e-07,0
375,4.350363074455723e-06,8.395669255442777e-07,0
376,1.4315085095451127e-05,4.867149045488746e-07,0
377,3.387847262234485e-05,-1.5435726223448474e-06,0
378,5.7146562008976796e-05,-5.023162008976793e-06,1
379,7.195783719570712e-05,-8.495537195707127e-06,1
380,6.966757297150697e-05,-9.539572971506969e-06,1
381,5.087807553313019e-05,-6.966275533130187e-06,1
382,2.638351517182899e-05,-2.9854151718289898e-06,1
383,8.996953581958639e-06,-5.184335819586386e-07,0
384,1.1319390658056355e-07,7.006909341943645e-08,0
385,7.478848950266762e-08,7.793451049733236e-08,0
386,2.305282689524392e-08,5.8882173104756075e-08,0
387,4.074819568714146e-09,3.009658043128586e-08,0
388,1.0018269078403947e-09,1.4236673092159604e-08,0
389,1.0018671774859146e-09,1.1123432822514085e-08,0
390,8.056346351612046e-09,2.3246853648387957e-08,1
391,9.022170376204577e-08,1.0047429623795423e-07,1
392,6.952944911745335e-07,3.942955088254665e-07,1
393,3.2599945216425343e-06,1.0022954783574666e-06,1
394,9.243178013544543e-06,1.630421986455456e-06,1
395,1.616522326135255e-05,2.1065767386474504e-06,1
396,1.796806280060286e-05,2.7376371993971397e-06,1
397,1.3002348619126573e-05,3.1195513808734256e-06,1
398,6.188385138210632e-06,2.5306248617893697e-06,1
399,1.9758713240518267e-06,1.3629986759481728e-06,1
400,4.7222974576061755e-07,5.010922542393825e-07,1
401,1.222346414735405e-07,1.4786335852645947e-07,1
402,5.4808899928343725e-08,4.872610007165628e-08,1
403,3.7635032194135044e-08,2.592736780586496e-08,0
404,3.6809323048057476e-08,3.175187695194252e-08,0
405,6.945319444715781e-08,9.332080555284219e-08,0
406,3.209521681354259e-07,3.0986683186457405e-07,1
407,1.584757215928567e-06,7.645027840714328e-07,1
408,5.404743744169571e-06,1.252456255830429e-06,0
409,1.2249761328088686e-05,1.3096386719113155e-06,0
410,1.9404369323139324e-05,6.09930676860675e-07,0
411,2.274595174024304e-05,-6.653517402430395e-07,0
412,1.996850486399437e-05,-1.435204863994369e-06,0
413,1.2705029941555945e-05,-1.0710299415559438e-06,0
414,5.570282652380996e-06,-3.4435265238099565e-07,0
415,1.588504875250006e-06,9.155124749993999e-09,0
416,7.4079995167235835e-09,1.2025900483276417e-08,0
417,3.870413338647274e-09,1.0242586661352726e-08,0
418,8.73668236713908e-10,6.0628417632860926e-09,0
419,9.076412320689102e-11,3.136485876793109e-09,0
420,1.3554096087220768e-11,2.478275903912779e-09,0
421,1.4611574566698825e-10,4.014804254333012e-09,0
422,2.896183966490109e-09,1.079261603350989e-08,1
423,3.3581040870635435e-08,4.657615912936457e-08,1
424,2.1691625611770106e-07,1.8442574388229896e-07,1
425,8.27079920060995e-07,5.072900799390051e-07,1
426,1.9461643208236822e-06,9.205856791763179e-07,1
427,2.8317219013107345e-06,1.1861380986892653e-06,1
428,2.5306438969252306e-06,1.2074861030747697e-06,1
429,1.4107804315792369e-06,9.290495684207631e-07,1
430,5.167828520307078e-07,4.775301479692921e-07,1
431,1.3857993372165953e-07,1.5549506627834043e-07,1
432,3.0443540668992965e-08,3.5419959331007035e-08,1
433,6.547391432750474e-09,8.211308567249526e-09,1
434,2.1071179936838286e-09,3.5807720063161713e-09,0
435,1.0942026564976508e-09,3.234487343502349e-09,0
436,1.5453004224603985e-09,7.396649577539602e-09,0
437,1.1239126070499923e-08,3.261757392950007e-08,0
438,9.213908144516508e-08,1.2253491855483493e-07,0
439,4.5624164064851646e-07,3.191863593514835e-07,1
440,1.3685963437472288e-06,5.919236562527714e-07,1
441,2.667032427949355e-06,8.29027572050645e-07,1
442,3.7047372424643617e-06,8.066727575356378e-07,1
443,3.835123484035912e-06,4.79906515964089e-07,0
444,2.8662112296081495e-06,2.112887703918507e-07,0
445,1.48028612856754e-06,1.2821387143246e-07,0
446,5.1069735848827e-07,8.678464151172991e-08,0
447,1.1270651270406613e-07,4.076248729593388e-08,0
448,1.1607048866982344e-10,6.425145113301767e-10,0
449,4.4225871511380645e-11,4.0461912848861937e-10,0
450,7.048641219895253e-12,1.9784235878010472e-10,0
451,4.84332115301648e-13,1.4875966788469836e-10,0
452,7.829923183519319e-13,3.3711600768164806e-10,0
453,3.3351278227608576e-11,9.744087217723915e-10,0
454,7.00194939105903e-10,3.5726950608940972e-09,1
455,7.092408592251043e-09,1.4707091407748957e-08,1
456,3.736351233333141e-08,4.8708887666668574e-08,1
457,1.1554293320416007e-07,1.1640306679583993e-07,1
458,2.2319932556336966e-07,1.8885167443663035e-07,1
459,2.5718886096927127e-07,2.228541390307287e-07,1
460,1.6992177904757604e-07,1.99828220952424e-07,0
461,6.805975693808101e-08,1.20801243061919e-07,0
462,2.015944510773843e-08,4.417455489226157e-08,0
463,5.340967558168578e-09,9.755132441831423e-09,0
464,1.0390493060018236e-09,1.5733306939981768e-09,0
465,1.2979307327152892e-10,3.66438926728471e-10,0
466,1.8970537178682745e-11,2.3957946282131727e-10,0
467,1.4301209645787144e-11,3.2195979035421284e-10,0
468,2.5202890494758683e-10,1.7426610950524133e-09,0
469,3.6906499723355473e-09,9.774250027664452e-09,0
470,2.7051380310634554e-08,3.457281968936544e-08,0
471,1.0636119311451248e-07,8.252080688548753e-08,0
472,2.468869323133487e-07,1.5000806768665132e-07,1
473,3.775141374246758e-07,2.104358625753242e-07,1
474,4.214637415229294e-07,2.1147225847707057e-07,1
475,3.4493199317094087e-07,1.5869900682905918e-07,1
476,1.9337726239598935e-07,1.0067773760401064e-07,1
477,7.158490217242293e-08,5.185609782757707e-08,1
478,1.7327268640831627e-08,1.9596531359168376e-08,0
479,2.6400339438287657e-09,5.2202460561712335e-09,0
480,2.8928363561532465e-13,7.416356364384675e-12,0
481,7.787647393192602e-14,3.575073526068074e-12,0
482,9.020719811041857e-15,2.4630192801889582e-12,0
483,4.7448605052236975e-15,7.804945139494775e-12,0
484,1.504569021572437e-13,3.884294309784275e-11,0
485,5.90255650533362e-12,2.269564434946664e-10,1
486,1.063707074129239e-10,1.188719292587076e-09,0
487,8.630134107511993e-10,4.195776589248801e-09,1
488,3.498256145048718e-09,1.0541343854951283e-08,1
489,8.26055473987775e-09,2.109794526012225e-08,0
490,1.1888508540115112e-08,3.226399145988489e-08,0
491,9.553631101445644e-09,3.499186889855436e-08,0
492,4.114874572737617e-09,2.5585925427262382e-08,0
493,1.070633384827565e-09,1.2430366615172437e-08,0
494,2.486857255138584e-10,4.180304274486141e-09,0
495,5.953392187066209e-11,9.766660781293379e-10,0
496,8.93924373136245e-12,1.4500275626863756e-10,0
497,6.585501091039588e-13,1.944794989089604e-11,0
498,9.9809662610101e-14,1.70264903373899e-11,0
499,2.888236222090252e-12,1.0306976377790975e-10,0
500,6.735774058157269e-11,8.197802594184274e-10,0
501,8.156786454853933e-10,4.003161354514607e-09,1
502,5.520642862982688e-09,1.112645713701731e-08,1
503,2.123897006723763e-08,1.7516829932762372e-08,0
504,4.4327740587836877e-08,1.9132159412163132e-08,0
505,5.299242913084637e-08,2.1337070869153633e-08,0
506,4.454708854874423e-08,1.8805511451255773e-08,0
507,2.702184689102264e-08,1.2494653108977362e-08,0
508,9.572367761950073e-09,8.103132238049925e-09,1
509,1.8220124493191238e-09,3.7855175506808755e-09,1
510,2.0696290889186919e-10,1.103077091108131e-09,0
511,1.6051753135620668e-11,2.1332824686437935e-10,0
512,1.1052817242424446e-14,4.201977182757576e-12,0
513,1.0076189669171048e-13,2.323223810330829e-11,0
514,8.380306177348066e-13,7.83832693822652e-11,0
515,3.977550307659986e-12,1.7552744969234002e-10,0
516,8.473739247541995e-12,3.01831260752458e-10,0
517,7.931859227765281e-12,5.717261407722347e-10,0
518,6.9827548031522935e-12,1.862757245196848e-09,0
519,2.5827254027987486e-11,5.708862745972013e-09,0
520,8.303632954921536e-11,1.0979263670450782e-08,0
521,1.5837486177620827e-10,1.3716925138223792e-08,0
522,1.6603506274974204e-10,1.1590264937250257e-08,0
523,8.698997121641735e-11,6.498360028783583e-09,0
524,2.2663032621202463e-11,2.6524469673787972e-09,0
525,3.5139011195826932e-12,1.0010660988804174e-09,0
526,6.787023308720473e-13,3.478622976691279e-10,0
527,4.061513371581646e-13,1.0922784866284183e-10,0
528,7.027307193515728e-13,1.2851326928064845e-10,0
529,2.3101804446025237e-12,2.9911581955539744e-10,0
530,1.3566926058024325e-11,5.955860739419757e-10,0
531,1.0252581170665882e-10,1.506544188293341e-09,0
532,5.814170040340796e-10,4.30508299596592e-09,0
533,2.4993394238406274e-09,8.481360576159373e-09,0
534,9.615827245956536e-09,6.966272754043462e-09,0
535,2.3574793616684175e-08,-5.058793616684176e-09,0
536,2.8144877583936505e-08,-1.1122877583936507e-08,1
537,1.7097998094191038e-08,-4.356798094191037e-09,0
538,7.711235319710497e-09,-6.852553197104975e-10,0
539,3.09246395005375e-09,-4.3987395005374985e-10,0
540,7.149172885140229e-10,-8.026288514022905e-12,0
541,7.495795845897299e-11,7.219204154102701e-11,0
542,9.428168411237657e-12,1.730073158876234e-11,0
543,1.2755148991690733e-11,-7.911048991690731e-12,1
544,1.0623759075007322e-11,3.3819824092499265e-10,0
545,5.648395946369658e-11,1.2273860405363034e-09,0
546,2.6220800414335167e-10,2.7923219958566485e-09,0
547,7.682332810940848e-10,4.2459867189059155e-09,0
548,1.0803079247006203e-09,4.732552075299379e-09,0
549,6.76083926119837e-10,4.782086073880163e-09,0
550,1.9088478578702072e-10,7.01488521421298e-09,0
551,2.7214376936735523e-11,1.3124185623063265e-08,0
552,2.7100328537696256e-12,1.785328996714623e-08,0
553,6.734793536723815e-13,1.5597526520646327e-08,0
554,5.340956747365443e-13,8.732115904325262e-09,0
555,1.4285816329642986e-12,3.0979414183670353e-09,0
556,6.603830291748883e-12,8.483971697082512e-10,0
557,2.3889435333905572e-11,5.193755646660944e-10,0
558,6.918823703296726e-11,8.317387629670327e-10,0
559,1.4328787110774934e-10,2.0259821288922507e-09,0
560,2.680762054478122e-10,4.892103794552188e-09,0
561,6.380061648902695e-10,9.106713835109729e-09,0
562,1.868283367659413e-09,1.5495316632340584e-08,0
563,5.450574906479898e-09,2.9894025093520095e-08,1
564,1.2636045940604062e-08,5.369375405939594e-08,1
565,2.2444523165378263e-08,6.588807683462174e-08,0
566,3.5903410016152944e-08,4.235938998384706e-08,0
567,4.497717469429129e-08,5.835325305708709e-09,0
568,3.4942542851512584e-08,-6.062542851512586e-09,0
569,1.9468270693424852e-08,-3.90857069342485e-09,0
570,8.671556997186637e-09,-1.4425369971866369e-09,0
571,2.5977086213633167e-09,1.2580137863668358e-10,0
572,4.781655717159921e-10,4.0007642828400777e-10,0
573,2.8226983261215595e-10,-4.586832612155956e-12,0
574,7.972974745858995e-10,-6.426824745858995e-10,1
575,1.1104349538954038e-09,-9.779929538954038e-10,1
576,1.5224966273659152e-09,6.321763372634085e-09,0
577,5.2654351467976506e-09,1.738336485320235e-08,1
578,1.4491178762369841e-08,2.9213621237630168e-08,1
579,2.6875649661253594e-08,3.149985033874641e-08,0
580,2.6780768424351336e-08,2.8430831575648667e-08,0
581,1.3614129596526738e-08,2.8161970403473257e-08,1
582,3.800636906089142e-09,2.9650063093910855e-08,0
583,6.431218868608493e-10,3.182787811313915e-08,0
584,6.508427914696221e-11,2.982431572085304e-08,0
585,6.778170566792239e-12,2.177142182943321e-08,0
586,4.223306499895151e-11,1.2268766935001048e-08,0
587,3.0148971818152056e-10,6.11662028181848e-09,0
588,1.1622638404182356e-09,4.790256159581764e-09,0
589,3.17832593032912e-09,7.3075740696708784e-09,0
590,6.9063525692298844e-09,1.5872547430770117e-08,0
591,1.1485480716484513e-08,3.7835319283515487e-08,0
592,1.815912669610384e-08,7.361687330389616e-08,0
593,3.4070353114740383e-08,1.1379964688525964e-07,0
594,6.595262044080253e-08,1.7261537955919748e-07,1
595,1.0613356644344448e-07,2.824834335565555e-07,1
596,1.2470136944664636e-07,3.955446305533537e-07,1
597,1.0646486017038801e-07,3.84223139829612e-07,1
598,9.092563014682846e-08,2.2817836985317154e-07,0
599,1.04003312855296e-07,5.5185687144704016e-08,0
600,1.0639519323112287e-07,-3.0606393231122865e-08,0
601,7.635140282053753e-08,-3.7045002820537524e-08,0
602,3.6789867317056073e-08,-1.6281467317056074e-08,0
603,1.1395781313927554e-08,-1.700821313927555e-09,0
604,4.005777712641452e-09,2.7513228735854774e-10,0
605,8.432286866366179e-09,-5.324636866366179e-09,1
606,1.6917926605105894e-08,-1.2854996605105895e-08,1
607,1.6798625833200608e-08,-1.2271145833200609e-08,1
608,4.37248110834638e-08,4.2850188916536206e-08,1
609,1.1245732451036308e-07,1.0820467548963692e-07,1
610,2.0832490012129254e-07,1.6050009987870748e-07,1
611,2.729834408149229e-07,1.4807955918507704e-07,1
612,2.2360997758850406e-07,1.2488102241149593e-07,0
613,1.0810375446581306e-07,1.2349324553418696e-07,0
614,3.064701652639057e-08,1.0976998347360943e-07,0
615,5.1687862729410605e-09,8.161321372705895e-08,0
616,6.726301654961917e-10,5.437736983450381e-08,0
617,2.822211476664608e-10,3.519907885233354e-08,0
618,2.009206746672634e-09,2.6539693253327368e-08,0
619,1.1591599103932334e-08,2.6738200896067667e-08,0
620,3.888205494953273e-08,3.324204505046727e-08,0
621,9.237533531160075e-08,5.478466468839925e-08,0
622,1.6915097133987356e-07,1.2300502866012642e-07,0
623,2.540028569629109e-07,2.708821430370892e-07,0
624,3.7678104830485463e-07,4.512879516951453e-07,0
625,5.853614184258724e-07,6.039485815741276e-07,0
626,8.215012412979626e-07,8.378787587020372e-07,1
627,9.083229674370337e-07,1.2040670325629664e-06,1
628,7.470129525289909e-07,1.358987047471009e-06,1
629,4.89678620272671e-07,1.014071379727329e-06,1
630,4.2244206557231935e-07,3.641369344276806e-07,0
631,4.972272667366332e-07,-1.3909426673663324e-07,0
632,4.4049349668855284e-07,-2.5804149668855284e-07,1
633,2.624359718789348e-07,-1.5391897187893482e-07,0
634,1.1217998395989149e-07,-4.684018395989149e-08,0
635,4.2223870617003376e-08,-5.172570617003374e-09,0
636,4.527153660503552e-08,-1.8159136605035523e-08,0
637,9.535219931906323e-08,-5.663069931906323e-08,1
638,1.4291646697109792e-07,-8.339576697109793e-08,1
639,1.2747692548942418e-07,-6.449442548942417e-08,0
640,3.8087130932020056e-07,1.673506906797994e-07,1
641,8.083545088935339e-07,3.881454911064662e-07,1
642,1.1625809357287785e-06,5.217490642712213e-07,1
643,1.1856444590822807e-06,4.4307554091771937e-07,0
644,8.087381815821372e-07,3.575418184178627e-07,0
645,3.467482739541347e-07,3.270007260458653e-07,0
646,9.539775566208332e-08,2.490072443379167e-07,0
647,2.1949828287144397e-08,1.512061717128556e-07,0
648,6.902559576057342e-09,9.111674042394265e-08,0
649,5.165437243725579e-09,7.821916275627442e-08,0
650,3.017037467120685e-08,1.0325362532879315e-07,0
651,1.4846004671736335e-07,1.2922295328263666e-07,0
652,4.54297852140905e-07,1.1123914785909497e-07,0
653,9.696087970360534e-07,1.0257120296394659e-07,0
654,1.5907325355662564e-06,2.6596746443374355e-07,0
655,2.2815129622467537e-06,6.127270377532467e-07,0
656,3.1386148204364933e-06,8.591651795635071e-07,0
657,3.9350404039611034e-06,1.018319596038897e-06,0
658,4.085237042165843e-06,1.5537729578341567e-06,1
659,3.317873510038792e-06,2.266486489961208e-06,1
660,2.119127219568536e-06,2.2088327804314636e-06,1
661,1.3325188969466272e-06,1.1642811030533728e-06,0
662,1.3105375403529358e-06,-1.4337754035293579e-07,0
663,1.452348851210928e-06,-8.785918512109281e-07,1
664,1.1490745849799691e-06,-7.909475849799691e-07,1
665,6.351386204266084e-07,-3.800356204266084e-07,0
666,2.9864204625438426e-07,-1.1704304625438425e-07,0
667,2.0509214335671407e-07,-6.551014335671408e-08,0
668,3.5155017902328113e-07,-1.7861617902328115e-07,1
669,7.022040507818514e-07,-4.0293305078185145e-07,1
670,9.63606418270265e-07,-5.464874182702651e-07,1
671,7.657472948124461e-07,-3.9024029481244614e-07,1
672,1.1537168221149414e-06,5.228631778850584e-07,1
673,2.1730795442221817e-06,9.225504557778183e-07,1
674,2.711298198509701e-06,1.0049218014902983e-06,1
675,2.318622308041464e-06,8.112976919585359e-07,0
676,1.3450758364960274e-06,6.419641635039726e-07,0
677,5.385739435362763e-07,4.861360564637237e-07,0
678,1.7609655552501015e-07,2.922964444749899e-07,0
679,7.41676927555819e-08,1.4588830724441812e-07,0
680,4.026636883169402e-08,1.1234763116830598e-07,0
681,5.4348825829153074e-08,1.7562917417084696e-07,0
682,2.507561929114341e-07,2.6104380708856593e-07,0
683,9.124752652239698e-07,1.9277473477603032e-07,0
684,2.240952233541534e-06,-8.591223354153369e-08,0
685,4.028853397211396e-06,-2.4756339721139535e-07,0
686,5.916941585994253e-06,4.246841400574712e-08,0
687,7.955579737962759e-06,3.692102620372406e-07,0
688,9.73732171992592e-06,2.8437828007408e-07,0
689,9.948808761707421e-06,4.6609123829257985e-07,0
690,8.182759215075889e-06,1.356290784924111e-06,0
691,5.470703806938051e-06,1.9853061930619496e-06,1
692,3.1195739866789465e-06,1.5193360133210531e-06,0
693,2.094453716728696e-06,2.03426283271304e-07,0
694,2.2722631266448933e-06,-1.1814431266448932e-06,1
695,2.41011842642898e-06,-1.74110542642898e-06,1
696,1.8392033419334236e-06,-1.3134193419334237e-06,1
697,1.1266704895483464e-06,-6.862354895483464e-07,0
698,7.064245330710634e-07,-3.322575330710634e-07,0
699,6.888832675128205e-07,-2.8977926751282046e-07,0
700,1.3124060189360806e-06,-6.608810189360805e-07,1
701,2.3813863288223925e-06,-1.3034863288223924e-06,1
702,2.7654445176692016e-06,-1.4788645176692016e-06,1
703,1.829042440269193e-06,-8.41785440269193e-07,1
704,1.3368313440207278e-06,1.053928655979272e-06,1
705,2.377680033615646e-06,1.4920599663843538e-06,1
706,2.78049564799131e-06,1.4067143520086901e-06,1
707,2.2098098469746795e-06,1.0640101530253206e-06,0
708,1.211286960818759e-06,7.48813039181241e-07,0
709,4.981357003059795e-07,4.496572996940206e-07,0
710,2.2260996042985873e-07,1.8513703957014127e-07,0
711,1.3991822766776636e-07,6.976777233223363e-08,0
712,1.0637932422905313e-07,1.1357867577094686e-07,0
713,2.261075809897726e-07,2.2523641901022737e-07,0
714,8.037784837871497e-07,2.2810151621285015e-07,0
715,2.219435423527713e-06,-7.918542352771315e-08,0
716,4.4331426626222515e-06,-4.70222662622252e-07,0
717,7.072555607633129e-06,-4.6898560763312925e-07,0
718,1.003149114596672e-05,-1.4628114596671985e-07,0
719,1.2867619142053462e-05,-9.081914205346072e-08,0
720,1.3910984962243313e-05,-2.5778496224331336e-07,0
721,1.2199062162977404e-05,-8.776216297740317e-08,0
722,8.902439892222732e-06,2.7607010777726864e-07,0
723,5.493966211668087e-06,3.571237883319139e-07,0
724,2.9533155519321732e-06,6.292444806782704e-08,0
725,1.954963823984382e-06,-6.11393823984382e-07,1
726,2.0368124001477346e-06,-1.3346094001477347e-06,1
727,2.074194629664143e-06,-1.5256806296641433e-06,1
728,1.7016681419125498e-06,-1.1819011419125498e-06,1
729,1.2291063566068328e-06,-7.316543566068329e-07,0
730,8.924268572311671e-07,-3.846328572311671e-07,0
731,1.009736764304632e-06,-3.1181676430463197e-07,0
732,1.8738354964486439e-06,-6.916154964486439e-07,0
733,2.9192749633059916e-06,-1.2028349633059915e-06,1
734,2.8662647916228575e-06,-1.0876047916228577e-06,1
735,1.6238786326203727e-06,-4.1457863262037266e-07,0
736,7.880116515693888e-07,1.029568348430611e-06,1
737,1.3747942319135078e-06,1.365305768086492e-06,1
738,1.6205921679190746e-06,1.2557478320809255e-06,1
739,1.3017401695453487e-06,9.397498304546515e-07,0
740,7.13339045084227e-07,6.189409549157728e-07,0
741,3.049202806544104e-07,3.228947193455896e-07,0
742,1.44097612217618e-07,1.3198438778238202e-07,0
743,8.750178606658394e-08,8.497421393341605e-08,0
744,1.0409931622090128e-07,1.2478368377909874e-07,0
745,3.054629031371337e-07,1.7517509686286628e-07,0
746,9.493866498618856e-07,9.650335013811436e-08,0
747,2.18668319842341e-06,-9.541319842340995e-08,0
748,3.8930673148488785e-06,-6.341731484887865e-08,0
749,6.249847799666275e-06,2.727322003337249e-07,0
750,9.422662147745453e-06,5.000878522545462e-07,0
751,1.2111950973712993e-05,2.4364902628700637e-07,0
752,1.23228317850503e-05,-3.545317850503012e-07,0
753,1.0048709916459597e-05,-8.340599164595967e-07,0
754,6.924821924464642e-06,-1.0067319244646427e-06,1
755,3.983881319050582e-06,-8.196813190505819e-07,1
756,1.8941535697518974e-06,-5.161735697518974e-07,1
757,1.0273959965917226e-06,-4.7004299659172256e-07,1
758,9.25984003718198e-07,-6.02437003718198e-07,1
759,9.839744498849243e-07,-6.757494498849243e-07,1
760,9.445997500717596e-07,-6.053757500717597e-07,1
761,7.738142950386047e-07,-3.925512950386047e-07,0
762,5.901723412111312e-07,-1.0840734121113127e-07,0
763,6.337588920295201e-07,1.0418810797048e-07,0
764,1.052988676969612e-06,1.0251132303038791e-07,0
765,1.5000261474497386e-06,-1.3356147449738504e-08,0
766,1.3386151254936278e-06,6.015487450637225e-08,0
767,6.798550267056515e-07,2.0058797329434864e-07,0
768,3.177402903589313e-07,6.571177096410686e-07,1
769,5.671622948512169e-07,9.16317705148783e-07,1
770,6.710816383919e-07,9.274083616080999e-07,0
771,5.240085215999833e-07,7.453214784000166e-07,0
772,2.65739983872428e-07,4.89881016127572e-07,0
773,1.013183299759758e-07,2.585906700240242e-07,0
774,4.457557023270543e-08,1.231914297672946e-07,0
775,2.5993927080257835e-08,8.773507291974216e-08,0
776,3.993785025991504e-08,1.0643414974008498e-07,0
777,1.489091441485209e-07,1.2510785585147914e-07,0
778,4.5617713962952775e-07,1.1356086037047227e-07,0
779,1.0158407991141834e-06,1.7637920088581674e-07,0
780,1.9736009191472568e-06,4.69599080852743e-07,0
781,3.765547762869928e-06,8.544822371300724e-07,0
782,6.265879535752346e-06,9.125404642476534e-07,0
783,7.945588414613527e-06,4.1584158538647305e-07,0
784,7.5317155201542614e-06,-3.6729552015426134e-07,0
785,5.7692683855520935e-06,-1.029498385552094e-06,1
786,3.8048652272628152e-06,-1.2204552272628156e-06,1
787,2.044194275474268e-06,-8.657942754742681e-07,1
788,8.675807768397593e-07,-4.1632577683975926e-07,1
789,4.034080032142179e-07,-2.252110032142179e-07,1
790,3.263953724544618e-07,-2.0725737245446183e-07,1
791,3.4386402606317617e-07,-2.1312502606317618e-07,1
792,3.2640795182345706e-07,-1.5706295182345705e-07,0
793,2.5943152367978985e-07,-2.3955523679789862e-08,0
794,2.0451602588163751e-07,1.4258297411836244e-07,0
795,2.1252957924980129e-07,3.240164207501988e-07,0
796,3.3614931398697147e-07,4.422746860130285e-07,0
797,4.917701215426864e-07,4.3561287845731354e-07,0
798,4.517313779055607e-07,3.7886962209443937e-07,0
799,2.361337079389644e-07,2.744462920610356e-07,0
800,2.2367846533732332e-07,3.782955346626767e-07,0
801,4.004835599768923e-07,5.430614400231077e-07,0
802,4.660279999800651e-07,5.466520000199349e-07,0
803,3.65497943844824e-07,4.10606056155176e-07,0
804,1.8623347910830832e-07,2.519575208916917e-07,0
805,6.092309205116656e-08,1.3504290794883342e-07,0
806,1.6686141690358722e-08,7.218615830964128e-08,0
807,5.6904010096014556e-09,5.761059899039854e-08,0
808,7.869534962843809e-09,6.466346503715619e-08,0
809,3.7288749876904716e-08,7.882525012309529e-08,0
810,1.326353883527603e-07,1.097566116472397e-07,1
811,3.621781446306528e-07,2.132208553693472e-07,1
812,8.973819981869871e-07,4.44528001813013e-07,1
813,1.9810578475205602e-06,6.357121524794399e-07,1
814,3.2787148481141116e-06,5.116851518858886e-07,0
815,3.749113465459472e-06,1.4153653454052773e-07,0
816,3.1869526640582907e-06,-3.162626640582906e-07,0
817,2.3287034086744723e-06,-7.005534086744723e-07,1
818,1.5271749208429037e-06,-7.563659208429037e-07,1
819,8.541495962127834e-07,-5.353705962127834e-07,1
820,4.385009139698927e-07,-3.154599139698927e-07,1
821,2.5952804381457966e-07,-2.0202044381457967e-07,1
822,1.8210077846930968e-07,-1.3667877846930969e-07,1
823,1.2188664866662258e-07,-6.819164866662258e-08,1
824,7.7062623153748e-08,-6.363231537479945e-10,0
825,6.281617606621517e-08,5.7855823933784836e-08,0
826,6.50399508582119e-08,1.271280491417881e-07,0
827,6.291376376743183e-08,2.3352323623256817e-07,0
828,8.231329230464313e-08,3.3692570769535685e-07,0
829,1.2290133762128535e-07,3.7874766237871475e-07,0
830,1.3036512451264993e-07,3.416528754873501e-07,1
831,8.935999555149674e-08,2.2466300444850325e-07,1
832,3.195323757770127e-07,1.9886162422298734e-07,0
833,5.70922724003849e-07,2.2132827599615095e-07,0
834,6.718523852793861e-07,1.2173861472061384e-07,0
835,5.02999119904534e-07,4.3814880095466e-08,0
836,2.1913252188070774e-07,5.168747811929225e-08,0
837,5.282949366394264e-08,5.221450633605736e-08,0
838,7.471157328985423e-09,3.532094267101458e-08,0
839,9.211900970230233e-10,2.8035509902976975e-08,0
840,1.089366997216642e-09,3.192563300278336e-08,0
841,7.92847670632531e-09,4.8142223293674684e-08,0
842,4.2539308951333574e-08,7.979069104866643e-08,0
843,1.531471453805606e-07,1.4882085461943938e-07,1
844,4.1588510381423845e-07,2.745288961857615e-07,1
845,8.873388389456845e-07,3.2507116105431563e-07,0
846,1.3460482443725763e-06,1.563417556274236e-07,0
847,1.4245985577161806e-06,-1.2369855771618047e-07,0
848,1.223176856996578e-06,-3.99109856996578e-07,1
849,9.817884743835808e-07,-5.650794743835807e-07,1
850,7.295066679851477e-07,-5.430126679851477e-07,1
851,5.057204848629782e-07,-4.248406848629782e-07,1
852,3.3535736592215336e-07,-2.9932506592215335e-07,1
853,2.14181889138522e-07,-1.94279689138522e-07,1
854,1.2073175889713918e-07,-1.0192345889713918e-07,1
855,4.844733506999559e-08,-2.4359035069995588e-08,0
856,1.6368798072985528e-08,2.0450001927014475e-08,0
857,1.2327918402605065e-08,4.8035181597394935e-08,0
858,1.3153091666398127e-08,8.131310833360186e-08,0
859,1.0555280677705298e-08,1.3853271932229469e-07,0
860,1.7222053039887318e-08,2.1106194696011267e-07,1
861,5.332303192674067e-08,2.5652396807325937e-07,1
862,1.1433064251104708e-07,2.1875435748895297e-07,1
863,1.265855463018447e-07,1.1940745369815527e-07,0
864,4.3466916601657723e-07,5.318283398342284e-08,0
865,7.314448366242541e-07,-3.158283662425411e-08,0
866,7.494932776908231e-07,-1.0755227769082306e-07,0
867,4.675195867355376e-07,-6.510958673553759e-08,0
868,1.7443261915512205e-07,1.1673380844877966e-08,0
869,4.219297489824299e-08,2.9193525101757013e-08,0
870,9.97291104276654e-09,1.8264888957233458e-08,0
871,3.4614636646238684e-09,1.2852736335376132e-08,0
872,1.3642830655190973e-09,1.7789216934480904e-08,0
873,5.6221916467279156e-09,3.091370835327209e-08,0
874,2.907324614854196e-08,5.6372953851458045e-08,0
875,8.838630060565047e-08,1.259806993943495e-07,0
876,1.9569336744939975e-07,2.447996325506003e-07,0
877,3.531297688073756e-07,2.764012311926244e-07,0
878,4.980311793245468e-07,1.0969682067545318e-07,0
879,5.786679516734887e-07,-1.6244495167348863e-07,0
880,6.463038229828147e-07,-4.2599782298281473e-07,1
881,6.671587330261491e-07,-5.684008330261492e-07,1
882,5.652103765645776e-07,-5.229078765645776e-07,1
883,4.033615721440442e-07,-3.8370997214404424e-07,1
884,2.580019821960894e-07,-2.484583721960894e-07,1
885,1.5271237122069332e-07,-1.4701305122069332e-07,1
886,7.865783423739562e-08,-7.039543423739562e-08,1
887,3.243465022422951e-08,-1.4711450224229513e-08,0
888,1.6026722003481738e-08,1.6184777996518265e-08,0
889,1.960728969459692e-08,2.6294810305403083e-08,0
890,2.514569478239532e-08,3.9081805217604676e-08,0
891,3.233636580822454e-08,7.829463419177547e-08,1
892,6.392005887799223e-08,1.3682394112200777e-07,1
893,1.4446650518336985e-07,1.6214749481663018e-07,1
894,2.1884291598221846e-07,1.278340840177816e-07,0
895,1.7920985135231247e-07,8.480414864768753e-08,0
896,4.1130432963719696e-07,4.6321670362803035e-08,0
897,6.269103792513345e-07,1.0831620748665527e-08,0
898,5.706145579541939e-07,5.210442045806106e-09,0
899,3.168065990325998e-07,4.752940096740019e-08,0
900,1.1011297880618623e-07,6.357502119381379e-08,0
901,3.321241446458786e-08,3.4946485535412126e-08,0
902,1.6232404622185834e-08,9.331695377814168e-09,0
903,6.580039787743771e-09,6.457460212256229e-09,0
904,1.6974869260084816e-09,1.2613913073991516e-08,0
905,4.1576684764925065e-09,2.4829231523507496e-08,0
906,1.7872405073590818e-08,6.479529492640917e-08,0
907,4.875716418506963e-08,1.7117083581493035e-07,0
908,9.744379832151543e-08,3.016932016784845e-07,0
909,1.6764390737191244e-07,2.8288609262808756e-07,0
910,2.7669923039424163e-07,4.598276960575834e-08,0
911,4.2042585508693254e-07,-2.574888550869325e-07,1
912,5.580456168078576e-07,-4.889864168078576e-07,1
913,6.012757503694028e-07,-5.717414503694028e-07,1
914,5.185121389435627e-07,-5.036420389435627e-07,1
915,3.719335688866253e-07,-3.635114488866253e-07,1
916,2.1184077407323942e-07,-2.0730387407323943e-07,1
917,1.0911042608098344e-07,-1.0405608608098344e-07,1
918,6.987091811801449e-08,-5.558811811801449e-08,1
919,5.386089640014885e-08,-1.827539640014885e-08,0
920,5.323787685928947e-08,1.3602523140710519e-08,0
921,7.092870256319447e-08,2.6564897436805544e-08,0
922,1.0088832295702642e-07,3.122167704297359e-08,0
923,1.5160996596402413e-07,5.893403403597588e-08,0
924,2.453839243730824e-07,1.1360907562691757e-07,0
925,3.867547854579394e-07,1.3225721454206064e-07,0
926,4.409149555681432e-07,1.214230444318568e-07,0
927,2.98251315195901e-07,1.2084068480409897e-07,0
928,3.2828088908870353e-07,1.9914511091129647e-07,0
929,4.508914276213321e-07,2.8420057237866796e-07,0
930,3.5305638477485814e-07,3.0617461522514195e-07,0
931,1.727134670854726e-07,2.406625329145274e-07,0
932,6.144996182961225e-08,1.3567103817038772e-07,0
933,2.3972579487373176e-08,5.281192051262682e-08,0
934,9.782141432115775e-09,1.8488058567884225e-08,0
935,2.4616672632248422e-09,1.524593273677516e-08,0
936,1.8981957918281767e-09,2.5706904208171822e-08,0
937,9.571090081116956e-09,4.916520991888304e-08,0
938,2.7421044685464204e-08,1.0096895531453579e-07,0
939,4.7952804486164675e-08,2.023041955138353e-07,0
940,6.902205189664091e-08,2.886399481033591e-07,0
941,1.1373876186204633e-07,2.216102381379537e-07,0
942,2.088757134628979e-07,-9.267134628979306e-10,0
943,3.1787321721694684e-07,-2.1880621721694682e-07,1
944,3.9561156865349593e-07,-3.488290686534959e-07,1
945,4.188073681146815e-07,-3.944157681146815e-07,1
946,3.6353052915143926e-07,-3.5019032915143924e-07,1
947,2.382835818914763e-07,-2.304222018914763e-07,1
948,1.1660643922929818e-07,-1.1021882922929818e-07,1
949,6.269694279366858e-08,-5.2657342793668584e-08,1
950,6.625391291890626e-08,-4.001431291890627e-08,0
951,8.298241293237608e-08,-1.2564612932376072e-08,0
952,9.376944227564392e-08,5.667255772435607e-08,0
953,1.434471411126644e-07,1.0833185888733563e-07,0
954,2.846339172644277e-07,1.0311208273557232e-07,0
955,5.613423345195253e-07,8.622666548047475e-08,0
956,9.812130534512306e-07,8.460694654876957e-08,0
957,1.3688271371448426e-06,5.854286285515726e-08,0
958,1.3325404365571483e-06,6.724956344285156e-08,0
959,8.205683247188413e-07,1.2189667528115867e-07,0
960,4.4054613567775354e-07,2.867058643222465e-07,0
961,5.112094718002355e-07,4.4676852819976455e-07,0
962,3.227270225246767e-07,4.814029774753232e-07,0
963,1.3940057252930724e-07,3.385994274706928e-07,0
964,6.329215443885906e-08,1.5699184556114096e-07,0
965,2.911035631194961e-08,5.45944436880504e-08,0
966,7.830418660446932e-09,2.7429781339553063e-08,0
967,1.4759184577101649e-09,3.691918154228983e-08,0
968,5.051875701244305e-09,6.83707242987557e-08,0
969,2.1394216298630577e-08,1.0851878370136943e-07,0
970,4.6999624666968086e-08,1.5336337533303192e-07,0
971,6.797321370457888e-08,2.078027862954211e-07,0
972,8.864756079168578e-08,2.2550943920831424e-07,0
973,1.4387124091664008e-07,1.2719075908335992e-07,0
974,2.426472309377741e-07,-6.005823093777409e-08,0
975,3.2135000851063236e-07,-2.0820400851063236e-07,1
976,3.3580290288757467e-07,-2.6651700288757465e-07,1
977,2.9177660780473234e-07,-2.5355630780473233e-07,1
978,2.1932491042178226e-07,-1.9906181042178226e-07,1
979,1.4653932288791652e-07,-1.3143492288791652e-07,1
980,8.400490631008287e-08,-6.699930631008288e-08,1
981,5.798863349400953e-08,-3.515303349400953e-08,1
982,7.949994750040369e-08,-3.4775847500403687e-08,0
983,1.1686231255953579e-07,-3.7233125595357836e-09,0
984,1.8289550487676822e-07,7.200349512323179e-08,0
985,3.5910393422439624e-07,1.294800657756038e-07,0
986,8.035061034581373e-07,9.725689654186278e-08,0
987,1.6489889536035773e-06,1.7441046396422707e-08,0
988,2.7487767720412508e-06,-3.8316772041250907e-08,0
989,3.545118160360878e-06,-1.6873816036087766e-07,0
990,3.2692331445217955e-06,-2.6987314452179574e-07,0
991,1.9363009622482614e-06,-1.3309096224826142e-07,0
992,4.5527297177452534e-07,1.7269902822547458e-07,0
993,4.1896760735948735e-07,2.952493926405127e-07,0
994,2.1060791289415048e-07,3.1724108710584955e-07,0
995,8.117243175349049e-08,2.018835682465095e-07,0
996,3.632242985434847e-08,8.272657014565152e-08,0
997,1.31166570587879e-08,3.0972242941212104e-08,0
998,2.420114136696571e-09,2.610658586330343e-08,0
999,6.495852653062365e-10,4.729971473469376e-08,0
1000,3.3844953397003033e-09,8.239600466029968e-08,0
1001,1.2408451468557293e-08,1.174425485314427e-07,0
1002,2.848255831021511e-08,1.4499844168978488e-07,0
1003,4.820328374993782e-08,1.5974571625006216e-07,0
1004,7.07644647862674e-08,1.407415352137326e-07,0
1005,1.1097052336704776e-07,6.228947663295224e-08,0
1006,1.7283602952856902e-07,-5.2228029528569e-08,0
1007,2.1485354651067878e-07,-1.3551594651067875e-07,1
1008,1.9188469614693429e-07,-1.4383389614693429e-07,1
1009,1.4212674423792254e-07,-1.1550514423792255e-07,1
1010,1.0791772790768616e-07,-9.081272790768617e-08,1
1011,7.496160411107406e-08,-5.9256504111074064e-08,1
1012,4.118549562553912e-08,-2.3844895625539125e-08,1
1013,3.6323668842068925e-08,-1.3817168842068928e-08,0
1014,6.46105263730026e-08,-1.9773026373002608e-08,0
1015,1.1880745516762633e-07,-9.52945516762634e-09,0
1016,2.1481587139043268e-07,2.804112860956728e-08,0
1017,4.503320713765373e-07,5.3568928623462676e-08,0
1018,1.01503862927244e-06,1.8281370727560084e-08,0
1019,1.957263671077353e-06,-1.1433671077353027e-08,0
1020,3.0481665410128067e-06,-1.0504654101280672e-07,0
1021,3.6325394531728034e-06,-3.5864945317280316e-07,0
1022,2.968768785157881e-06,-4.2482878515788087e-07,0
1023,1.4733618677544031e-06,-1.7110186775440316e-07,0
