,A276G,max,diff,True
0,1.2802537194880527e-06,1.2022420231176929e-06,1.347362805119472e-07,0
1,1.7849977318025726e-06,1.2022420231176929e-06,2.2564226819742752e-07,0
2,1.437492371431792e-06,1.2022420231176929e-06,2.0359762856820804e-07,0
3,7.597436533552441e-07,1.2022420231176929e-06,1.3081134664475582e-07,0
4,4.080774888877138e-07,1.2022420231176929e-06,-3.106948888771379e-08,0
5,3.7824721009797723e-07,1.2022420231176929e-06,-2.3677421009797725e-07,1
6,4.0147995206293524e-07,1.2022420231176929e-06,-3.3104555206293524e-07,1
7,3.4104408360497844e-07,1.2022420231176929e-06,-2.4523998360497844e-07,1
8,2.290990728508718e-07,1.2022420231176929e-06,-3.862307285087182e-08,0
9,1.4949629289926196e-07,1.2022420231176929e-06,1.8464770710073805e-07,0
10,1.5756346783689734e-07,1.2022420231176929e-06,3.515305321631026e-07,0
11,2.904956779299597e-07,1.2022420231176929e-06,3.9517732207004036e-07,0
12,5.386636773431435e-07,1.2022420231176929e-06,2.596153226568565e-07,0
13,7.481332582256274e-07,1.2022420231176929e-06,4.2174741774372614e-08,0
14,7.427551858545022e-07,1.2022420231176929e-06,-6.862718585450209e-08,0
15,5.722974068653861e-07,1.2022420231176929e-06,-6.288740686538605e-08,0
16,4.392228550863999e-07,1.2022420231176929e-06,-8.512685508639995e-08,0
17,3.968130187189396e-07,1.2022420231176929e-06,-1.639490187189396e-07,0
18,3.3770782776896296e-07,1.2022420231176929e-06,-1.9683482776896294e-07,1
19,2.159188964217649e-07,1.2022420231176929e-06,-1.279821964217649e-07,1
20,1.0123895680872677e-07,1.2022420231176929e-06,-1.8582056808726774e-08,0
21,6.929015905021635e-08,1.2022420231176929e-06,4.729984094978365e-08,0
22,1.4455121170126938e-07,1.2022420231176929e-06,4.326578829873064e-08,0
23,3.260470111672207e-07,1.2022420231176929e-06,-7.759011167220686e-09,0
24,6.598414876353621e-07,1.2022420231176929e-06,-4.706348763536211e-08,0
25,1.331937229320875e-06,1.2022420231176929e-06,4.846277067912485e-08,0
26,2.798299457693544e-06,1.2022420231176929e-06,4.362305423064559e-07,0
27,5.840580875927273e-06,1.2022420231176929e-06,1.0098991240727272e-06,0
28,1.0628909857971233e-05,1.2022420231176929e-06,1.1490901420287667e-06,0
29,1.4986422816890329e-05,1.2022420231176929e-06,2.7977718310967063e-07,0
30,1.516832692695083e-05,1.2022420231176929e-06,-1.0045269269508291e-06,0
31,1.0368240750011464e-05,1.2022420231176929e-06,-1.4465807500114634e-06,0
32,4.11653205533257e-06,1.2022420231176929e-06,-2.331820553325701e-07,0
33,5.109994304057522e-06,1.2022420231176929e-06,-3.309843040575217e-07,0
34,3.7743616538683976e-06,1.2022420231176929e-06,-3.296816538683975e-07,0
35,1.999901273543813e-06,1.2022420231176929e-06,-3.067912735438131e-07,0
36,1.261089204788044e-06,1.2022420231176929e-06,-5.74188204788044e-07,0
37,1.288643094495427e-06,1.2022420231176929e-06,-1.0031490944954268e-06,1
38,1.3718799242198956e-06,1.2022420231176929e-06,-1.1848109242198956e-06,1
39,1.1809349369587959e-06,1.2022420231176929e-06,-9.204509369587958e-07,1
40,8.58872644210445e-07,1.2022420231176929e-06,-3.7955764421044504e-07,0
41,6.745036644119522e-07,1.2022420231176929e-06,1.5471833558804785e-07,0
42,7.195403942731194e-07,1.2022420231176929e-06,5.286396057268807e-07,0
43,1.0298530220415043e-06,1.2022420231176929e-06,6.151269779584957e-07,0
44,1.5316375605467997e-06,1.2022420231176929e-06,4.0270243945320035e-07,0
45,1.8318033227917915e-06,1.2022420231176929e-06,2.1022667720820855e-07,0
46,1.640581400748838e-06,1.2022420231176929e-06,2.8872859925116175e-07,0
47,1.2102760611513019e-06,1.2022420231176929e-06,4.2900393884869814e-07,0
48,8.96283298124367e-07,1.2022420231176929e-06,3.697267018756329e-07,0
49,7.011413656443107e-07,1.2022420231176929e-06,1.6800763435568933e-07,0
50,4.965085141909446e-07,1.2022420231176929e-06,4.3534485809055415e-08,0
51,2.803049154093334e-07,1.2022420231176929e-06,9.330108459066655e-08,0
52,1.5072220195729893e-07,1.2022420231176929e-06,2.2081879804270104e-07,0
53,1.991034233943232e-07,1.2022420231176929e-06,3.036975766056768e-07,0
54,4.796766167691563e-07,1.2022420231176929e-06,2.5377438323084373e-07,0
55,1.070590740409053e-06,1.2022420231176929e-06,6.420925959094712e-08,0
56,2.230869173781513e-06,1.2022420231176929e-06,-9.12191737815129e-08,0
57,4.6550617472630486e-06,1.2022420231176929e-06,2.2610825273695097e-07,0
58,9.938827919545682e-06,1.2022420231176929e-06,1.4575720804543194e-06,0
59,2.022219047958516e-05,1.2022420231176929e-06,2.8553095204148414e-06,0
60,3.425044107340535e-05,1.2022420231176929e-06,2.2967589265946502e-06,0
61,4.359398673845557e-05,1.2022420231176929e-06,-8.24386738455575e-07,0
62,3.942388366397434e-05,1.2022420231176929e-06,-3.836883663974346e-06,1
63,2.418622707251929e-05,1.2022420231176929e-06,-4.1207270725192915e-06,1
64,6.337087469234506e-06,1.2022420231176929e-06,-1.1427074692345061e-06,0
65,7.183316397794102e-06,1.2022420231176929e-06,-1.3287063977941017e-06,0
66,4.920564505110799e-06,1.2022420231176929e-06,-1.0141845051107982e-06,0
67,2.543191110853028e-06,1.2022420231176929e-06,-7.194011108530279e-07,0
68,1.7683437644468753e-06,1.2022420231176929e-06,-1.0045357644468755e-06,1
69,2.030832615344194e-06,1.2022420231176929e-06,-1.649430615344194e-06,1
70,2.3308192957896448e-06,1.2022420231176929e-06,-2.0510732957896447e-06,1
71,2.228493001691948e-06,1.2022420231176929e-06,-1.8953990016919477e-06,1
72,1.97403426134249e-06,1.2022420231176929e-06,-1.4078152613424898e-06,1
73,1.8871543973177201e-06,1.2022420231176929e-06,-9.027803973177202e-07,0
74,1.942681615136268e-06,1.2022420231176929e-06,-4.283616151362679e-07,0
75,2.140182716820345e-06,1.2022420231176929e-06,-2.4942716820344967e-08,0
76,2.475416783807811e-06,1.2022420231176929e-06,3.0554321619218875e-07,0
77,2.6362344690704963e-06,1.2022420231176929e-06,7.579855309295035e-07,0
78,2.4477494402136057e-06,1.2022420231176929e-06,1.3009705597863938e-06,0
79,2.1018662119628534e-06,1.2022420231176929e-06,1.6139937880371467e-06,1
80,1.6494000782489274e-06,1.2022420231176929e-06,1.5697799217510725e-06,1
81,1.1136520616937224e-06,1.2022420231176929e-06,1.2397179383062778e-06,1
82,6.588220774820418e-07,1.2022420231176929e-06,8.651679225179583e-07,1
83,3.621591099181211e-07,1.2022420231176929e-06,6.922908900818788e-07,1
84,2.684966223727309e-07,1.2022420231176929e-06,7.27912377627269e-07,1
85,4.635675762284954e-07,1.2022420231176929e-06,7.948224237715046e-07,1
86,1.0583206423271415e-06,1.2022420231176929e-06,6.408693576728586e-07,0
87,2.242100854452925e-06,1.2022420231176929e-06,2.0853914554707508e-07,0
88,4.631494646946168e-06,1.2022420231176929e-06,-1.151946469461676e-07,0
89,9.97016206649526e-06,1.2022420231176929e-06,4.3113793350474127e-07,0
90,2.1386188038686762e-05,1.2022420231176929e-06,2.24511196131324e-06,0
91,4.076544017552591e-05,1.2022420231176929e-06,3.6917598244740936e-06,0
92,6.176026287614444e-05,1.2022420231176929e-06,2.069837123855556e-06,0
93,6.953952602994351e-05,1.2022420231176929e-06,-2.352826029943509e-06,0
94,5.606257278014539e-05,1.2022420231176929e-06,-5.685372780145386e-06,1
95,3.099882103125919e-05,1.2022420231176929e-06,-5.2555210312591934e-06,1
96,5.3954619407967605e-06,1.2022420231176929e-06,-8.455619407967603e-07,0
97,5.56817438862919e-06,1.2022420231176929e-06,-6.754443886291896e-07,0
98,3.5398164997805563e-06,1.2022420231176929e-06,-4.027164997805563e-07,0
99,1.8303951113443168e-06,1.2022420231176929e-06,-3.932251113443166e-07,0
100,1.457113284170959e-06,1.2022420231176929e-06,-8.022892841709591e-07,1
101,1.8536559150603848e-06,1.2022420231176929e-06,-1.4567779150603848e-06,1
102,2.2688067151664586e-06,1.2022420231176929e-06,-1.9699167151664586e-06,1
103,2.4281983514949632e-06,1.2022420231176929e-06,-2.1343143514949634e-06,1
104,2.615324720824596e-06,1.2022420231176929e-06,-2.178526720824596e-06,1
105,2.9662468224447375e-06,1.2022420231176929e-06,-2.1977818224447375e-06,1
106,3.118438168881335e-06,1.2022420231176929e-06,-1.7806581688813349e-06,1
107,3.0945691389931928e-06,1.2022420231176929e-06,-8.547691389931931e-07,0
108,3.377052661954901e-06,1.2022420231176929e-06,1.1686733804509899e-07,0
109,3.949153000988445e-06,1.2022420231176929e-06,1.0057169990115543e-06,0
110,4.433877897342132e-06,1.2022420231176929e-06,1.9013721026578684e-06,0
111,4.428767986291414e-06,1.2022420231176929e-06,2.627022013708586e-06,1
112,3.5935806961669503e-06,1.2022420231176929e-06,2.89068930383305e-06,1
113,2.2756465883643697e-06,1.2022420231176929e-06,2.55996341163563e-06,1
114,1.1616871706264102e-06,1.2022420231176929e-06,1.9608728293735895e-06,1
115,5.444887950810275e-07,1.2022420231176929e-06,1.5658512049189727e-06,1
116,4.3530263811537497e-07,1.2022420231176929e-06,1.5033773618846251e-06,1
117,8.987135641607444e-07,1.2022420231176929e-06,1.5454964358392557e-06,1
118,2.126751757087661e-06,1.2022420231176929e-06,1.1842982429123392e-06,1
119,4.365051433577162e-06,1.2022420231176929e-06,2.612585664228382e-07,0
120,8.699168651735441e-06,1.2022420231176929e-06,-4.971386517354419e-07,0
121,1.814990121411805e-05,1.2022420231176929e-06,-9.860121411804903e-08,0
122,3.6097431547038376e-05,1.2022420231176929e-06,1.7424684529616206e-06,0
123,6.0546188304474084e-05,1.2022420231176929e-06,3.544311695525915e-06,0
124,7.903265179029815e-05,1.2022420231176929e-06,3.117848209701848e-06,0
125,7.692319784533562e-05,1.2022420231176929e-06,4.812021546643708e-07,0
126,5.422996876103097e-05,1.2022420231176929e-06,-1.7309687610309748e-06,0
127,2.651632065763361e-05,1.2022420231176929e-06,-1.89902065763361e-06,0
128,2.8398736213576068e-06,1.2022420231176929e-06,4.89246378642393e-07,0
129,2.803427637746392e-06,1.2022420231176929e-06,6.909223622536076e-07,0
130,1.804980503834548e-06,1.2022420231176929e-06,4.037594961654523e-07,0
131,1.023899057740042e-06,1.2022420231176929e-06,4.483094225995779e-08,0
132,8.466157303302244e-07,1.2022420231176929e-06,-2.5995173033022445e-07,0
133,1.0305015028484454e-06,1.2022420231176929e-06,-6.253295028484454e-07,1
134,1.2704255033527969e-06,1.2022420231176929e-06,-9.807385033527968e-07,1
135,1.5494404918719016e-06,1.2022420231176929e-06,-1.3203264918719016e-06,1
136,2.1519943541675448e-06,1.2022420231176929e-06,-1.8617493541675448e-06,1
137,2.937793269287424e-06,1.2022420231176929e-06,-2.355040269287424e-06,1
138,3.4013686519464785e-06,1.2022420231176929e-06,-2.0891286519464787e-06,1
139,3.894361722115381e-06,1.2022420231176929e-06,-1.1887417221153812e-06,1
140,5.1403931987972935e-06,1.2022420231176929e-06,-3.0002319879729365e-07,0
141,6.924563499025494e-06,1.2022420231176929e-06,6.906165009745063e-07,0
142,8.384875252593912e-06,1.2022420231176929e-06,2.0490247474060882e-06,0
143,8.483067467072404e-06,1.2022420231176929e-06,3.317632532927595e-06,1
144,6.680751318490808e-06,1.2022420231176929e-06,3.865148681509191e-06,1
145,4.011342404756057e-06,1.2022420231176929e-06,3.460887595243944e-06,1
146,1.938140796138451e-06,1.2022420231176929e-06,2.6076692038615488e-06,1
147,8.976844299149034e-07,1.2022420231176929e-06,2.037115570085097e-06,1
148,7.724353258819698e-07,1.2022420231176929e-06,1.9982546741180303e-06,1
149,1.7134057294108808e-06,1.2022420231176929e-06,2.067494270589119e-06,1
150,4.065187199551218e-06,1.2022420231176929e-06,1.2493228004487824e-06,0
151,7.959395829315288e-06,1.2022420231176929e-06,-4.625058293152886e-07,0
152,1.4686314039315734e-05,1.2022420231176929e-06,-1.6219140393157344e-06,0
153,2.8042884583627644e-05,1.2022420231176929e-06,-1.3034845836276438e-06,0
154,5.018077339101005e-05,1.2022420231176929e-06,1.8292660898994894e-07,0
155,7.358585109681845e-05,1.2022420231176929e-06,2.144148903181545e-06,0
156,8.222496241201657e-05,1.2022420231176929e-06,4.1283375879834315e-06,0
157,6.813112071891699e-05,1.2022420231176929e-06,5.31057928108301e-06,0
158,4.1248359872635715e-05,1.2022420231176929e-06,4.6467401273642855e-06,1
159,1.7741085498249046e-05,1.2022420231176929e-06,2.461114501750955e-06,1
160,1.4389877697453256e-06,1.2022420231176929e-06,1.0192522302546747e-06,1
161,1.5566646611359453e-06,1.2022420231176929e-06,1.1058153388640545e-06,1
162,1.2057482021435495e-06,1.2022420231176929e-06,6.251917978564506e-07,1
163,8.184219145842174e-07,1.2022420231176929e-06,2.430280854157826e-07,0
164,5.861265335033061e-07,1.2022420231176929e-06,1.1447646649669387e-07,0
165,4.914151365588897e-07,1.2022420231176929e-06,1.695586344111029e-08,0
166,5.049290251129588e-07,1.2022420231176929e-06,-1.6139802511295882e-07,0
167,7.486347233214337e-07,1.2022420231176929e-06,-5.139727233214337e-07,1
168,1.3828358470574428e-06,1.2022420231176929e-06,-1.1135118470574427e-06,1
169,2.233788193169783e-06,1.2022420231176929e-06,-1.592469193169783e-06,1
170,3.2288888162512852e-06,1.2022420231176929e-06,-1.4846288162512853e-06,1
171,5.063448936711531e-06,1.2022420231176929e-06,-1.0085789367115312e-06,1
172,8.277967234453464e-06,1.2022420231176929e-06,-4.778572344534631e-07,0
173,1.2143081484196378e-05,1.2022420231176929e-06,4.4001851580362204e-07,0
174,1.4932041513710386e-05,1.2022420231176929e-06,1.8740584862896124e-06,0
175,1.4574364449241205e-05,1.2022420231176929e-06,3.267335550758797e-06,1
176,1.0838979035054504e-05,1.2022420231176929e-06,3.791920964945495e-06,1
177,6.3507659598021e-06,1.2022420231176929e-06,3.0832140401979004e-06,1
178,3.227440673896687e-06,1.2022420231176929e-06,2.020749326103312e-06,1
179,1.6661898376884003e-06,1.2022420231176929e-06,1.4835301623115995e-06,1
180,1.419678077808305e-06,1.2022420231176929e-06,1.528921922191695e-06,1
181,2.6721737035733206e-06,1.2022420231176929e-06,1.4426262964266794e-06,0
182,5.737368295430189e-06,1.2022420231176929e-06,2.6217170456981226e-07,0
183,1.0679849630820167e-05,1.2022420231176929e-06,-1.498929630820167e-06,0
184,1.89426614302346e-05,1.2022420231176929e-06,-2.327361430234601e-06,0
185,3.416177936080563e-05,1.2022420231176929e-06,-2.0614793608056268e-06,0
186,5.6536592633156174e-05,1.2022420231176929e-06,-1.4806926331561716e-06,0
187,7.511008876030865e-05,1.2022420231176929e-06,5.321123969135547e-08,0
188,7.487958314963442e-05,1.2022420231176929e-06,3.4246168503655863e-06,0
189,5.5236946666829736e-05,1.2022420231176929e-06,6.493953333170266e-06,0
190,3.0276889504604345e-05,1.2022420231176929e-06,6.269710495395655e-06,1
191,1.2211839948996533e-05,1.2022420231176929e-06,3.4207600510034673e-06,1
192,1.3572786395165984e-06,1.2022420231176929e-06,9.331913604834015e-07,1
193,1.808086891193489e-06,1.2022420231176929e-06,9.69273108806511e-07,1
194,1.6756920475109791e-06,1.2022420231176929e-06,5.382079524890205e-07,0
195,1.2071663783280572e-06,1.2022420231176929e-06,2.669836216719427e-07,0
196,7.141235234093745e-07,1.2022420231176929e-06,2.968964765906256e-07,0
197,3.644981275358855e-07,1.2022420231176929e-06,3.336088724641145e-07,0
198,2.2453821585709444e-07,1.2022420231176929e-06,2.2000578414290555e-07,0
199,3.36738364394048e-07,1.2022420231176929e-06,-3.962736439404805e-08,0
200,7.507287597910073e-07,1.2022420231176929e-06,-3.700557597910073e-07,1
201,1.5994901965340643e-06,1.2022420231176929e-06,-5.672001965340644e-07,1
202,3.5049210904766197e-06,1.2022420231176929e-06,-5.398310904766193e-07,0
203,7.4698520796209545e-06,1.2022420231176929e-06,-4.396120796209559e-07,0
204,1.352461512723503e-05,1.2022420231176929e-06,-1.0801512723502876e-07,0
205,2.0000417605340826e-05,1.2022420231176929e-06,8.124823946591726e-07,0
206,2.3887333357081367e-05,1.2022420231176929e-06,2.1502666429186363e-06,0
207,2.2112976118677726e-05,1.2022420231176929e-06,3.3632238813222723e-06,1
208,1.5612779798602625e-05,1.2022420231176929e-06,3.5685202013973767e-06,1
209,8.899633002411481e-06,1.2022420231176929e-06,2.572966997588518e-06,1
210,4.566471933749992e-06,1.2022420231176929e-06,1.4530380662500087e-06,1
211,2.4735353410635727e-06,1.2022420231176929e-06,8.975846589364268e-07,0
212,1.9335395809353783e-06,1.2022420231176929e-06,8.110804190646218e-07,0
213,2.7525555324746207e-06,1.2022420231176929e-06,7.191044675253792e-07,0
214,5.205669354279393e-06,1.2022420231176929e-06,1.322406457206058e-07,0
215,1.0009987218576539e-05,1.2022420231176929e-06,-7.24507218576539e-07,0
216,1.8989037062679207e-05,1.2022420231176929e-06,-1.2954370626792072e-06,0
217,3.4783473410834245e-05,1.2022420231176929e-06,-1.770873410834242e-06,0
218,5.603407792777195e-05,1.2022420231176929e-06,-2.259277927771949e-06,0
219,7.189656341234159e-05,1.2022420231176929e-06,-1.8217634123415973e-06,0
220,7.001704382251394e-05,1.2022420231176929e-06,-1.0084382251394051e-07,0
221,5.1404511519098405e-05,1.2022420231176929e-06,1.8819884809015942e-06,0
222,2.8666964637361854e-05,1.2022420231176929e-06,2.6393353626381483e-06,0
223,1.2074991938501978e-05,1.2022420231176929e-06,1.7285080614980215e-06,0
224,2.404363955024207e-06,1.2022420231176929e-06,7.409660449757932e-07,1
225,3.3303389314586306e-06,1.2022420231176929e-06,7.538310685413688e-07,0
226,3.0695322676895914e-06,1.2022420231176929e-06,3.1805773231040873e-07,0
227,2.062832733119751e-06,1.2022420231176929e-06,1.710972668802489e-07,0
228,1.066771833764931e-06,1.2022420231176929e-06,3.5603816623506903e-07,0
229,4.412676161413783e-07,1.2022420231176929e-06,4.4627638385862174e-07,0
230,1.8187411017243842e-07,1.2022420231176929e-06,3.4830988982756156e-07,0
231,1.905392085659734e-07,1.2022420231176929e-06,1.9935179143402657e-07,0
232,5.175420822692158e-07,1.2022420231176929e-06,1.2648391773078432e-07,0
233,1.7201834967025631e-06,1.2022420231176929e-06,1.4752650329743664e-07,0
234,5.210936568353833e-06,1.2022420231176929e-06,1.0443343164616675e-07,0
235,1.2384255206500147e-05,1.2022420231176929e-06,2.8644793499852135e-08,0
236,2.2462456250265947e-05,1.2022420231176929e-06,5.378437497340535e-07,0
237,3.2118189245893004e-05,1.2022420231176929e-06,1.8292107541069955e-06,0
238,3.6753545569363814e-05,1.2022420231176929e-06,3.089754430636185e-06,0
239,3.297731792468155e-05,1.2022420231176929e-06,3.6094820753184516e-06,1
240,2.3068474181240646e-05,1.2022420231176929e-06,3.079025818759354e-06,1
241,1.3074678542894365e-05,1.2022420231176929e-06,2.0439214571056346e-06,0
242,6.561121603907147e-06,1.2022420231176929e-06,1.3979183960928535e-06,0
243,3.414805243529763e-06,1.2022420231176929e-06,1.252904756470236e-06,0
244,2.2472561039981603e-06,1.2022420231176929e-06,1.4560138960018395e-06,0
245,2.2268783629587933e-06,1.2022420231176929e-06,1.8197416370412067e-06,0
246,3.6665481238203384e-06,1.2022420231176929e-06,1.840021876179661e-06,1
247,7.980277993321091e-06,1.2022420231176929e-06,1.1927520066789092e-06,0
248,1.7387601589817734e-05,1.2022420231176929e-06,1.6898410182265134e-08,0
249,3.391759616375601e-05,1.2022420231176929e-06,-1.229996163756008e-06,0
250,5.5666655555459166e-05,1.2022420231176929e-06,-2.027455555459166e-06,0
251,7.299125464523508e-05,1.2022420231176929e-06,-2.768354645235079e-06,0
252,7.432664861059131e-05,1.2022420231176929e-06,-3.4401486105913157e-06,0
253,5.883661499528176e-05,1.2022420231176929e-06,-2.6052149952817565e-06,0
254,3.672655150356495e-05,1.2022420231176929e-06,-9.715515035649516e-07,0
255,1.7840368644620654e-05,1.2022420231176929e-06,-4.1116864462065466e-07,0
256,4.893475294058334e-06,1.2022420231176929e-06,-2.734852940583337e-07,0
257,6.3908834101285625e-06,1.2022420231176929e-06,-7.149534101285619e-07,0
258,5.235607087802805e-06,1.2022420231176929e-06,-8.786170878028053e-07,0
259,2.9598385000113586e-06,1.2022420231176929e-06,-3.429185000113586e-07,0
260,1.2796216967485793e-06,1.2022420231176929e-06,2.1156830325142068e-07,0
261,4.732976864438493e-07,1.2022420231176929e-06,3.616283135561506e-07,0
262,1.905648508136044e-07,1.2022420231176929e-06,2.9955214918639565e-07,0
263,1.8215190460447238e-07,1.2022420231176929e-06,2.6419409539552756e-07,0
264,6.227424467534082e-07,1.2022420231176929e-06,3.5670855324659185e-07,0
265,2.610173752524724e-06,1.2022420231176929e-06,5.36266247475276e-07,0
266,8.555732837111785e-06,1.2022420231176929e-06,7.820571628882148e-07,0
267,2.0654670180383745e-05,1.2022420231176929e-06,1.4799298196162544e-06,0
268,3.73891699644524e-05,1.2022420231176929e-06,2.874230035547597e-06,0
269,5.2624199708409054e-05,1.2022420231176929e-06,3.921000291590948e-06,1
270,5.840664087105044e-05,1.2022420231176929e-06,3.6527591289495595e-06,0
271,5.04758349526671e-05,1.2022420231176929e-06,2.5714650473328973e-06,0
272,3.376199955866934e-05,1.2022420231176929e-06,1.5879004413306595e-06,0
273,1.8026530180851566e-05,1.2022420231176929e-06,1.4322698191484346e-06,0
274,8.43212121672013e-06,1.2022420231176929e-06,2.0744787832798707e-06,1
275,4.079257419724874e-06,1.2022420231176929e-06,2.8770225802751264e-06,1
276,2.370848336909761e-06,1.2022420231176929e-06,3.535651663090239e-06,1
277,1.8845514348016544e-06,1.2022420231176929e-06,3.892158565198345e-06,1
278,2.8646755915342084e-06,1.2022420231176929e-06,3.629484408465791e-06,1
279,6.929825238085736e-06,1.2022420231176929e-06,2.678114761914263e-06,1
280,1.7017701937235594e-05,1.2022420231176929e-06,1.3520980627644075e-06,0
281,3.616332544130469e-05,1.2022420231176929e-06,3.5517455869531054e-07,0
282,6.286125805962592e-05,1.2022420231176929e-06,-3.641580596259195e-07,0
283,8.64460608556609e-05,1.2022420231176929e-06,-2.213060855660911e-06,0
284,9.361618312248246e-05,1.2022420231176929e-06,-4.676083122482456e-06,0
285,8.169813564380435e-05,1.2022420231176929e-06,-5.7063356438043515e-06,1
286,5.7754151447770594e-05,1.2022420231176929e-06,-5.462751447770588e-06,1
287,3.1162678172907816e-05,1.2022420231176929e-06,-4.5200781729078145e-06,1
288,7.651153217209689e-06,1.2022420231176929e-06,-2.8890832172096885e-06,1
289,8.69730256699288e-06,1.2022420231176929e-06,-3.5031825669928813e-06,1
290,5.894887527168712e-06,1.2022420231176929e-06,-2.3750675271687124e-06,1
291,2.6096817650549026e-06,1.2022420231176929e-06,-7.640017650549027e-07,0
292,8.865580164121521e-07,1.2022420231176929e-06,1.3153983587847831e-08,0
293,3.0545189120348585e-07,1.2022420231176929e-06,1.419811087965141e-07,0
294,1.4941350610177537e-07,1.2022420231176929e-06,1.3518649389822462e-07,0
295,2.1038930795435892e-07,1.2022420231176929e-06,1.8437069204564105e-07,0
296,9.348124111095906e-07,1.2022420231176929e-06,3.4567758889040945e-07,0
297,4.211185275446542e-06,1.2022420231176929e-06,7.062847245534577e-07,0
298,1.4066274361175894e-05,1.2022420231176929e-06,1.753225638824106e-06,0
299,3.373615335904996e-05,1.2022420231176929e-06,4.232246640950044e-06,1
300,5.934917394543927e-05,1.2022420231176929e-06,6.9598260545607245e-06,1
301,7.908221548744679e-05,1.2022420231176929e-06,6.986984512553218e-06,1
302,8.056904365608472e-05,1.2022420231176929e-06,4.344756343915271e-06,0
303,6.211748881965159e-05,1.2022420231176929e-06,1.6655111803484082e-06,0
304,3.6352943351064494e-05,1.2022420231176929e-06,6.064566489355033e-07,0
305,1.69735252036219e-05,1.2022420231176929e-06,1.222174796378099e-06,0
306,7.112240222032136e-06,1.2022420231176929e-06,2.520319777967864e-06,1
307,3.1690358965645037e-06,1.2022420231176929e-06,3.528304103435496e-06,1
308,1.6967131275217112e-06,1.2022420231176929e-06,3.987876872478289e-06,1
309,1.3648644687409477e-06,1.2022420231176929e-06,3.9428855312590524e-06,1
310,2.4677655841019777e-06,1.2022420231176929e-06,3.4991644158980223e-06,1
311,6.819690448137271e-06,1.2022420231176929e-06,2.918569551862729e-06,1
312,1.8449353768869954e-05,1.2022420231176929e-06,2.7417462311300467e-06,0
313,4.188405837615594e-05,1.2022420231176929e-06,3.6859416238440586e-06,0
314,7.551587553013804e-05,1.2022420231176929e-06,4.365024469861958e-06,0
315,0.00010667807372851552,1.2022420231176929e-06,1.358926271484491e-06,0
316,0.00012022420231176929,1.2022420231176929e-06,-5.007202311769281e-06,0
317,0.00011043432677578404,1.2022420231176929e-06,-1.0878626775784038e-05,1
318,8.048087650405804e-05,1.2022420231176929e-06,-1.334487650405804e-05,1
319,4.275751446923441e-05,1.2022420231176929e-06,-1.0854114469234406e-05,1
320,6.6107108019650075e-06,1.2022420231176929e-06,-3.858910801965008e-06,1
321,6.328620761801627e-06,1.2022420231176929e-06,-3.654390761801627e-06,1
322,3.4395210126268555e-06,1.2022420231176929e-06,-1.8148210126268554e-06,1
323,1.1497756747307822e-06,1.2022420231176929e-06,-4.0252267473078217e-07,0
324,2.97783924980055e-07,1.2022420231176929e-06,6.665075019945053e-09,0
325,9.445991713267996e-08,1.2022420231176929e-06,3.915808286732004e-08,0
326,6.034833138841866e-08,1.2022420231176929e-06,4.9746668611581335e-08,0
327,2.0838893089787828e-07,1.2022420231176929e-06,9.61640691021217e-08,0
328,1.2976654574600916e-06,1.2022420231176929e-06,2.1227454253990838e-07,0
329,6.144674464172803e-06,1.2022420231176929e-06,6.439355358271985e-07,0
330,1.9886454914129386e-05,1.2022420231176929e-06,2.4748450858706164e-06,1
331,4.443933212726411e-05,1.2022420231176929e-06,6.47876787273589e-06,1
332,7.139029540368337e-05,1.2022420231176929e-06,9.364504596316622e-06,1
333,8.47883021867817e-05,1.2022420231176929e-06,7.367197813218292e-06,1
334,7.434629743519066e-05,1.2022420231176929e-06,2.8316025648093422e-06,0
335,4.768139152469898e-05,1.2022420231176929e-06,-4.439152469898187e-08,0
336,2.2729263889673604e-05,1.2022420231176929e-06,-3.003638896736058e-07,0
337,8.66930736283672e-06,1.2022420231176929e-06,6.287226371632803e-07,0
338,3.0655732673366296e-06,1.2022420231176929e-06,1.4642867326633706e-06,1
339,1.2006605226431626e-06,1.2022420231176929e-06,1.852689477356837e-06,1
340,6.270031736169465e-07,1.2022420231176929e-06,1.9047868263830537e-06,1
341,7.130162267935498e-07,1.2022420231176929e-06,1.7856237732064501e-06,1
342,1.875374270385495e-06,1.2022420231176929e-06,1.6607957296145047e-06,1
343,6.150655537679155e-06,1.2022420231176929e-06,1.7406444623208455e-06,0
344,1.818562560605644e-05,1.2022420231176929e-06,2.5122743939435602e-06,0
345,4.270717819279397e-05,1.2022420231176929e-06,4.2081218072060226e-06,1
346,7.685355823025319e-05,1.2022420231176929e-06,4.200141769746801e-06,0
347,0.0001070904708002058,1.2022420231176929e-06,-1.1624708002058005e-06,0
348,0.00011873835801495701,1.2022420231176929e-06,-9.991358014957002e-06,1
349,0.00010558440204304409,1.2022420231176929e-06,-1.707950204304409e-05,1
350,7.223432742169517e-05,1.2022420231176929e-06,-1.8379327421695172e-05,1
351,3.507271568014754e-05,1.2022420231176929e-06,-1.2798515680147542e-05,1
352,2.765035966470768e-06,1.2022420231176929e-06,-1.8742289664707678e-06,1
353,2.1793351189177227e-06,1.2022420231176929e-06,-1.3818311189177226e-06,1
354,9.460985734568731e-07,1.2022420231176929e-06,-4.943315734568732e-07,0
355,2.4460614657513237e-07,1.2022420231176929e-06,-5.4012146575132375e-08,0
356,4.689334114141544e-08,1.2022420231176929e-06,2.3567158858584557e-08,0
357,1.1392288748198805e-08,1.2022420231176929e-06,2.09596112518012e-08,0
358,2.1896779994858927e-08,1.2022420231176929e-06,2.541492000514107e-08,0
359,2.0139598951948663e-07,1.2022420231176929e-06,4.715801048051336e-08,0
360,1.4036925656431718e-06,1.2022420231176929e-06,1.1176743435682804e-07,0
361,6.288441710437823e-06,1.2022420231176929e-06,5.72708289562177e-07,0
362,1.831228326386202e-05,1.2022420231176929e-06,2.5373167361379816e-06,1
363,3.6325660782226064e-05,1.2022420231176929e-06,5.698839217773933e-06,1
364,5.1370199951280845e-05,1.2022420231176929e-06,6.1915000487191565e-06,1
365,5.255209855928138e-05,1.2022420231176929e-06,2.5097014407186253e-06,0
366,3.855258327076192e-05,1.2022420231176929e-06,-1.3206832707619243e-06,0
367,2.0155397737590275e-05,1.2022420231176929e-06,-2.1421977375902762e-06,0
368,7.648235827822428e-06,1.2022420231176929e-06,-1.0341458278224278e-06,0
369,2.268100353147601e-06,1.2022420231176929e-06,-4.1110353147600665e-08,0
370,6.176143629659117e-07,1.2022420231176929e-06,3.3910763703408834e-07,0
371,2.0215555523872573e-07,1.2022420231176929e-06,3.9825844476127434e-07,1
372,1.4147933354803133e-07,1.2022420231176929e-06,3.7034866645196874e-07,1
373,3.010321369751132e-07,1.2022420231176929e-06,3.5983086302488675e-07,0
374,1.1001934823527254e-06,1.2022420231176929e-06,4.1717651764727447e-07,0
375,4.261637459317385e-06,1.2022420231176929e-06,5.593825406826144e-07,0
376,1.3421340642117426e-05,1.2022420231176929e-06,7.90559357882574e-07,0
377,3.1160005744613145e-05,1.2022420231176929e-06,8.066942553868546e-07,0
378,5.327942547103834e-05,1.2022420231176929e-06,-9.08425471038337e-07,0
379,6.948970724229878e-05,1.2022420231176929e-06,-5.381207242298783e-06,1
380,7.137250321662909e-05,1.2022420231176929e-06,-1.0647103216629086e-05,1
381,5.7813648253911193e-05,1.2022420231176929e-06,-1.3750548253911192e-05,1
382,3.548854088384212e-05,1.2022420231176929e-06,-1.2433940883842118e-05,1
383,1.539252464326143e-05,1.2022420231176929e-06,-7.320124643261428e-06,1
384,4.999067323917843e-07,1.2022420231176929e-06,-3.2488573239178437e-07,1
385,3.227566363541528e-07,1.2022420231176929e-06,-1.7718363635415282e-07,0
386,1.1530826432930901e-07,1.2022420231176929e-06,-3.782506432930902e-08,0
387,2.4580483851594052e-08,1.2022420231176929e-06,7.567016148405945e-09,0
388,3.5104252115125008e-09,1.2022420231176929e-06,1.03162747884875e-08,0
389,1.2548939951454195e-09,1.2022420231176929e-06,8.777106004854581e-09,0
390,1.4130356632618823e-08,1.2022420231176929e-06,1.1658643367381177e-08,0
391,1.4263372366309438e-07,1.2022420231176929e-06,2.2721276336905612e-08,0
392,8.937037065711654e-07,1.2022420231176929e-06,9.460229342883464e-08,0
393,3.5093187470191962e-06,1.2022420231176929e-06,5.042012529808032e-07,0
394,8.961263469030107e-06,1.2022420231176929e-06,1.5895365309698916e-06,1
395,1.5607573725661317e-05,1.2022420231176929e-06,2.5050262743386827e-06,1
396,1.913850356467145e-05,1.2022420231176929e-06,1.6021964353285535e-06,0
397,1.6679401703957195e-05,1.2022420231176929e-06,-5.814017039571938e-07,0
398,1.0328679440355788e-05,1.2022420231176929e-06,-1.770929440355788e-06,1
399,4.524699305390613e-06,1.2022420231176929e-06,-1.335589305390613e-06,1
400,1.400178186218637e-06,1.2022420231176929e-06,-4.982661862186371e-07,1
401,3.1637521768440854e-07,1.2022420231176929e-06,-7.28902176844085e-08,0
402,6.036788381476107e-08,1.2022420231176929e-06,3.063861618523893e-08,0
403,1.861024655144604e-08,1.2022420231176929e-06,3.666495344855396e-08,1
404,2.6995056566411477e-08,1.2022420231176929e-06,3.3757443433588524e-08,0
405,1.0342913406539796e-07,1.2022420231176929e-06,4.2883865934602034e-08,0
406,5.136470768566465e-07,1.2022420231176929e-06,5.522392314335353e-08,0
407,2.189268931263522e-06,1.2022420231176929e-06,-1.889893126352209e-08,0
408,6.671660844496346e-06,1.2022420231176929e-06,-3.111808444963461e-07,0
409,1.4138929005219336e-05,1.2022420231176929e-06,-8.585290052193371e-07,0
410,2.1669470605373195e-05,1.2022420231176929e-06,-1.8759706053731954e-06,0
411,2.528579682644269e-05,1.2022420231176929e-06,-3.47509682644269e-06,1
412,2.322052650130979e-05,1.2022420231176929e-06,-5.025726501309788e-06,1
413,1.674661762763237e-05,1.2022420231176929e-06,-5.455417627632369e-06,1
414,9.070998408190273e-06,1.2022420231176929e-06,-4.1049184081902725e-06,1
415,3.4267593232692026e-06,1.2022420231176929e-06,-1.9557793232692028e-06,1
416,3.430647358342688e-08,1.2022420231176929e-06,-1.5888873583426884e-08,0
417,1.782998273472295e-08,1.2022420231176929e-06,-4.439582734722949e-09,0
418,5.128581823921124e-09,1.2022420231176929e-06,1.4503481760788763e-09,0
419,8.742388588107126e-10,1.2022420231176929e-06,2.1218211411892873e-09,0
420,1.1011249759854769e-10,1.2022420231176929e-06,1.9698075024014524e-09,0
421,4.098472770486515e-10,1.2022420231176929e-06,2.9058627229513484e-09,0
422,5.615977087153276e-09,1.2022420231176929e-06,5.605622912846725e-09,0
423,4.947507160105611e-08,1.2022420231176929e-06,1.9253028398943885e-08,0
424,2.7505726439491053e-07,1.2022420231176929e-06,8.330573560508948e-08,0
425,9.67012932555984e-07,1.2022420231176929e-06,2.6564706744401594e-07,0
426,2.194655309661872e-06,1.2022420231176929e-06,5.305746903381279e-07,0
427,3.3125492998326e-06,1.2022420231176929e-06,5.853807001673998e-07,0
428,3.4386704798558996e-06,1.2022420231176929e-06,2.171695201441004e-07,0
429,2.5419239439357528e-06,1.2022420231176929e-06,-2.6538394393575236e-07,0
430,1.3577967296579115e-06,1.2022420231176929e-06,-4.034357296579116e-07,1
431,5.110894142887132e-07,1.2022420231176929e-06,-2.3248341428871316e-07,1
432,1.2979074385374658e-07,1.2022420231176929e-06,-6.849564385374658e-08,1
433,2.1809433138420105e-08,1.2022420231176929e-06,-8.743033138420106e-09,1
434,2.748341254858527e-09,1.2022420231176929e-06,2.1581487451414732e-09,0
435,1.24843564813146e-09,1.2022420231176929e-06,2.6278243518685405e-09,0
436,6.27812202519071e-09,1.2022420231176929e-06,1.77330797480929e-09,0
437,3.9122381524057687e-08,1.2022420231176929e-06,-2.908815240576872e-10,0
438,1.9825150334206151e-07,1.2022420231176929e-06,-6.751503342061527e-09,0
439,7.465448076405609e-07,1.2022420231176929e-06,-3.554780764056095e-08,0
440,1.9603814300747258e-06,1.2022420231176929e-06,-1.1024143007472563e-07,0
441,3.582311325025255e-06,1.2022420231176929e-06,-2.2581132502525505e-07,0
442,4.7636801103215785e-06,1.2022420231176929e-06,-4.2308011032157805e-07,0
443,4.873907944100685e-06,1.2022420231176929e-06,-7.526379441006857e-07,1
444,3.980204306066974e-06,1.2022420231176929e-06,-1.071934306066974e-06,1
445,2.542163733251709e-06,1.2022420231176929e-06,-1.0424337332517092e-06,1
446,1.179733713166962e-06,1.2022420231176929e-06,-6.32724713166962e-07,1
447,3.6712741720181495e-07,1.2022420231176929e-06,-2.2971641720181496e-07,1
448,8.129783263548764e-10,1.2022420231176929e-06,-9.753832635487629e-11,0
449,3.203111691697139e-10,1.2022420231176929e-06,1.038038308302861e-10,0
450,6.77519533974707e-11,1.2022420231176929e-06,1.2401604660252933e-10,0
451,8.355876121111412e-12,1.2022420231176929e-06,1.114491238788886e-10,0
452,4.758029712604509e-12,1.2022420231176929e-06,2.333889702873955e-10,0
453,9.187622580101758e-11,1.2022420231176929e-06,6.486367741989824e-10,0
454,1.3191675614757245e-09,1.2022420231176929e-06,2.0998924385242754e-09,0
455,1.1425833611456158e-08,1.2022420231176929e-06,6.939966388543842e-09,0
456,5.702015525485678e-08,1.2022420231176929e-06,1.7947044745143218e-08,0
457,1.6534675275897602e-07,1.2022420231176929e-06,4.3850247241023974e-08,0
458,2.933987422180946e-07,1.2022420231176929e-06,9.062625778190547e-08,0
459,3.454855146733825e-07,1.2022420231176929e-06,1.1227248532661749e-07,0
460,2.9519286430687506e-07,1.2022420231176929e-06,6.074313569312499e-08,0
461,1.9092594344099892e-07,1.2022420231176929e-06,-9.32794344099891e-09,0
462,8.879659947414904e-08,1.2022420231176929e-06,-2.685179947414904e-08,0
463,2.718329985444188e-08,1.2022420231176929e-06,-1.241509985444188e-08,0
464,5.179328091309706e-09,1.2022420231176929e-06,-2.6182980913097056e-09,1
465,6.028891477099407e-10,1.2022420231176929e-06,-1.4057214770994073e-10,0
466,6.553608203073811e-11,1.2022420231176929e-06,1.7818391796926192e-10,0
467,3.045305132994895e-10,1.2022420231176929e-06,5.220486700510508e-12,0
468,2.454055678295552e-09,1.2022420231176929e-06,-7.40545678295552e-10,0
469,1.2246073058374532e-08,1.2022420231176929e-06,-7.486730583745318e-10,0
470,4.498915749492744e-08,1.2022420231176929e-06,9.00604250507256e-09,0
471,1.344338272175685e-07,1.2022420231176929e-06,3.63881727824315e-08,0
472,3.010020563825928e-07,1.2022420231176929e-06,6.613994361740717e-08,0
473,4.718669730646514e-07,1.2022420231176929e-06,7.73770269353486e-08,0
474,5.351338303121729e-07,1.2022420231176929e-06,5.4654169687827134e-08,0
475,4.830135822332362e-07,1.2022420231176929e-06,-1.8918582233236244e-08,0
476,3.608098743200585e-07,1.2022420231176929e-06,-9.342387432005852e-08,1
477,2.0260773973800497e-07,1.2022420231176929e-06,-9.157673973800498e-08,1
478,7.630910784739924e-08,1.2022420231176929e-06,-4.338190784739924e-08,1
479,1.8219564303080433e-08,1.2022420231176929e-06,-1.1287614303080433e-08,1
480,5.632909841748956e-12,1.2022420231176929e-06,1.6315501582510442e-12,0
481,1.6014347457915144e-12,1.2022420231176929e-06,1.805395254208486e-12,0
482,2.580801116850091e-13,1.2022420231176929e-06,1.5536298883149907e-12,0
483,3.886785138053159e-13,1.2022420231176929e-06,3.8455014861946845e-12,0
484,3.832745732686e-12,1.2022420231176929e-06,1.9204854267314e-11,0
485,3.765742940973138e-11,1.2022420231176929e-06,1.2185457059026863e-10,0
486,3.768721954275326e-10,1.2022420231176929e-06,6.003768045724672e-10,0
487,2.4958940971000584e-09,1.2022420231176929e-06,1.5559959028999409e-09,0
488,8.978666574429664e-09,1.2022420231176929e-06,2.842133425570336e-09,0
489,1.7538508490243692e-08,1.2022420231176929e-06,8.48469150975631e-09,0
490,2.052080727274904e-08,1.2022420231176929e-06,2.0287792727250957e-08,0
491,1.7671192949490742e-08,1.2022420231176929e-06,2.4473907050509254e-08,0
492,1.3315691300084676e-08,1.2022420231176929e-06,1.4987608699915324e-08,0
493,7.84005022838899e-09,1.2022420231176929e-06,5.0560497716110126e-09,0
494,2.924100496996343e-09,1.2022420231176929e-06,1.3610495030036568e-09,0
495,6.275612789844594e-10,1.2022420231176929e-06,3.937487210155407e-10,0
496,7.685559971724623e-11,1.2022420231176929e-06,7.603540028275378e-11,0
497,5.7682570128773525e-12,1.2022420231176929e-06,1.3829442987122647e-11,0
498,5.7838811218398805e-12,1.2022420231176929e-06,9.22391887816012e-12,0
499,6.282043663122778e-11,1.2022420231176929e-06,2.1873663368772212e-11,0
500,3.729666786184706e-10,1.2022420231176929e-06,3.2299132138152953e-10,0
501,1.3269000614601215e-09,1.2022420231176929e-06,2.5448099385398787e-09,0
502,3.812797006641092e-09,1.2022420231176929e-06,1.0299402993358909e-08,1
503,1.0144278928043953e-08,1.2022420231176929e-06,2.4153821071956046e-08,1
504,2.040204867653136e-08,1.2022420231176929e-06,3.6645351323468645e-08,1
505,2.753897383157447e-08,1.2022420231176929e-06,3.941072616842553e-08,1
506,2.7143442340568845e-08,1.2022420231176929e-06,3.015675765943115e-08,1
507,2.2971445597818087e-08,1.2022420231176929e-06,1.304065440218191e-08,0
508,1.5832351195573566e-08,1.2022420231176929e-06,2.863488044264341e-10,0
509,7.275386774883376e-09,1.2022420231176929e-06,-2.1984667748833754e-09,0
510,2.019132371117393e-09,1.2022420231176929e-06,-8.35972371117393e-10,0
511,3.367912881957461e-10,1.2022420231176929e-06,-1.2954128819574608e-10,0
512,7.266383531817353e-14,1.2022420231176929e-06,3.0692861646818265e-12,0
513,9.092591560521559e-13,1.2022420231176929e-06,1.5966440843947845e-11,0
514,9.104229075883846e-12,1.2022420231176929e-06,4.816257092411615e-11,0
515,6.630167448666435e-11,1.2022420231176929e-06,7.244632551333565e-11,0
516,3.1827200990059785e-10,1.2022420231176929e-06,-5.627900990059788e-11,0
517,8.905436493174992e-10,1.2022420231176929e-06,-4.0969164931749924e-10,0
518,1.4060716135386522e-09,1.2022420231176929e-06,9.4098386461348e-11,0
519,1.5070091211267424e-09,1.2022420231176929e-06,3.360030878873257e-09,0
520,1.571381282859466e-09,1.2022420231176929e-06,8.311658717140535e-09,0
521,1.4302007593370025e-09,1.2022420231176929e-06,1.1400299240662998e-08,0
522,8.786104712592898e-10,1.2022420231176929e-06,1.025068952874071e-08,0
523,4.623650300333438e-10,1.2022420231176929e-06,5.826454969966656e-09,0
524,2.8341355694674597e-10,1.2022420231176929e-06,2.262826443053254e-09,0
525,1.3638123650914483e-10,1.2022420231176929e-06,8.262037634908551e-10,0
526,3.827383608176157e-11,1.2022420231176929e-06,2.977841639182385e-10,0
527,9.69880970458714e-12,1.2022420231176929e-06,9.326819029541287e-11,0
528,9.957549739764922e-12,1.2022420231176929e-06,1.1082145026023506e-10,0
529,1.8047168788768518e-11,1.2022420231176929e-06,2.4844483121123145e-10,0
530,3.802995901805947e-11,1.2022420231176929e-06,4.4381804098194055e-10,0
531,7.760085557390735e-11,1.2022420231176929e-06,1.2867591444260926e-09,0
532,1.1626503172005921e-10,1.2022420231176929e-06,4.612234968279941e-09,0
533,1.2884707796622059e-10,1.2022420231176929e-06,1.0870552922033779e-08,0
534,1.6223944827570182e-10,1.2022420231176929e-06,1.60182605517243e-08,1
535,2.91223410000173e-10,1.2022420231176929e-06,1.7177676589999826e-08,1
536,4.678472629598921e-10,1.2022420231176929e-06,1.5084652737040108e-08,1
537,5.335870725242583e-10,1.2022420231176929e-06,1.0813512927475742e-08,1
538,4.933592359417555e-10,1.2022420231176929e-06,5.871790764058244e-09,1
539,4.032526015587541e-10,1.2022420231176929e-06,2.1193673984412454e-09,1
540,2.3280586745422762e-10,1.2022420231176929e-06,4.615841325457724e-10,0
541,7.859637428092825e-11,1.2022420231176929e-06,6.476362571907176e-11,0
542,1.4879616849352106e-11,1.2022420231176929e-06,1.0606683150647895e-11,0
543,1.6274098430094867e-12,1.2022420231176929e-06,3.291540156990513e-12,0
544,2.7493126655077568e-11,1.2022420231176929e-06,2.6428087334492245e-10,0
545,2.2168886028898767e-10,1.2022420231176929e-06,8.742511397110123e-10,0
546,1.1270756208266824e-09,1.2022420231176929e-06,1.5449943791733179e-09,0
547,3.8554330866372715e-09,1.2022420231176929e-06,6.577569133627283e-10,0
548,9.142969084153148e-09,1.2022420231176929e-06,-3.770769084153148e-09,0
549,1.4782807381525287e-08,1.2022420231176929e-06,-9.611687381525288e-09,1
550,1.6669970728771302e-08,1.2022420231176929e-06,-9.816940728771303e-09,0
551,1.566631690464096e-08,1.2022420231176929e-06,-3.1854169046409603e-09,0
552,1.3253433575864199e-08,1.2022420231176929e-06,3.807766424135802e-09,0
553,7.814312279691629e-09,1.2022420231176929e-06,7.243787720308371e-09,0
554,2.6177592651919437e-09,1.2022420231176929e-06,5.918660734808056e-09,0
555,4.89293272619999e-10,1.2022420231176929e-06,2.5524167273800012e-09,0
556,8.387721516737449e-11,1.2022420231176929e-06,6.840527848326254e-10,0
557,1.2447618568740842e-10,1.2022420231176929e-06,2.6357081431259157e-10,0
558,3.5672331589605267e-10,1.2022420231176929e-06,3.685536841039472e-10,0
559,7.902533237333773e-10,1.2022420231176929e-06,1.2226666762666228e-09,0
560,1.4186903150806305e-09,1.2022420231176929e-06,3.517289684919369e-09,0
561,2.379748607682828e-09,1.2022420231176929e-06,6.4424913923171715e-09,0
562,3.918941907270061e-09,1.2022420231176929e-06,1.0879858092729938e-08,0
563,5.643530019094214e-09,1.2022420231176929e-06,2.644866998090579e-08,1
564,6.122342456308235e-09,1.2022420231176929e-06,5.863755754369177e-08,1
565,4.987603867242918e-09,1.2022420231176929e-06,8.227749613275709e-08,1
566,3.3994147602665483e-09,1.2022420231176929e-06,7.189008523973344e-08,1
567,1.8754618004368587e-09,1.2022420231176929e-06,4.568983819956315e-08,1
568,7.206566781409745e-10,1.2022420231176929e-06,2.5946743321859032e-08,1
569,1.7292440170099016e-10,1.2022420231176929e-06,1.404477559829901e-08,0
570,2.549687031317755e-11,1.2022420231176929e-06,6.5525231296868225e-09,0
571,3.5130278029090455e-12,1.2022420231176929e-06,2.497926972197091e-09,0
572,8.746783234352067e-13,1.2022420231176929e-06,8.21726321676565e-10,0
573,1.9371118775868344e-13,1.2022420231176929e-06,2.566252888122413e-10,0
574,3.4050445856452135e-14,1.2022420231176929e-06,1.605039495541435e-10,0
575,4.58719092371086e-14,1.2022420231176929e-06,1.654781280907629e-10,0
576,2.7564839018977587e-09,1.2022420231176929e-06,4.238136098102242e-09,0
577,1.3971688678955514e-08,1.2022420231176929e-06,7.117311321044487e-09,0
578,4.2475718179479524e-08,1.2022420231176929e-06,-5.395181794795206e-10,0
579,8.131420553637296e-08,1.2022420231176929e-06,-2.4299605536372955e-08,0
580,1.040102368066892e-07,1.2022420231176929e-06,-4.9562636806689206e-08,1
581,9.852129501021863e-08,1.2022420231176929e-06,-5.705259501021863e-08,1
582,8.407997571313154e-08,1.2022420231176929e-06,-5.109617571313154e-08,1
583,7.158272167190263e-08,1.2022420231176929e-06,-3.991392167190263e-08,0
584,4.9696354155875454e-08,1.2022420231176929e-06,-2.0482754155875453e-08,0
585,2.3255293771795884e-08,1.2022420231176929e-06,-1.8143937717958827e-09,0
586,7.483501952387846e-09,1.2022420231176929e-06,4.728398047612154e-09,0
587,2.256287608712186e-09,1.2022420231176929e-06,3.886482391287815e-09,0
588,2.522249773789321e-09,1.2022420231176929e-06,2.4385202262106798e-09,0
589,7.255836488777731e-09,1.2022420231176929e-06,1.5284835112222692e-09,0
590,1.730713407092373e-08,1.2022420231176929e-06,3.3704659290762697e-09,0
591,3.3414177858470345e-08,1.2022420231176929e-06,1.368362214152966e-08,0
592,5.640019816857323e-08,1.2022420231176929e-06,3.2031301831426766e-08,0
593,8.541681613843439e-08,1.2022420231176929e-06,5.31191838615656e-08,0
594,1.1386537700618507e-07,1.2022420231176929e-06,1.0923962299381494e-07,0
595,1.2940009121384453e-07,1.2022420231176929e-06,2.5018690878615547e-07,1
596,1.1774507553730047e-07,1.2022420231176929e-06,4.035299244626995e-07,1
597,8.346414422864326e-08,1.2022420231176929e-06,4.0479685577135664e-07,1
598,4.6763050325729176e-08,1.2022420231176929e-06,2.611329496742708e-07,1
599,2.0283958318971652e-08,1.2022420231176929e-06,1.2740204168102834e-07,1
600,6.226779440537533e-09,1.2022420231176929e-06,6.237722055946246e-08,0
601,1.1918036633581402e-09,1.2022420231176929e-06,3.423619633664186e-08,0
602,1.2758193621680755e-10,1.2022420231176929e-06,1.875301806378319e-08,0
603,7.151785893350482e-12,1.2022420231176929e-06,9.224608214106648e-09,0
604,3.141135096728787e-13,1.2022420231176929e-06,4.0852758864903275e-09,0
605,1.153769529096758e-12,1.2022420231176929e-06,2.9532762304709035e-09,0
606,7.0599456082848305e-12,1.2022420231176929e-06,4.0683600543917155e-09,0
607,2.2583954153285905e-11,1.2022420231176929e-06,4.478326045846714e-09,0
608,6.837170232027776e-08,1.2022420231176929e-06,1.3964097679722235e-08,0
609,2.3384350848542013e-07,1.2022420231176929e-06,-1.447350848542012e-08,0
610,4.77836321153399e-07,1.2022420231176929e-06,-1.0201432115339899e-07,0
611,6.178799091596677e-07,1.2022420231176929e-06,-1.8427790915966777e-07,1
612,5.601478379579275e-07,1.2022420231176929e-06,-2.019798379579275e-07,1
613,4.1729235118563326e-07,1.2022420231176929e-06,-1.8270835118563325e-07,0
614,3.0054137208733605e-07,1.2022420231176929e-06,-1.6131937208733605e-07,0
615,2.0946029001900895e-07,1.2022420231176929e-06,-1.2426299001900892e-07,0
616,1.2139503168853277e-07,1.2022420231176929e-06,-6.704063168853276e-08,0
617,5.5226929956843353e-08,1.2022420231176929e-06,-1.990702995684335e-08,0
618,2.352205548242536e-08,1.2022420231176929e-06,4.539744517574639e-09,0
619,1.895290705946928e-08,1.2022420231176929e-06,1.6376292940530715e-08,0
620,4.4418183384745926e-08,1.2022420231176929e-06,1.985451661525408e-08,0
621,1.1894185225497706e-07,1.2022420231176929e-06,1.5258147745022937e-08,0
622,2.6822578624529113e-07,1.2022420231176929e-06,6.179213754708868e-09,0
623,5.05060852063816e-07,1.2022420231176929e-06,-2.1478520638159846e-09,0
624,7.963086533416376e-07,1.2022420231176929e-06,2.193346658362456e-09,0
625,1.05162240172492e-06,1.2022420231176929e-06,9.690759827507978e-08,0
626,1.191529633466405e-06,1.2022420231176929e-06,4.4346036653359506e-07,0
627,1.1544089057716046e-06,1.2022420231176929e-06,9.875310942283954e-07,1
628,8.927424806067604e-07,1.2022420231176929e-06,1.2683275193932395e-06,1
629,5.166290939322976e-07,1.2022420231176929e-06,1.0039509060677023e-06,1
630,2.207666648971695e-07,1.2022420231176929e-06,5.433613351028305e-07,1
631,7.012780803381747e-08,1.2022420231176929e-06,2.6466319196618255e-07,0
632,1.5808623479611037e-08,1.2022420231176929e-06,1.5346237652038895e-07,0
633,2.2576610268604257e-09,1.2022420231176929e-06,1.0020633897313957e-07,0
634,1.8278576121707856e-10,1.2022420231176929e-06,6.373801423878291e-08,0
635,1.179059086173226e-11,1.2022420231176929e-06,3.700980940913826e-08,0
636,3.4681170805451715e-11,1.2022420231176929e-06,2.661571882919455e-08,0
637,2.2185705177760893e-10,1.2022420231176929e-06,3.71600429482224e-08,0
638,9.266582217087984e-10,1.2022420231176929e-06,5.64537417782912e-08,0
639,2.1171300840138977e-09,1.2022420231176929e-06,5.78735699159861e-08,0
640,5.014361728475008e-07,1.2022420231176929e-06,4.3775827152499165e-08,0
641,1.2333289698275284e-06,1.2022420231176929e-06,-1.968969827528243e-09,0
642,1.859407495864199e-06,1.2022420231176929e-06,-9.80474958641991e-08,0
643,1.8685597502276641e-06,1.2022420231176929e-06,-1.5966975022766413e-07,0
644,1.444226058410982e-06,1.2022420231176929e-06,-2.313960584109822e-07,0
645,9.97261926739534e-07,1.2022420231176929e-06,-3.1006192673953405e-07,0
646,6.516802603972533e-07,1.2022420231176929e-06,-3.068692603972533e-07,0
647,3.8416517979489284e-07,1.2022420231176929e-06,-2.1195617979489284e-07,0
648,1.902191108037462e-07,1.2022420231176929e-06,-9.251901080374618e-08,0
649,9.336791643971948e-08,1.2022420231176929e-06,-1.1945316439719473e-08,0
650,7.876443493867256e-08,1.2022420231176929e-06,4.806656506132745e-08,0
651,1.3855277470110377e-07,1.2022420231176929e-06,1.2499322529889623e-07,0
652,3.59777328124081e-07,1.2022420231176929e-06,1.8162567187591898e-07,0
653,9.385459870226013e-07,1.2022420231176929e-06,9.715401297739856e-08,0
654,2.0085140156035826e-06,1.2022420231176929e-06,-2.0399401560358262e-07,0
655,3.399442945488908e-06,1.2022420231176929e-06,-5.731029454889079e-07,0
656,4.636124156003797e-06,1.2022420231176929e-06,-7.075341560037966e-07,0
657,5.289924616471819e-06,1.2022420231176929e-06,-3.7693461647181846e-07,0
658,5.20187568156726e-06,1.2022420231176929e-06,4.728043184327404e-07,0
659,4.2924198783186064e-06,1.2022420231176929e-06,1.4134001216813938e-06,0
660,2.7786018143918167e-06,1.2022420231176929e-06,1.6550381856081838e-06,0
661,1.3337801643461107e-06,1.2022420231176929e-06,1.1706698356538891e-06,0
662,4.6006657191987097e-07,1.2022420231176929e-06,6.68233428080129e-07,1
663,1.1152438751719444e-07,1.2022420231176929e-06,4.370036124828056e-07,0
664,1.8300061270151674e-08,1.2022420231176929e-06,3.3053193872984835e-07,0
665,1.908812933868307e-09,1.2022420231176929e-06,2.530951870661317e-07,0
666,1.6379341921705977e-10,1.2022420231176929e-06,1.8646020658078296e-07,0
667,4.0730717062135985e-10,1.2022420231176929e-06,1.4255869282937863e-07,0
668,2.1662321742586122e-09,1.2022420231176929e-06,1.6933276782574137e-07,1
669,8.567307848107829e-09,1.2022420231176929e-06,2.8767969215189216e-07,0
670,2.3950379198999536e-08,1.2022420231176929e-06,3.907266208010005e-07,0
671,3.927577280583865e-08,1.2022420231176929e-06,3.2757122719416136e-07,0
672,1.3759535471590806e-06,1.2022420231176929e-06,3.233864528409196e-07,0
673,2.6480224583008003e-06,1.2022420231176929e-06,5.676775416991997e-07,0
674,3.2622770046942e-06,1.2022420231176929e-06,6.264829953057997e-07,0
675,2.847257394677087e-06,1.2022420231176929e-06,4.1493260532291315e-07,0
676,2.0174018217678672e-06,1.2022420231176929e-06,2.5798178232132543e-08,0
677,1.280456701962461e-06,1.2022420231176929e-06,-2.444067019624609e-07,0
678,7.322987979719249e-07,1.2022420231176929e-06,-2.6372279797192495e-07,0
679,3.632097424401624e-07,1.2022420231176929e-06,-1.4338674244016242e-07,0
680,1.7329102612445026e-07,1.2022420231176929e-06,-2.094102612445028e-08,0
681,1.405600005826282e-07,1.2022420231176929e-06,8.595299941737178e-08,0
682,2.354032395784164e-07,1.2022420231176929e-06,2.6905276042158354e-07,0
683,6.005841396286612e-07,1.2022420231176929e-06,4.987958603713387e-07,0
684,1.682660243408983e-06,1.2022420231176929e-06,4.7485975659101726e-07,0
685,3.936967932561692e-06,1.2022420231176929e-06,-1.4549793256169194e-07,0
686,7.1616459779522704e-06,1.2022420231176929e-06,-1.19916597795227e-06,0
687,1.036032032726517e-05,1.2022420231176929e-06,-2.0350603272651696e-06,0
688,1.2326846683095207e-05,1.2022420231176929e-06,-2.270846683095207e-06,0
689,1.2375625254804914e-05,1.2022420231176929e-06,-1.8835252548049136e-06,0
690,1.0466558892292556e-05,1.2022420231176929e-06,-8.162888922925568e-07,0
691,7.2203436974687046e-06,1.2022420231176929e-06,3.482663025312968e-07,0
692,3.909366095931951e-06,1.2022420231176929e-06,7.740139040680491e-07,0
693,1.6088720690274892e-06,1.2022420231176929e-06,6.641079309725108e-07,0
694,4.885978088770078e-07,1.2022420231176929e-06,5.697521911229922e-07,0
695,1.0598534134067881e-07,1.2022420231176929e-06,5.517756586593212e-07,0
696,1.5806989099486197e-08,1.2022420231176929e-06,5.165260109005138e-07,0
697,1.66638447524556e-09,1.2022420231176929e-06,4.6101961552475445e-07,0
698,1.4636751595579394e-09,1.2022420231176929e-06,3.9727932484044203e-07,0
699,8.185982901347055e-09,1.2022420231176929e-06,3.9906901709865294e-07,0
700,2.9076208456482862e-08,1.2022420231176929e-06,6.170597915435172e-07,1
701,7.454728798778863e-08,1.2022420231176929e-06,1.0032727120122116e-06,1
702,1.4448542053882566e-07,1.2022420231176929e-06,1.1441445794611743e-06,1
703,1.7778755450500647e-07,1.2022420231176929e-06,7.921744454949935e-07,1
704,1.7307134403072375e-06,1.2022420231176929e-06,6.787765596927626e-07,0
705,2.8915337977336778e-06,1.2022420231176929e-06,1.0623262022663215e-06,0
706,3.256283496570685e-06,1.2022420231176929e-06,1.0262565034293154e-06,0
707,2.715599270394587e-06,1.2022420231176929e-06,6.154407296054133e-07,0
708,1.8312633291992154e-06,1.2022420231176929e-06,1.4338667080078485e-07,0
709,1.0532276904915756e-06,1.2022420231176929e-06,-1.0849669049157553e-07,0
710,5.219018919213191e-07,1.2022420231176929e-06,-1.1626489192131913e-07,0
711,2.2441825923348297e-07,1.2022420231176929e-06,-1.2866259233482955e-08,0
712,1.2048450912597866e-07,1.2022420231176929e-06,1.0451549087402133e-07,0
713,1.7095898044411475e-07,1.2022420231176929e-06,2.888210195558853e-07,0
714,4.734085502154197e-07,1.2022420231176929e-06,5.749414497845803e-07,0
715,1.4782106679629587e-06,1.2022420231176929e-06,7.042893320370412e-07,0
716,3.89356622477665e-06,1.2022420231176929e-06,1.407137752233506e-07,0
717,7.945659031168158e-06,1.2022420231176929e-06,-1.278399031168157e-06,0
718,1.2684674938333385e-05,1.2022420231176929e-06,-2.7472349383333863e-06,1
719,1.6245996005327945e-05,1.2022420231176929e-06,-3.3790960053279442e-06,1
720,1.701796138741833e-05,1.2022420231176929e-06,-3.246061387418329e-06,1
721,1.4748444942099261e-05,1.2022420231176929e-06,-2.5509449420992614e-06,1
722,1.0528961733317543e-05,1.2022420231176929e-06,-1.3137517333175427e-06,1
723,6.102721786412688e-06,1.2022420231176929e-06,-2.5525178641268814e-07,0
724,2.81424399593237e-06,1.2022420231176929e-06,1.7037600406762995e-07,0
725,1.0012719298815624e-06,1.2022420231176929e-06,3.0884807011843766e-07,0
726,2.6599318085701783e-07,1.2022420231176929e-06,4.197518191429822e-07,0
727,5.172903078994347e-08,1.2022420231176929e-06,5.006019692100565e-07,0
728,7.333102683779447e-09,1.2022420231176929e-06,5.357158973162206e-07,0
729,2.2456257278736e-09,1.2022420231176929e-06,5.323873742721264e-07,0
730,1.0350651304819774e-08,1.2022420231176929e-06,5.239113486951802e-07,0
731,4.037443074219498e-08,1.2022420231176929e-06,6.556665692578051e-07,1
732,1.0307738486705519e-07,1.2022420231176929e-06,1.0625626151329448e-06,1
733,2.0393794151730055e-07,1.2022420231176929e-06,1.4990720584826993e-06,1
734,3.181629005300163e-07,1.2022420231176929e-06,1.445977099469984e-06,1
735,3.238482522428508e-07,1.2022420231176929e-06,8.582117477571492e-07,1
736,1.2537802528988986e-06,1.2022420231176929e-06,5.398097471011014e-07,0
737,2.0250117829547178e-06,1.2022420231176929e-06,7.045682170452818e-07,0
738,2.3217361149026043e-06,1.2022420231176929e-06,5.536738850973956e-07,0
739,2.01030373796846e-06,1.2022420231176929e-06,2.345062620315398e-07,0
740,1.3564855691695257e-06,1.2022420231176929e-06,-2.548556916952567e-08,0
741,7.357978700072394e-07,1.2022420231176929e-06,-1.1227787000723943e-07,0
742,3.258685352165097e-07,1.2022420231176929e-06,-5.020453521650967e-08,0
743,1.1873889129355845e-07,1.2022420231176929e-06,5.818010870644155e-08,0
744,6.552876487413493e-08,1.2022420231176929e-06,1.7328623512586506e-07,0
745,1.576620165524459e-07,1.2022420231176929e-06,3.3775298344755404e-07,1
746,5.732327381565118e-07,1.2022420231176929e-06,4.972672618434881e-07,1
747,1.802508421667421e-06,1.2022420231176929e-06,3.301215783325792e-07,0
748,4.4670998664748205e-06,1.2022420231176929e-06,-6.179298664748206e-07,0
749,8.59823102665109e-06,1.2022420231176929e-06,-2.099711026651091e-06,1
750,1.2772638056001188e-05,1.2022420231176929e-06,-2.829568056001187e-06,1
751,1.4613667170399246e-05,1.2022420231176929e-06,-2.1492671703992456e-06,1
752,1.3078875729579347e-05,1.2022420231176929e-06,-1.012775729579347e-06,0
753,9.397484860985922e-06,1.2022420231176929e-06,-1.5651486098592202e-07,0
754,5.5645556095630095e-06,1.2022420231176929e-06,3.35484390436991e-07,0
755,2.7678804835646527e-06,1.2022420231176929e-06,3.620595164353474e-07,0
756,1.1279669227995872e-06,1.2022420231176929e-06,2.194230772004128e-07,0
757,3.4834168055774283e-07,1.2022420231176929e-06,1.9293731944225713e-07,0
758,7.599799214700308e-08,1.2022420231176929e-06,2.448730078529969e-07,0
759,1.1669777874211908e-08,1.2022420231176929e-06,3.027552221257881e-07,0
760,2.7048883748133033e-09,1.2022420231176929e-06,3.512351116251867e-07,0
761,8.820281945847545e-09,1.2022420231176929e-06,3.896527180541524e-07,0
762,3.183681979506301e-08,1.2022420231176929e-06,4.5122018020493703e-07,0
763,8.290973825805131e-08,1.2022420231176929e-06,6.324262617419488e-07,1
764,1.8047076272801485e-07,1.2022420231176929e-06,9.387892372719851e-07,1
765,3.399526186805093e-07,1.2022420231176929e-06,1.1070373813194906e-06,1
766,4.790087362129807e-07,1.2022420231176929e-06,8.833212637870193e-07,1
767,4.250160507412311e-07,1.2022420231176929e-06,4.271119492587689e-07,0
768,8.299242059105829e-07,1.2022420231176929e-06,1.4002179408941714e-07,0
769,1.337083037049388e-06,1.2022420231176929e-06,1.5580696295061185e-07,0
770,1.5733580827843716e-06,1.2022420231176929e-06,4.2651917215628324e-08,0
771,1.4069023885956086e-06,1.2022420231176929e-06,-1.2441238859560865e-07,0
772,9.455035026562229e-07,1.2022420231176929e-06,-1.858355026562228e-07,0
773,4.7383720383752143e-07,1.2022420231176929e-06,-1.1140920383752139e-07,0
774,1.7301494295598912e-07,1.2022420231176929e-06,3.990570440108765e-10,0
775,4.5283520023165725e-08,1.2022420231176929e-06,7.449247997683428e-08,0
776,2.3256486319302916e-08,1.2022420231176929e-06,1.283815136806971e-07,0
777,9.038111876919988e-08,1.2022420231176929e-06,1.8886488123080013e-07,1
778,3.851828695233178e-07,1.2022420231176929e-06,1.9082713047668223e-07,0
779,1.2627269062476036e-06,1.2022420231176929e-06,-7.86469062476037e-08,0
780,3.1778376148559575e-06,1.2022420231176929e-06,-7.887876148559574e-07,1
781,6.018318179866256e-06,1.2022420231176929e-06,-1.4640781798662553e-06,1
782,8.297993360384697e-06,1.2022420231176929e-06,-1.1018133603846973e-06,0
783,8.29265645982391e-06,1.2022420231176929e-06,1.5360354017609161e-07,0
784,6.225189236397879e-06,1.2022420231176929e-06,9.915407636021213e-07,0
785,3.7707240134862608e-06,1.2022420231176929e-06,9.7906598651374e-07,1
786,2.019253866776255e-06,1.2022420231176929e-06,5.618361332237454e-07,0
787,9.952110090771086e-07,1.2022420231176929e-06,1.7586899092289135e-07,0
788,4.182828682993634e-07,1.2022420231176929e-06,2.8609131700636604e-08,0
789,1.3392380551447337e-07,1.2022420231176929e-06,4.550519448552664e-08,0
790,3.109179703329562e-08,1.2022420231176929e-06,9.198520296670439e-08,0
791,5.871079436323626e-09,1.2022420231176929e-06,1.2723892056367638e-07,0
792,4.655051480361914e-09,1.2022420231176929e-06,1.620979485196381e-07,0
793,1.7478405287359454e-08,1.2022420231176929e-06,2.0694359471264054e-07,0
794,4.9362674855085907e-08,1.2022420231176929e-06,2.7488832514491406e-07,0
795,1.0909583491647923e-07,1.2022420231176929e-06,3.920301650835208e-07,0
796,2.2476523212229296e-07,1.2022420231176929e-06,5.08103767877707e-07,0
797,4.130884173233925e-07,1.2022420231176929e-06,4.6581158267660746e-07,0
798,5.479197601782604e-07,1.2022420231176929e-06,2.436542398217396e-07,0
799,4.4714845513572817e-07,1.2022420231176929e-06,3.775054486427181e-08,0
800,6.25399463945037e-07,1.2022420231176929e-06,-1.2612463945036981e-08,0
801,1.0070416130182846e-06,1.2022420231176929e-06,-4.076961301828457e-08,0
802,1.1501538945730507e-06,1.2022420231176929e-06,-1.1909389457305054e-07,0
803,9.619142187012111e-07,1.2022420231176929e-06,-1.8190121870121112e-07,0
804,5.847309699259216e-07,1.2022420231176929e-06,-1.4870496992592155e-07,0
805,2.54667631197566e-07,1.2022420231176929e-06,-5.746763119756602e-08,0
806,7.810382010051542e-08,1.2022420231176929e-06,1.4906279899484583e-08,0
807,1.702157077799941e-08,1.2022420231176929e-06,4.96660292220006e-08,0
808,1.0029267785395131e-08,1.2022420231176929e-06,6.559753221460488e-08,0
809,5.1110233338936194e-08,1.2022420231176929e-06,6.786676666106381e-08,0
810,2.246335075828988e-07,1.2022420231176929e-06,1.6195492417101183e-08,0
811,7.227582059304684e-07,1.2022420231176929e-06,-1.6742920593046848e-07,1
812,1.7356311721572438e-06,1.2022420231176929e-06,-4.456211721572438e-07,1
813,3.0309075220460663e-06,1.2022420231176929e-06,-4.634475220460666e-07,0
814,3.7530276230497965e-06,1.2022420231176929e-06,4.0782376950203375e-08,0
815,3.3455455247493234e-06,1.2022420231176929e-06,5.753744752506763e-07,1
816,2.34365506333655e-06,1.2022420231176929e-06,5.454549366634497e-07,1
817,1.5310082685860902e-06,1.2022420231176929e-06,1.1075173141390963e-07,0
818,1.0319876882414269e-06,1.2022420231176929e-06,-2.446016882414269e-07,0
819,6.529000643338721e-07,1.2022420231176929e-06,-3.1751606433387203e-07,1
820,3.467964416418777e-07,1.2022420231176929e-06,-2.093214416418777e-07,1
821,1.484838172190814e-07,1.2022420231176929e-06,-7.985921721908141e-08,1
822,5.0124991094935255e-08,1.2022420231176929e-06,1.4293089050647474e-09,0
823,1.2983741039767925e-08,1.2022420231176929e-06,3.9713158960232075e-08,0
824,5.4129261502647605e-09,1.2022420231176929e-06,6.166487384973524e-08,0
825,1.5250001234383117e-08,1.2022420231176929e-06,8.870499876561689e-08,0
826,4.306117088220895e-08,1.2022420231176929e-06,1.2594982911779105e-07,0
827,9.495659617967948e-08,1.2022420231176929e-06,1.716714038203205e-07,0
828,2.1076342331223733e-07,1.2022420231176929e-06,1.7405857668776265e-07,0
829,4.1165811977767723e-07,1.2022420231176929e-06,5.638588022232278e-08,0
830,5.354308916655872e-07,1.2022420231176929e-06,-8.99988916655872e-08,0
831,4.125945403455976e-07,1.2022420231176929e-06,-1.1612554034559764e-07,0
832,5.7678259911634e-07,1.2022420231176929e-06,-5.8256599116339914e-08,0
833,8.673263324387111e-07,1.2022420231176929e-06,-7.235433243871105e-08,0
834,8.744076782996412e-07,1.2022420231176929e-06,-8.137967829964124e-08,0
835,6.381696320602463e-07,1.2022420231176929e-06,-9.827163206024626e-08,0
836,3.544531396692924e-07,1.2022420231176929e-06,-9.133113966929241e-08,0
837,1.5472366001736104e-07,1.2022420231176929e-06,-5.2741660017361046e-08,0
838,5.2633456079617536e-08,1.2022420231176929e-06,-9.56165607961753e-09,0
839,1.3070984126357705e-08,1.2022420231176929e-06,1.71095158736423e-08,0
840,7.256809188774288e-09,1.2022420231176929e-06,2.785029081122571e-08,0
841,3.1592796068512185e-08,1.2022420231176929e-06,2.6707503931487823e-08,0
842,1.2590960560572715e-07,1.2022420231176929e-06,-4.787605605727157e-09,0
843,3.589685790142528e-07,1.2022420231176929e-06,-6.908157901425275e-08,0
844,7.357810922338696e-07,1.2022420231176929e-06,-7.002109223386975e-08,0
845,1.099567891660365e-06,1.2022420231176929e-06,9.541210833963486e-08,0
846,1.2212691673873426e-06,1.2022420231176929e-06,2.8540083261265734e-07,0
847,1.1115092857465638e-06,1.2022420231176929e-06,2.053507142534362e-07,0
848,1.0509109199927263e-06,1.2022420231176929e-06,-2.0192091999272632e-07,0
849,1.1049796241297328e-06,1.2022420231176929e-06,-6.530266241297328e-07,1
850,1.0368060042036413e-06,1.2022420231176929e-06,-8.138770042036413e-07,1
851,7.565544796394744e-07,1.2022420231176929e-06,-6.453964796394744e-07,1
852,4.270572694013048e-07,1.2022420231176929e-06,-3.682046694013048e-07,1
853,1.90744865370703e-07,1.2022420231176929e-06,-1.55910265370703e-07,1
854,6.478866707799332e-08,1.2022420231176929e-06,-3.9387567077993324e-08,1
855,1.5157049632641524e-08,1.2022420231176929e-06,8.166850367358479e-09,0
856,4.756746129495818e-09,1.2022420231176929e-06,2.5841753870504182e-08,0
857,1.410835508978695e-08,1.2022420231176929e-06,3.535634491021305e-08,0
858,4.461068075276706e-08,1.2022420231176929e-06,3.433221924723294e-08,0
859,1.1764395233995502e-07,1.2022420231176929e-06,1.2066047660044967e-08,0
860,2.836360204285293e-07,1.2022420231176929e-06,-7.682902042852929e-08,0
861,5.020572554829765e-07,1.2022420231176929e-06,-2.1356525548297646e-07,1
862,5.617594453339743e-07,1.2022420231176929e-06,-2.4684344533397435e-07,1
863,3.857352967518742e-07,1.2022420231176929e-06,-1.527472967518742e-07,0
864,4.830154718084118e-07,1.2022420231176929e-06,-4.858471808411809e-09,0
865,6.61991592951254e-07,1.2022420231176929e-06,2.909140704874603e-08,0
866,6.044058560726899e-07,1.2022420231176929e-06,3.10591439273101e-08,0
867,3.983877254106149e-07,1.2022420231176929e-06,-3.0077254106149223e-09,0
868,2.0732281368590988e-07,1.2022420231176929e-06,-2.6740813685909888e-08,0
869,9.138366257968976e-08,1.2022420231176929e-06,-2.142266257968976e-08,0
870,3.115191340748537e-08,1.2022420231176929e-06,-2.0673134074853743e-09,0
871,6.931601066411061e-09,1.2022420231176929e-06,1.0780398933588939e-08,0
872,2.8819650801996617e-09,1.2022420231176929e-06,1.790033491980034e-08,0
873,1.3120620149148405e-08,1.2022420231176929e-06,2.4195879850851595e-08,0
874,5.3817921204807164e-08,1.2022420231176929e-06,2.992627879519282e-08,0
875,1.3968921173074795e-07,1.2022420231176929e-06,6.746778826925203e-08,0
876,2.3663968519059449e-07,1.2022420231176929e-06,1.8995831480940548e-07,0
877,2.9900622398933203e-07,1.2022420231176929e-06,3.1511277601066804e-07,0
878,3.702155900996974e-07,1.2022420231176929e-06,2.2802040990030259e-07,0
879,5.911466872827962e-07,1.2022420231176929e-06,-1.684836872827962e-07,0
880,1.0104010249608198e-06,1.2022420231176929e-06,-7.592790249608198e-07,1
881,1.3565768272400525e-06,1.2022420231176929e-06,-1.2114768272400526e-06,1
882,1.3127248815606957e-06,1.2022420231176929e-06,-1.2270849815606957e-06,1
883,9.356671758594521e-07,1.2022420231176929e-06,-8.837739758594521e-07,1
884,5.047023848964064e-07,1.2022420231176929e-06,-4.736446848964064e-07,1
885,1.9954282239976648e-07,1.2022420231176929e-06,-1.8093522239976647e-07,1
886,5.262955806033922e-08,1.2022420231176929e-06,-3.837915806033922e-08,1
887,8.843239252481649e-09,1.2022420231176929e-06,9.705160747518351e-09,0
888,5.5060741433773714e-09,1.2022420231176929e-06,2.3939625856622628e-08,0
889,2.6009463728410093e-08,1.2022420231176929e-06,1.4175536271589913e-08,0
890,8.916077941295023e-08,1.2022420231176929e-06,-3.346267941295024e-08,0
891,2.2284329986779585e-07,1.2022420231176929e-06,-1.2384419986779586e-07,1
892,4.368010948870076e-07,1.2022420231176929e-06,-2.5148409488700756e-07,1
893,6.463450903191634e-07,1.2022420231176929e-06,-3.581360903191634e-07,1
894,6.8866313758253e-07,1.2022420231176929e-06,-3.586571375825301e-07,1
895,5.033421145776126e-07,1.2022420231176929e-06,-2.514181145776126e-07,1
896,4.102914222314553e-07,1.2022420231176929e-06,3.680557776854467e-08,0
897,5.59863211441127e-07,1.2022420231176929e-06,7.030378855887294e-08,0
898,4.953684603259987e-07,1.2022420231176929e-06,7.880653967400126e-08,0
899,3.0668471244648206e-07,1.2022420231176929e-06,5.962328755351794e-08,0
900,1.4663969529787777e-07,1.2022420231176929e-06,3.078530470212222e-08,0
901,5.55814751241737e-08,1.2022420231176929e-06,1.7003224875826292e-08,0
902,1.4906160324281756e-08,1.2022420231176929e-06,1.3985439675718244e-08,0
903,2.517528027054097e-09,1.2022420231176929e-06,1.2805271972945904e-08,0
904,7.320295999801443e-10,1.2022420231176929e-06,1.4506170400019856e-08,0
905,3.418844661708778e-09,1.2022420231176929e-06,2.3829655338291223e-08,0
906,1.3394434148920204e-08,1.2022420231176929e-06,6.513226585107979e-08,0
907,3.041281601200602e-08,1.2022420231176929e-06,1.8402818398799396e-07,0
908,4.815268788658986e-08,1.2022420231176929e-06,3.443803121134102e-07,0
909,9.235625523808514e-08,1.2022420231176929e-06,3.510407447619148e-07,0
910,2.555057655101638e-07,1.2022420231176929e-06,6.55792344898362e-08,0
911,6.306316432314797e-07,1.2022420231176929e-06,-4.5211764323147963e-07,1
912,1.127603817522095e-06,1.2022420231176929e-06,-1.021093817522095e-06,1
913,1.449271413351911e-06,1.2022420231176929e-06,-1.372234813351911e-06,1
914,1.381964543579022e-06,1.2022420231176929e-06,-1.324789243579022e-06,1
915,9.84143201080135e-07,1.2022420231176929e-06,-9.45304001080135e-07,1
916,5.03165077266017e-07,1.2022420231176929e-06,-4.81549877266017e-07,1
917,1.710040777931384e-07,1.2022420231176929e-06,-1.5837087779313842e-07,1
918,3.549485146674906e-08,1.2022420231176929e-06,-1.918905146674906e-08,0
919,5.25462849145479e-09,1.2022420231176929e-06,2.8882371508545207e-08,0
920,9.016150576018836e-09,1.2022420231176929e-06,5.5721649423981175e-08,0
921,4.101375838223232e-08,1.2022420231176929e-06,5.4835641617767675e-08,0
922,1.2048021821291068e-07,1.2022420231176929e-06,9.297781787089333e-09,0
923,2.6717622868743036e-07,1.2022420231176929e-06,-6.090622868743038e-08,0
924,5.171823080736809e-07,1.2022420231176929e-06,-1.6616330807368094e-07,1
925,8.259881278913796e-07,1.2022420231176929e-06,-3.180931278913796e-07,1
926,9.388355664933242e-07,1.2022420231176929e-06,-3.9043356649332417e-07,1
927,6.799597298773479e-07,1.2022420231176929e-06,-2.771317298773479e-07,0
928,4.040321364668369e-07,1.2022420231176929e-06,1.1578986353316307e-07,0
929,5.591703251329432e-07,1.2022420231176929e-06,1.7895467486705682e-07,0
930,4.995814260018047e-07,1.2022420231176929e-06,1.7549757399819533e-07,0
931,3.1820601522498644e-07,1.2022420231176929e-06,1.1288298477501356e-07,0
932,1.5926412239665596e-07,1.2022420231176929e-06,4.955287760334403e-08,0
933,6.325801392497937e-08,1.2022420231176929e-06,1.8911186075020626e-08,0
934,1.8764133186935517e-08,1.2022420231176929e-06,1.0538366813064483e-08,0
935,3.925757504078466e-09,1.2022420231176929e-06,1.2316942495921537e-08,0
936,1.052587785831338e-09,1.2022420231176929e-06,2.2182412214168666e-08,0
937,2.6299891135619145e-09,1.2022420231176929e-06,4.957621088643808e-08,0
938,8.291220164311579e-09,1.2022420231176929e-06,1.1558477983568844e-07,0
939,1.8869252114307188e-08,1.2022420231176929e-06,2.308667478856928e-07,0
940,4.3293452821558763e-08,1.2022420231176929e-06,3.144995471784412e-07,0
941,1.2166143828710358e-07,1.2022420231176929e-06,2.133855617128964e-07,0
942,3.139701560828522e-07,1.2022420231176929e-06,-1.0202015608285218e-07,0
943,6.42728246768623e-07,1.2022420231176929e-06,-5.31249246768623e-07,1
944,1.017098018533475e-06,1.2022420231176929e-06,-9.484442185334751e-07,1
945,1.2317552469460474e-06,1.2022420231176929e-06,-1.1790827469460474e-06,1
946,1.136875751772409e-06,1.2022420231176929e-06,-1.096761351772409e-06,1
947,7.79813867457675e-07,1.2022420231176929e-06,-7.54782067457675e-07,1
948,3.7154594409270455e-07,1.2022420231176929e-06,-3.5836674409270457e-07,1
949,1.138522504115726e-07,1.2022420231176929e-06,-1.0250055041157259e-07,1
950,2.331774913205386e-08,1.2022420231176929e-06,1.3839508679461394e-09,0
951,8.904234834568849e-09,1.2022420231176929e-06,5.832866516543115e-08,0
952,2.224257213304193e-08,1.2022420231176929e-06,1.2837242786695807e-07,0
953,6.181411644933871e-08,1.2022420231176929e-06,1.973938835506613e-07,0
954,1.4507097301779439e-07,1.2022420231176929e-06,2.497360269822056e-07,0
955,3.51821974953025e-07,1.2022420231176929e-06,2.938690250469751e-07,0
956,7.99983386682637e-07,1.2022420231176929e-06,2.5778661331736305e-07,0
957,1.3550676206354314e-06,1.2022420231176929e-06,6.083237936456864e-08,0
958,1.5363188682380066e-06,1.2022420231176929e-06,-1.5824886823800636e-07,0
959,1.1194642375380123e-06,1.2022420231176929e-06,-2.0744823753801223e-07,0
960,4.3808144659721786e-07,1.2022420231176929e-06,2.937225534027822e-07,0
961,5.761582131296099e-07,1.2022420231176929e-06,4.034317868703901e-07,0
962,5.071711125330115e-07,1.2022420231176929e-06,3.218928874669886e-07,0
963,3.5709562776961843e-07,1.2022420231176929e-06,1.3819137223038158e-07,0
964,2.1462765480608046e-07,1.2022420231176929e-06,1.4690345193919526e-08,0
965,1.0088080526044493e-07,1.2022420231176929e-06,-1.4492405260444931e-08,0
966,3.3044817659169305e-08,1.2022420231176929e-06,1.0768234083069351e-10,0
967,8.09565500687027e-09,1.2022420231176929e-06,2.4498544993129726e-08,0
968,6.506674538550078e-09,1.2022420231176929e-06,6.111842546144993e-08,0
969,1.3802112134138843e-08,1.2022420231176929e-06,1.1827688786586116e-07,0
970,2.5281044407104748e-08,1.2022420231176929e-06,1.8924195559289529e-07,0
971,4.981493107690648e-08,1.2022420231176929e-06,2.471620689230935e-07,0
972,1.0974255773265028e-07,1.2022420231176929e-06,2.2170044226734975e-07,0
973,2.1602855883353314e-07,1.2022420231176929e-06,6.564944116646687e-08,0
974,3.5937765417374265e-07,1.2022420231176929e-06,-1.6950765417374266e-07,1
975,5.375281085755775e-07,1.2022420231176929e-06,-4.195451085755775e-07,1
976,7.023024721041914e-07,1.2022420231176929e-06,-6.261732721041914e-07,1
977,7.557040567763441e-07,1.2022420231176929e-06,-7.059239567763442e-07,1
978,6.598727659337041e-07,1.2022420231176929e-06,-6.277087659337041e-07,1
979,4.4415910005710833e-07,1.2022420231176929e-06,-4.219994000571083e-07,1
980,2.118110457854079e-07,1.2022420231176929e-06,-1.932598457854079e-07,1
981,7.688017852143391e-08,1.2022420231176929e-06,-5.5998978521433916e-08,1
982,3.5041551888889513e-08,1.2022420231176929e-06,5.613448111110489e-09,0
983,3.709008140836299e-08,1.2022420231176929e-06,7.305891859163702e-08,0
984,7.861316494742916e-08,1.2022420231176929e-06,1.8559283505257086e-07,0
985,1.7828094128949572e-07,1.2022420231176929e-06,3.359390587105043e-07,0
986,4.077902845066456e-07,1.2022420231176929e-06,5.211767154933543e-07,0
987,9.761263524779084e-07,1.2022420231176929e-06,7.217136475220917e-07,0
988,2.0000286098746088e-06,1.2022420231176929e-06,7.653413901253915e-07,0
989,3.0054991997498444e-06,1.2022420231176929e-06,4.508708002501548e-07,0
990,3.1185682396266085e-06,1.2022420231176929e-06,-5.6708239626608876e-08,0
991,2.1189190274650226e-06,1.2022420231176929e-06,-3.086790274650225e-07,0
992,3.9074019767886884e-07,1.2022420231176929e-06,2.5569480232113114e-07,0
993,4.180308209989875e-07,1.2022420231176929e-06,3.1765117900101255e-07,0
994,3.304947214417133e-07,1.2022420231176929e-06,2.0930727855828676e-07,0
995,2.3684367493361198e-07,1.2022420231176929e-06,5.1406325066388025e-08,0
996,1.4666887987986764e-07,1.2022420231176929e-06,-2.4960879879867642e-08,0
997,6.570878345232644e-08,1.2022420231176929e-06,-2.1342383452326433e-08,0
998,1.9475279339644443e-08,1.2022420231176929e-06,5.819420660355557e-09,0
999,8.047848989563803e-09,1.2022420231176929e-06,3.53481510104362e-08,0
1000,1.415302914093692e-08,1.2022420231176929e-06,7.374787085906308e-08,0
1001,2.1065427252651496e-08,1.2022420231176929e-06,1.221235727473485e-07,0
1002,2.777005234293734e-08,1.2022420231176929e-06,1.6600794765706265e-07,0
1003,6.04011080329455e-08,1.2022420231176929e-06,1.6773489196705449e-07,0
1004,1.3406357132129694e-07,1.2022420231176929e-06,9.116542867870307e-08,0
1005,2.1360055235615774e-07,1.2022420231176929e-06,-3.289355235615776e-08,0
1006,2.5875808599091146e-07,1.2022420231176929e-06,-1.3652908599091145e-07,1
1007,2.8082104452763405e-07,1.2022420231176929e-06,-2.0317524452763403e-07,1
1008,2.9518992506493696e-07,1.2022420231176929e-06,-2.47121225064937e-07,1
1009,2.852086411293964e-07,1.2022420231176929e-06,-2.552225411293964e-07,1
1010,2.3747709964795232e-07,1.2022420231176929e-06,-2.1645919964795233e-07,1
1011,1.576593331661916e-07,1.2022420231176929e-06,-1.402857331661916e-07,1
1012,8.437830580405054e-08,1.2022420231176929e-06,-6.821630580405054e-08,1
1013,4.9677654229318916e-08,1.2022420231176929e-06,-3.024955422931892e-08,1
1014,4.065309351601151e-08,1.2022420231176929e-06,5.228064839884869e-10,0
1015,5.2082139199017714e-08,1.2022420231176929e-06,5.554086080098228e-08,0
1016,1.0994152888620069e-07,1.2022420231176929e-06,1.380924711137993e-07,0
1017,2.4655890920127485e-07,1.2022420231176929e-06,2.719090907987252e-07,0
1018,5.693388485958308e-07,1.2022420231176929e-06,4.907811514041691e-07,0
1019,1.2915069207071664e-06,1.2022420231176929e-06,7.023830792928339e-07,0
1020,2.3436658228329358e-06,1.2022420231176929e-06,6.816841771670644e-07,0
1021,3.043349122762478e-06,1.2022420231176929e-06,3.358908772375223e-07,0
1022,2.692176733591563e-06,1.2022420231176929e-06,-7.970673359156318e-08,0
1023,1.5338515465182787e-06,1.2022420231176929e-06,-2.285815465182785e-07,0
