,C238Y,max,diff,True
0,1.5823264289723782e-06,1.0223636278085288e-06,-1.6733642897237823e-07,0
1,2.0073786525377186e-06,1.0223636278085288e-06,3.2613474622814725e-09,0
2,1.3760172554553593e-06,1.0223636278085288e-06,2.6507274454464073e-07,0
3,5.759972250916452e-07,1.0223636278085288e-06,3.145577749083547e-07,0
4,1.909270784971085e-07,1.0223636278085288e-06,1.8608092150289152e-07,0
5,6.887629739409905e-08,1.0223636278085288e-06,7.259670260590093e-08,0
6,3.1079441626615607e-08,1.0223636278085288e-06,3.935495837338438e-08,0
7,1.6436303560429132e-08,1.0223636278085288e-06,7.936779643957087e-08,0
8,8.212739249365069e-09,1.0223636278085288e-06,1.8226326075063492e-07,0
9,8.046939259885358e-09,1.0223636278085288e-06,3.2609706074011464e-07,0
10,2.6855716473839056e-08,1.0223636278085288e-06,4.82238283526161e-07,0
11,7.854176140267881e-08,1.0223636278085288e-06,6.071312385973213e-07,0
12,1.5047438978593946e-07,1.0223636278085288e-06,6.478046102140605e-07,0
13,1.8849224936489e-07,1.0223636278085288e-06,6.0181575063511e-07,1
14,1.631940512728649e-07,1.0223636278085288e-06,5.109339487271352e-07,1
15,1.1467678963333919e-07,1.0223636278085288e-06,3.947332103666608e-07,1
16,9.000582560158679e-08,1.0223636278085288e-06,2.640901743984132e-07,1
17,7.348621146751102e-08,1.0223636278085288e-06,1.59377788532489e-07,0
18,4.1932976281354045e-08,1.0223636278085288e-06,9.894002371864598e-08,0
19,1.7850303577564584e-08,1.0223636278085288e-06,7.008639642243541e-08,1
20,2.013369324725973e-08,1.0223636278085288e-06,6.252320675274026e-08,0
21,5.203203227162667e-08,1.0223636278085288e-06,6.455796772837333e-08,0
22,1.1113143737514462e-07,1.0223636278085288e-06,7.66855626248554e-08,0
23,2.2305871863403526e-07,1.0223636278085288e-06,9.522928136596477e-08,0
24,5.156523518456304e-07,1.0223636278085288e-06,9.71256481543696e-08,0
25,1.210217921154381e-06,1.0223636278085288e-06,1.701820788456189e-07,0
26,2.810427969012851e-06,1.0223636278085288e-06,4.2410203098714855e-07,0
27,6.4219576994064365e-06,1.0223636278085288e-06,4.2852230059356364e-07,0
28,1.2368113035175272e-05,1.0223636278085288e-06,-5.901130351752727e-07,0
29,1.7684827148964958e-05,1.0223636278085288e-06,-2.4186271489649584e-06,0
30,1.7726506698509098e-05,1.0223636278085288e-06,-3.5627066985090966e-06,1
31,1.1845454786524318e-05,1.0223636278085288e-06,-2.923794786524318e-06,1
32,4.597582491874628e-06,1.0223636278085288e-06,-7.142324918746285e-07,0
33,5.229408215624437e-06,1.0223636278085288e-06,-4.5039821562443686e-07,0
34,3.3657593183247986e-06,1.0223636278085288e-06,7.892068167520146e-08,0
35,1.393528861479646e-06,1.0223636278085288e-06,2.9958113852035377e-07,0
36,4.663938590193999e-07,1.0223636278085288e-06,2.2050714098060005e-07,0
37,1.7129132032555607e-07,1.0223636278085288e-06,1.1420267967444393e-07,0
38,8.605436966869946e-08,1.0223636278085288e-06,1.0101463033130056e-07,0
39,5.372905734540571e-08,1.0223636278085288e-06,2.0675494265459432e-07,0
40,3.4696850334515044e-08,1.0223636278085288e-06,4.4461814966548496e-07,0
41,5.106668940785027e-08,1.0223636278085288e-06,7.781553105921497e-07,0
42,1.433353142411921e-07,1.0223636278085288e-06,1.1048446857588079e-06,0
43,3.233731590597188e-07,1.0223636278085288e-06,1.3216068409402811e-06,0
44,5.187593651801794e-07,1.0223636278085288e-06,1.4155806348198206e-06,1
45,6.091022071970417e-07,1.0223636278085288e-06,1.4329277928029583e-06,1
46,5.824374912123051e-07,1.0223636278085288e-06,1.3468725087876947e-06,1
47,5.58642583784013e-07,1.0223636278085288e-06,1.0806374162159871e-06,1
48,5.5771208167177e-07,1.0223636278085288e-06,7.082979183282298e-07,0
49,4.568394362345437e-07,1.0223636278085288e-06,4.1230956376545634e-07,0
50,2.748208358719008e-07,1.0223636278085288e-06,2.6522216412809923e-07,1
51,1.5572947478558788e-07,1.0223636278085288e-06,2.1787652521441208e-07,1
52,1.7662676132533275e-07,1.0223636278085288e-06,1.9491423867466723e-07,0
53,3.599469100677608e-07,1.0223636278085288e-06,1.4285408993223922e-07,0
54,6.541921980002196e-07,1.0223636278085288e-06,7.925880199978049e-08,0
55,1.094963099804957e-06,1.0223636278085288e-06,3.983690019504315e-08,0
56,2.1287983635245217e-06,1.0223636278085288e-06,1.0851636475478213e-08,0
57,4.622122466449128e-06,1.0223636278085288e-06,2.590475335508712e-07,0
58,1.0477353910287767e-05,1.0223636278085288e-06,9.190460897122342e-07,0
59,2.2180312117029326e-05,1.0223636278085288e-06,8.971878829706747e-07,0
60,3.7869779571608865e-05,1.0223636278085288e-06,-1.3225795716088638e-06,0
61,4.796131440631196e-05,1.0223636278085288e-06,-5.191714406311965e-06,1
62,4.2899345530424765e-05,1.0223636278085288e-06,-7.3123455304247684e-06,1
63,2.568515703835784e-05,1.0223636278085288e-06,-5.619657038357842e-06,1
64,6.843714242273485e-06,1.0223636278085288e-06,-1.6493342422734849e-06,1
65,7.309430409780499e-06,1.0223636278085288e-06,-1.4548204097804984e-06,0
66,4.513274550290384e-06,1.0223636278085288e-06,-6.068945502903832e-07,0
67,1.799056890299028e-06,1.0223636278085288e-06,2.473310970097216e-08,0
68,5.747249719689315e-07,1.0223636278085288e-06,1.890830280310684e-07,0
69,2.13068967191095e-07,1.0223636278085288e-06,1.6833303280890502e-07,0
70,1.1991326526514858e-07,1.0223636278085288e-06,1.5983273473485141e-07,0
71,8.217208364661859e-08,1.0223636278085288e-06,2.509219163533814e-07,0
72,6.148833445524131e-08,1.0223636278085288e-06,5.047306655447586e-07,0
73,1.1283960780902671e-07,1.0223636278085288e-06,8.715343921909733e-07,0
74,3.0653116764571003e-07,1.0223636278085288e-06,1.2077888323542902e-06,0
75,6.533972264309137e-07,1.0223636278085288e-06,1.4618427735690863e-06,1
76,1.0512986349287563e-06,1.0223636278085288e-06,1.7296613650712436e-06,1
77,1.456166347285324e-06,1.0223636278085288e-06,1.9380536527146757e-06,1
78,2.0047898939709915e-06,1.0223636278085288e-06,1.743930106029008e-06,1
79,2.639470912272809e-06,1.0223636278085288e-06,1.0763890877271912e-06,0
80,2.8474426063982844e-06,1.0223636278085288e-06,3.7173739360171546e-07,0
81,2.2779163729695185e-06,1.0223636278085288e-06,7.545362703048173e-08,0
82,1.357471276601493e-06,1.0223636278085288e-06,1.6651872339850704e-07,0
83,7.090414179007754e-07,1.0223636278085288e-06,3.454085820992245e-07,1
84,6.153117962831536e-07,1.0223636278085288e-06,3.810972037168464e-07,0
85,1.0689138059552616e-06,1.0223636278085288e-06,1.8947619404473846e-07,0
86,1.761238302040018e-06,1.0223636278085288e-06,-6.204830204001795e-08,0
87,2.586123150604626e-06,1.0223636278085288e-06,-1.3548315060462597e-07,0
88,4.383139349825981e-06,1.0223636278085288e-06,1.3316065017401957e-07,0
89,9.227924955575746e-06,1.0223636278085288e-06,1.1733750444242553e-06,0
90,2.0834140372452886e-05,1.0223636278085288e-06,2.797159627547116e-06,0
91,4.128792451021525e-05,1.0223636278085288e-06,3.1692754897847555e-06,0
92,6.373103980004434e-05,1.0223636278085288e-06,9.906019995565706e-08,0
93,7.256690858098091e-05,1.0223636278085288e-06,-5.380208580980917e-06,0
94,5.86427300872164e-05,1.0223636278085288e-06,-8.2655300872164e-06,1
95,3.2007433869051594e-05,1.0223636278085288e-06,-6.264133869051596e-06,1
96,5.743830086753055e-06,1.0223636278085288e-06,-1.1939300867530544e-06,1
97,5.725452828138475e-06,1.0223636278085288e-06,-8.327228281384745e-07,0
98,3.307261408184344e-06,1.0223636278085288e-06,-1.7016140818434387e-07,0
99,1.3062535311690436e-06,1.0223636278085288e-06,1.309164688309566e-07,0
100,5.081331615200111e-07,1.0223636278085288e-06,1.4669083847998892e-07,0
101,2.622247134655312e-07,1.0223636278085288e-06,1.3465328653446886e-07,0
102,1.6244672602637728e-07,1.0223636278085288e-06,1.3644327397362272e-07,0
103,9.597749137703769e-08,1.0223636278085288e-06,1.9790650862296228e-07,0
104,7.524990681189089e-08,1.0223636278085288e-06,3.615480931881091e-07,0
105,1.6386454548632194e-07,1.0223636278085288e-06,6.046004545136781e-07,0
106,4.3333823697333927e-07,1.0223636278085288e-06,9.044417630266607e-07,1
107,9.481595931368368e-07,1.0223636278085288e-06,1.2916404068631629e-06,1
108,1.8520475703838696e-06,1.0223636278085288e-06,1.6418724296161302e-06,1
109,3.438855613258668e-06,1.0223636278085288e-06,1.5160143867413316e-06,0
110,5.701703609509242e-06,1.0223636278085288e-06,6.335463904907581e-07,0
111,7.767115756710666e-06,1.0223636278085288e-06,-7.113257567106667e-07,0
112,8.164382901152103e-06,1.0223636278085288e-06,-1.6801129011521029e-06,0
113,6.342934998273488e-06,1.0223636278085288e-06,-1.5073249982734885e-06,0
114,3.5926370697539633e-06,1.0223636278085288e-06,-4.700770697539636e-07,0
115,1.6569440101335512e-06,1.0223636278085288e-06,4.53395989866449e-07,0
116,1.2773423967924562e-06,1.0223636278085288e-06,6.613376032075439e-07,0
117,2.1704091358821427e-06,1.0223636278085288e-06,2.738008641178574e-07,0
118,3.4797309073851983e-06,1.0223636278085288e-06,-1.6868090738519803e-07,0
119,4.704399108316388e-06,1.0223636278085288e-06,-7.808910831638801e-08,0
120,7.038992443979674e-06,1.0223636278085288e-06,1.1630375560203254e-06,0
121,1.4294938125460126e-05,1.0223636278085288e-06,3.756361874539875e-06,1
122,3.1552033305506985e-05,1.0223636278085288e-06,6.287866694493011e-06,1
123,5.809010956879098e-05,1.0223636278085288e-06,6.0003904312090205e-06,1
124,8.064160216601278e-05,1.0223636278085288e-06,1.5088978339872238e-06,0
125,8.177341576130901e-05,1.0223636278085288e-06,-4.369015761309018e-06,0
126,5.9062743583901366e-05,1.0223636278085288e-06,-6.563743583901373e-06,1
127,2.9107925680983063e-05,1.0223636278085288e-06,-4.490625680983064e-06,1
128,3.3561714526580467e-06,1.0223636278085288e-06,-2.7051452658046973e-08,0
129,3.292302058544404e-06,1.0223636278085288e-06,2.0204794145559582e-07,0
130,1.99775390778613e-06,1.0223636278085288e-06,2.1098609221387044e-07,0
131,9.856997324941436e-07,1.0223636278085288e-06,8.303026750585621e-08,0
132,5.464194356054843e-07,1.0223636278085288e-06,4.024456439451569e-08,0
133,3.4061579538126396e-07,1.0223636278085288e-06,6.455620461873606e-08,0
134,2.084224430079653e-07,1.0223636278085288e-06,8.126455699203468e-08,0
135,1.325559519401958e-07,1.0223636278085288e-06,9.65580480598042e-08,0
136,1.2986809310849367e-07,1.0223636278085288e-06,1.6037690689150634e-07,0
137,2.262647797712098e-07,1.0223636278085288e-06,3.564882202287902e-07,1
138,5.613455354120102e-07,1.0223636278085288e-06,7.508944645879897e-07,1
139,1.4893445634808844e-06,1.0223636278085288e-06,1.2162754365191157e-06,1
140,3.544342367170333e-06,1.0223636278085288e-06,1.296027632829667e-06,0
141,7.009451512526213e-06,1.0223636278085288e-06,6.057284874737875e-07,0
142,1.1385923007309756e-05,1.0223636278085288e-06,-9.520230073097554e-07,0
143,1.4888276611965631e-05,1.0223636278085288e-06,-3.0875766119656327e-06,0
144,1.4926131719854361e-05,1.0223636278085288e-06,-4.380231719854363e-06,1
145,1.0901254502037754e-05,1.0223636278085288e-06,-3.429024502037753e-06,1
146,5.635588751688032e-06,1.0223636278085288e-06,-1.0897787516880328e-06,1
147,2.4054585741533176e-06,1.0223636278085288e-06,5.293414258466827e-07,0
148,2.0842890783135878e-06,1.0223636278085288e-06,6.864009216864124e-07,0
149,3.906608938306955e-06,1.0223636278085288e-06,-1.2570893830695494e-07,0
150,6.4635691604845776e-06,1.0223636278085288e-06,-1.1490591604845772e-06,0
151,8.557160144495471e-06,1.0223636278085288e-06,-1.0602701444954719e-06,0
152,1.177108720693602e-05,1.0223636278085288e-06,1.2933127930639799e-06,0
153,2.1771208922687797e-05,1.0223636278085288e-06,4.9681910773122035e-06,1
154,4.34172417354908e-05,1.0223636278085288e-06,6.946458264509203e-06,1
155,7.065379144088448e-05,1.0223636278085288e-06,5.076208559115511e-06,0
156,8.585694214182231e-05,1.0223636278085288e-06,4.963578581776917e-07,0
157,7.665224106859464e-05,1.0223636278085288e-06,-3.210541068594637e-06,0
158,4.95710305323544e-05,1.0223636278085288e-06,-3.6759305323543986e-06,1
159,2.242180606602188e-05,1.0223636278085288e-06,-2.2196060660218794e-06,1
160,2.249857896493663e-06,1.0223636278085288e-06,2.083821035063372e-07,0
161,2.400537558535353e-06,1.0223636278085288e-06,2.619424414646468e-07,0
162,1.656527865956379e-06,1.0223636278085288e-06,1.7441213404362108e-07,0
163,9.78644649880248e-07,1.0223636278085288e-06,8.280535011975204e-08,0
164,6.303579170284064e-07,1.0223636278085288e-06,7.024508297159363e-08,0
165,4.102813246694455e-07,1.0223636278085288e-06,9.808967533055454e-08,0
166,2.5208969454506806e-07,1.0223636278085288e-06,9.144130545493192e-08,0
167,1.8821575464389282e-07,1.0223636278085288e-06,4.644624535610719e-08,0
168,1.9074441074899805e-07,1.0223636278085288e-06,7.857958925100199e-08,0
169,3.005589275056875e-07,1.0223636278085288e-06,3.407600724943125e-07,1
170,8.720422549374311e-07,1.0223636278085288e-06,8.722177450625688e-07,1
171,2.622217334617318e-06,1.0223636278085288e-06,1.4326526653826814e-06,1
172,6.248748915172637e-06,1.0223636278085288e-06,1.551361084827364e-06,0
173,1.1753373970454007e-05,1.0223636278085288e-06,8.297260295459925e-07,0
174,1.7735491533365234e-05,1.0223636278085288e-06,-9.29391533365236e-07,0
175,2.0968551014285855e-05,1.0223636278085288e-06,-3.1268510142858525e-06,1
176,1.8762378164622203e-05,1.0223636278085288e-06,-4.131478164622204e-06,1
177,1.2235773004957084e-05,1.0223636278085288e-06,-2.801793004957084e-06,1
178,5.774553119088183e-06,1.0223636278085288e-06,-5.263631190881841e-07,0
179,2.5412039823817075e-06,1.0223636278085288e-06,6.085160176182923e-07,0
180,2.688189565757471e-06,1.0223636278085288e-06,2.6041043424252885e-07,0
181,5.1841669921233635e-06,1.0223636278085288e-06,-1.0693669921233636e-06,0
182,8.495673877937685e-06,1.0223636278085288e-06,-2.4961338779376838e-06,1
183,1.1560323657549656e-05,1.0223636278085288e-06,-2.3794036575496554e-06,1
184,1.6783520293356333e-05,1.0223636278085288e-06,-1.6822029335633338e-07,0
185,2.99880240264424e-05,1.0223636278085288e-06,2.112275973557601e-06,0
186,5.3248792366967045e-05,1.0223636278085288e-06,1.8071076330329573e-06,0
187,7.606416602638045e-05,1.0223636278085288e-06,-9.008660263804452e-07,0
188,8.148387513391643e-05,1.0223636278085288e-06,-3.1796751339164284e-06,0
189,6.521002323993784e-05,1.0223636278085288e-06,-3.4791232399378387e-06,0
190,3.907994062684056e-05,1.0223636278085288e-06,-2.5333406268405605e-06,0
191,1.6978369233358317e-05,1.0223636278085288e-06,-1.3457692333583174e-06,0
192,1.921471685744675e-06,1.0223636278085288e-06,3.6899831425532475e-07,0
193,2.1862937364611708e-06,1.0223636278085288e-06,5.910662635388293e-07,0
194,1.7105605918776306e-06,1.0223636278085288e-06,5.033394081223691e-07,0
195,1.191813059340451e-06,1.0223636278085288e-06,2.8233694065954897e-07,0
196,8.297272718529715e-07,1.0223636278085288e-06,1.8129272814702856e-07,0
197,5.232584554624281e-07,1.0223636278085288e-06,1.7484854453757191e-07,0
198,2.9624096136973174e-07,1.0223636278085288e-06,1.4830303863026825e-07,0
199,1.9118035907931524e-07,1.0223636278085288e-06,1.0593064092068473e-07,0
200,1.9690732842643143e-07,1.0223636278085288e-06,1.8376567157356858e-07,0
201,4.6024902779831714e-07,1.0223636278085288e-06,5.720409722016828e-07,1
202,1.5650946541816997e-06,1.0223636278085288e-06,1.3999953458183006e-06,1
203,4.601180684294504e-06,1.0223636278085288e-06,2.4290593157054947e-06,1
204,1.0414327052671961e-05,1.0223636278085288e-06,3.00227294732804e-06,1
205,1.809456291308356e-05,1.0223636278085288e-06,2.718337086916438e-06,0
206,2.415693673501128e-05,1.0223636278085288e-06,1.880663264988724e-06,0
207,2.485291321435748e-05,1.0223636278085288e-06,6.232867856425197e-07,0
208,1.9605504738616777e-05,1.0223636278085288e-06,-4.242047386167748e-07,0
209,1.164057238171565e-05,1.0223636278085288e-06,-1.6797238171565093e-07,0
210,5.390339431672452e-06,1.0223636278085288e-06,6.291705683275483e-07,0
211,2.7208693294341633e-06,1.0223636278085288e-06,6.502506705658362e-07,0
212,2.9873220064709145e-06,1.0223636278085288e-06,-2.427020064709144e-07,0
213,5.0034466258774265e-06,1.0223636278085288e-06,-1.5317866258774266e-06,1
214,7.775493912651053e-06,1.0223636278085288e-06,-2.4375839126510535e-06,1
215,1.1584172331855832e-05,1.0223636278085288e-06,-2.298692331855832e-06,1
216,1.9196660875376536e-05,1.0223636278085288e-06,-1.5030608753765363e-06,0
217,3.484607096962841e-05,1.0223636278085288e-06,-1.8334709696284099e-06,0
218,5.816256859585508e-05,1.0223636278085288e-06,-4.3877685958550826e-06,0
219,7.691257909155456e-05,1.0223636278085288e-06,-6.837779091554565e-06,1
220,7.662624723091374e-05,1.0223636278085288e-06,-6.710047230913742e-06,1
221,5.834948613925365e-05,1.0223636278085288e-06,-5.06298613925365e-06,0
222,3.441685080181996e-05,1.0223636278085288e-06,-3.110550801819955e-06,0
223,1.514961295135286e-05,1.0223636278085288e-06,-1.346112951352861e-06,0
224,2.101672344946037e-06,1.0223636278085288e-06,1.0436576550539633e-06,1
225,2.648637955123177e-06,1.0223636278085288e-06,1.4355320448768225e-06,1
226,2.2410946908719413e-06,1.0223636278085288e-06,1.1464953091280589e-06,0
227,1.532021512788731e-06,1.0223636278085288e-06,7.019084872112688e-07,0
228,9.745131719610156e-07,1.0223636278085288e-06,4.482968280389844e-07,0
229,5.747772744747596e-07,1.0223636278085288e-06,3.1276672552524046e-07,0
230,3.0116361473726824e-07,1.0223636278085288e-06,2.2902038526273177e-07,0
231,1.8511618909387925e-07,1.0223636278085288e-06,2.0477481090612073e-07,0
232,3.040100020738953e-07,1.0223636278085288e-06,3.400159979261048e-07,0
233,9.766479438723663e-07,1.0223636278085288e-06,8.910620561276335e-07,0
234,3.29455924742724e-06,1.0223636278085288e-06,2.0208107525727597e-06,1
235,9.19647891524096e-06,1.0223636278085288e-06,3.216421084759039e-06,1
236,1.9343186137231518e-05,1.0223636278085288e-06,3.657113862768483e-06,1
237,3.013595039530193e-05,1.0223636278085288e-06,3.8114496046980708e-06,1
238,3.5650937644288756e-05,1.0223636278085288e-06,4.192362355711242e-06,1
239,3.324690248806327e-05,1.0223636278085288e-06,3.3398975119367286e-06,0
240,2.460691169337022e-05,1.0223636278085288e-06,1.5405883066297799e-06,0
241,1.440352752417016e-05,1.0223636278085288e-06,7.150724758298394e-07,0
242,7.32200222901244e-06,1.0223636278085288e-06,6.370377709875604e-07,0
243,4.537202202417208e-06,1.0223636278085288e-06,1.3050779758279093e-07,0
244,4.6241897787492994e-06,1.0223636278085288e-06,-9.209197787492996e-07,0
245,5.7793909386146275e-06,1.0223636278085288e-06,-1.7327709386146274e-06,0
246,7.099453918543057e-06,1.0223636278085288e-06,-1.5928839185430573e-06,0
247,9.951690480695154e-06,1.0223636278085288e-06,-7.786604806951536e-07,0
248,1.7860313987983642e-05,1.0223636278085288e-06,-4.5581398798364323e-07,0
249,3.4537242678081045e-05,1.0223636278085288e-06,-1.8496426780810433e-06,0
250,5.7931929606322995e-05,1.0223636278085288e-06,-4.292729606322995e-06,0
251,7.546601285646909e-05,1.0223636278085288e-06,-5.2431128564690876e-06,0
252,7.559939173216027e-05,1.0223636278085288e-06,-4.7128917321602725e-06,0
253,6.0137970894464296e-05,1.0223636278085288e-06,-3.906570894464291e-06,0
254,3.815605413376987e-05,1.0223636278085288e-06,-2.4010541337698743e-06,0
255,1.8262895345326944e-05,1.0223636278085288e-06,-8.336953453269451e-07,0
256,2.8866673395885084e-06,1.0223636278085288e-06,1.7333226604114916e-06,1
257,3.646872035448709e-06,1.0223636278085288e-06,2.0290579645512916e-06,1
258,2.9050506316910354e-06,1.0223636278085288e-06,1.4519393683089647e-06,0
259,1.734048816110469e-06,1.0223636278085288e-06,8.828711838895309e-07,0
260,9.447363769850243e-07,1.0223636278085288e-06,5.464536230149756e-07,0
261,4.992485180898905e-07,1.0223636278085288e-06,3.3567748191010945e-07,0
262,2.566941545299471e-07,1.0223636278085288e-06,2.3342284547005292e-07,0
263,2.2863037635579449e-07,1.0223636278085288e-06,2.1771562364420548e-07,0
264,5.829730202732143e-07,1.0223636278085288e-06,3.964779797267857e-07,0
265,2.095521503873743e-06,1.0223636278085288e-06,1.0509184961262568e-06,0
266,7.30171114286073e-06,1.0223636278085288e-06,2.0360788571392697e-06,0
267,1.97749345319097e-05,1.0223636278085288e-06,2.3596654680902998e-06,0
268,3.8409611577946696e-05,1.0223636278085288e-06,1.8537884220533017e-06,0
269,5.445288675028036e-05,1.0223636278085288e-06,2.0923132497196404e-06,0
270,5.9401458548796945e-05,1.0223636278085288e-06,2.6579414512030526e-06,0
271,5.1627705567139916e-05,1.0223636278085288e-06,1.4195944328600799e-06,0
272,3.5765835918544705e-05,1.0223636278085288e-06,-4.159359185447063e-07,0
273,2.011719296712809e-05,1.0223636278085288e-06,-6.583929671280891e-07,0
274,1.0683569596451124e-05,1.0223636278085288e-06,-1.769695964511234e-07,0
275,7.332838116856334e-06,1.0223636278085288e-06,-3.7655811685633424e-07,0
276,6.948708812611682e-06,1.0223636278085288e-06,-1.0422088126116816e-06,0
277,6.888828276663249e-06,1.0223636278085288e-06,-1.1121182766632502e-06,0
278,6.615792725000803e-06,1.0223636278085288e-06,-1.2163272500080367e-07,0
279,8.58216612404027e-06,1.0223636278085288e-06,1.0257738759597296e-06,0
280,1.698860774163204e-05,1.0223636278085288e-06,1.3811922583679605e-06,0
281,3.5192764027160946e-05,1.0223636278085288e-06,1.3257359728390534e-06,0
282,6.006707190192954e-05,1.0223636278085288e-06,2.4300280980704627e-06,0
283,7.968917582715976e-05,1.0223636278085288e-06,4.543824172840232e-06,0
284,8.419713384555425e-05,1.0223636278085288e-06,4.742966154445757e-06,0
285,7.305865900373182e-05,1.0223636278085288e-06,2.9331409962681757e-06,0
286,5.060768671987428e-05,1.0223636278085288e-06,1.683713280125723e-06,0
287,2.560309682475945e-05,1.0223636278085288e-06,1.0395031752405499e-06,0
288,3.7650004739713247e-06,1.0223636278085288e-06,9.970695260286754e-07,0
289,4.58080784281972e-06,1.0223636278085288e-06,6.133121571802788e-07,0
290,3.4100457527260016e-06,1.0223636278085288e-06,1.0977424727399828e-07,0
291,1.7504734001971284e-06,1.0223636278085288e-06,9.520659980287147e-08,0
292,7.213570799547326e-07,1.0223636278085288e-06,1.7835492004526736e-07,0
293,2.857986333987821e-07,1.0223636278085288e-06,1.6163436660121785e-07,0
294,1.548103517752348e-07,1.0223636278085288e-06,1.297896482247652e-07,0
295,2.5304956804694386e-07,1.0223636278085288e-06,1.417104319530561e-07,0
296,9.271632424209488e-07,1.0223636278085288e-06,3.5332675757905125e-07,0
297,4.003907535710851e-06,1.0223636278085288e-06,9.135624642891485e-07,0
298,1.4384399371378954e-05,1.0223636278085288e-06,1.4351006286210456e-06,0
299,3.681663653636237e-05,1.0223636278085288e-06,1.1517634636376293e-06,0
300,6.625145945533656e-05,1.0223636278085288e-06,5.754054466343558e-08,0
301,8.681173310299299e-05,1.0223636278085288e-06,-7.425331029929844e-07,0
302,8.570810573777512e-05,1.0223636278085288e-06,-7.943057377751234e-07,0
303,6.508201883381962e-05,1.0223636278085288e-06,-1.2990188338196244e-06,0
304,3.8664314456631125e-05,1.0223636278085288e-06,-1.704914456631128e-06,0
305,1.9124072262232173e-05,1.0223636278085288e-06,-9.283722622321741e-07,0
306,9.845276515258483e-06,1.0223636278085288e-06,-2.1271651525848266e-07,0
307,6.950971677900533e-06,1.0223636278085288e-06,-2.5363167790053327e-07,0
308,6.096312869136542e-06,1.0223636278085288e-06,-4.1172286913654136e-07,0
309,5.326213843452166e-06,1.0223636278085288e-06,-1.8463843452165813e-08,0
310,5.247808541362317e-06,1.0223636278085288e-06,7.19121458637683e-07,0
311,8.535628617212892e-06,1.0223636278085288e-06,1.2026313827871086e-06,0
312,1.9413263527456288e-05,1.0223636278085288e-06,1.7778364725437133e-06,0
313,4.14181373158885e-05,1.0223636278085288e-06,4.151862684111499e-06,0
314,7.047049450551548e-05,1.0223636278085288e-06,9.410405494484513e-06,1
315,9.413243221900162e-05,1.0223636278085288e-06,1.3904567780998386e-05,1
316,0.00010223636278085289,1.0223636278085288e-06,1.2980637219147119e-05,1
317,9.102560526094029e-05,1.0223636278085288e-06,8.530094739059711e-06,1
318,6.245072703974449e-05,1.0223636278085288e-06,4.6852729602555134e-06,1
319,2.991652686717535e-05,1.0223636278085288e-06,1.986873132824655e-06,1
320,3.614930641218904e-06,1.0223636278085288e-06,-8.631306412189041e-07,0
321,4.120960028506485e-06,1.0223636278085288e-06,-1.4467300285064852e-06,1
322,2.840216077514827e-06,1.0223636278085288e-06,-1.215516077514827e-06,1
323,1.280080421605169e-06,1.0223636278085288e-06,-5.328274216051691e-07,0
324,4.105969882079498e-07,1.0223636278085288e-06,-1.0614798820794975e-07,0
325,1.0955276772807407e-07,1.0223636278085288e-06,2.406523227192593e-08,0
326,6.040906665482245e-08,1.0223636278085288e-06,4.968593334517754e-08,0
327,2.192804827567832e-07,1.0223636278085288e-06,8.52725172432168e-08,0
328,1.2770985421588812e-06,1.0223636278085288e-06,2.328414578411188e-07,0
329,6.1416027882975925e-06,1.0223636278085288e-06,6.470072117024088e-07,0
330,2.089051410581775e-05,1.0223636278085288e-06,1.470785894182252e-06,0
331,4.90101610375874e-05,1.0223636278085288e-06,1.907938962412604e-06,0
332,8.069117800737249e-05,1.0223636278085288e-06,6.362199262750388e-08,0
333,9.489625725295588e-05,1.0223636278085288e-06,-2.740757252955888e-06,0
334,8.042026455733147e-05,1.0223636278085288e-06,-3.24236455733146e-06,0
335,4.97319028714442e-05,1.0223636278085288e-06,-2.0949028714442044e-06,0
336,2.326416984963757e-05,1.0223636278085288e-06,-8.352698496375707e-07,0
337,9.322851476527744e-06,1.0223636278085288e-06,-2.48214765277436e-08,0
338,4.422913118687957e-06,1.0223636278085288e-06,1.0694688131204345e-07,0
339,3.071203572201245e-06,1.0223636278085288e-06,-1.7853572201245292e-08,0
340,2.4967484114329386e-06,1.0223636278085288e-06,3.504158856706163e-08,0
341,2.291978369307618e-06,1.0223636278085288e-06,2.066616306923821e-07,0
342,3.464925263362883e-06,1.0223636278085288e-06,7.124473663711692e-08,0
343,8.371411133859999e-06,1.0223636278085288e-06,-4.801111338599988e-07,0
344,2.144384180943069e-05,1.0223636278085288e-06,-7.459418094306894e-07,0
345,4.601420707142791e-05,1.0223636278085288e-06,9.010929285720813e-07,0
346,7.631834813036345e-05,1.0223636278085288e-06,4.735351869636538e-06,0
347,9.83731936626508e-05,1.0223636278085288e-06,7.554806337349188e-06,0
348,0.0001018794539803475,1.0223636278085288e-06,6.867546019652507e-06,0
349,8.418642610407272e-05,1.0223636278085288e-06,4.318473895927283e-06,0
350,5.173059012146437e-05,1.0223636278085288e-06,2.124409878535628e-06,0
351,2.165921348364632e-05,1.0223636278085288e-06,6.149865163536818e-07,0
352,1.8043185659145408e-06,1.0223636278085288e-06,-9.135115659145409e-07,1
353,1.8454680442840557e-06,1.0223636278085288e-06,-1.0479640442840559e-06,1
354,1.1441063655305991e-06,1.0223636278085288e-06,-6.923393655305991e-07,1
355,4.616058010171124e-07,1.0223636278085288e-06,-2.7101180101711246e-07,0
356,1.2499864190499678e-07,1.0223636278085288e-06,-5.453814190499678e-08,0
357,2.4392368145756105e-08,1.0223636278085288e-06,7.9595318542439e-09,0
358,2.571250454080993e-08,1.0223636278085288e-06,2.1599195459190067e-08,0
359,2.0665643841049773e-07,1.0223636278085288e-06,4.189756158950226e-08,0
360,1.351288157652152e-06,1.0223636278085288e-06,1.6417184234784782e-07,0
361,6.10079997187406e-06,1.0223636278085288e-06,7.603500281259402e-07,0
362,1.8766461572993486e-05,1.0223636278085288e-06,2.0831384270065147e-06,0
363,3.967614822898296e-05,1.0223636278085288e-06,2.348351771017038e-06,0
364,5.799535594382557e-05,1.0223636278085288e-06,-4.336559438255697e-07,0
365,5.836904268608103e-05,1.0223636278085288e-06,-3.30724268608103e-06,0
366,4.017399601606287e-05,1.0223636278085288e-06,-2.942096016062871e-06,0
367,1.9027504844977193e-05,1.0223636278085288e-06,-1.014304844977194e-06,0
368,6.548698791287745e-06,1.0223636278085288e-06,6.539120871225531e-08,0
369,2.0225092144470783e-06,1.0223636278085288e-06,2.044807855529219e-07,0
370,8.687137073057806e-07,1.0223636278085288e-06,8.800829269421947e-08,0
371,5.705015633259194e-07,1.0223636278085288e-06,2.991243667408071e-08,0
372,4.635946678854261e-07,1.0223636278085288e-06,4.823333211457393e-08,0
373,6.767540662556062e-07,1.0223636278085288e-06,-1.5891066255606295e-08,0
374,1.9383976234737327e-06,1.0223636278085288e-06,-4.2102762347373283e-07,0
375,6.249639724549614e-06,1.0223636278085288e-06,-1.4286197245496144e-06,0
376,1.7228156602072823e-05,1.0223636278085288e-06,-3.016256602072823e-06,1
377,3.639081828461328e-05,1.0223636278085288e-06,-4.424118284613282e-06,1
378,5.6993630039164294e-05,1.0223636278085288e-06,-4.62263003916429e-06,1
379,6.74904504914787e-05,1.0223636278085288e-06,-3.3819504914786965e-06,0
380,6.245650460474818e-05,1.0223636278085288e-06,-1.731104604748177e-06,0
381,4.4700717870189036e-05,1.0223636278085288e-06,-6.376178701890343e-07,0
382,2.33531714355667e-05,1.0223636278085288e-06,-2.985714355666979e-07,0
383,8.337615870725916e-06,1.0223636278085288e-06,-2.652158707259155e-07,0
384,3.859096511527656e-07,1.0223636278085288e-06,-2.1088865115276563e-07,1
385,3.4720529182420733e-07,1.0223636278085288e-06,-2.0163229182420733e-07,0
386,1.907409497242327e-07,1.0223636278085288e-06,-1.1325774972423271e-07,0
387,6.669290826736392e-08,1.0223636278085288e-06,-3.4545408267363925e-08,0
388,1.4813855262157142e-08,1.0223636278085288e-06,-9.871552621571412e-10,0
389,3.003825961816535e-09,1.0223636278085288e-06,7.028174038183465e-09,0
390,1.4784268147098617e-08,1.0223636278085288e-06,1.1004731852901384e-08,0
391,1.3677313210153676e-07,1.0223636278085288e-06,2.858186789846323e-08,0
392,8.380576822046151e-07,1.0223636278085288e-06,1.50248317795385e-07,0
393,3.419826819856658e-06,1.0223636278085288e-06,5.936931801433414e-07,0
394,9.3881446015626e-06,1.0223636278085288e-06,1.1626553984373986e-06,0
395,1.7353670333548328e-05,1.0223636278085288e-06,7.589296664516722e-07,0
396,2.1437382056850707e-05,1.0223636278085288e-06,-6.966820568507037e-07,0
397,1.748170176407913e-05,1.0223636278085288e-06,-1.383701764079129e-06,0
398,9.303866000063464e-06,1.0223636278085288e-06,-7.461160000634647e-07,0
399,3.252293497719333e-06,1.0223636278085288e-06,-6.318349771933325e-08,0
400,8.092660731085854e-07,1.0223636278085288e-06,9.264592689141453e-08,0
401,1.9694050357720625e-07,1.0223636278085288e-06,4.654449642279379e-08,0
402,7.478919439486643e-08,1.0223636278085288e-06,1.6217305605133573e-08,0
403,4.5947496570176536e-08,1.0223636278085288e-06,9.327703429823465e-09,0
404,6.152501150179742e-08,1.0223636278085288e-06,-7.725115017974216e-10,0
405,2.08760061428082e-07,1.0223636278085288e-06,-6.2447061428082e-08,0
406,8.938119757087091e-07,1.0223636278085288e-06,-3.249409757087091e-07,0
407,3.265192815392247e-06,1.0223636278085288e-06,-1.094822815392247e-06,1
408,8.917170333887336e-06,1.0223636278085288e-06,-2.5566903338873365e-06,1
409,1.755845018044797e-05,1.0223636278085288e-06,-4.278050180447971e-06,1
410,2.482836163612695e-05,1.0223636278085288e-06,-5.034861636126949e-06,1
411,2.5791406871130192e-05,1.0223636278085288e-06,-3.980706871130191e-06,1
412,2.0220725441064983e-05,1.0223636278085288e-06,-2.0259254410649825e-06,0
413,1.192666662598116e-05,1.0223636278085288e-06,-6.354666259811611e-07,0
414,5.115380847730243e-06,1.0223636278085288e-06,-1.4930084773024298e-07,0
415,1.5334495051261119e-06,1.0223636278085288e-06,-6.246950512611204e-08,0
416,3.1942249366202227e-08,1.0223636278085288e-06,-1.3524649366202228e-08,0
417,2.4493332780543958e-08,1.0223636278085288e-06,-1.1102932780543958e-08,0
418,1.1133528071277702e-08,1.0223636278085288e-06,-4.554598071277702e-09,0
419,3.039705449369446e-09,1.0223636278085288e-06,-4.364544936944616e-11,0
420,5.207502710974631e-10,1.0223636278085288e-06,1.5591697289025368e-09,0
421,5.966892796041427e-10,1.0223636278085288e-06,2.719020720395857e-09,0
422,7.128655317731271e-09,1.0223636278085288e-06,4.09294468226873e-09,0
423,5.7118686842357156e-08,1.0223636278085288e-06,1.1609413157642841e-08,0
424,3.008758007626334e-07,1.0223636278085288e-06,5.748719923736661e-08,0
425,1.0624352519871865e-06,1.0223636278085288e-06,1.7022474801281356e-07,0
426,2.4939444146874286e-06,1.0223636278085288e-06,2.3128558531257117e-07,0
427,3.8393404812778256e-06,1.0223636278085288e-06,5.858951872217441e-08,0
428,3.820187281870471e-06,1.0223636278085288e-06,-1.6434728187047135e-07,0
429,2.408168318000346e-06,1.0223636278085288e-06,-1.3162831800034576e-07,0
430,9.441816736986515e-07,1.0223636278085288e-06,1.0179326301348375e-08,0
431,2.3315007677213287e-07,1.0223636278085288e-06,4.5455923227867155e-08,0
432,4.202204916111881e-08,1.0223636278085288e-06,1.9273050838881188e-08,0
433,8.69924043183698e-09,1.0223636278085288e-06,4.367159568163019e-09,0
434,2.913977003127024e-09,1.0223636278085288e-06,1.992512996872976e-09,0
435,3.5454493633969843e-09,1.0223636278085288e-06,3.308106366030161e-10,0
436,1.3036314474701934e-08,1.0223636278085288e-06,-4.984884474701934e-09,0
437,6.579996337934847e-08,1.0223636278085288e-06,-2.6968463379348476e-08,0
438,3.216244577767748e-07,1.0223636278085288e-06,-1.3012445777677482e-07,0
439,1.1447291650422242e-06,1.0223636278085288e-06,-4.3373216504222425e-07,1
440,2.8434344920686744e-06,1.0223636278085288e-06,-9.932944920686743e-07,1
441,4.956434148579084e-06,1.0223636278085288e-06,-1.5999341485790837e-06,1
442,6.096616171499785e-06,1.0223636278085288e-06,-1.7560161714997843e-06,1
443,5.3688938832048375e-06,1.0223636278085288e-06,-1.247623883204838e-06,1
444,3.4274528902442443e-06,1.0223636278085288e-06,-5.191828902442445e-07,0
445,1.5763147765059602e-06,1.0223636278085288e-06,-7.658477650596039e-08,0
446,5.149798069036887e-07,1.0223636278085288e-06,3.202919309631123e-08,0
447,1.2019667858615805e-07,1.0223636278085288e-06,1.721432141384194e-08,0
448,8.08063039177814e-10,1.0223636278085288e-06,-9.262303917781394e-11,0
449,4.843250751086562e-10,1.0223636278085288e-06,-6.021007510865619e-11,0
450,1.6633759914046319e-10,1.0223636278085288e-06,2.5430400859536824e-11,0
451,3.30161795332382e-11,1.0223636278085288e-06,8.678882046676181e-11,0
452,1.2108912436472241e-11,1.0223636278085288e-06,2.260380875635278e-10,0
453,1.5629444004866972e-10,1.0223636278085288e-06,5.842185599513302e-10,0
454,1.6903861747568734e-09,1.0223636278085288e-06,1.7286738252431265e-09,0
455,1.165228956712668e-08,1.0223636278085288e-06,6.71351043287332e-09,0
456,5.3390714148765144e-08,1.0223636278085288e-06,2.1576485851234853e-08,0
457,1.6183993664133804e-07,1.0223636278085288e-06,4.735706335866195e-08,0
458,3.1876134534297945e-07,1.0223636278085288e-06,6.52636546570206e-08,0
459,4.0187042244417966e-07,1.0223636278085288e-06,5.5887577555820325e-08,0
460,3.1679194403731326e-07,1.0223636278085288e-06,3.9144055962686784e-08,0
461,1.5051306954638922e-07,1.0223636278085288e-06,3.108493045361079e-08,0
462,4.172640647226709e-08,1.0223636278085288e-06,2.0218393527732918e-08,0
463,6.837940257050246e-09,1.0223636278085288e-06,7.930259742949752e-09,0
464,8.339582840909615e-10,1.0223636278085288e-06,1.7270717159090386e-09,0
465,1.4344566362903019e-10,1.0223636278085288e-06,3.188713363709698e-10,0
466,9.02306969933606e-11,1.0223636278085288e-06,1.5348930300663941e-10,0
467,3.5855409381069255e-10,1.0223636278085288e-06,-4.880309381069255e-11,0
468,2.1514842625721976e-09,1.0223636278085288e-06,-4.3797426257219757e-10,0
469,1.5033336978720886e-08,1.0223636278085288e-06,-3.5359369787208854e-09,0
470,7.658343266456463e-08,1.0223636278085288e-06,-2.258823266456463e-08,0
471,2.5556770108464107e-07,1.0223636278085288e-06,-8.474570108464107e-08,0
472,5.703894491708308e-07,1.0223636278085288e-06,-2.032474491708308e-07,1
473,8.719848717000346e-07,1.0223636278085288e-06,-3.2274087170003453e-07,1
474,9.321765795070275e-07,1.0223636278085288e-06,-3.4238857950702743e-07,1
475,7.030001719390366e-07,1.0223636278085288e-06,-2.3890517193903657e-07,1
476,3.668150131915411e-07,1.0223636278085288e-06,-9.94290131915411e-08,1
477,1.267139024243532e-07,1.0223636278085288e-06,-1.5682902424353207e-08,0
478,2.8167492150332755e-08,1.0223636278085288e-06,4.759707849667243e-09,0
479,4.235585138361816e-09,1.0223636278085288e-06,2.696364861638184e-09,0
480,4.634296525866304e-12,1.0223636278085288e-06,2.630163474133696e-12,0
481,2.031653364281261e-12,1.0223636278085288e-06,1.3751766357187395e-12,0
482,5.148374135768164e-13,1.0223636278085288e-06,1.2968725864231835e-12,0
483,2.0046692185845504e-13,1.0223636278085288e-06,4.0337130781415455e-12,0
484,1.5504707466122648e-12,1.0223636278085288e-06,2.1487129253387735e-11,0
485,1.6586003791090158e-11,1.0223636278085288e-06,1.4292599620890982e-10,0
486,1.421930052477115e-10,1.0223636278085288e-06,8.350559947522883e-10,0
487,8.923419689834658e-10,1.0223636278085288e-06,3.1595480310165334e-09,1
488,3.8223516734993896e-09,1.0223636278085288e-06,7.998448326500609e-09,0
489,1.0742870195344436e-08,1.0223636278085288e-06,1.5280329804655565e-08,0
490,1.9233910756380996e-08,1.0223636278085288e-06,2.1574689243619e-08,0
491,2.109575113058349e-08,1.0223636278085288e-06,2.1049348869416508e-08,0
492,1.3446245685375929e-08,1.0223636278085288e-06,1.4857054314624073e-08,0
493,4.720952615621694e-09,1.0223636278085288e-06,8.175147384378308e-09,0
494,8.812014489324782e-10,1.0223636278085288e-06,3.4039485510675216e-09,0
495,8.813218873549251e-11,1.0223636278085288e-06,9.331778112645075e-10,0
496,5.891352190107426e-12,1.0223636278085288e-06,1.4699964780989258e-10,0
497,1.1634270265940285e-12,1.0223636278085288e-06,1.843427297340597e-11,0
498,7.203072328752471e-12,1.0223636278085288e-06,7.80472767124753e-12,0
499,5.923300376777768e-11,1.0223636278085288e-06,2.5461096232222318e-11,0
500,3.944047900169965e-10,1.0223636278085288e-06,3.0155320998300365e-10,0
501,2.3577080646848323e-09,1.0223636278085288e-06,1.5140019353151678e-09,0
502,1.1459572564011081e-08,1.0223636278085288e-06,2.6526274359889205e-09,0
503,3.7759019644213817e-08,1.0223636278085288e-06,-3.4609196442138174e-09,0
504,7.908004933091519e-08,1.0223636278085288e-06,-2.2032649330915186e-08,1
505,1.1188072672464245e-07,1.0223636278085288e-06,-4.493102672464245e-08,1
506,1.1707002327582353e-07,1.0223636278085288e-06,-5.976982327582353e-08,1
507,8.716534847715938e-08,1.0223636278085288e-06,-5.115324847715938e-08,1
508,4.024887859420878e-08,1.0223636278085288e-06,-2.413017859420878e-08,1
509,1.0389821664948159e-08,1.0223636278085288e-06,-5.312901664948158e-09,1
510,1.436656417935984e-09,1.0223636278085288e-06,-2.5349641793598397e-10,0
511,1.0896196671973148e-10,1.0223636278085288e-06,9.828803328026853e-11,0
512,5.765075717824899e-14,1.0223636278085288e-06,3.084299242821751e-12,0
513,8.706029951304964e-13,1.0223636278085288e-06,1.6005097004869504e-11,0
514,7.800946355132951e-12,1.0223636278085288e-06,4.946585364486705e-11,0
515,4.476678057561702e-11,1.0223636278085288e-06,9.398121942438298e-11,0
516,1.8756526178613217e-10,1.0223636278085288e-06,7.44277382138678e-11,0
517,5.240093631379544e-10,1.0223636278085288e-06,-4.3157363137954435e-11,0
518,8.315338511961105e-10,1.0223636278085288e-06,6.686361488038897e-10,0
519,7.066698709411961e-10,1.0223636278085288e-06,4.160370129058803e-09,0
520,4.0255727606050413e-10,1.0223636278085288e-06,9.480482723939497e-09,0
521,4.078492319285891e-10,1.0223636278085288e-06,1.2422650768071412e-08,0
522,6.001157057834035e-10,1.0223636278085288e-06,1.0529184294216597e-08,0
523,5.606197594935561e-10,1.0223636278085288e-06,5.728200240506443e-09,0
524,2.796148310820979e-10,1.0223636278085288e-06,2.2666251689179016e-09,0
525,7.079861614049352e-11,1.0223636278085288e-06,8.917863838595064e-10,0
526,8.863693325199242e-12,1.0223636278085288e-06,3.2719430667480084e-10,0
527,8.967016422513469e-13,1.0223636278085288e-06,1.0207029835774866e-10,0
528,5.577405671446183e-12,1.0223636278085288e-06,1.152015943285538e-10,0
529,7.465775271766182e-11,1.0223636278085288e-06,1.9183424728233817e-10,0
530,6.321790797346693e-10,1.0223636278085288e-06,-1.503310797346693e-10,0
531,3.0333652161702746e-09,1.0223636278085288e-06,-1.6690052161702745e-09,1
532,8.042261265847363e-09,1.0223636278085288e-06,-3.3137612658473627e-09,0
533,1.2516804707858869e-08,1.0223636278085288e-06,-1.5174047078588689e-09,0
534,1.5865192938137748e-08,1.0223636278085288e-06,3.1530706186225234e-10,0
535,2.188241576585455e-08,1.0223636278085288e-06,-4.41351576585455e-09,0
536,2.375145611000225e-08,1.0223636278085288e-06,-8.198956110002252e-09,0
537,1.847330344737539e-08,1.0223636278085288e-06,-7.126203447375389e-09,1
538,1.3234456155758276e-08,1.0223636278085288e-06,-6.8693061557582765e-09,1
539,7.767094728619178e-09,1.0223636278085288e-06,-5.244474728619178e-09,1
540,2.689092820821829e-09,1.0223636278085288e-06,-1.994702820821829e-09,1
541,4.787956955580331e-10,1.0223636278085288e-06,-3.354356955580331e-10,1
542,4.239185075277913e-11,1.0223636278085288e-06,-1.690555075277913e-11,0
543,1.859657407223268e-12,1.0223636278085288e-06,3.0592925927767316e-12,0
544,1.6414532612546902e-11,1.0223636278085288e-06,2.753594673874531e-10,0
545,1.8296540204857642e-10,1.0223636278085288e-06,9.129745979514236e-10,0
546,1.1333669723006835e-09,1.0223636278085288e-06,1.5387030276993168e-09,0
547,4.267254402170674e-09,1.0223636278085288e-06,2.459355978293262e-10,0
548,1.0839571766344101e-08,1.0223636278085288e-06,-5.467371766344101e-09,0
549,1.8294829350022884e-08,1.0223636278085288e-06,-1.3123709350022885e-08,1
550,1.8444591517125194e-08,1.0223636278085288e-06,-1.1591561517125194e-08,0
551,1.0193700309287436e-08,1.0223636278085288e-06,2.2871996907125634e-09,0
552,2.944501683875035e-09,1.0223636278085288e-06,1.4116698316124966e-08,0
553,4.3443162762591196e-10,1.0223636278085288e-06,1.462366837237409e-08,0
554,3.6922989021770334e-11,1.0223636278085288e-06,8.499497010978229e-09,0
555,5.344445525391463e-12,1.0223636278085288e-06,3.036365554474609e-09,0
556,1.6809318330734662e-12,1.0223636278085288e-06,7.662490681669265e-10,0
557,1.4305678534670506e-12,1.0223636278085288e-06,3.8661643214653294e-10,0
558,1.1764673702942705e-11,1.0223636278085288e-06,7.135123262970572e-10,0
559,9.762910574141982e-11,1.0223636278085288e-06,1.91529089425858e-09,0
560,7.388320745776922e-10,1.0223636278085288e-06,4.197147925422308e-09,0
561,5.125449589590106e-09,1.0223636278085288e-06,3.6967904104098936e-09,0
562,2.495857574473292e-08,1.0223636278085288e-06,-1.0159775744732921e-08,0
563,7.380814897841902e-08,1.0223636278085288e-06,-4.171594897841902e-08,1
564,1.2833815656717475e-07,1.0223636278085288e-06,-6.357825656717475e-08,1
565,1.3268246723580073e-07,1.0223636278085288e-06,-4.541736723580072e-08,0
566,9.246859124315676e-08,1.0223636278085288e-06,-1.7179091243156766e-08,0
567,5.737212956414955e-08,1.0223636278085288e-06,-9.806829564149544e-09,0
568,3.0996984295430776e-08,1.0223636278085288e-06,-4.329584295430771e-09,0
569,1.0551395981843204e-08,1.0223636278085288e-06,3.6663040181567953e-09,0
570,2.0658076306241267e-09,1.0223636278085288e-06,4.512212369375874e-09,0
571,3.110278784078934e-10,1.0223636278085288e-06,2.1904121215921072e-09,0
572,4.802516728457921e-11,1.0223636278085288e-06,7.745758327154209e-10,0
573,5.466159304621234e-12,1.0223636278085288e-06,2.5135284069537874e-10,0
574,5.783654740575913e-13,1.0223636278085288e-06,1.5995963452594236e-10,0
575,3.738479431188389e-13,1.0223636278085288e-06,1.6515015205688116e-10,0
576,1.3682816823613393e-09,1.0223636278085288e-06,5.626338317638661e-09,1
577,9.49666023659364e-09,1.0223636278085288e-06,1.1592339763406361e-08,0
578,3.994722646201433e-08,1.0223636278085288e-06,1.988973537985671e-09,0
579,1.0300239771756142e-07,1.0223636278085288e-06,-4.598779771756141e-08,1
580,1.7011839577270188e-07,1.0223636278085288e-06,-1.1567079577270189e-07,1
581,1.7999114337409086e-07,1.0223636278085288e-06,-1.3852244337409085e-07,1
582,1.1607491347985213e-07,1.0223636278085288e-06,-8.309111347985213e-08,1
583,4.3113858458893485e-08,1.0223636278085288e-06,-1.1445058458893486e-08,0
584,8.811981731709486e-09,1.0223636278085288e-06,2.0401618268290516e-08,0
585,9.752870090213915e-10,1.0223636278085288e-06,2.0465612990978608e-08,0
586,6.956443313791634e-11,1.0223636278085288e-06,1.2142335566862084e-08,0
587,8.714157285023332e-12,1.0223636278085288e-06,6.1340558427149775e-09,0
588,3.2126969918006826e-11,1.0223636278085288e-06,4.928643030081994e-09,0
589,2.3004356702500131e-10,1.0223636278085288e-06,8.554276432975e-09,1
590,1.3187225094475742e-09,1.0223636278085288e-06,1.9358877490552427e-08,0
591,6.526642651492625e-09,1.0223636278085288e-06,4.057115734850738e-08,0
592,2.9648346895765333e-08,1.0223636278085288e-06,5.878315310423466e-08,0
593,1.2363466661844942e-07,1.0223636278085288e-06,1.490133338155057e-08,0
594,3.844132832881115e-07,1.0223636278085288e-06,-1.613082832881115e-07,1
595,7.726277322635936e-07,1.0223636278085288e-06,-3.930407322635936e-07,1
596,9.657206438976194e-07,1.0223636278085288e-06,-4.4444564389761946e-07,1
597,7.413605925654975e-07,1.0223636278085288e-06,-2.530995925654976e-07,0
598,3.522591724166141e-07,1.0223636278085288e-06,-4.436317241661408e-08,0
599,1.1068231430110043e-07,1.0223636278085288e-06,3.7003685698899564e-08,0
600,2.557421548428848e-08,1.0223636278085288e-06,4.3029784515711516e-08,0
601,4.265083920297055e-09,1.0223636278085288e-06,3.116291607970295e-08,0
602,4.4553119787695863e-10,1.0223636278085288e-06,1.843506880212304e-08,0
603,4.731136749122978e-11,1.0223636278085288e-06,9.18444863250877e-09,0
604,4.3403785458504004e-11,1.0223636278085288e-06,4.0421862145414965e-09,0
605,7.036913363523901e-11,1.0223636278085288e-06,2.8840608663647613e-09,0
606,9.665855123318824e-11,1.0223636278085288e-06,3.9787614487668115e-09,0
607,1.0441998434945524e-10,1.0223636278085288e-06,4.396490015650544e-09,0
608,3.859776590863775e-08,1.0223636278085288e-06,4.373803409136224e-08,1
609,1.63755999657693e-07,1.0223636278085288e-06,5.5614000342307015e-08,0
610,4.6228792257858584e-07,1.0223636278085288e-06,-8.646592257858585e-08,0
611,8.513727391021344e-07,1.0223636278085288e-06,-4.1777073910213443e-07,1
612,1.0189157301153862e-06,1.0223636278085288e-06,-6.607477301153862e-07,1
613,7.806038067147661e-07,1.0223636278085288e-06,-5.460198067147661e-07,1
614,3.6984033551622617e-07,1.0223636278085288e-06,-2.3061833551622617e-07,1
615,1.0452648451674132e-07,1.0223636278085288e-06,-1.932918451674131e-08,0
616,1.7960967272387562e-08,1.0223636278085288e-06,3.639343272761244e-08,0
617,2.610667100438666e-09,1.0223636278085288e-06,3.270923289956134e-08,0
618,5.422949220617738e-10,1.0223636278085288e-06,2.7519505077938227e-08,0
619,4.0129740542456277e-10,1.0223636278085288e-06,3.4927902594575434e-08,0
620,2.258261535529494e-09,1.0223636278085288e-06,6.20144384644705e-08,1
621,1.0841646310723302e-08,1.0223636278085288e-06,1.2335835368927668e-07,1
622,3.9929391260094796e-08,1.0223636278085288e-06,2.3447560873990522e-07,1
623,1.3435332998824786e-07,1.0223636278085288e-06,3.6855967001175214e-07,0
624,4.38155745406896e-07,1.0223636278085288e-06,3.60346254593104e-07,0
625,1.2619598252224048e-06,1.0223636278085288e-06,-1.1342982522240494e-07,0
626,2.688423605305653e-06,1.0223636278085288e-06,-1.053433605305653e-06,1
627,3.7954025504944816e-06,1.0223636278085288e-06,-1.6534625504944816e-06,1
628,3.4311864430612925e-06,1.0223636278085288e-06,-1.2701164430612925e-06,1
629,1.9793753207715563e-06,1.0223636278085288e-06,-4.587953207715563e-07,0
630,7.402903415945673e-07,1.0223636278085288e-06,2.3837658405432752e-08,0
631,1.8824131679090548e-07,1.0223636278085288e-06,1.4654968320909454e-07,0
632,3.497622962114319e-08,1.0223636278085288e-06,1.3429477037885678e-07,0
633,5.242048897956807e-09,1.0223636278085288e-06,9.722195110204319e-08,0
634,1.494924387340774e-09,1.0223636278085288e-06,6.242587561265922e-08,0
635,2.2028469579893884e-09,1.0223636278085288e-06,3.481875304201061e-08,0
636,3.923375389489129e-09,1.0223636278085288e-06,2.2727024610510872e-08,0
637,6.01945220325619e-09,1.0223636278085288e-06,3.1362447796743814e-08,0
638,6.820528443928015e-09,1.0223636278085288e-06,5.055987155607198e-08,0
639,5.747108327767572e-09,1.0223636278085288e-06,5.4243591672232423e-08,0
640,3.755871733748497e-07,1.0223636278085288e-06,1.6962482662515027e-07,1
641,1.100979017464644e-06,1.0223636278085288e-06,1.3038098253535605e-07,0
642,2.241997896422297e-06,1.0223636278085288e-06,-4.806378964222971e-07,0
643,3.1928636453228137e-06,1.0223636278085288e-06,-1.4839736453228137e-06,1
644,3.0817092879538052e-06,1.0223636278085288e-06,-1.8688792879538054e-06,1
645,1.9095548895547105e-06,1.0223636278085288e-06,-1.2223548895547105e-06,1
646,7.279477339283224e-07,1.0223636278085288e-06,-3.8313673392832236e-07,0
647,1.7531030686180893e-07,1.0223636278085288e-06,-3.101306861808928e-09,0
648,3.517247285366103e-08,1.0223636278085288e-06,6.252762714633898e-08,0
649,9.274296755371011e-09,1.0223636278085288e-06,7.2148303244629e-08,0
650,4.4716630286309895e-09,1.0223636278085288e-06,1.22359336971369e-07,0
651,1.1346818327736708e-08,1.0223636278085288e-06,2.521991816722633e-07,0
652,4.53337978915075e-08,1.0223636278085288e-06,4.960692021084925e-07,1
653,1.5654078528946293e-07,1.0223636278085288e-06,8.791592147105369e-07,1
654,4.565009001970667e-07,1.0223636278085288e-06,1.3480190998029332e-06,1
655,1.2343728215000916e-06,1.0223636278085288e-06,1.5919671784999086e-06,0
656,3.015962885007529e-06,1.0223636278085288e-06,9.126271149924713e-07,0
657,5.961314026806806e-06,1.0223636278085288e-06,-1.048324026806806e-06,0
658,8.606449087385001e-06,1.0223636278085288e-06,-2.931769087385001e-06,1
659,8.52314011006002e-06,1.0223636278085288e-06,-2.8173201100600195e-06,1
660,5.652789609153241e-06,1.0223636278085288e-06,-1.2191496091532407e-06,0
661,2.5302996138978044e-06,1.0223636278085288e-06,-2.584961389780464e-08,0
662,8.100464281122996e-07,1.0223636278085288e-06,3.182535718877005e-07,0
663,2.1663560292801718e-07,1.0223636278085288e-06,3.318923970719829e-07,0
664,5.805704275104332e-08,1.0223636278085288e-06,2.9077495724895673e-07,0
665,2.1009457328715722e-08,1.0223636278085288e-06,2.3399454267128428e-07,0
666,2.5611449819385604e-08,1.0223636278085288e-06,1.6101255018061442e-07,0
667,5.0056460571978184e-08,1.0223636278085288e-06,9.29095394280218e-08,0
668,8.670215420085252e-08,1.0223636278085288e-06,8.479684579914747e-08,0
669,1.1452845064304285e-07,1.0223636278085288e-06,1.8171854935695715e-07,0
670,1.0463080553781773e-07,1.0223636278085288e-06,3.100461944621823e-07,0
671,6.981126967869534e-08,1.0223636278085288e-06,2.970357303213047e-07,0
672,1.319815951428898e-06,1.0223636278085288e-06,3.7952404857110214e-07,0
673,3.0183299660376638e-06,1.0223636278085288e-06,1.973700339623362e-07,0
674,4.8667179375124326e-06,1.0223636278085288e-06,-9.77957937512433e-07,0
675,5.681915316869062e-06,1.0223636278085288e-06,-2.4197253168690624e-06,1
676,4.570306241792217e-06,1.0223636278085288e-06,-2.5271062417922176e-06,1
677,2.379050654373957e-06,1.0223636278085288e-06,-1.3430006543739571e-06,1
678,7.933646650095209e-07,1.0223636278085288e-06,-3.2478866500952093e-07,0
679,1.8700261717316136e-07,1.0223636278085288e-06,3.282038282683863e-08,0
680,4.2604414083790824e-08,1.0223636278085288e-06,1.0974558591620916e-07,0
681,2.1173312858872837e-08,1.0223636278085288e-06,2.0533968714112714e-07,0
682,4.674302766696597e-08,1.0223636278085288e-06,4.57712972333034e-07,1
683,1.345467055516357e-07,1.0223636278085288e-06,9.648332944483641e-07,1
684,3.841050380542296e-07,1.0223636278085288e-06,1.7734149619457705e-06,1
685,1.045033347541105e-06,1.0223636278085288e-06,2.746436652458895e-06,1
686,2.5658887948236587e-06,1.0223636278085288e-06,3.3965912051763417e-06,1
687,5.5020469547825965e-06,1.0223636278085288e-06,2.823213045217404e-06,1
688,9.746554001053816e-06,1.0223636278085288e-06,3.0944599894618424e-07,0
689,1.3364224011402865e-05,1.0223636278085288e-06,-2.872124011402864e-06,1
690,1.3545383257871374e-05,1.0223636278085288e-06,-3.8951132578713745e-06,1
691,9.89744195181693e-06,1.0223636278085288e-06,-2.3288319518169286e-06,1
692,5.172239293567151e-06,1.0223636278085288e-06,-4.888592935671505e-07,0
693,2.012450004557113e-06,1.0223636278085288e-06,2.605299954428868e-07,0
694,6.928583337438457e-07,1.0223636278085288e-06,3.654916662561543e-07,0
695,2.572873823166687e-07,1.0223636278085288e-06,4.0047361768333126e-07,0
696,1.0296348682335893e-07,1.0223636278085288e-06,4.293695131766411e-07,0
697,8.427225740463777e-08,1.0223636278085288e-06,3.7841374259536223e-07,0
698,1.7200887857232976e-07,1.0223636278085288e-06,2.267341214276702e-07,0
699,3.4716543776653064e-07,1.0223636278085288e-06,6.008956223346934e-08,0
700,5.484163517502254e-07,1.0223636278085288e-06,9.771964824977471e-08,0
701,5.979175505370336e-07,1.0223636278085288e-06,4.799024494629667e-07,0
702,4.4882406573520453e-07,1.0223636278085288e-06,8.398059342647955e-07,0
703,2.578058052384088e-07,1.0223636278085288e-06,7.121561947615913e-07,1
704,1.9198242370053125e-06,1.0223636278085288e-06,4.896657629946876e-07,0
705,3.6858041439652044e-06,1.0223636278085288e-06,2.680558560347948e-07,0
706,5.052568474314528e-06,1.0223636278085288e-06,-7.700284743145279e-07,0
707,5.043114685002297e-06,1.0223636278085288e-06,-1.7120746850022968e-06,1
708,3.4921104281076906e-06,1.0223636278085288e-06,-1.5174604281076904e-06,1
709,1.6069967360355468e-06,1.0223636278085288e-06,-6.622657360355468e-07,1
710,4.846595807036507e-07,1.0223636278085288e-06,-7.902258070365072e-08,0
711,1.0013358901456993e-07,1.0223636278085288e-06,1.1141841098543009e-07,0
712,3.18505833156332e-08,1.0223636278085288e-06,1.9314941668436679e-07,0
713,7.499765435491621e-08,1.0223636278085288e-06,3.847823456450838e-07,0
714,2.244661680811001e-07,1.0223636278085288e-06,8.238838319188998e-07,1
715,5.976301262067501e-07,1.0223636278085288e-06,1.58486987379325e-06,1
716,1.4818203599107804e-06,1.0223636278085288e-06,2.5524596400892204e-06,1
717,3.4056191918051483e-06,1.0223636278085288e-06,3.2616408081948528e-06,1
718,6.847154919397942e-06,1.0223636278085288e-06,3.0902850806020566e-06,1
719,1.1291017143614815e-05,1.0223636278085288e-06,1.5758828563851858e-06,0
720,1.475054851970567e-05,1.0223636278085288e-06,-9.786485197056697e-07,0
721,1.4985407848309695e-05,1.0223636278085288e-06,-2.7879078483096953e-06,1
722,1.179221402023549e-05,1.0223636278085288e-06,-2.5770040202354902e-06,1
723,7.152646375356128e-06,1.0223636278085288e-06,-1.3051763753561284e-06,1
724,3.342373202894784e-06,1.0223636278085288e-06,-3.5775320289478406e-07,0
725,1.3091644231019371e-06,1.0223636278085288e-06,9.55576898062946e-10,0
726,5.111935737379816e-07,1.0223636278085288e-06,1.745514262620184e-07,0
727,2.104530815003784e-07,1.0223636278085288e-06,3.418779184996216e-07,0
728,1.284696147983115e-07,1.0223636278085288e-06,4.145793852016885e-07,0
729,2.15458038083467e-07,1.0223636278085288e-06,3.19174961916533e-07,0
730,5.050912644462708e-07,1.0223636278085288e-06,2.917073555372927e-08,0
731,9.880515063043018e-07,1.0223636278085288e-06,-2.920105063043018e-07,0
732,1.3611342078883689e-06,1.0223636278085288e-06,-1.9549420788836892e-07,0
733,1.257785351112567e-06,1.0223636278085288e-06,4.4522464888743286e-07,0
734,8.465051560501617e-07,1.0223636278085288e-06,9.176348439498385e-07,0
735,4.5931718199770915e-07,1.0223636278085288e-06,7.227428180022909e-07,1
736,1.4659993062769409e-06,1.0223636278085288e-06,3.2759069372305915e-07,0
737,2.555707617446074e-06,1.0223636278085288e-06,1.7387238255392537e-07,0
738,3.166670713052607e-06,1.0223636278085288e-06,-2.912607130526073e-07,0
739,2.807228732902716e-06,1.0223636278085288e-06,-5.624187329027161e-07,0
740,1.7262918444092126e-06,1.0223636278085288e-06,-3.9529184440921253e-07,0
741,7.081815764359821e-07,1.0223636278085288e-06,-8.466157643598212e-08,0
742,1.852367452098713e-07,1.0223636278085288e-06,9.042725479012873e-08,0
743,3.755440920010643e-08,1.0223636278085288e-06,1.3936459079989358e-07,0
744,4.713147378325327e-08,1.0223636278085288e-06,1.9168352621674672e-07,0
745,1.5149027768914896e-07,1.0223636278085288e-06,3.43924722310851e-07,1
746,4.212716017280021e-07,1.0223636278085288e-06,6.492283982719979e-07,1
747,1.0689085588903214e-06,1.0223636278085288e-06,1.0637214411096787e-06,1
748,2.4889597369813388e-06,1.0223636278085288e-06,1.3602102630186612e-06,1
749,5.23113090998237e-06,1.0223636278085288e-06,1.2673890900176292e-06,1
750,9.040916166386394e-06,1.0223636278085288e-06,9.021538336136069e-07,0
751,1.1911513223542606e-05,1.0223636278085288e-06,5.528867764573941e-07,0
752,1.1926121823852175e-05,1.0223636278085288e-06,1.39978176147825e-07,0
753,9.522884816888193e-06,1.0223636278085288e-06,-2.81914816888193e-07,0
754,6.333454021859902e-06,1.0223636278085288e-06,-4.334140218599018e-07,0
755,3.4343959718342614e-06,1.0223636278085288e-06,-3.0445597183426124e-07,0
756,1.4923850584804162e-06,1.0223636278085288e-06,-1.449950584804163e-07,0
757,5.758807953539732e-07,1.0223636278085288e-06,-3.4601795353973274e-08,0
758,2.4155286700128327e-07,1.0223636278085288e-06,7.931813299871675e-08,0
759,1.4907162644228426e-07,1.0223636278085288e-06,1.6535337355771576e-07,0
760,1.7815692473043827e-07,1.0223636278085288e-06,1.7578307526956174e-07,0
761,3.694872785387089e-07,1.0223636278085288e-06,2.898572146129106e-08,0
762,8.30974239363074e-07,1.0223636278085288e-06,-3.4791723936307395e-07,0
763,1.452037941792854e-06,1.0223636278085288e-06,-7.36701941792854e-07,1
764,1.7986103430613904e-06,1.0223636278085288e-06,-6.793503430613904e-07,0
765,1.640754294202294e-06,1.0223636278085288e-06,-1.9376429420229415e-07,0
766,1.1965696454562926e-06,1.0223636278085288e-06,1.6576035454370742e-07,0
767,6.931263668228161e-07,1.0223636278085288e-06,1.5900163317718392e-07,0
768,9.157496807674858e-07,1.0223636278085288e-06,5.419631923251418e-08,0
769,1.5149387265272994e-06,1.0223636278085288e-06,-2.2048726527299503e-08,0
770,1.727895332286527e-06,1.0223636278085288e-06,-1.1188533228652699e-07,0
771,1.3977463492394273e-06,1.0223636278085288e-06,-1.1525634923942734e-07,0
772,7.862980635437373e-07,1.0223636278085288e-06,-2.663006354373722e-08,0
773,2.966630344505449e-07,1.0223636278085288e-06,6.576496554945517e-08,0
774,7.632785421984713e-08,1.0223636278085288e-06,9.708614578015286e-08,0
775,2.8833080992412024e-08,1.0223636278085288e-06,9.094291900758798e-08,0
776,6.181761005009421e-08,1.0223636278085288e-06,8.982038994990579e-08,0
777,1.5220460349403154e-07,1.0223636278085288e-06,1.2704139650596847e-07,0
778,3.766337804496565e-07,1.0223636278085288e-06,1.9937621955034354e-07,1
779,9.649426387884741e-07,1.0223636278085288e-06,2.1913736121152578e-07,0
780,2.315946315861419e-06,1.0223636278085288e-06,7.310368413858095e-08,0
781,4.724515280702032e-06,1.0223636278085288e-06,-1.7027528070203106e-07,0
782,7.233652228886477e-06,1.0223636278085288e-06,-3.747222888647727e-08,0
783,7.816230797946382e-06,1.0223636278085288e-06,6.300292020536195e-07,0
784,6.18613547733579e-06,1.0223636278085288e-06,1.0305945226642104e-06,0
785,4.045850890210861e-06,1.0223636278085288e-06,7.039391097891396e-07,0
786,2.3368138060379442e-06,1.0223636278085288e-06,2.4427619396205607e-07,0
787,1.1082797425594801e-06,1.0223636278085288e-06,6.280025744051985e-08,0
788,4.2492187012008283e-07,1.0223636278085288e-06,2.197012987991717e-08,0
789,1.6344960162487291e-07,1.0223636278085288e-06,1.5979398375127097e-08,0
790,9.759206828360544e-08,1.0223636278085288e-06,2.5484931716394573e-08,0
791,9.619663660339832e-08,1.0223636278085288e-06,3.6913363396601685e-08,0
792,1.4460521877642136e-07,1.0223636278085288e-06,2.2147781223578655e-08,0
793,3.286502904696685e-07,1.0223636278085288e-06,-1.0422829046966851e-07,0
794,7.262006995581161e-07,1.0223636278085288e-06,-4.019496995581161e-07,1
795,1.257911399561863e-06,1.0223636278085288e-06,-7.56785399561863e-07,1
796,1.7274558057216685e-06,1.0223636278085288e-06,-9.945868057216685e-07,1
797,1.918895462119182e-06,1.0223636278085288e-06,-1.039995462119182e-06,1
798,1.6603810437767885e-06,1.0223636278085288e-06,-8.688070437767885e-07,1
799,1.0281110254175822e-06,1.0223636278085288e-06,-5.432120254175822e-07,1
800,6.18436951137097e-07,1.0223636278085288e-06,-5.649951137096976e-09,0
801,9.28413135203894e-07,1.0223636278085288e-06,3.7858864796105996e-08,0
802,9.652960460492145e-07,1.0223636278085288e-06,6.576395395078566e-08,0
803,7.435308072034289e-07,1.0223636278085288e-06,3.648219279657104e-08,0
804,4.231998867544251e-07,1.0223636278085288e-06,1.282611324557494e-08,0
805,1.717713415670711e-07,1.0223636278085288e-06,2.54286584329289e-08,0
806,4.9055278378837505e-08,1.0223636278085288e-06,4.39548216211625e-08,0
807,1.8187707745286185e-08,1.0223636278085288e-06,4.849989225471383e-08,0
808,2.97270256223872e-08,1.0223636278085288e-06,4.589977437761281e-08,0
809,7.648859282568853e-08,1.0223636278085288e-06,4.2488407174311476e-08,0
810,2.3133843119969678e-07,1.0223636278085288e-06,9.490568800303208e-09,0
811,6.503559323432888e-07,1.0223636278085288e-06,-9.502693234328881e-08,0
812,1.5690847551760609e-06,1.0223636278085288e-06,-2.790747551760609e-07,0
813,2.962176535757758e-06,1.0223636278085288e-06,-3.947165357577584e-07,0
814,3.926772577143015e-06,1.0223636278085288e-06,-1.3296257714301508e-07,0
815,3.5345680066717003e-06,1.0223636278085288e-06,3.8635199332829943e-07,0
816,2.305504332504945e-06,1.0223636278085288e-06,5.836056674950549e-07,1
817,1.2428485636036472e-06,1.0223636278085288e-06,3.9891143639635264e-07,0
818,5.807474233005706e-07,1.0223636278085288e-06,2.0663857669942943e-07,0
819,2.2704170697520951e-07,1.0223636278085288e-06,1.0834229302479052e-07,0
820,8.141783471756681e-08,1.0223636278085288e-06,5.60571652824332e-08,0
821,3.233344349734998e-08,1.0223636278085288e-06,3.629115650265002e-08,0
822,1.996222444736417e-08,1.0223636278085288e-06,3.159207555263584e-08,0
823,2.138044112044683e-08,1.0223636278085288e-06,3.131645887955317e-08,0
824,4.533893395921069e-08,1.0223636278085288e-06,2.1738866040789312e-08,0
825,1.3848888598663626e-07,1.0223636278085288e-06,-3.453388598663625e-08,0
826,3.7770847548497283e-07,1.0223636278085288e-06,-2.0869747548497283e-07,1
827,8.436799990416679e-07,1.0223636278085288e-06,-5.770519990416679e-07,1
828,1.4832737188207726e-06,1.0223636278085288e-06,-1.0984517188207725e-06,1
829,1.961034644608004e-06,1.0223636278085288e-06,-1.492990644608004e-06,1
830,1.8625709641891519e-06,1.0223636278085288e-06,-1.4171389641891518e-06,1
831,1.1673071521667293e-06,1.0223636278085288e-06,-8.708381521667292e-07,1
832,4.2149479500427257e-07,1.0223636278085288e-06,9.70312049957275e-08,0
833,6.104749641739708e-07,1.0223636278085288e-06,1.8449703582602932e-07,0
834,6.092121894232565e-07,1.0223636278085288e-06,1.8381581057674347e-07,0
835,4.489789223939458e-07,1.0223636278085288e-06,9.091907760605425e-08,0
836,2.5558776146619783e-07,1.0223636278085288e-06,7.534238533802158e-09,0
837,1.083904412169678e-07,1.0223636278085288e-06,-6.4084412169678056e-09,0
838,3.028074569980841e-08,1.0223636278085288e-06,1.2791054300191596e-08,0
839,6.4243978628647434e-09,1.0223636278085288e-06,2.375610213713526e-08,0
840,8.15819904692115e-09,1.0223636278085288e-06,2.6948900953078845e-08,0
841,3.268807098324788e-08,1.0223636278085288e-06,2.561222901675213e-08,0
842,1.0813413491986975e-07,1.0223636278085288e-06,1.298786508013024e-08,0
843,3.0550689625734857e-07,1.0223636278085288e-06,-1.5619896257348538e-08,0
844,7.19673651478439e-07,1.0223636278085288e-06,-5.391365147843914e-08,0
845,1.2277790869780792e-06,1.0223636278085288e-06,-3.2799086978079316e-08,0
846,1.4159024832434397e-06,1.0223636278085288e-06,9.076751675656025e-08,0
847,1.1053492471276306e-06,1.0223636278085288e-06,2.1151075287236944e-07,0
848,6.01543951747337e-07,1.0223636278085288e-06,2.4744604825266296e-07,0
849,2.4027816261355767e-07,1.0223636278085288e-06,2.1167483738644238e-07,0
850,7.701196363161974e-08,1.0223636278085288e-06,1.4591703636838026e-07,0
851,2.4210673376003834e-08,1.0223636278085288e-06,8.694732662399616e-08,0
852,8.302735049923022e-09,1.0223636278085288e-06,5.0549864950076976e-08,0
853,2.562610335533489e-09,1.0223636278085288e-06,3.227198966446651e-08,0
854,1.0906637935271914e-09,1.0223636278085288e-06,2.4310436206472808e-08,0
855,1.7996516161674444e-09,1.0223636278085288e-06,2.1524248383832558e-08,0
856,9.115994953746842e-09,1.0223636278085288e-06,2.148250504625316e-08,0
857,4.892820429632429e-08,1.0223636278085288e-06,5.364957036757059e-10,0
858,2.0109521741342406e-07,1.0223636278085288e-06,-1.2215231741342406e-07,1
859,5.86195448998654e-07,1.0223636278085288e-06,-4.56485448998654e-07,1
860,1.1914892012975604e-06,1.0223636278085288e-06,-9.846822012975603e-07,1
861,1.6624606317345302e-06,1.0223636278085288e-06,-1.3739686317345302e-06,1
862,1.5421073228880923e-06,1.0223636278085288e-06,-1.2271913228880924e-06,1
863,9.090057093505095e-07,1.0223636278085288e-06,-6.760177093505095e-07,1
864,3.5964431988219827e-07,1.0223636278085288e-06,1.1851268011780174e-07,0
865,5.2550636739167e-07,1.0223636278085288e-06,1.6557663260832995e-07,0
866,4.873302309307636e-07,1.0223636278085288e-06,1.481347690692364e-07,0
867,2.981915636692251e-07,1.0223636278085288e-06,9.718843633077487e-08,0
868,1.3538366952153434e-07,1.0223636278085288e-06,4.5198330478465656e-08,0
869,4.726912000078808e-08,1.0223636278085288e-06,2.269187999921192e-08,0
870,1.0889412251941443e-08,1.0223636278085288e-06,1.8195187748058552e-08,0
871,1.6380382309621914e-09,1.0223636278085288e-06,1.607396176903781e-08,0
872,1.5937472306652154e-09,1.0223636278085288e-06,1.9188552769334784e-08,0
873,6.352127156683435e-09,1.0223636278085288e-06,3.096437284331657e-08,0
874,2.417360942667149e-08,1.0223636278085288e-06,5.95705905733285e-08,0
875,8.315434285196488e-08,1.0223636278085288e-06,1.240026571480351e-07,0
876,2.0408632981533093e-07,1.0223636278085288e-06,2.2251167018466903e-07,0
877,3.2904944651145787e-07,1.0223636278085288e-06,2.850695534885422e-07,0
878,3.5414941822459405e-07,1.0223636278085288e-06,2.4408658177540593e-07,0
879,2.544235124946107e-07,1.0223636278085288e-06,1.6823948750538932e-07,0
880,1.1704904927977614e-07,1.0223636278085288e-06,1.3407295072022385e-07,0
881,3.2902929416073344e-08,1.0223636278085288e-06,1.1219707058392664e-07,0
882,5.9277773909096825e-09,1.0223636278085288e-06,7.97121226090903e-08,0
883,1.0357144739985383e-09,1.0223636278085288e-06,5.085748552600146e-08,0
884,2.466529231695881e-10,1.0223636278085288e-06,3.081104707683042e-08,0
885,4.9921918767162865e-11,1.0223636278085288e-06,1.8557678081232835e-08,0
886,2.499583222188975e-11,1.0223636278085288e-06,1.4225404167778109e-08,0
887,2.8458462091818213e-10,1.0223636278085288e-06,1.8263815379081818e-08,0
888,3.6254763307469583e-09,1.0223636278085288e-06,2.5820223669253044e-08,0
889,2.8971249462742823e-08,1.0223636278085288e-06,1.1213750537257183e-08,0
890,1.443464639272719e-07,1.0223636278085288e-06,-8.864836392727191e-08,1
891,4.590273527758074e-07,1.0223636278085288e-06,-3.600282527758074e-07,1
892,9.378646628384131e-07,1.0223636278085288e-06,-7.525476628384131e-07,1
893,1.2537712464289882e-06,1.0223636278085288e-06,-9.65562246428988e-07,1
894,1.127446284362353e-06,1.0223636278085288e-06,-7.974402843623531e-07,1
895,6.727403369255771e-07,1.0223636278085288e-06,-4.2081633692557707e-07,1
896,2.8120356642528293e-07,1.0223636278085288e-06,1.6589343357471707e-07,0
897,4.0342990108078594e-07,1.0223636278085288e-06,2.26737098919214e-07,0
898,3.438600208593193e-07,1.0223636278085288e-06,2.303149791406807e-07,0
899,1.9408088492932136e-07,1.0223636278085288e-06,1.7222711507067864e-07,0
900,8.485248561003866e-08,1.0223636278085288e-06,9.257251438996133e-08,0
901,2.9320357125452692e-08,1.0223636278085288e-06,4.32643428745473e-08,0
902,6.709286177022576e-09,1.0223636278085288e-06,2.2182313822977424e-08,0
903,8.691840662176891e-10,1.0223636278085288e-06,1.4453615933782311e-08,1
904,1.4819048325369796e-10,1.0223636278085288e-06,1.5090009516746304e-08,0
905,6.582132268661353e-10,1.0223636278085288e-06,2.6590286773133866e-08,1
906,4.420000382353665e-09,1.0223636278085288e-06,7.410669961764634e-08,0
907,1.8729155432725186e-08,1.0223636278085288e-06,1.957118445672748e-07,0
908,4.516021219092941e-08,1.0223636278085288e-06,3.473727878090706e-07,0
909,6.564064566180503e-08,1.0223636278085288e-06,3.777563543381949e-07,0
910,6.5826392612208e-08,1.0223636278085288e-06,2.55258607387792e-07,0
911,4.8266423886078846e-08,1.0223636278085288e-06,1.3024757611392115e-07,0
912,2.2722461042963015e-08,1.0223636278085288e-06,8.378753895703698e-08,0
913,5.856030885807999e-09,1.0223636278085288e-06,7.1180569114192e-08,0
914,7.641458221166798e-10,1.0223636278085288e-06,5.6411154177883315e-08,0
915,5.229131014834925e-11,1.0223636278085288e-06,3.878690868985165e-08,0
916,2.8375299612744337e-12,1.0223636278085288e-06,2.1612362470038724e-08,0
917,1.4812295321769499e-12,1.0223636278085288e-06,1.2631718770467824e-08,0
918,1.633083339223869e-11,1.0223636278085288e-06,1.628946916660776e-08,0
919,2.543276665385209e-10,1.0223636278085288e-06,3.3882672333461474e-08,0
920,3.2150378282068463e-09,1.0223636278085288e-06,6.152276217179317e-08,0
921,2.5241192771640503e-08,1.0223636278085288e-06,7.060820722835949e-08,0
922,1.2245087294549068e-07,1.0223636278085288e-06,7.3271270545093304e-09,0
923,3.783713458060806e-07,1.0223636278085288e-06,-1.7210134580608065e-07,1
924,7.692445940160528e-07,1.0223636278085288e-06,-4.182255940160528e-07,1
925,1.0583868021251115e-06,1.0223636278085288e-06,-5.504918021251115e-07,1
926,9.843497904419441e-07,1.0223636278085288e-06,-4.3594779044194406e-07,1
927,5.93635449825153e-07,1.0223636278085288e-06,-1.9080744982515298e-07,0
928,2.7885303412602747e-07,1.0223636278085288e-06,2.409689658739725e-07,0
929,3.6506812962476686e-07,1.0223636278085288e-06,3.7305687037523317e-07,0
930,3.008016602329305e-07,1.0223636278085288e-06,3.7427733976706957e-07,0
931,1.823999552082964e-07,1.0223636278085288e-06,2.486890447917036e-07,0
932,9.012828603876415e-08,1.0223636278085288e-06,1.1868871396123583e-07,0
933,3.226944611088984e-08,1.0223636278085288e-06,4.989975388911016e-08,0
934,6.937319223636777e-09,1.0223636278085288e-06,2.236518077636322e-08,0
935,8.09302485910894e-10,1.0223636278085288e-06,1.543339751408911e-08,0
936,6.88000198463305e-11,1.0223636278085288e-06,2.3166199980153672e-08,0
937,3.056455739861878e-10,1.0223636278085288e-06,5.190055442601381e-08,0
938,2.2724612780683353e-09,1.0223636278085288e-06,1.2160353872193169e-07,0
939,8.236129134290564e-09,1.0223636278085288e-06,2.4149987086570943e-07,0
940,1.5797332526698618e-08,1.0223636278085288e-06,3.419956674733014e-07,0
941,2.105748303845432e-08,1.0223636278085288e-06,3.1398951696154567e-07,0
942,2.4757218938365133e-08,1.0223636278085288e-06,1.8719278106163488e-07,0
943,2.037528912224877e-08,1.0223636278085288e-06,9.110371087775123e-08,0
944,9.24645143720638e-09,1.0223636278085288e-06,5.940734856279363e-08,0
945,2.2598690900291038e-09,1.0223636278085288e-06,5.0412630909970894e-08,0
946,3.1809892656777634e-10,1.0223636278085288e-06,3.979630107343223e-08,0
947,2.7171253199508856e-11,1.0223636278085288e-06,2.5004628746800493e-08,0
948,1.3830060442831955e-11,1.0223636278085288e-06,1.3165369939557168e-08,0
949,1.2658208733868557e-10,1.0223636278085288e-06,1.1225117912661314e-08,0
950,6.607288110788906e-10,1.0223636278085288e-06,2.4040971188921108e-08,0
951,2.6077235467775583e-09,1.0223636278085288e-06,6.462517645322244e-08,0
952,1.2040506328429956e-08,1.0223636278085288e-06,1.3857449367157004e-07,0
953,5.2451125347015086e-08,1.0223636278085288e-06,2.0675687465298492e-07,0
954,1.8412209451359343e-07,1.0223636278085288e-06,2.1068490548640656e-07,0
955,5.25016736410332e-07,1.0223636278085288e-06,1.2067426358966811e-07,0
956,1.1349832597933502e-06,1.0223636278085288e-06,-7.721325979335012e-08,0
957,1.6943786512920747e-06,1.0223636278085288e-06,-2.7847865129207466e-07,0
958,1.6508776055850373e-06,1.0223636278085288e-06,-2.728076055850371e-07,0
959,1.0182166307768743e-06,1.0223636278085288e-06,-1.0620063077687426e-07,0
960,3.706423095230366e-07,1.0223636278085288e-06,3.6116169047696343e-07,0
961,4.2779276675467467e-07,1.0223636278085288e-06,5.517972332453254e-07,0
962,3.091554451037894e-07,1.0223636278085288e-06,5.199085548962106e-07,0
963,1.7476197654078536e-07,1.0223636278085288e-06,3.2052502345921465e-07,0
964,8.408840365486167e-08,1.0223636278085288e-06,1.4522959634513832e-07,0
965,2.8833596702711453e-08,1.0223636278085288e-06,5.755480329728855e-08,0
966,5.887345319847226e-09,1.0223636278085288e-06,2.726515468015277e-08,0
967,6.515288381913756e-10,1.0223636278085288e-06,3.1942671161808626e-08,0
968,1.594940681640593e-10,1.0223636278085288e-06,6.746560593183594e-08,0
969,1.4070227778220954e-09,1.0223636278085288e-06,1.306719772221779e-07,0
970,7.657099934777208e-09,1.0223636278085288e-06,2.068659000652228e-07,0
971,2.0993174162884665e-08,1.0223636278085288e-06,2.759838258371154e-07,0
972,3.3108548887819903e-08,1.0223636278085288e-06,2.9833445111218014e-07,0
973,3.796108789420702e-08,1.0223636278085288e-06,2.4371691210579297e-07,0
974,3.5672082001216435e-08,1.0223636278085288e-06,1.5419791799878356e-07,1
975,2.5349376704486085e-08,1.0223636278085288e-06,9.26336232955139e-08,0
976,1.2568758399223338e-08,1.0223636278085288e-06,6.356044160077667e-08,0
977,3.85897038054809e-09,1.0223636278085288e-06,4.592112961945191e-08,0
978,6.358310247118242e-10,1.0223636278085288e-06,3.152816897528818e-08,0
979,7.40292697748811e-11,1.0223636278085288e-06,2.208567073022512e-08,0
980,3.4174312664550265e-10,1.0223636278085288e-06,1.8209456873354497e-08,0
981,2.401468626393368e-09,1.0223636278085288e-06,1.8479731373606633e-08,0
982,8.871718819201358e-09,1.0223636278085288e-06,3.178328118079864e-08,0
983,2.4155933543238704e-08,1.0223636278085288e-06,8.59930664567613e-08,0
984,7.13656755141639e-08,1.0223636278085288e-06,1.928403244858361e-07,0
985,2.0161495409444686e-07,1.0223636278085288e-06,3.1260504590555315e-07,0
986,5.294376614297974e-07,1.0223636278085288e-06,3.9952933857020253e-07,0
987,1.3569508826291087e-06,1.0223636278085288e-06,3.408891173708914e-07,0
988,2.8215063490572307e-06,1.0223636278085288e-06,-5.613634905723043e-08,0
989,4.014753206156647e-06,1.0223636278085288e-06,-5.583832061566476e-07,0
990,3.651989881678531e-06,1.0223636278085288e-06,-5.901298816785314e-07,0
991,2.064895358860969e-06,1.0223636278085288e-06,-2.546553588609689e-07,0
992,2.802222194753437e-07,1.0223636278085288e-06,3.6621278052465625e-07,0
993,2.69187872036628e-07,1.0223636278085288e-06,4.6649412796337205e-07,0
994,1.7608391097881986e-07,1.0223636278085288e-06,3.637180890211802e-07,0
995,9.972756337835779e-08,1.0223636278085288e-06,1.885224366216422e-07,0
996,4.697477212471451e-08,1.0223636278085288e-06,7.473322787528548e-08,0
997,1.4709499141902629e-08,1.0223636278085288e-06,2.9656900858097375e-08,0
998,2.593655978520453e-09,1.0223636278085288e-06,2.2701044021479548e-08,0
999,2.4856427425976433e-10,1.0223636278085288e-06,4.314743572574024e-08,0
1000,2.745248676510971e-10,1.0223636278085288e-06,8.76263751323489e-08,0
1001,2.344788086106252e-09,1.0223636278085288e-06,1.4084421191389374e-07,0
1002,1.0728815751848345e-08,1.0223636278085288e-06,1.8304918424815166e-07,0
1003,2.7087017133087264e-08,1.0223636278085288e-06,2.0104898286691273e-07,0
1004,4.110295665451448e-08,1.0223636278085288e-06,1.8412604334548554e-07,0
1005,4.1716772329816414e-08,1.0223636278085288e-06,1.3899022767018356e-07,1
1006,3.354604365149434e-08,1.0223636278085288e-06,8.868295634850567e-08,1
1007,2.3432910959128692e-08,1.0223636278085288e-06,5.4212889040871316e-08,0
1008,1.1286991576400136e-08,1.0223636278085288e-06,3.6781708423599864e-08,0
1009,2.9075811192413637e-09,1.0223636278085288e-06,2.7078518880758635e-08,0
1010,3.6738091099527436e-10,1.0223636278085288e-06,2.0650519089004726e-08,0
1011,1.6658415873764215e-10,1.0223636278085288e-06,1.7207015841262358e-08,0
1012,1.5264600163570213e-09,1.0223636278085288e-06,1.4635539983642978e-08,0
1013,7.681281926709023e-09,1.0223636278085288e-06,1.1746818073290976e-08,0
1014,2.120516055028845e-08,1.0223636278085288e-06,1.997073944971155e-08,0
1015,4.6860548842352984e-08,1.0223636278085288e-06,6.076245115764701e-08,0
1016,1.1483417437578628e-07,1.0223636278085288e-06,1.331998256242137e-07,0
1017,2.924506904361689e-07,1.0223636278085288e-06,2.2601730956383117e-07,0
1018,7.635183109884838e-07,1.0223636278085288e-06,2.966016890115162e-07,0
1019,1.8312734110342391e-06,1.0223636278085288e-06,1.626165889657611e-07,0
1020,3.317270953318637e-06,1.0223636278085288e-06,-2.9192095331863664e-07,0
1021,4.032092111149936e-06,1.0223636278085288e-06,-6.528521111499352e-07,0
1022,3.113465590970478e-06,1.0223636278085288e-06,-5.009955909704781e-07,0
1023,1.4781684248943922e-06,1.0223636278085288e-06,-1.728984248943919e-07,0
