,C238S,max,diff,True
0,1.7177778021947276e-06,1.0622633685014449e-06,-3.027878021947277e-07,0
1,2.099391400042285e-06,1.0622633685014449e-06,-8.875140004228494e-08,0
2,1.4502874548076609e-06,1.0622633685014449e-06,1.9080254519233911e-07,0
3,6.028016068553639e-07,1.0622633685014449e-06,2.87753393144636e-07,0
4,1.7371200138070906e-07,1.0622633685014449e-06,2.0329599861929095e-07,0
5,5.4319939825511815e-08,1.0622633685014449e-06,8.715306017448817e-08,0
6,3.256128560693243e-08,1.0622633685014449e-06,3.787311439306756e-08,0
7,2.658739236429685e-08,1.0622633685014449e-06,6.921670763570315e-08,0
8,3.394090544544143e-08,1.0622633685014449e-06,1.5653509455455855e-07,0
9,8.91618416893063e-08,1.0622633685014449e-06,2.449821583106937e-07,0
10,2.1712681001574378e-07,1.0622633685014449e-06,2.919671899842562e-07,0
11,3.9278050580884265e-07,1.0622633685014449e-06,2.928924941911574e-07,0
12,5.577425118625012e-07,1.0622633685014449e-06,2.4053648813749883e-07,0
13,6.419785522404057e-07,1.0622633685014449e-06,1.4832944775959428e-07,0
14,6.089315618254511e-07,1.0622633685014449e-06,6.519643817454895e-08,0
15,5.23158918535638e-07,1.0622633685014449e-06,-1.374891853563798e-08,0
16,4.5026838528464297e-07,1.0622633685014449e-06,-9.6172385284643e-08,0
17,3.5080532995262e-07,1.0622633685014449e-06,-1.1794132995261998e-07,0
18,2.1533962189385023e-07,1.0622633685014449e-06,-7.446662189385021e-08,0
19,1.0613511243293383e-07,1.0622633685014449e-06,-1.8198412432933827e-08,0
20,4.434596645027091e-08,1.0622633685014449e-06,3.831093354972908e-08,0
21,2.025693664271684e-08,1.0622633685014449e-06,9.633306335728317e-08,0
22,3.515516291557198e-08,1.0622633685014449e-06,1.5266183708442805e-07,0
23,1.252600063299583e-07,1.0622633685014449e-06,1.9302799367004173e-07,0
24,4.460845637768571e-07,1.0622633685014449e-06,1.6669343622314293e-07,0
25,1.5502911536578115e-06,1.0622633685014449e-06,-1.6989115365781155e-07,0
26,4.7370878633451935e-06,1.0622633685014449e-06,-1.5025578633451938e-06,1
27,1.1336624128559345e-05,1.0622633685014449e-06,-4.486144128559345e-06,1
28,1.994762912129544e-05,1.0622633685014449e-06,-8.169629121295441e-06,1
29,2.519120721513501e-05,1.0622633685014449e-06,-9.925007215135011e-06,1
30,2.251958190960778e-05,1.0622633685014449e-06,-8.355781909607778e-06,1
31,1.3847494798260275e-05,1.0622633685014449e-06,-4.925834798260274e-06,1
32,4.168298662734137e-06,1.0622633685014449e-06,-2.8494866273413715e-07,0
33,4.704346827375866e-06,1.0622633685014449e-06,7.466317262413382e-08,0
34,3.0657315947861323e-06,1.0622633685014449e-06,3.789484052138678e-07,0
35,1.233131305574884e-06,1.0622633685014449e-06,4.599786944251157e-07,0
36,3.483339345151189e-07,1.0622633685014449e-06,3.385670654848811e-07,0
37,1.0068537732474454e-07,1.0622633685014449e-06,1.8480862267525546e-07,0
38,5.916533448188358e-08,1.0622633685014449e-06,1.2790366551811643e-07,0
39,6.611455096648126e-08,1.0622633685014449e-06,1.9436944903351876e-07,0
40,1.4073487795634461e-07,1.0622633685014449e-06,3.3858012204365536e-07,0
41,3.881048415246704e-07,1.0622633685014449e-06,4.411171584753296e-07,0
42,8.575920973270615e-07,1.0622633685014449e-06,3.905879026729385e-07,0
43,1.45272215754855e-06,1.0622633685014449e-06,1.9225784245144994e-07,0
44,1.9651345517591818e-06,1.0622633685014449e-06,-3.079455175918167e-08,0
45,2.142895607826168e-06,1.0622633685014449e-06,-1.0086560782616801e-07,0
46,1.9223859255775232e-06,1.0622633685014449e-06,6.924074422476496e-09,0
47,1.5587558663390575e-06,1.0622633685014449e-06,8.052413366094245e-08,0
48,1.2280677192500126e-06,1.0622633685014449e-06,3.7942280749987264e-08,0
49,8.647474207888511e-07,1.0622633685014449e-06,4.401579211148926e-09,0
50,4.899656420544474e-07,1.0622633685014449e-06,5.00773579455526e-08,0
51,2.2208746273019534e-07,1.0622633685014449e-06,1.5151853726980462e-07,0
52,9.299149280475152e-08,1.0622633685014449e-06,2.785495071952485e-07,1
53,7.326113031903879e-08,1.0622633685014449e-06,4.295398696809612e-07,1
54,1.6521432852839775e-07,1.0622633685014449e-06,5.682366714716024e-07,0
55,4.942408576473604e-07,1.0622633685014449e-06,6.405591423526397e-07,0
56,1.596827529520741e-06,1.0622633685014449e-06,5.42822470479259e-07,0
57,5.114756557103959e-06,1.0622633685014449e-06,-2.3358655710395976e-07,0
58,1.4095091917494285e-05,1.0622633685014449e-06,-2.698691917494283e-06,1
59,3.0324720022700635e-05,1.0622633685014449e-06,-7.247220022700634e-06,1
60,4.8424342369406205e-05,1.0622633685014449e-06,-1.1877142369406203e-05,1
61,5.6107968873177905e-05,1.0622633685014449e-06,-1.3338368873177907e-05,1
62,4.6242101987005716e-05,1.0622633685014449e-06,-1.065510198700572e-05,1
63,2.6135713739121492e-05,1.0622633685014449e-06,-6.070213739121492e-06,1
64,5.215942973142104e-06,1.0622633685014449e-06,-2.1562973142103515e-08,0
65,5.532356396551025e-06,1.0622633685014449e-06,3.2225360344897554e-07,0
66,3.495115642175321e-06,1.0622633685014449e-06,4.112643578246797e-07,0
67,1.4321009052138686e-06,1.0622633685014449e-06,3.916890947861315e-07,0
68,4.458706055452062e-07,1.0622633685014449e-06,3.179373944547937e-07,0
69,1.5011310113301079e-07,1.0622633685014449e-06,2.3128889886698923e-07,0
70,9.789127144194184e-08,1.0622633685014449e-06,1.8185472855805816e-07,0
71,1.3880987513397026e-07,1.0622633685014449e-06,1.9428412486602972e-07,0
72,3.3576541455448554e-07,1.0622633685014449e-06,2.3045358544551443e-07,0
73,8.751330881255095e-07,1.0622633685014449e-06,1.0924091187449049e-07,0
74,1.9055792298054984e-06,1.0622633685014449e-06,-3.9125922980549824e-07,0
75,3.3190753993786364e-06,1.0622633685014449e-06,-1.2038353993786364e-06,0
76,4.558752208320513e-06,1.0622633685014449e-06,-1.7777922083205129e-06,1
77,4.917669041654447e-06,1.0622633685014449e-06,-1.5234490416544469e-06,1
78,4.4011890165103054e-06,1.0622633685014449e-06,-6.52469016510306e-07,0
79,3.644314813827408e-06,1.0622633685014449e-06,7.154518617259216e-08,0
80,2.8820531352469836e-06,1.0622633685014449e-06,3.3712686475301627e-07,0
81,1.9938425115315263e-06,1.0622633685014449e-06,3.595274884684739e-07,0
82,1.117392022906066e-06,1.0622633685014449e-06,4.0659797709393407e-07,0
83,5.099659370500522e-07,1.0622633685014449e-06,5.444840629499477e-07,1
84,2.4010520615624907e-07,1.0622633685014449e-06,7.563037938437509e-07,1
85,2.6038281085907075e-07,1.0622633685014449e-06,9.980071891409293e-07,1
86,5.608477090675096e-07,1.0622633685014449e-06,1.1383422909324906e-06,1
87,1.3598984403788073e-06,1.0622633685014449e-06,1.0907415596211929e-06,1
88,3.720048892542469e-06,1.0622633685014449e-06,7.962511074575313e-07,0
89,1.0349784103914115e-05,1.0622633685014449e-06,5.1515896085886086e-08,0
90,2.5125232683974967e-05,1.0622633685014449e-06,-1.4939326839749649e-06,0
91,4.852447177884221e-05,1.0622633685014449e-06,-4.067271778842202e-06,0
92,7.069697542135397e-05,1.0622633685014449e-06,-6.866875421353977e-06,1
93,7.538056191736091e-05,1.0622633685014449e-06,-8.19386191736091e-06,1
94,5.724296058322069e-05,1.0622633685014449e-06,-6.865760583220689e-06,1
95,2.9768168294726605e-05,1.0622633685014449e-06,-4.024868294726607e-06,1
96,3.920363871933169e-06,1.0622633685014449e-06,6.295361280668312e-07,0
97,4.045007139162944e-06,1.0622633685014449e-06,8.477228608370565e-07,0
98,2.6124305337118663e-06,1.0622633685014449e-06,5.246694662881337e-07,0
99,1.2087157659162612e-06,1.0622633685014449e-06,2.2845423408373896e-07,0
100,5.013191814427096e-07,1.0622633685014449e-06,1.535048185572904e-07,0
101,2.496989563623833e-07,1.0622633685014449e-06,1.4717904363761675e-07,0
102,1.8247431806144182e-07,1.0622633685014449e-06,1.1641568193855818e-07,0
103,2.198961701806528e-07,1.0622633685014449e-06,7.398782981934717e-08,0
104,4.867237489858143e-07,1.0622633685014449e-06,-4.9925748985814325e-08,0
105,1.2916391926795056e-06,1.0622633685014449e-06,-5.231741926795056e-07,0
106,2.9661914813124107e-06,1.0622633685014449e-06,-1.6284114813124107e-06,1
107,5.377257594080195e-06,1.0622633685014449e-06,-3.137457594080195e-06,1
108,7.530234154342339e-06,1.0622633685014449e-06,-4.0363141543423395e-06,1
109,8.427055176567617e-06,1.0622633685014449e-06,-3.472185176567618e-06,1
110,8.289719457341865e-06,1.0622633685014449e-06,-1.954469457341865e-06,0
111,7.653609960421443e-06,1.0622633685014449e-06,-5.978199604214438e-07,0
112,6.24283477803889e-06,1.0622633685014449e-06,2.414352219611102e-07,0
113,4.104504584636058e-06,1.0622633685014449e-06,7.311054153639416e-07,0
114,2.120644704547165e-06,1.0622633685014449e-06,1.0019152954528346e-06,1
115,9.219889950872612e-07,1.0622633685014449e-06,1.188351004912739e-06,1
116,5.264209429288921e-07,1.0622633685014449e-06,1.412259057071108e-06,1
117,8.017047971243948e-07,1.0622633685014449e-06,1.6425052028756055e-06,1
118,1.6386589897674943e-06,1.0622633685014449e-06,1.672391010232506e-06,1
119,3.184248877710548e-06,1.0622633685014449e-06,1.4420611222894518e-06,1
120,6.923185357145717e-06,1.0622633685014449e-06,1.2788446428542822e-06,0
121,1.6361616695063598e-05,1.0622633685014449e-06,1.689683304936403e-06,0
122,3.516352177268225e-05,1.0622633685014449e-06,2.6763782273177443e-06,0
123,6.112245768943185e-05,1.0622633685014449e-06,2.9680423105681513e-06,0
124,8.070328927448642e-05,1.0622633685014449e-06,1.4472107255135782e-06,0
125,7.803822017223659e-05,1.0622633685014449e-06,-6.338201722365963e-07,0
126,5.374115427612054e-05,1.0622633685014449e-06,-1.2421542761205441e-06,0
127,2.5476836105759055e-05,1.0622633685014449e-06,-8.595361057590559e-07,0
128,2.3021629496161054e-06,1.0622633685014449e-06,1.0269570503838943e-06,1
129,2.4637036606196757e-06,1.0622633685014449e-06,1.0306463393803241e-06,1
130,1.8132618830267738e-06,1.0622633685014449e-06,3.9547811697322655e-07,0
131,1.1046609134722558e-06,1.0622633685014449e-06,-3.5930913472255975e-08,0
132,6.638779448377025e-07,1.0622633685014449e-06,-7.721394483770251e-08,0
133,4.192296305028073e-07,1.0622633685014449e-06,-1.4057630502807268e-08,0
134,2.7486574148491173e-07,1.0622633685014449e-06,1.4821258515088233e-08,0
135,2.4775478412442927e-07,1.0622633685014449e-06,-1.864078412442927e-08,0
136,5.248032306398214e-07,1.0622633685014449e-06,-2.3455823063982136e-07,1
137,1.497413463489104e-06,1.0622633685014449e-06,-9.14660463489104e-07,1
138,3.594055157807498e-06,1.0622633685014449e-06,-2.2818151578074983e-06,1
139,6.685066800527857e-06,1.0622633685014449e-06,-3.979446800527857e-06,1
140,9.792034602778115e-06,1.0622633685014449e-06,-4.9516646027781155e-06,1
141,1.2060820200259215e-05,1.0622633685014449e-06,-4.4456402002592145e-06,1
142,1.3335977682365906e-05,1.0622633685014449e-06,-2.9020776823659062e-06,0
143,1.289220377084559e-05,1.0622633685014449e-06,-1.0915037708455908e-06,0
144,1.0015393138245316e-05,1.0622633685014449e-06,5.305068617546823e-07,0
145,5.988501808862097e-06,1.0622633685014449e-06,1.483728191137904e-06,0
146,2.80673524764e-06,1.0622633685014449e-06,1.7390747523599995e-06,1
147,1.1905951291414758e-06,1.0622633685014449e-06,1.7442048708585245e-06,1
148,9.606705045071757e-07,1.0622633685014449e-06,1.8100194954928244e-06,1
149,1.897608460315656e-06,1.0622633685014449e-06,1.8832915396843437e-06,1
150,3.6328693032913087e-06,1.0622633685014449e-06,1.6816406967086917e-06,1
151,5.983004256627024e-06,1.0622633685014449e-06,1.5138857433729754e-06,1
152,1.0821852393210644e-05,1.0622633685014449e-06,2.242547606789356e-06,1
153,2.238838669141347e-05,1.0622633685014449e-06,4.351013308586529e-06,1
154,4.348122699135923e-05,1.0622633685014449e-06,6.882473008640773e-06,1
155,6.861879877351241e-05,1.0622633685014449e-06,7.1112012264875875e-06,1
156,8.210714783132176e-05,1.0622633685014449e-06,4.246152168678238e-06,0
157,7.193178598449106e-05,1.0622633685014449e-06,1.5099140155089383e-06,0
158,4.5146250932830956e-05,1.0622633685014449e-06,7.488490671690446e-07,0
159,1.977661477229894e-05,1.0622633685014449e-06,4.255852277010609e-07,0
160,1.4786677154453276e-06,1.0622633685014449e-06,9.795722845546727e-07,1
161,1.8268224420731431e-06,1.0622633685014449e-06,8.356575579268567e-07,1
162,1.717766898234491e-06,1.0622633685014449e-06,1.1317310176550918e-07,0
163,1.420109447008304e-06,1.0622633685014449e-06,-3.586594470083039e-07,0
164,1.053753896357606e-06,1.0622633685014449e-06,-3.531508963576059e-07,0
165,6.639940621080494e-07,1.0622633685014449e-06,-1.5562306210804938e-07,0
166,3.7245932868779397e-07,1.0622633685014449e-06,-2.8928328687793987e-08,0
167,2.878125729363172e-07,1.0622633685014449e-06,-5.315057293631719e-08,0
168,5.859424895887464e-07,1.0622633685014449e-06,-3.1661848958874635e-07,1
169,1.7089806894709925e-06,1.0622633685014449e-06,-1.0676616894709925e-06,1
170,4.172890879567471e-06,1.0622633685014449e-06,-2.4286308795674712e-06,1
171,7.986628643010582e-06,1.0622633685014449e-06,-3.931758643010582e-06,1
172,1.25165466855156e-05,1.0622633685014449e-06,-4.7164366855155985e-06,1
173,1.680448975347282e-05,1.0622633685014449e-06,-4.22138975347282e-06,1
174,1.9204964184358705e-05,1.0622633685014449e-06,-2.3988641843587063e-06,0
175,1.7725007369521552e-05,1.0622633685014449e-06,1.1669263047845062e-07,0
176,1.2651551509413995e-05,1.0622633685014449e-06,1.979348490586004e-06,0
177,6.959781738212552e-06,1.0622633685014449e-06,2.474198261787448e-06,1
178,3.0455308411791715e-06,1.0622633685014449e-06,2.202659158820828e-06,1
179,1.308561813763633e-06,1.0622633685014449e-06,1.8411581862363669e-06,1
180,1.3501502807428787e-06,1.0622633685014449e-06,1.5984497192571214e-06,1
181,2.789214654555581e-06,1.0622633685014449e-06,1.3255853454444189e-06,0
182,5.0100275128812515e-06,1.0622633685014449e-06,9.895124871187495e-07,0
183,7.8463411559051e-06,1.0622633685014449e-06,1.3345788440949005e-06,0
184,1.3531091344698633e-05,1.0622633685014449e-06,3.0842086553013665e-06,1
185,2.621782573128333e-05,1.0622633685014449e-06,5.8824742687166714e-06,1
186,4.7460701501666167e-05,1.0622633685014449e-06,7.595198498333836e-06,1
187,6.950157140384836e-05,1.0622633685014449e-06,5.661728596151645e-06,0
188,7.680987238498218e-05,1.0622633685014449e-06,1.49432761501782e-06,0
189,6.227747595388095e-05,1.0622633685014449e-06,-5.465759538809468e-07,0
190,3.657056003714541e-05,1.0622633685014449e-06,-2.3960037145412567e-08,0
191,1.5246831789151438e-05,1.0622633685014449e-06,3.857682108485621e-07,0
192,1.4437752166242543e-06,1.0622633685014449e-06,8.466947833757456e-07,1
193,2.1668783587650342e-06,1.0622633685014449e-06,6.104816412349658e-07,0
194,2.498708994821517e-06,1.0622633685014449e-06,-2.848089948215174e-07,0
195,2.352106809308501e-06,1.0622633685014449e-06,-8.779568093085013e-07,1
196,1.7544945169707733e-06,1.0622633685014449e-06,-7.434745169707733e-07,0
197,1.028662158831022e-06,1.0622633685014449e-06,-3.3055515883102204e-07,0
198,5.388451961295939e-07,1.0622633685014449e-06,-9.430119612959391e-08,0
199,3.8974572544472587e-07,1.0622633685014449e-06,-9.26347254447259e-08,0
200,7.786784227131591e-07,1.0622633685014449e-06,-3.980054227131591e-07,1
201,2.340170686727077e-06,1.0622633685014449e-06,-1.3078806867270768e-06,1
202,5.826636974736986e-06,1.0622633685014449e-06,-2.861546974736986e-06,1
203,1.1427440777303035e-05,1.0622633685014449e-06,-4.397200777303036e-06,1
204,1.8345852036276285e-05,1.0622633685014449e-06,-4.929252036276284e-06,1
205,2.428745073419256e-05,1.0622633685014449e-06,-3.474550734192562e-06,1
206,2.6077956634479322e-05,1.0622633685014449e-06,-4.0356634479319525e-08,0
207,2.2260146309559242e-05,1.0622633685014449e-06,3.216053690440756e-06,1
208,1.488576796884338e-05,1.0622633685014449e-06,4.295532031156622e-06,1
209,7.807865907828672e-06,1.0622633685014449e-06,3.664734092171327e-06,1
210,3.2898453481576057e-06,1.0622633685014449e-06,2.7296646518423947e-06,1
211,1.3707592688000905e-06,1.0622633685014449e-06,2.000360731199909e-06,1
212,1.2952397338497571e-06,1.0622633685014449e-06,1.449380266150243e-06,1
213,2.4370247242419673e-06,1.0622633685014449e-06,1.0346352757580326e-06,0
214,4.391325861422501e-06,1.0622633685014449e-06,9.46584138577498e-07,0
215,7.5488433456505065e-06,1.0622633685014449e-06,1.7366366543494932e-06,0
216,1.4103943317198199e-05,1.0622633685014449e-06,3.5896566828018004e-06,1
217,2.757790718590041e-05,1.0622633685014449e-06,5.4346928140995935e-06,1
218,4.849365649399888e-05,1.0622633685014449e-06,5.281143506001122e-06,1
219,6.787592611389538e-05,1.0622633685014449e-06,2.198873886104615e-06,0
220,7.146996731361136e-05,1.0622633685014449e-06,-1.5537673136113619e-06,0
221,5.571180993322252e-05,1.0622633685014449e-06,-2.425309933222524e-06,0
222,3.205968083626997e-05,1.0622633685014449e-06,-7.533808362699678e-07,0
223,1.3480825484555506e-05,1.0622633685014449e-06,3.2267451544449355e-07,0
224,2.4014352279961798e-06,1.0622633685014449e-06,7.438947720038204e-07,1
225,3.859591751876911e-06,1.0622633685014449e-06,2.245782481230885e-07,0
226,4.377024390825477e-06,1.0622633685014449e-06,-9.89434390825477e-07,0
227,3.7044095987804205e-06,1.0622633685014449e-06,-1.4704795987804206e-06,1
228,2.3906360843815516e-06,1.0622633685014449e-06,-9.678260843815515e-07,0
229,1.2631942200757203e-06,1.0622633685014449e-06,-3.756502200757203e-07,0
230,6.606475714027061e-07,1.0622633685014449e-06,-1.304635714027061e-07,0
231,5.469644972840153e-07,1.0622633685014449e-06,-1.5707349728401533e-07,0
232,1.2720310454891149e-06,1.0622633685014449e-06,-6.280050454891148e-07,1
233,3.885737440850199e-06,1.0622633685014449e-06,-2.0180274408501996e-06,1
234,9.577115240639864e-06,1.0622633685014449e-06,-4.261745240639865e-06,1
235,1.8589184977466e-05,1.0622633685014449e-06,-6.176284977466001e-06,1
236,2.9062788960309644e-05,1.0622633685014449e-06,-6.062488960309644e-06,1
237,3.659565343402268e-05,1.0622633685014449e-06,-2.648253434022682e-06,0
238,3.7082160147647695e-05,1.0622633685014449e-06,2.7611398523523037e-06,0
239,3.0063482594360676e-05,1.0622633685014449e-06,6.523317405639324e-06,1
240,1.9137628577636813e-05,1.0622633685014449e-06,7.009871422363187e-06,1
241,9.457690563617118e-06,1.0622633685014449e-06,5.660909436382882e-06,1
242,3.719842893225834e-06,1.0622633685014449e-06,4.239197106774166e-06,1
243,1.4408402152179946e-06,1.0622633685014449e-06,3.2268697847820046e-06,1
244,1.1164749012095773e-06,1.0622633685014449e-06,2.5867950987904225e-06,1
245,1.7523020725660438e-06,1.0622633685014449e-06,2.2943179274339563e-06,1
246,3.215747996950281e-06,1.0622633685014449e-06,2.2908220030497183e-06,1
247,6.432276119946985e-06,1.0622633685014449e-06,2.7407538800530154e-06,1
248,1.3855011133944012e-05,1.0622633685014449e-06,3.549488866055987e-06,1
249,2.9024639875331403e-05,1.0622633685014449e-06,3.6629601246685988e-06,1
250,5.161657563127303e-05,1.0622633685014449e-06,2.0226243687269696e-06,0
251,7.142377734950041e-05,1.0622633685014449e-06,-1.2008773495004115e-06,0
252,7.478532159215443e-05,1.0622633685014449e-06,-3.89882159215444e-06,0
253,5.946293622308077e-05,1.0622633685014449e-06,-3.2315362230807664e-06,0
254,3.6154476016910324e-05,1.0622633685014449e-06,-3.994760169103245e-07,0
255,1.656695195422901e-05,1.0622633685014449e-06,8.622480457709885e-07,0
256,4.2597888668420544e-06,1.0622633685014449e-06,3.6020113315794554e-07,0
257,6.247066303172586e-06,1.0622633685014449e-06,-5.711363031725851e-07,0
258,6.105720711623941e-06,1.0622633685014449e-06,-1.7487307116239406e-06,0
259,4.244137063397085e-06,1.0622633685014449e-06,-1.6272170633970848e-06,0
260,2.2501587445463366e-06,1.0622633685014449e-06,-7.589687445463366e-07,0
261,1.0770664409427886e-06,1.0622633685014449e-06,-2.421404409427887e-07,0
262,6.23155440712899e-07,1.0622633685014449e-06,-1.3303844071289896e-07,0
263,7.532126120697648e-07,1.0622633685014449e-06,-3.068666120697648e-07,0
264,2.1428869987335296e-06,1.0622633685014449e-06,-1.1634359987335296e-06,1
265,6.4359027665662785e-06,1.0622633685014449e-06,-3.2894627665662786e-06,1
266,1.5630951650822392e-05,1.0622633685014449e-06,-6.2931616508223925e-06,1
267,3.0457874291100275e-05,1.0622633685014449e-06,-8.323274291100275e-06,1
268,4.750028893734583e-05,1.0622633685014449e-06,-7.236888937345835e-06,1
269,5.8719097732301505e-05,1.0622633685014449e-06,-2.1738977323015025e-06,0
270,5.742363431546819e-05,1.0622633685014449e-06,4.635765684531809e-06,1
271,4.385452010260077e-05,1.0622633685014449e-06,9.192779897399228e-06,1
272,2.552150818421252e-05,1.0622633685014449e-06,9.828391815787478e-06,1
273,1.1233598035843466e-05,1.0622633685014449e-06,8.225201964156535e-06,1
274,3.9734855244138185e-06,1.0622633685014449e-06,6.533114475586182e-06,1
275,1.586293816776562e-06,1.0622633685014449e-06,5.369986183223438e-06,1
276,1.285128402302397e-06,1.0622633685014449e-06,4.621371597697603e-06,1
277,1.7009191651871177e-06,1.0622633685014449e-06,4.075790834812881e-06,1
278,2.9071379489835e-06,1.0622633685014449e-06,3.5870220510164995e-06,1
279,6.32039421533917e-06,1.0622633685014449e-06,3.287545784660829e-06,1
280,1.529317597339989e-05,1.0622633685014449e-06,3.07662402660011e-06,1
281,3.406015133882252e-05,1.0622633685014449e-06,2.4583486611774806e-06,0
282,6.111522714946291e-05,1.0622633685014449e-06,1.3818728505370933e-06,0
283,8.437478321631368e-05,1.0622633685014449e-06,-1.417832163136878e-07,0
284,9.021012531234984e-05,1.0622633685014449e-06,-1.2700253123498382e-06,0
285,7.583386568611636e-05,1.0622633685014449e-06,1.5793431388364432e-07,0
286,4.956038122969694e-05,1.0622633685014449e-06,2.7310187703030657e-06,0
287,2.396281816520913e-05,1.0622633685014449e-06,2.6797818347908705e-06,1
288,5.0111864238000836e-06,1.0622633685014449e-06,-2.4911642380008344e-07,0
289,6.325284145647028e-06,1.0622633685014449e-06,-1.1311641456470291e-06,0
290,5.131614718051641e-06,1.0622633685014449e-06,-1.6117947180516407e-06,0
291,2.8849944552943336e-06,1.0622633685014449e-06,-1.0393144552943338e-06,0
292,1.2723813034725016e-06,1.0622633685014449e-06,-3.7266930347250163e-07,0
293,5.877639294564342e-07,1.0622633685014449e-06,-1.4033092945643426e-07,0
294,4.453076289300912e-07,1.0622633685014449e-06,-1.6070762893009118e-07,0
295,8.892620250970644e-07,1.0622633685014449e-06,-4.945020250970644e-07,1
296,2.920607763233325e-06,1.0622633685014449e-06,-1.640117763233325e-06,1
297,8.955128147459893e-06,1.0622633685014449e-06,-4.037658147459893e-06,1
298,2.266921752546054e-05,1.0622633685014449e-06,-6.849717525460541e-06,1
299,4.565716884389308e-05,1.0622633685014449e-06,-7.688768843893077e-06,1
300,7.128826427124436e-05,1.0622633685014449e-06,-4.979264271244368e-06,1
301,8.553279680596422e-05,1.0622633685014449e-06,5.364031940357855e-07,0
302,7.82763730075827e-05,1.0622633685014449e-06,6.637426992417292e-06,1
303,5.354896852025616e-05,1.0622633685014449e-06,1.0234031479743837e-05,1
304,2.6891109316979277e-05,1.0622633685014449e-06,1.006829068302072e-05,1
305,1.001855336105742e-05,1.0622633685014449e-06,8.177146638942579e-06,1
306,3.110645874238016e-06,1.0622633685014449e-06,6.5219141257619846e-06,1
307,1.3219089525703294e-06,1.0622633685014449e-06,5.37543104742967e-06,1
308,1.202878336692658e-06,1.0622633685014449e-06,4.481711663307343e-06,1
309,1.6361477613222997e-06,1.0622633685014449e-06,3.6716022386777005e-06,1
310,2.955886384255025e-06,1.0622633685014449e-06,3.0110436157449748e-06,1
311,7.032783448233699e-06,1.0622633685014449e-06,2.7054765517663013e-06,1
312,1.8220371127183186e-05,1.0622633685014449e-06,2.970728872816815e-06,0
313,4.1013980047059364e-05,1.0622633685014449e-06,4.556019952940635e-06,0
314,7.220690972501008e-05,1.0622633685014449e-06,7.673990274989918e-06,0
315,9.844278661360196e-05,1.0622633685014449e-06,9.594213386398046e-06,0
316,0.00010622633685014448,1.0622633685014449e-06,8.990663149855525e-06,0
317,9.091052851622522e-05,1.0622633685014449e-06,8.645171483774781e-06,1
318,5.937384686776313e-05,1.0622633685014449e-06,7.76215313223687e-06,1
319,2.7815080099077538e-05,1.0622633685014449e-06,4.0883199009224655e-06,1
320,3.449768060870265e-06,1.0622633685014449e-06,-6.97968060870265e-07,0
321,3.705688258812831e-06,1.0622633685014449e-06,-1.0314582588128308e-06,0
322,2.478909877312548e-06,1.0622633685014449e-06,-8.542098773125481e-07,0
323,1.134775732394257e-06,1.0622633685014449e-06,-3.8752273239425697e-07,0
324,4.299607561236706e-07,1.0622633685014449e-06,-1.2551175612367055e-07,0
325,2.092064758366137e-07,1.0622633685014449e-06,-7.55884758366137e-08,0
326,2.5792695566665643e-07,1.0622633685014449e-06,-1.4783195566665645e-07,1
327,8.133298421356193e-07,1.0622633685014449e-06,-5.087768421356194e-07,1
328,3.0650730310348577e-06,1.0622633685014449e-06,-1.5551330310348577e-06,1
329,1.017743739129482e-05,1.0622633685014449e-06,-3.3888273912948187e-06,1
330,2.6925609209691605e-05,1.0622633685014449e-06,-4.564309209691603e-06,1
331,5.393429849102053e-05,1.0622633685014449e-06,-3.0161984910205284e-06,0
332,8.060955643006358e-05,1.0622633685014449e-06,1.4524356993641597e-07,0
333,8.95165205474721e-05,1.0622633685014449e-06,2.6389794525278964e-06,0
334,7.267451056527383e-05,1.0622633685014449e-06,4.5033894347261736e-06,0
335,4.215424432401641e-05,1.0622633685014449e-06,5.482755675983586e-06,1
336,1.7331931582939937e-05,1.0622633685014449e-06,5.096968417060061e-06,1
337,5.2144812089368636e-06,1.0622633685014449e-06,4.083548791063137e-06,1
338,1.3850793652106858e-06,1.0622633685014449e-06,3.1447806347893142e-06,1
339,6.306882194539446e-07,1.0622633685014449e-06,2.422661780546055e-06,1
340,6.686650484266251e-07,1.0622633685014449e-06,1.8631249515733752e-06,1
341,1.0825399304823571e-06,1.0622633685014449e-06,1.4161000695176428e-06,1
342,2.40695791594084e-06,1.0622633685014449e-06,1.1292120840591597e-06,0
343,6.645811270034304e-06,1.0622633685014449e-06,1.2454887299656958e-06,0
344,1.7972245837384002e-05,1.0622633685014449e-06,2.7256541626159983e-06,0
345,3.977622551745795e-05,1.0622633685014449e-06,7.139074482542042e-06,1
346,6.784076272566679e-05,1.0622633685014449e-06,1.32129372743332e-05,1
347,8.980488901105807e-05,1.0622633685014449e-06,1.6123110988941922e-05,1
348,9.405231347177531e-05,1.0622633685014449e-06,1.4694686528224696e-05,1
349,7.719363425253961e-05,1.0622633685014449e-06,1.1311265747460388e-05,1
350,4.760241093076064e-05,1.0622633685014449e-06,6.252589069239358e-06,1
351,2.091210393217576e-05,1.0622633685014449e-06,1.3620960678242396e-06,0
352,1.440619250577885e-06,1.0622633685014449e-06,-5.498122505778851e-07,1
353,1.3214723886964053e-06,1.0622633685014449e-06,-5.239683886964053e-07,0
354,7.327253514673781e-07,1.0622633685014449e-06,-2.8095835146737817e-07,0
355,2.75905439634557e-07,1.0622633685014449e-06,-8.531143963455703e-08,0
356,9.04993896409571e-08,1.0622633685014449e-06,-2.0038889640957103e-08,0
357,5.069970992135651e-08,1.0622633685014449e-06,-1.8347809921356504e-08,0
358,1.2472259576409054e-07,1.0622633685014449e-06,-7.741089576409055e-08,1
359,5.697831698494908e-07,1.0622633685014449e-06,-3.212291698494908e-07,1
360,2.4742068005753387e-06,1.0622633685014449e-06,-9.587468005753388e-07,1
361,8.661483060053777e-06,1.0622633685014449e-06,-1.8003330600537769e-06,1
362,2.2581434470014e-05,1.0622633685014449e-06,-1.7318344700140006e-06,0
363,4.269428353496472e-05,1.0622633685014449e-06,-6.697835349647236e-07,0
364,5.838084470500982e-05,1.0622633685014449e-06,-8.191447050098156e-07,0
365,5.721806169785942e-05,1.0622633685014449e-06,-2.1562616978594186e-06,0
366,3.929235866294561e-05,1.0622633685014449e-06,-2.0604586629456134e-06,0
367,1.852392694234268e-05,1.0622633685014449e-06,-5.107269423426796e-07,0
368,6.003017597702606e-06,1.0622633685014449e-06,6.110724022973937e-07,0
369,1.407536199203126e-06,1.0622633685014449e-06,8.194538007968743e-07,1
370,3.178503076892106e-07,1.0622633685014449e-06,6.388716923107895e-07,1
371,1.647856651559659e-07,1.0622633685014449e-06,4.3562833484403417e-07,1
372,2.1915674977782765e-07,1.0622633685014449e-06,2.9267125022217237e-07,1
373,4.7260729129422686e-07,1.0622633685014449e-06,1.8825570870577307e-07,0
374,1.3795643946014968e-06,1.0622633685014449e-06,1.3780560539850304e-07,0
375,4.376639610352108e-06,1.0622633685014449e-06,4.443803896478915e-07,0
376,1.2168146281549498e-05,1.0622633685014449e-06,2.043753718450502e-06,0
377,2.635841893976726e-05,1.0622633685014449e-06,5.60828106023274e-06,1
378,4.3184495710495545e-05,1.0622633685014449e-06,9.186504289504459e-06,1
379,5.436631299743939e-05,1.0622633685014449e-06,9.742187002560608e-06,1
380,5.349543356583609e-05,1.0622633685014449e-06,7.229966434163912e-06,1
381,4.069672158788477e-05,1.0622633685014449e-06,3.366378412115229e-06,0
382,2.314564969986859e-05,1.0622633685014449e-06,-9.104969986858954e-08,0
383,9.42269253010835e-06,1.0622633685014449e-06,-1.3502925301083493e-06,1
384,3.4699253120189447e-07,1.0622633685014449e-06,-1.7197153120189448e-07,0
385,2.7084714533179873e-07,1.0622633685014449e-06,-1.2527414533179872e-07,0
386,1.2478377847732552e-07,1.0622633685014449e-06,-4.7300578477325524e-08,0
387,3.875092753504031e-08,1.0622633685014449e-06,-6.603427535040316e-09,0
388,1.0946993678722665e-08,1.0622633685014449e-06,2.879706321277336e-09,0
389,1.068645734798546e-08,1.0622633685014449e-06,-6.544573479854593e-10,0
390,5.424940147871165e-08,1.0622633685014449e-06,-2.8460401478711652e-08,1
391,3.03349285164022e-07,1.0622633685014449e-06,-1.37994285164022e-07,1
392,1.399205034132615e-06,1.0622633685014449e-06,-4.108990341326149e-07,1
393,4.802385628307675e-06,1.0622633685014449e-06,-7.888656283076758e-07,1
394,1.1732633905520595e-05,1.0622633685014449e-06,-1.1818339055205957e-06,0
395,2.0216959823102397e-05,1.0622633685014449e-06,-2.104359823102397e-06,0
396,2.443510201234494e-05,1.0622633685014449e-06,-3.694402012344938e-06,1
397,2.0372136550160997e-05,1.0622633685014449e-06,-4.2741365501609965e-06,1
398,1.1449124535560993e-05,1.0622633685014449e-06,-2.8913745355609938e-06,1
399,4.273166824018351e-06,1.0622633685014449e-06,-1.084056824018351e-06,1
400,1.0674896760346337e-06,1.0622633685014449e-06,-1.6557767603463377e-07,0
401,1.9118635689637735e-07,1.0622633685014449e-06,5.229864310362269e-08,0
402,3.646824404679263e-08,1.0622633685014449e-06,5.453825595320737e-08,1
403,2.219075806415507e-08,1.0622633685014449e-06,3.308444193584493e-08,0
404,4.254718015298385e-08,1.0622633685014449e-06,1.8205319847016148e-08,0
405,1.3596383347175989e-07,1.0622633685014449e-06,1.0349166528240109e-08,0
406,5.183479328209897e-07,1.0622633685014449e-06,5.052306717901026e-08,0
407,1.8505001696229629e-06,1.0622633685014449e-06,3.1986983037703717e-07,0
408,5.251740732423604e-06,1.0622633685014449e-06,1.108739267576396e-06,0
409,1.1062905295600066e-05,1.0622633685014449e-06,2.217494704399933e-06,1
410,1.7237792543444502e-05,1.0622633685014449e-06,2.5557074565554976e-06,1
411,2.0306982451892624e-05,1.0622633685014449e-06,1.503717548107377e-06,0
412,1.8331455313975075e-05,1.0622633685014449e-06,-1.3665531397507458e-07,0
413,1.2614081941575958e-05,1.0622633685014449e-06,-1.322881941575958e-06,0
414,6.510649463691469e-06,1.0622633685014449e-06,-1.5445694636914689e-06,1
415,2.43135697326299e-06,1.0622633685014449e-06,-9.603769732629901e-07,1
416,4.2896672308627954e-08,1.0622633685014449e-06,-2.4479072308627956e-08,0
417,2.7697425677140485e-08,1.0622633685014449e-06,-1.4307025677140485e-08,0
418,1.0293405227281854e-08,1.0622633685014449e-06,-3.7144752272818537e-09,0
419,2.546598946034676e-09,1.0622633685014449e-06,4.494610539653237e-10,0
420,7.736418148499458e-10,1.0622633685014449e-06,1.3062781851500541e-09,0
421,2.7012807098259795e-09,1.0622633685014449e-06,6.144292901740205e-10,0
422,1.936815227138889e-08,1.0622633685014449e-06,-8.14655227138889e-09,0
423,1.1522007722694142e-07,1.0622633685014449e-06,-4.649197722694142e-08,1
424,5.109679747556936e-07,1.0622633685014449e-06,-1.526049747556936e-07,1
425,1.6040948512910768e-06,1.0622633685014449e-06,-3.714348512910768e-07,1
426,3.5176847603624962e-06,1.0622633685014449e-06,-7.924547603624965e-07,1
427,5.3523737920186665e-06,1.0622633685014449e-06,-1.4544437920186665e-06,1
428,5.5578505569168644e-06,1.0622633685014449e-06,-1.9020105569168644e-06,1
429,3.846266882138038e-06,1.0622633685014449e-06,-1.5697268821380379e-06,1
430,1.7356961908154133e-06,1.0622633685014449e-06,-7.813351908154134e-07,1
431,5.042331048467635e-07,1.0622633685014449e-06,-2.2562710484676345e-07,1
432,9.503870522611156e-08,1.0622633685014449e-06,-3.3743605226111565e-08,1
433,1.2546978977468498e-08,1.0622633685014449e-06,5.194210225315013e-10,0
434,1.8824304208114785e-09,1.0622633685014449e-06,3.0240595791885215e-09,0
435,1.560774432431537e-09,1.0622633685014449e-06,2.3154855675684635e-09,0
436,5.548026990128258e-09,1.0622633685014449e-06,2.5034030098717426e-09,0
437,2.8113491625157596e-08,1.0622633685014449e-06,1.0718008374842403e-08,0
438,1.3715295451351256e-07,1.0622633685014449e-06,5.4347045486487425e-08,0
439,5.267624546369768e-07,1.0622633685014449e-06,1.842345453630232e-07,0
440,1.4715967577999125e-06,1.0622633685014449e-06,3.785432422000876e-07,0
441,2.944956068698896e-06,1.0622633685014449e-06,4.1154393130110413e-07,0
442,4.2622022721185145e-06,1.0622633685014449e-06,7.839772788148588e-08,0
443,4.530890148145568e-06,1.0622633685014449e-06,-4.0962014814556864e-07,0
444,3.5898983331249826e-06,1.0622633685014449e-06,-6.816283331249828e-07,1
445,2.1664793931684304e-06,1.0622633685014449e-06,-6.667493931684306e-07,1
446,1.009929534334868e-06,1.0622633685014449e-06,-4.62920534334868e-07,1
447,3.467688293808558e-07,1.0622633685014449e-06,-2.093578293808558e-07,1
448,2.607513238213253e-09,1.0622633685014449e-06,-1.8920732382132527e-09,1
449,1.3217507557300335e-09,1.0622633685014449e-06,-8.976357557300334e-10,0
450,3.704138022423517e-10,1.0622633685014449e-06,-1.7864580224235168e-10,0
451,6.893444560555252e-11,1.0622633685014449e-06,5.0870554394447484e-11,0
452,6.295134208553284e-11,1.0622633685014449e-06,1.7519565791446719e-10,0
453,6.00895959621761e-10,1.0622633685014449e-06,1.3961704037823901e-10,0
454,4.925704791222767e-09,1.0622633685014449e-06,-1.5066447912227666e-09,0
455,2.843142981063573e-08,1.0622633685014449e-06,-1.006562981063573e-08,0
456,1.1222889767023847e-07,1.0622633685014449e-06,-3.7261697670238476e-08,1
457,3.0603216109192245e-07,1.0622633685014449e-06,-9.683516109192246e-08,1
458,5.837366042903513e-07,1.0622633685014449e-06,-1.9971160429035122e-07,1
459,7.650347010125999e-07,1.0622633685014449e-06,-3.072767010125999e-07,1
460,6.644590799352475e-07,1.0622633685014449e-06,-3.085230799352474e-07,1
461,3.7237330858042544e-07,1.0622633685014449e-06,-1.9077530858042543e-07,1
462,1.326134373017942e-07,1.0622633685014449e-06,-7.06686373017942e-08,1
463,2.9613846421311038e-08,1.0622633685014449e-06,-1.4845646421311039e-08,1
464,4.1300818400348005e-09,1.0622633685014449e-06,-1.5690518400348003e-09,0
465,3.8090496692712966e-10,1.0622633685014449e-06,8.141203307287028e-11,0
466,4.308127853841522e-11,1.0622633685014449e-06,2.006387214615848e-10,0
467,1.0916544930967945e-10,1.0622633685014449e-06,2.0058555069032054e-10,0
468,9.612260872796866e-10,1.0622633685014449e-06,7.522839127203134e-10,0
469,6.748157659844886e-09,1.0622633685014449e-06,4.749242340155114e-09,0
470,3.3278437277694185e-08,1.0622633685014449e-06,2.0716762722305814e-08,0
471,1.1846989516410151e-07,1.0622633685014449e-06,5.2352104835898485e-08,0
472,3.0491327861708074e-07,1.0622633685014449e-06,6.222872138291926e-08,0
473,5.503285264615073e-07,1.0622633685014449e-06,-1.0845264615072386e-09,0
474,6.855743248462946e-07,1.0622633685014449e-06,-9.578632484629459e-08,0
475,5.965163252017796e-07,1.0622633685014449e-06,-1.324213252017796e-07,1
476,3.795861572638824e-07,1.0622633685014449e-06,-1.1220015726388237e-07,1
477,1.9320969514241684e-07,1.0622633685014449e-06,-8.217869514241684e-08,1
478,8.212461310112723e-08,1.0622633685014449e-06,-4.919741310112723e-08,1
479,2.5902663981851488e-08,1.0622633685014449e-06,-1.897071398185149e-08,1
480,6.899425911523096e-11,1.0622633685014449e-06,-6.172979911523096e-11,1
481,2.7001387774617133e-11,1.0622633685014449e-06,-2.3594557774617133e-11,1
482,6.194962312445207e-12,1.0622633685014449e-06,-4.3832523124452074e-12,1
483,1.926801326360718e-12,1.0622633685014449e-06,2.3073786736392825e-12,0
484,7.626109422310034e-12,1.0622633685014449e-06,1.5411490577689966e-11,0
485,8.90269315143774e-11,1.0622633685014449e-06,7.048506848562259e-11,0
486,7.396897498645014e-10,1.0622633685014449e-06,2.375592501354984e-10,0
487,3.932756873667022e-09,1.0622633685014449e-06,1.191331263329775e-10,0
488,1.385971895453462e-08,1.0622633685014449e-06,-2.0389189545346197e-09,0
489,3.417336644941415e-08,1.0622633685014449e-06,-8.150166449414149e-09,0
490,5.838806192980527e-08,1.0622633685014449e-06,-1.757946192980527e-08,0
491,6.445563943082168e-08,1.0622633685014449e-06,-2.231053943082168e-08,0
492,4.383147714481008e-08,1.0622633685014449e-06,-1.552817714481008e-08,0
493,1.8399951658162166e-08,1.0622633685014449e-06,-5.503851658162164e-09,0
494,4.8629063013109954e-09,1.0622633685014449e-06,-5.777563013109956e-10,0
495,8.07979956178331e-10,1.0622633685014449e-06,2.1333004382166904e-10,0
496,8.380423842267902e-11,1.0622633685014449e-06,6.908676157732099e-11,0
497,9.637088187819797e-12,1.0622633685014449e-06,9.960611812180202e-12,0
498,1.120659822916601e-11,1.0622633685014449e-06,3.801201770833991e-12,0
499,4.83014546321547e-11,1.0622633685014449e-06,3.63926453678453e-11,0
500,3.297185209611681e-10,1.0622633685014449e-06,3.6623947903883203e-10,0
501,1.9507156504048147e-09,1.0622633685014449e-06,1.9209943495951854e-09,0
502,9.372900556551846e-09,1.0622633685014449e-06,4.739299443448156e-09,0
503,3.4773158523343847e-08,1.0622633685014449e-06,-4.750585233438473e-10,0
504,8.827607651188822e-08,1.0622633685014449e-06,-3.122867651188821e-08,1
505,1.4128242912950208e-07,1.0622633685014449e-06,-7.433272912950208e-08,1
506,1.3823931978368303e-07,1.0622633685014449e-06,-8.093911978368302e-08,1
507,8.280103834955366e-08,1.0622633685014449e-06,-4.678893834955366e-08,1
508,3.2357750299564396e-08,1.0622633685014449e-06,-1.6239050299564395e-08,1
509,1.031404761994252e-08,1.0622633685014449e-06,-5.237127619942519e-09,1
510,3.3478444903725665e-09,1.0622633685014449e-06,-2.1646844903725667e-09,1
511,8.906860450379364e-10,1.0622633685014449e-06,-6.834360450379364e-10,1
512,2.405631088218992e-11,1.0622633685014449e-06,-2.091436088218992e-11,1
513,6.641955571183848e-11,1.0622633685014449e-06,-4.9543855711838483e-11,1
514,1.1170949571463477e-10,1.0622633685014449e-06,-5.4442695714634774e-11,0
515,1.1899521168028418e-10,1.0622633685014449e-06,1.9752788319715818e-11,0
516,8.837740248902647e-11,1.0622633685014449e-06,1.7361559751097348e-10,0
517,6.41364712305768e-11,1.0622633685014449e-06,4.167155287694232e-10,0
518,9.250169966970616e-11,1.0622633685014449e-06,1.407668300330294e-09,0
519,2.961764486672063e-10,1.0622633685014449e-06,4.5708635513327935e-09,0
520,1.0134800996344715e-09,1.0622633685014449e-06,8.869559900365529e-09,0
521,2.5419674314397434e-09,1.0622633685014449e-06,1.0288532568560256e-08,0
522,3.943715310804747e-09,1.0622633685014449e-06,7.1855846891952524e-09,0
523,3.4585784092692426e-09,1.0622633685014449e-06,2.830241590730757e-09,0
524,1.6863038772108104e-09,1.0622633685014449e-06,8.599361227891892e-10,0
525,4.819383730113116e-10,1.0622633685014449e-06,4.806466269886883e-10,0
526,1.0786158426095068e-10,1.0622633685014449e-06,2.2819641573904938e-10,0
527,7.345775207101119e-11,1.0622633685014449e-06,2.950924792898882e-11,0
528,1.6811692168823212e-10,1.0622633685014449e-06,-4.733792168823213e-11,0
529,3.6687859151207314e-10,1.0622633685014449e-06,-1.0038659151207314e-10,0
530,6.301686756779533e-10,1.0622633685014449e-06,-1.4832067567795327e-10,0
531,1.1924130865024936e-09,1.0622633685014449e-06,1.7194691349750647e-10,0
532,2.4321850516523885e-09,1.0622633685014449e-06,2.2963149483476114e-09,0
533,4.143086593758446e-09,1.0622633685014449e-06,6.8563134062415535e-09,0
534,8.52082103363949e-09,1.0622633685014449e-06,7.65967896636051e-09,0
535,2.3909717288157137e-08,1.0622633685014449e-06,-6.440817288157137e-09,0
536,5.4252921591370347e-08,1.0622633685014449e-06,-3.870042159137035e-08,1
537,7.725693432892038e-08,1.0622633685014449e-06,-6.590983432892038e-08,1
538,6.409938260799724e-08,1.0622633685014449e-06,-5.773423260799724e-08,1
539,2.992646191819172e-08,1.0622633685014449e-06,-2.740384191819172e-08,1
540,7.712242681723133e-09,1.0622633685014449e-06,-7.017852681723133e-09,1
541,1.1305138516401956e-09,1.0622633685014449e-06,-9.871538516401956e-10,1
542,1.215517187574625e-10,1.0622633685014449e-06,-9.60654187574625e-11,1
543,1.7035812647723678e-11,1.0622633685014449e-06,-1.2116862647723679e-11,1
544,1.5064823446084218e-09,1.0622633685014449e-06,-1.2147083446084218e-09,1
545,3.51999991566761e-09,1.0622633685014449e-06,-2.4240599156676098e-09,1
546,5.068259125654658e-09,1.0622633685014449e-06,-2.3961891256546575e-09,0
547,4.813255771727165e-09,1.0622633685014449e-06,-3.0006577172716486e-10,0
548,3.4081741720190048e-09,1.0622633685014449e-06,1.9640258279809954e-09,0
549,2.2540282651157887e-09,1.0622633685014449e-06,2.917091734884211e-09,0
550,1.4260972298734475e-09,1.0622633685014449e-06,5.426932770126552e-09,0
551,6.571864580053463e-10,1.0622633685014449e-06,1.1823713541994653e-08,0
552,2.1812219222531388e-10,1.0622633685014449e-06,1.6843077807774686e-08,0
553,1.348250818408465e-10,1.0622633685014449e-06,1.4923274918159153e-08,0
554,1.5587857280103952e-10,1.0622633685014449e-06,8.38054142719896e-09,0
555,1.7045519830460691e-10,1.0622633685014449e-06,2.8712548016953934e-09,0
556,3.142200252367262e-10,1.0622633685014449e-06,4.5370997476327375e-10,0
557,8.187372234945616e-10,1.0622633685014449e-06,-4.3069022349456164e-10,0
558,1.8158333945644065e-09,1.0622633685014449e-06,-1.0905563945644067e-09,1
559,3.5213880863481357e-09,1.0622633685014449e-06,-1.5084680863481356e-09,0
560,6.7167207671277955e-09,1.0622633685014449e-06,-1.7807407671277958e-09,0
561,1.1240511959170017e-08,1.0622633685014449e-06,-2.418271959170017e-09,0
562,1.612710263465571e-08,1.0622633685014449e-06,-1.328302634655712e-09,0
563,2.4666206058783084e-08,1.0622633685014449e-06,7.4259939412169205e-09,0
564,3.789067588344448e-08,1.0622633685014449e-06,2.6869224116555518e-08,0
565,4.654816521319859e-08,1.0622633685014449e-06,4.0716934786801426e-08,0
566,4.9722548694209525e-08,1.0622633685014449e-06,2.556695130579047e-08,0
567,5.686071442355697e-08,1.0622633685014449e-06,-9.295414423556964e-09,0
568,6.557634728367804e-08,1.0622633685014449e-06,-3.890894728367803e-08,1
569,6.116639034718704e-08,1.0622633685014449e-06,-4.6948690347187045e-08,1
570,3.8023239596178815e-08,1.0622633685014449e-06,-3.1445219596178815e-08,1
571,1.4078337141079426e-08,1.0622633685014449e-06,-1.1576897141079426e-08,1
572,3.191152542109664e-09,1.0622633685014449e-06,-2.3685515421096637e-09,1
573,7.214895018806533e-10,1.0622633685014449e-06,-4.6467050188065335e-10,0
574,3.809505372933831e-10,1.0622633685014449e-06,-2.2041253729338313e-10,0
575,3.2649325705666445e-10,1.0622633685014449e-06,-1.6096925705666445e-10,0
576,3.135202252822597e-08,1.0622633685014449e-06,-2.4357402528225965e-08,1
577,6.264793938331486e-08,1.0622633685014449e-06,-4.155893938331486e-08,1
578,7.981208641317082e-08,1.0622633685014449e-06,-3.787588641317082e-08,1
579,6.985009352543142e-08,1.0622633685014449e-06,-1.2835493525431422e-08,0
580,4.7411254922781246e-08,1.0622633685014449e-06,7.036345077218751e-09,0
581,2.9187297183200895e-08,1.0622633685014449e-06,1.22814028167991e-08,0
582,1.5805984673050683e-08,1.0622633685014449e-06,1.717781532694932e-08,0
583,6.148139413184803e-09,1.0622633685014449e-06,2.5520660586815196e-08,0
584,1.6677094110816816e-09,1.0622633685014449e-06,2.754589058891832e-08,0
585,7.420633695138931e-10,1.0622633685014449e-06,2.069883663048611e-08,0
586,1.412951217364012e-09,1.0622633685014449e-06,1.0798948782635988e-08,0
587,3.9082859204045525e-09,1.0622633685014449e-06,2.2344840795954486e-09,0
588,1.0518538034326154e-08,1.0622633685014449e-06,-5.557768034326153e-09,0
589,2.4686215559955293e-08,1.0622633685014449e-06,-1.5901895559955292e-08,1
590,4.7814149130771695e-08,1.0622633685014449e-06,-2.7136549130771695e-08,1
591,8.067685731753056e-08,1.0622633685014449e-06,-3.357905731753056e-08,0
592,1.2534738265329248e-07,1.0622633685014449e-06,-3.6915882653292484e-08,0
593,1.7186309744209854e-07,1.0622633685014449e-06,-3.332709744209855e-08,0
594,2.1168488251591067e-07,1.0622633685014449e-06,1.1420117484089341e-08,0
595,2.6101226844321825e-07,1.0622633685014449e-06,1.1857473155678175e-07,0
596,3.109942084406847e-07,1.0622633685014449e-06,2.1028079155931524e-07,0
597,3.1621693328098285e-07,1.0622633685014449e-06,1.7204406671901708e-07,0
598,2.709708562711025e-07,1.0622633685014449e-06,3.6925143728897484e-08,0
599,2.0379913204050246e-07,1.0622633685014449e-06,-5.6113132040502465e-08,0
600,1.3344712903246636e-07,1.0622633685014449e-06,-6.484312903246636e-08,0
601,7.28135221857403e-08,1.0622633685014449e-06,-3.73855221857403e-08,0
602,3.264176653672788e-08,1.0622633685014449e-06,-1.3761166536727883e-08,0
603,1.5392846259933194e-08,1.0622633685014449e-06,-6.161086259933195e-09,0
604,1.1336314185896111e-08,1.0622633685014449e-06,-7.250724185896111e-09,0
605,1.0721059926493508e-08,1.0622633685014449e-06,-7.766629926493509e-09,1
606,1.1341690569616816e-08,1.0622633685014449e-06,-7.266270569616816e-09,1
607,1.1374412039659137e-08,1.0622633685014449e-06,-6.873502039659137e-09,1
608,2.5183984122923625e-07,1.0622633685014449e-06,-1.6950404122923626e-07,1
609,4.5330257747256936e-07,1.0622633685014449e-06,-2.3393257747256935e-07,1
610,5.295140224797796e-07,1.0622633685014449e-06,-1.536920224797796e-07,1
611,4.2982651369624566e-07,1.0622633685014449e-06,3.775486303754308e-09,0
612,2.6710141369019394e-07,1.0622633685014449e-06,9.106658630980604e-08,0
613,1.4248401387594034e-07,1.0622633685014449e-06,9.209998612405966e-08,0
614,6.573725953186526e-08,1.0622633685014449e-06,7.348474046813474e-08,0
615,2.4276642446764383e-08,1.0622633685014449e-06,6.092065755323562e-08,0
616,1.0117163612277368e-08,1.0622633685014449e-06,4.423723638772263e-08,0
617,1.2090209086255836e-08,1.0622633685014449e-06,2.3229690913744168e-08,0
618,2.6368606865132896e-08,1.0622633685014449e-06,1.6931931348671031e-09,0
619,6.319697863140044e-08,1.0622633685014449e-06,-2.7867778631400445e-08,0
620,1.4652749541516152e-07,1.0622633685014449e-06,-8.225479541516151e-08,1
621,3.056308398158993e-07,1.0622633685014449e-06,-1.714308398158993e-07,1
622,5.476771355463961e-07,1.0622633685014449e-06,-2.732721355463961e-07,1
623,8.503756157177806e-07,1.0622633685014449e-06,-3.4746261571778056e-07,0
624,1.1601756810180584e-06,1.0622633685014449e-06,-3.616736810180584e-07,0
625,1.3751674568472194e-06,1.0622633685014449e-06,-2.266374568472195e-07,0
626,1.459771579196409e-06,1.0622633685014449e-06,1.752184208035909e-07,0
627,1.498580837189593e-06,1.0622633685014449e-06,6.43359162810407e-07,0
628,1.5022571734971312e-06,1.0622633685014449e-06,6.588128265028687e-07,0
629,1.3735324930048928e-06,1.0622633685014449e-06,1.470475069951072e-07,0
630,1.0701979927657735e-06,1.0622633685014449e-06,-3.060699927657735e-07,0
631,6.789500476470848e-07,1.0622633685014449e-06,-3.441590476470848e-07,1
632,3.4735644185671264e-07,1.0622633685014449e-06,-1.7808544185671266e-07,0
633,1.5339395932597622e-07,1.0622633685014449e-06,-5.0929959325976226e-08,0
634,8.29635625067356e-08,1.0622633685014449e-06,-1.90427625067356e-08,0
635,7.928110864481753e-08,1.0622633685014449e-06,-4.2259508644817534e-08,0
636,9.385662397101279e-08,1.0622633685014449e-06,-6.720622397101279e-08,1
637,1.1800036128099694e-07,1.0622633685014449e-06,-8.061846128099694e-08,1
638,1.4800785012463502e-07,1.0622633685014449e-06,-9.062745012463502e-08,1
639,1.4964176045155815e-07,1.0622633685014449e-06,-8.965106045155815e-08,1
640,9.757020407902504e-07,1.0622633685014449e-06,-4.304900407902504e-07,1
641,1.6003234326131911e-06,1.0622633685014449e-06,-3.6896343261319097e-07,1
642,1.697934905531016e-06,1.0622633685014449e-06,6.342509446898401e-08,0
643,1.2539631867392201e-06,1.0622633685014449e-06,4.549268132607799e-07,0
644,7.091135578741693e-07,1.0622633685014449e-06,5.037164421258305e-07,0
645,3.408697650150835e-07,1.0622633685014449e-06,3.4633023498491647e-07,0
646,1.4350947791927626e-07,1.0622633685014449e-06,2.0130152208072375e-07,0
647,5.8502703299918246e-08,1.0622633685014449e-06,1.1370629670008176e-07,0
648,4.6368934143375065e-08,1.0622633685014449e-06,5.133116585662495e-08,0
649,8.484558854120125e-08,1.0622633685014449e-06,-3.422988541201246e-09,0
650,1.9324237664818986e-07,1.0622633685014449e-06,-6.641137664818986e-08,0
651,4.4206436933707543e-07,1.0622633685014449e-06,-1.7851836933707544e-07,0
652,9.39079591759642e-07,1.0622633685014449e-06,-3.9767659175964204e-07,1
653,1.7816257640173539e-06,1.0622633685014449e-06,-7.45925764017354e-07,1
654,2.9343290021542743e-06,1.0622633685014449e-06,-1.1298090021542744e-06,1
655,4.192177813021587e-06,1.0622633685014449e-06,-1.3658378130215866e-06,0
656,5.195458972785923e-06,1.0622633685014449e-06,-1.2668689727859231e-06,0
657,5.5242550567247386e-06,1.0622633685014449e-06,-6.112650567247382e-07,0
658,5.194876567171834e-06,1.0622633685014449e-06,4.798034328281668e-07,0
659,4.667760250685934e-06,1.0622633685014449e-06,1.0380597493140661e-06,0
660,4.147951490677958e-06,1.0622633685014449e-06,2.8568850932204214e-07,0
661,3.477203254314283e-06,1.0622633685014449e-06,-9.727532543142834e-07,0
662,2.539201579667088e-06,1.0622633685014449e-06,-1.410901579667088e-06,1
663,1.5309051499121128e-06,1.0622633685014449e-06,-9.823771499121127e-07,1
664,7.719799613041344e-07,1.0622633685014449e-06,-4.2314796130413437e-07,0
665,3.7785251506796505e-07,1.0622633685014449e-06,-1.2284851506796505e-07,0
666,2.7194267092560265e-07,1.0622633685014449e-06,-8.531867092560263e-08,0
667,3.2645264991877234e-07,1.0622633685014449e-06,-1.8348664991877235e-07,0
668,4.6930302135903683e-07,1.0622633685014449e-06,-2.9780402135903684e-07,1
669,6.861889179002248e-07,1.0622633685014449e-06,-3.8994191790022484e-07,1
670,8.764100260067761e-07,1.0622633685014449e-06,-4.6173302600677606e-07,1
671,8.185153504937598e-07,1.0622633685014449e-06,-4.516683504937598e-07,1
672,1.9597904616879655e-06,1.0622633685014449e-06,-2.604504616879653e-07,0
673,2.853030854180353e-06,1.0622633685014449e-06,3.626691458196468e-07,0
674,2.736648492438748e-06,1.0622633685014449e-06,1.1521115075612515e-06,1
675,1.9079062337194275e-06,1.0622633685014449e-06,1.3542837662805725e-06,1
676,1.0760484751268374e-06,1.0622633685014449e-06,9.671515248731624e-07,0
677,5.190252284583006e-07,1.0622633685014449e-06,5.170247715416994e-07,0
678,2.1406732790752735e-07,1.0622633685014449e-06,2.545086720924726e-07,0
679,1.0391003630280195e-07,1.0622633685014449e-06,1.1591296369719805e-07,0
680,1.278809492081633e-07,1.0622633685014449e-06,2.4469050791836682e-08,0
681,2.948173581337397e-07,1.0622633685014449e-06,-6.830435813373973e-08,0
682,7.256853198426197e-07,1.0622633685014449e-06,-2.2122931984261974e-07,0
683,1.5954172881973674e-06,1.0622633685014449e-06,-4.960372881973675e-07,0
684,3.0421258145728063e-06,1.0622633685014449e-06,-8.846058145728061e-07,0
685,5.089373871819947e-06,1.0622633685014449e-06,-1.297903871819947e-06,1
686,7.591521302983946e-06,1.0622633685014449e-06,-1.6290413029839458e-06,0
687,1.0163844556232812e-05,1.0622633685014449e-06,-1.838584556232812e-06,0
688,1.1837151581895958e-05,1.0622633685014449e-06,-1.781151581895958e-06,0
689,1.1593048766053833e-05,1.0622633685014449e-06,-1.1009487660538323e-06,0
690,9.822722604166677e-06,1.0622633685014449e-06,-1.724526041666775e-07,0
691,7.82662624484273e-06,1.0622633685014449e-06,-2.5801624484272913e-07,0
692,6.225752277354388e-06,1.0622633685014449e-06,-1.5423722773543875e-06,1
693,4.8376259582395684e-06,1.0622633685014449e-06,-2.5646459582395685e-06,1
694,3.391815949190812e-06,1.0622633685014449e-06,-2.3334659491908118e-06,1
695,2.03255701283673e-06,1.0622633685014449e-06,-1.37479601283673e-06,1
696,1.0738608284481001e-06,1.0622633685014449e-06,-5.415278284481001e-07,0
697,6.157368861394297e-07,1.0622633685014449e-06,-1.5305088613942972e-07,0
698,5.938199700996895e-07,1.0622633685014449e-06,-1.9507697009968952e-07,0
699,9.21760990265766e-07,1.0622633685014449e-06,-5.145059902657659e-07,1
700,1.5102806599973e-06,1.0622633685014449e-06,-8.641446599972999e-07,1
701,2.1647753754476655e-06,1.0622633685014449e-06,-1.0869553754476653e-06,1
702,2.4787468509993388e-06,1.0622633685014449e-06,-1.1901168509993388e-06,1
703,2.0114496076905296e-06,1.0622633685014449e-06,-1.0414876076905296e-06,1
704,2.107229642616756e-06,1.0622633685014449e-06,3.02260357383244e-07,0
705,2.8591278492107193e-06,1.0622633685014449e-06,1.09473215078928e-06,0
706,2.705227922999548e-06,1.0622633685014449e-06,1.5773120770004525e-06,1
707,1.9875556780733126e-06,1.0622633685014449e-06,1.3434843219266876e-06,1
708,1.2073914754663331e-06,1.0622633685014449e-06,7.672585245336671e-07,0
709,5.958696872170182e-07,1.0622633685014449e-06,3.488613127829818e-07,0
710,2.5360998940089976e-07,1.0622633685014449e-06,1.5202701059910023e-07,0
711,1.5622472365026808e-07,1.0622633685014449e-06,5.5327276349731935e-08,0
712,2.545425217873261e-07,1.0622633685014449e-06,-2.9542521787326122e-08,0
713,6.45869348984576e-07,1.0622633685014449e-06,-1.8608934898457597e-07,0
714,1.516405400169574e-06,1.0622633685014449e-06,-4.680554001695741e-07,0
715,2.9479930684390814e-06,1.0622633685014449e-06,-7.654930684390815e-07,0
716,4.867809851125666e-06,1.0622633685014449e-06,-8.335298511256655e-07,0
717,7.276848030454552e-06,1.0622633685014449e-06,-6.09588030454551e-07,0
718,1.0331582742651446e-05,1.0622633685014449e-06,-3.9414274265144754e-07,0
719,1.3513925681036329e-05,1.0622633685014449e-06,-6.470256810363286e-07,0
720,1.4952519539217908e-05,1.0622633685014449e-06,-1.1806195392179069e-06,0
721,1.3418002075331305e-05,1.0622633685014449e-06,-1.2205020753313055e-06,0
722,1.0169484894874606e-05,1.0622633685014449e-06,-9.542748948746057e-07,1
723,7.1582533478706525e-06,1.0622633685014449e-06,-1.3107833478706525e-06,1
724,5.1339945308286275e-06,1.0622633685014449e-06,-2.1493745308286276e-06,1
725,3.7765076249401743e-06,1.0622633685014449e-06,-2.466387624940174e-06,1
726,2.612156954611357e-06,1.0622633685014449e-06,-1.926411954611357e-06,1
727,1.6026442161834754e-06,1.0622633685014449e-06,-1.0503132161834754e-06,1
728,9.139898153125756e-07,1.0622633685014449e-06,-3.7094081531257554e-07,0
729,6.558665005918961e-07,1.0622633685014449e-06,-1.2123350059189611e-07,0
730,9.223697460122751e-07,1.0622633685014449e-06,-3.8810774601227507e-07,0
731,1.7443440287171485e-06,1.0622633685014449e-06,-1.0483030287171484e-06,1
732,2.843419480223688e-06,1.0622633685014449e-06,-1.677779480223688e-06,1
733,3.6279239178244314e-06,1.0622633685014449e-06,-1.9249139178244315e-06,1
734,3.5475670715997694e-06,1.0622633685014449e-06,-1.7834270715997692e-06,1
735,2.4630005230158898e-06,1.0622633685014449e-06,-1.2809405230158897e-06,1
736,1.6646315962289945e-06,1.0622633685014449e-06,1.2895840377100553e-07,0
737,2.3992870722592757e-06,1.0622633685014449e-06,3.3029292774072386e-07,0
738,2.4816664050245503e-06,1.0622633685014449e-06,3.937435949754496e-07,0
739,1.9847123603878803e-06,1.0622633685014449e-06,2.6009763961211965e-07,0
740,1.2556988890705924e-06,1.0622633685014449e-06,7.530111092940769e-08,0
741,6.323178552608996e-07,1.0622633685014449e-06,-8.797855260899674e-09,0
742,2.975660784138266e-07,1.0622633685014449e-06,-2.19020784138266e-08,0
743,2.2261980809244238e-07,1.0622633685014449e-06,-4.570080809244238e-08,0
744,3.861713010285607e-07,1.0622633685014449e-06,-1.4735630102856073e-07,0
745,8.798668748377489e-07,1.0622633685014449e-06,-3.8445187483774894e-07,1
746,1.7338586058935936e-06,1.0622633685014449e-06,-6.633586058935937e-07,1
747,2.79958381193367e-06,1.0622633685014449e-06,-6.6695381193367e-07,1
748,4.043574279682035e-06,1.0622633685014449e-06,-1.9440427968203533e-07,0
749,5.886345928225535e-06,1.0622633685014449e-06,6.121740717744646e-07,0
750,8.642849235578804e-06,1.0622633685014449e-06,1.3002207644211967e-06,0
751,1.12556691407323e-05,1.0622633685014449e-06,1.2087308592677007e-06,0
752,1.16454703047864e-05,1.0622633685014449e-06,4.2062969521359935e-07,0
753,9.432890824859077e-06,1.0622633685014449e-06,-1.9192082485907687e-07,0
754,6.330033310633886e-06,1.0622633685014449e-06,-4.2999331063388536e-07,0
755,3.8556816515231985e-06,1.0622633685014449e-06,-7.257416515231984e-07,1
756,2.416267717897911e-06,1.0622633685014449e-06,-1.068877717897911e-06,1
757,1.6765158845135476e-06,1.0622633685014449e-06,-1.1352368845135477e-06,1
758,1.1950179206330112e-06,1.0622633685014449e-06,-8.741469206330112e-07,1
759,8.00292867163527e-07,1.0622633685014449e-06,-4.85867867163527e-07,1
760,5.296979316805605e-07,1.0622633685014449e-06,-1.7575793168056047e-07,0
761,5.270148441845001e-07,1.0622633685014449e-06,-1.2854184418450016e-07,0
762,9.95500395454928e-07,1.0622633685014449e-06,-5.124433954549279e-07,1
763,1.9878050064713696e-06,1.0622633685014449e-06,-1.2724690064713695e-06,1
764,3.0666743987822213e-06,1.0622633685014449e-06,-1.9474143987822215e-06,1
765,3.5241672841724783e-06,1.0622633685014449e-06,-2.0771772841724783e-06,1
766,3.055362877553076e-06,1.0622633685014449e-06,-1.693032877553076e-06,1
767,1.917736021441787e-06,1.0622633685014449e-06,-1.065608021441787e-06,1
768,1.4050987587175922e-06,1.0622633685014449e-06,-4.3515275871759215e-07,0
769,2.0945820275715494e-06,1.0622633685014449e-06,-6.016920275715495e-07,0
770,2.2411865684041883e-06,1.0622633685014449e-06,-6.251765684041883e-07,0
771,1.8639665949758214e-06,1.0622633685014449e-06,-5.814765949758214e-07,0
772,1.2459990528051706e-06,1.0622633685014449e-06,-4.863310528051706e-07,0
773,7.00402076492687e-07,1.0622633685014449e-06,-3.3797407649268695e-07,1
774,3.873597970746151e-07,1.0622633685014449e-06,-2.1394579707461509e-07,1
775,2.966786435262224e-07,1.0622633685014449e-06,-1.7690264352622238e-07,1
776,4.0807091289276034e-07,1.0622633685014449e-06,-2.5643291289276034e-07,1
777,7.118479435323737e-07,1.0622633685014449e-06,-4.326019435323737e-07,1
778,1.1041173782523585e-06,1.0622633685014449e-06,-5.281073782523585e-07,1
779,1.4925867843049474e-06,1.0622633685014449e-06,-3.0850678430494746e-07,1
780,2.078750821082944e-06,1.0622633685014449e-06,3.102991789170559e-07,0
781,3.3217960461004847e-06,1.0622633685014449e-06,1.2324439538995159e-06,1
782,5.254335746115523e-06,1.0622633685014449e-06,1.941844253884477e-06,1
783,6.747274612697605e-06,1.0622633685014449e-06,1.6989853873023965e-06,1
784,6.474074915997595e-06,1.0622633685014449e-06,7.426550840024054e-07,0
785,4.721124920066671e-06,1.0622633685014449e-06,2.8665079933329823e-08,0
786,2.7672469228332137e-06,1.0622633685014449e-06,-1.8615692283321342e-07,0
787,1.406593759190593e-06,1.0622633685014449e-06,-2.3551375919059295e-07,0
788,7.329952247508919e-07,1.0622633685014449e-06,-2.861032247508919e-07,1
789,4.724086094405735e-07,1.0622633685014449e-06,-2.929796094405735e-07,1
790,3.52153406278825e-07,1.0622633685014449e-06,-2.2907640627882498e-07,1
791,2.5778050475409003e-07,1.0622633685014449e-06,-1.2467050475409003e-07,0
792,2.106883048692914e-07,1.0622633685014449e-06,-4.393530486929138e-08,0
793,3.101560933580985e-07,1.0622633685014449e-06,-8.573409335809852e-08,0
794,7.025728914514524e-07,1.0622633685014449e-06,-3.7832189145145246e-07,1
795,1.4193961181178498e-06,1.0622633685014449e-06,-9.182701181178498e-07,1
796,2.1138048000988013e-06,1.0622633685014449e-06,-1.3809358000988014e-06,1
797,2.320745075408705e-06,1.0622633685014449e-06,-1.441845075408705e-06,1
798,1.9723634052824644e-06,1.0622633685014449e-06,-1.1807894052824645e-06,1
799,1.2633524471945309e-06,1.0622633685014449e-06,-7.784534471945309e-07,1
800,1.0553718956929345e-06,1.0622633685014449e-06,-4.425848956929344e-07,1
801,1.538382651285046e-06,1.0622633685014449e-06,-5.721106512850461e-07,0
802,1.704651572660212e-06,1.0622633685014449e-06,-6.735915726602119e-07,0
803,1.5590344549284797e-06,1.0622633685014449e-06,-7.790214549284797e-07,1
804,1.2142565461908394e-06,1.0622633685014449e-06,-7.782305461908394e-07,1
805,8.286126341555509e-07,1.0622633685014449e-06,-6.314126341555509e-07,1
806,5.347482809626329e-07,1.0622633685014449e-06,-4.417381809626329e-07,1
807,3.8468214091866653e-07,1.0622633685014449e-06,-3.1799454091866653e-07,1
808,3.6846515698878896e-07,1.0622633685014449e-06,-2.92838356988789e-07,1
809,4.2407926904556647e-07,1.0622633685014449e-06,-3.051022690455665e-07,1
810,4.93825166822453e-07,1.0622633685014449e-06,-2.5299616682245297e-07,1
811,6.188697874571815e-07,1.0622633685014449e-06,-6.354078745718153e-08,0
812,9.499139091420684e-07,1.0622633685014449e-06,3.4009609085793155e-07,1
813,1.6853686693581547e-06,1.0622633685014449e-06,8.82091330641845e-07,1
814,2.7056763778703987e-06,1.0622633685014449e-06,1.0881336221296011e-06,1
815,3.2833380792784372e-06,1.0622633685014449e-06,6.375819207215625e-07,1
816,2.8585135812936298e-06,1.0622633685014449e-06,3.05964187063701e-08,0
817,1.831835775299676e-06,1.0622633685014449e-06,-1.9007577529967623e-07,0
818,9.092166663029726e-07,1.0622633685014449e-06,-1.2183066630297257e-07,0
819,3.788923163771997e-07,1.0622633685014449e-06,-4.350831637719968e-08,0
820,1.627133045028433e-07,1.0622633685014449e-06,-2.52383045028433e-08,0
821,9.199372591836461e-08,1.0622633685014449e-06,-2.3369125918364615e-08,0
822,6.49205856531045e-08,1.0622633685014449e-06,-1.3366285653104493e-08,0
823,5.112393151124134e-08,1.0622633685014449e-06,1.572968488758657e-09,0
824,6.270383074935304e-08,1.0622633685014449e-06,4.373969250646965e-09,0
825,1.4261092227063705e-07,1.0622633685014449e-06,-3.865592227063704e-08,0
826,3.643643384621025e-07,1.0622633685014449e-06,-1.953533384621025e-07,1
827,7.310708084926283e-07,1.0622633685014449e-06,-4.644428084926283e-07,1
828,1.0566338595118835e-06,1.0622633685014449e-06,-6.718118595118835e-07,1
829,1.1702778827330423e-06,1.0622633685014449e-06,-7.022338827330423e-07,1
830,1.0575355606452486e-06,1.0622633685014449e-06,-6.121035606452486e-07,1
831,7.115912406368416e-07,1.0622633685014449e-06,-4.151222406368416e-07,1
832,6.156746052328938e-07,1.0622633685014449e-06,-9.714860523289374e-08,0
833,9.343670571199074e-07,1.0622633685014449e-06,-1.3939505711990731e-07,0
834,1.160563662203925e-06,1.0622633685014449e-06,-3.6753566220392494e-07,0
835,1.278932996185812e-06,1.0622633685014449e-06,-7.390349961858119e-07,1
836,1.2218692342607037e-06,1.0622633685014449e-06,-9.587472342607037e-07,1
837,9.763759430570203e-07,1.0622633685014449e-06,-8.743939430570203e-07,1
838,6.900531870556896e-07,1.0622633685014449e-06,-6.469813870556896e-07,1
839,4.946287581548562e-07,1.0622633685014449e-06,-4.644482581548562e-07,1
840,3.954338868396848e-07,1.0622633685014449e-06,-3.6032678683968476e-07,1
841,3.4341354523353045e-07,1.0622633685014449e-06,-2.8511324523353043e-07,1
842,3.3325371839018656e-07,1.0622633685014449e-06,-2.1213171839018657e-07,1
843,3.8937371680781996e-07,1.0622633685014449e-06,-9.948671680781993e-08,0
844,5.538017523182807e-07,1.0622633685014449e-06,1.1195824768171922e-07,0
845,8.903862229372098e-07,1.0622633685014449e-06,3.0459377706279e-07,0
846,1.2813769134704342e-06,1.0622633685014449e-06,2.2529308652956574e-07,0
847,1.3860796691308098e-06,1.0622633685014449e-06,-6.921966913080984e-08,0
848,1.0778542675682942e-06,1.0622633685014449e-06,-2.2886426756829422e-07,0
849,6.175920305181074e-07,1.0622633685014449e-06,-1.6563903051810736e-07,0
850,2.7209218833024395e-07,1.0622633685014449e-06,-4.9163188330243954e-08,0
851,1.030240251935843e-07,1.0622633685014449e-06,8.13397480641569e-09,0
852,4.366083330800782e-08,1.0622633685014449e-06,1.5191766691992175e-08,0
853,2.2412587561338062e-08,1.0622633685014449e-06,1.2422012438661936e-08,0
854,1.62691170917467e-08,1.0622633685014449e-06,9.131982908253299e-09,0
855,2.011987509805964e-08,1.0622633685014449e-06,3.2040249019403637e-09,0
856,3.422657039180834e-08,1.0622633685014449e-06,-3.628070391808338e-09,0
857,8.753368358831623e-08,1.0622633685014449e-06,-3.8068983588316236e-08,0
858,2.1751455817675972e-07,1.0622633685014449e-06,-1.3857165817675972e-07,1
859,3.954963915359621e-07,1.0622633685014449e-06,-2.6578639153596215e-07,1
860,5.364522036350712e-07,1.0622633685014449e-06,-3.296452036350712e-07,1
861,5.944478808339421e-07,1.0622633685014449e-06,-3.0595588083394206e-07,1
862,5.26589410115909e-07,1.0622633685014449e-06,-2.1167341011590907e-07,0
863,3.255680260682456e-07,1.0622633685014449e-06,-9.258002606824562e-08,0
864,3.3772573974161085e-07,1.0622633685014449e-06,1.4043126025838916e-07,0
865,5.826996454374237e-07,1.0622633685014449e-06,1.0838335456257627e-07,0
866,8.72742154799733e-07,1.0622633685014449e-06,-2.37277154799733e-07,0
867,1.143491256506296e-06,1.0622633685014449e-06,-7.48111256506296e-07,1
868,1.204956110707374e-06,1.0622633685014449e-06,-1.0243741107073741e-06,1
869,1.011559654524316e-06,1.0622633685014449e-06,-9.415986545243161e-07,1
870,7.543177096800635e-07,1.0622633685014449e-06,-7.252331096800635e-07,1
871,5.664473500544961e-07,1.0622633685014449e-06,-5.487353500544961e-07,1
872,4.4574278479110565e-07,1.0622633685014449e-06,-4.2496048479110566e-07,1
873,3.6556261636050327e-07,1.0622633685014449e-06,-3.2824611636050324e-07,1
874,3.1539178153948923e-07,1.0622633685014449e-06,-2.3164758153948926e-07,1
875,3.0099673905685665e-07,1.0622633685014449e-06,-9.383973905685667e-08,0
876,3.457250074517393e-07,1.0622633685014449e-06,8.087299254826067e-08,0
877,4.7150551136222145e-07,1.0622633685014449e-06,1.4261348863777862e-07,0
878,6.084431212797881e-07,1.0622633685014449e-06,-1.0207121279788134e-08,0
879,6.268871287110491e-07,1.0622633685014449e-06,-2.0422412871104906e-07,1
880,4.983568974192972e-07,1.0622633685014449e-06,-2.472348974192972e-07,1
881,3.068448787920567e-07,1.0622633685014449e-06,-1.6174487879205673e-07,0
882,1.5251666641628847e-07,1.0622633685014449e-06,-6.687676641628849e-08,0
883,7.513525435957361e-08,1.0622633685014449e-06,-2.3242054359573614e-08,0
884,4.13155798177201e-08,1.0622633685014449e-06,-1.0257879817720098e-08,0
885,2.0896296864049848e-08,1.0622633685014449e-06,-2.2886968640498496e-09,0
886,1.505465145244896e-08,1.0622633685014449e-06,-8.042514524489625e-10,0
887,2.1480654633841254e-08,1.0622633685014449e-06,-2.9322546338412537e-09,0
888,4.6019427510502195e-08,1.0622633685014449e-06,-1.6573727510502194e-08,0
889,1.2588574467850814e-07,1.0622633685014449e-06,-8.570074467850812e-08,1
890,2.874798004516644e-07,1.0622633685014449e-06,-2.3178170045166439e-07,1
891,4.819583211473937e-07,1.0622633685014449e-06,-3.829592211473937e-07,1
892,6.288387731319165e-07,1.0622633685014449e-06,-4.4352177313191656e-07,1
893,6.669609311501918e-07,1.0622633685014449e-06,-3.787519311501918e-07,1
894,5.366042586920347e-07,1.0622633685014449e-06,-2.065982586920347e-07,1
895,3.0028635237228453e-07,1.0622633685014449e-06,-4.836235237228453e-08,0
896,2.532907609757079e-07,1.0622633685014449e-06,1.9380623902429209e-07,0
897,4.689345464023628e-07,1.0622633685014449e-06,1.6123245359763715e-07,0
898,7.174039741598194e-07,1.0622633685014449e-06,-1.4322897415981937e-07,0
899,9.18856880455127e-07,1.0622633685014449e-06,-5.52548880455127e-07,1
900,9.350873460866258e-07,1.0622633685014449e-06,-7.576623460866258e-07,1
901,7.708669795017448e-07,1.0622633685014449e-06,-6.982822795017448e-07,1
902,5.851475667539705e-07,1.0622633685014449e-06,-5.562559667539705e-07,1
903,4.571411170818098e-07,1.0622633685014449e-06,-4.418183170818098e-07,1
904,3.7239357362891593e-07,1.0622633685014449e-06,-3.5715537362891593e-07,1
905,3.031960007088208e-07,1.0622633685014449e-06,-2.759475007088208e-07,1
906,2.438420831605413e-07,1.0622633685014449e-06,-1.653153831605413e-07,1
907,2.144596982128371e-07,1.0622633685014449e-06,-1.8698212837129863e-11,0
908,2.297773135334517e-07,1.0622633685014449e-06,1.6275568646654832e-07,0
909,2.9800796497555964e-07,1.0622633685014449e-06,1.4538903502444034e-07,0
910,3.8142294279696585e-07,1.0622633685014449e-06,-6.033794279696586e-08,0
911,4.101827751379002e-07,1.0622633685014449e-06,-2.3166877513790018e-07,1
912,3.583363705835354e-07,1.0622633685014449e-06,-2.518263705835354e-07,1
913,2.5312885325788057e-07,1.0622633685014449e-06,-1.7609225325788056e-07,1
914,1.5251046802404492e-07,1.0622633685014449e-06,-9.533516802404492e-08,0
915,8.510036864864093e-08,1.0622633685014449e-06,-4.626116864864093e-08,0
916,4.0597346195020714e-08,1.0622633685014449e-06,-1.8982146195020715e-08,0
917,1.5560961373892437e-08,1.0622633685014449e-06,-2.927761373892436e-09,0
918,1.2445335590657853e-08,1.0622633685014449e-06,3.860464409342147e-09,0
919,3.094401531354433e-08,1.0622633685014449e-06,3.192984686455666e-09,0
920,8.983020950237162e-08,1.0622633685014449e-06,-2.5092409502371613e-08,0
921,2.5555680840716573e-07,1.0622633685014449e-06,-1.5970740840716573e-07,0
922,6.116899005868018e-07,1.0622633685014449e-06,-4.819119005868017e-07,1
923,1.129150605010412e-06,1.0622633685014449e-06,-9.22880605010412e-07,1
924,1.6162805996847704e-06,1.0622633685014449e-06,-1.2652615996847704e-06,1
925,1.768824392965381e-06,1.0622633685014449e-06,-1.2609293929653808e-06,1
926,1.4185171063159438e-06,1.0622633685014449e-06,-8.701151063159437e-07,1
927,8.136115482222529e-07,1.0622633685014449e-06,-4.1078354822225285e-07,1
928,2.3964294533880416e-07,1.0622633685014449e-06,2.801790546611958e-07,0
929,3.7964337116208884e-07,1.0622633685014449e-06,3.584816288379112e-07,0
930,4.896032207036252e-07,1.0622633685014449e-06,1.854757792963749e-07,0
931,5.638510141842957e-07,1.0622633685014449e-06,-1.3276201418429571e-07,0
932,5.32458554324594e-07,1.0622633685014449e-06,-3.2364155432459407e-07,1
933,4.058277169376371e-07,1.0622633685014449e-06,-3.236585169376371e-07,1
934,2.980670796312685e-07,1.0622633685014449e-06,-2.6876457963126853e-07,1
935,2.5049363542454066e-07,1.0622633685014449e-06,-2.3425093542454067e-07,1
936,2.2349518217943268e-07,1.0622633685014449e-06,-2.0026018217943267e-07,1
937,1.8924901051162483e-07,1.0622633685014449e-06,-1.3704281051162483e-07,1
938,1.607989938711463e-07,1.0622633685014449e-06,-3.6922993871146275e-08,0
939,1.6094267382878436e-07,1.0622633685014449e-06,8.879332617121565e-08,0
940,2.072453667760552e-07,1.0622633685014449e-06,1.5054763322394482e-07,0
941,3.0323013155477656e-07,1.0622633685014449e-06,3.181686844522344e-08,0
942,3.94357003624288e-07,1.0622633685014449e-06,-1.8240700362428796e-07,0
943,4.156664126655144e-07,1.0622633685014449e-06,-3.041874126655144e-07,1
944,3.5646077863477525e-07,1.0622633685014449e-06,-2.8780697863477526e-07,1
945,2.566143721841554e-07,1.0622633685014449e-06,-2.039418721841554e-07,1
946,1.6269703556933096e-07,1.0622633685014449e-06,-1.2258263556933095e-07,1
947,8.59582716866955e-08,1.0622633685014449e-06,-6.09264716866955e-08,0
948,3.3190443934672303e-08,1.0622633685014449e-06,-2.0011243934672304e-08,0
949,1.3188068608549741e-08,1.0622633685014449e-06,-1.8363686085497412e-09,0
950,2.3920807547270245e-08,1.0622633685014449e-06,7.808924527297541e-10,0
951,6.606328856951701e-08,1.0622633685014449e-06,1.1696114304829837e-09,0
952,1.8770288263515532e-07,1.0622633685014449e-06,-3.708788263515532e-08,0
953,5.643285582374835e-07,1.0622633685014449e-06,-3.0512055823748346e-07,0
954,1.440742543271853e-06,1.0622633685014449e-06,-1.045935543271853e-06,1
955,2.8303106824093187e-06,1.0622633685014449e-06,-2.1846196824093188e-06,1
956,4.201807760932926e-06,1.0622633685014449e-06,-3.144037760932926e-06,1
957,4.6308386845388535e-06,1.0622633685014449e-06,-3.214938684538853e-06,1
958,3.7417489264740707e-06,1.0622633685014449e-06,-2.3636789264740707e-06,1
959,2.1730355719308394e-06,1.0622633685014449e-06,-1.2610195719308395e-06,1
960,2.9242016515461023e-07,1.0622633685014449e-06,4.393838348453898e-07,0
961,3.5165368970157594e-07,1.0622633685014449e-06,6.279363102984241e-07,0
962,3.264394591377377e-07,1.0622633685014449e-06,5.026245408622623e-07,0
963,2.9768217269876554e-07,1.0622633685014449e-06,1.9760482730123447e-07,0
964,2.5195517317167113e-07,1.0622633685014449e-06,-2.2637173171671144e-08,0
965,1.8108256162902234e-07,1.0622633685014449e-06,-9.469416162902234e-08,1
966,1.3298683325752457e-07,1.0622633685014449e-06,-9.983433325752457e-08,1
967,1.1884085216153181e-07,1.0622633685014449e-06,-8.62466521615318e-08,1
968,1.0785164573717706e-07,1.0622633685014449e-06,-4.022654573717706e-08,0
969,9.242176971486297e-08,1.0622633685014449e-06,3.965723028513703e-08,0
970,9.254591482773487e-08,1.0622633685014449e-06,1.2197708517226517e-07,0
971,1.306518473887e-07,1.0622633685014449e-06,1.6632515261130002e-07,0
972,2.2263423856060783e-07,1.0622633685014449e-06,1.0880876143939221e-07,0
973,3.499816127840479e-07,1.0622633685014449e-06,-6.830361278404786e-08,0
974,4.4804119993517646e-07,1.0622633685014449e-06,-2.5817119993517646e-07,1
975,4.5848287656201575e-07,1.0622633685014449e-06,-3.4049987656201577e-07,1
976,3.7424579158565847e-07,1.0622633685014449e-06,-2.981165915856585e-07,1
977,2.549670700243069e-07,1.0622633685014449e-06,-2.051869700243069e-07,1
978,1.4813590849945116e-07,1.0622633685014449e-06,-1.1597190849945116e-07,1
979,6.522948403105569e-08,1.0622633685014449e-06,-4.306978403105568e-08,1
980,2.0291287617997768e-08,1.0622633685014449e-06,-1.7400876179977685e-09,0
981,1.3252406589393778e-08,1.0622633685014449e-06,7.628793410606223e-09,0
982,3.5804966035143984e-08,1.0622633685014449e-06,4.850033964856019e-09,0
983,1.0085404454023107e-07,1.0622633685014449e-06,9.294955459768928e-09,0
984,3.1420983519398377e-07,1.0622633685014449e-06,-5.0003835193983766e-08,0
985,9.718344127553288e-07,1.0622633685014449e-06,-4.5761441275532876e-07,0
986,2.4819546561957908e-06,1.0622633685014449e-06,-1.5529876561957907e-06,1
987,4.919064700479942e-06,1.0622633685014449e-06,-3.2212247004799416e-06,1
988,7.330580030665511e-06,1.0622633685014449e-06,-4.5652100306655105e-06,1
989,8.020812729616577e-06,1.0622633685014449e-06,-4.5644427296165775e-06,1
990,6.348673718450572e-06,1.0622633685014449e-06,-3.2868137184505724e-06,1
991,3.526802586978354e-06,1.0622633685014449e-06,-1.716562586978354e-06,1
992,2.851025031188139e-07,1.0622633685014449e-06,3.613324968811861e-07,0
993,2.7951952805541945e-07,1.0622633685014449e-06,4.561624719445806e-07,0
994,1.928151683824465e-07,1.0622633685014449e-06,3.4698683161755357e-07,0
995,1.262243713076888e-07,1.0622633685014449e-06,1.620256286923112e-07,0
996,9.047415328875168e-08,1.0622633685014449e-06,3.123384671124831e-08,0
997,6.509855953106218e-08,1.0622633685014449e-06,-2.0732159531062173e-08,0
998,5.011908376202792e-08,1.0622633685014449e-06,-2.482438376202792e-08,0
999,4.1574351327089384e-08,1.0622633685014449e-06,1.821648672910616e-09,0
1000,3.2011573827001566e-08,1.0622633685014449e-06,5.588932617299843e-08,0
1001,2.9358508949946435e-08,1.0622633685014449e-06,1.1383049105005356e-07,0
1002,4.737340245339208e-08,1.0622633685014449e-06,1.4640459754660792e-07,0
1003,9.632707121915963e-08,1.0622633685014449e-06,1.3180892878084038e-07,0
1004,1.7557182165307494e-07,1.0622633685014449e-06,4.965717834692507e-08,0
1005,2.6331184040022444e-07,1.0622633685014449e-06,-8.260484040022446e-08,0
1006,3.2003820463457506e-07,1.0622633685014449e-06,-1.9780920463457505e-07,1
1007,3.0929820421381673e-07,1.0622633685014449e-06,-2.316524042138167e-07,1
1008,2.3582061440685892e-07,1.0622633685014449e-06,-1.8775191440685891e-07,1
1009,1.4560812378800358e-07,1.0622633685014449e-06,-1.1562202378800357e-07,1
1010,7.054315483796334e-08,1.0622633685014449e-06,-4.952525483796334e-08,1
1011,2.3800960616209107e-08,1.0622633685014449e-06,-6.427360616209108e-09,0
1012,6.2578653476013315e-09,1.0622633685014449e-06,9.904134652398668e-09,0
1013,7.69084701359492e-09,1.0622633685014449e-06,1.1737252986405079e-08,0
1014,2.6042510302661316e-08,1.0622633685014449e-06,1.5133389697338683e-08,0
1015,8.944680828092734e-08,1.0622633685014449e-06,1.8176191719072654e-08,0
1016,3.072867805200088e-07,1.0622633685014449e-06,-5.92527805200088e-08,0
1017,9.368999255299307e-07,1.0622633685014449e-06,-4.1843192552993067e-07,1
1018,2.33402595112625e-06,1.0622633685014449e-06,-1.2739059511262501e-06,1
1019,4.5009630471421635e-06,1.0622633685014449e-06,-2.5070730471421633e-06,1
1020,6.416905126628478e-06,1.0622633685014449e-06,-3.3915551266284776e-06,1
1021,6.612469590050509e-06,1.0622633685014449e-06,-3.2332295900505088e-06,1
1022,4.869081445311957e-06,1.0622633685014449e-06,-2.256611445311957e-06,1
1023,2.4812678068148992e-06,1.0622633685014449e-06,-1.175997806814899e-06,1
