,D281G,max,diff,True
0,6.498429257959382e-07,1.0368173611066336e-06,7.651470742040617e-07,1
1,8.238738431104421e-07,1.0368173611066336e-06,1.186766156889558e-06,1
2,6.546576832293904e-07,1.0368173611066336e-06,9.864323167706097e-07,1
3,5.388093171462672e-07,1.0368173611066336e-06,3.5174568285373273e-07,0
4,6.727658645193917e-07,1.0368173611066336e-06,-2.957578645193917e-07,0
5,7.689105902079336e-07,1.0368173611066336e-06,-6.274375902079336e-07,1
6,5.822448929833795e-07,1.0368173611066336e-06,-5.118104929833796e-07,1
7,2.7506746203774855e-07,1.0368173611066336e-06,-1.7926336203774855e-07,1
8,8.822336275030717e-08,1.0368173611066336e-06,1.0225263724969282e-07,0
9,4.7349221285453806e-08,1.0368173611066336e-06,2.867947787145462e-07,0
10,1.3130882101808422e-07,1.0368173611066336e-06,3.7778517898191577e-07,0
11,3.466450702199918e-07,1.0368173611066336e-06,3.390279297800083e-07,0
12,6.178355557653515e-07,1.0368173611066336e-06,1.804434442346485e-07,0
13,8.831728065141663e-07,1.0368173611066336e-06,-9.286480651416627e-08,0
14,1.197991130985347e-06,1.0368173611066336e-06,-5.23863130985347e-07,1
15,1.4856742527753068e-06,1.0368173611066336e-06,-9.762642527753068e-07,1
16,1.4898267490440555e-06,1.0368173611066336e-06,-1.1357307490440555e-06,1
17,1.115097448359427e-06,1.0368173611066336e-06,-8.82233448359427e-07,1
18,5.836999335702582e-07,1.0368173611066336e-06,-4.4282693357025826e-07,1
19,2.115062302877982e-07,1.0368173611066336e-06,-1.2356953028779821e-07,1
20,8.368183384772407e-08,1.0368173611066336e-06,-1.0249338477240792e-09,0
21,8.682018205015373e-08,1.0368173611066336e-06,2.9769817949846275e-08,0
22,1.2712200939503928e-07,1.0368173611066336e-06,6.069499060496074e-08,0
23,2.222471542957006e-07,1.0368173611066336e-06,9.604084570429943e-08,0
24,5.094042055484349e-07,1.0368173611066336e-06,1.0337379445156507e-07,0
25,1.4561391976430034e-06,1.0368173611066336e-06,-7.573919764300342e-08,0
26,4.189132272431345e-06,1.0368173611066336e-06,-9.546022724313455e-07,1
27,9.816156852614156e-06,1.0368173611066336e-06,-2.965676852614156e-06,1
28,1.702235512006318e-05,1.0368173611066336e-06,-5.244355120063182e-06,1
29,2.112637332857895e-05,1.0368173611066336e-06,-5.860173328578949e-06,1
30,1.829956201095444e-05,1.0368173611066336e-06,-4.135762010954438e-06,1
31,1.0658196358584152e-05,1.0368173611066336e-06,-1.7365363585841522e-06,1
32,1.5993934548400496e-06,1.0368173611066336e-06,2.28395654515995e-06,1
33,1.797339542482669e-06,1.0368173611066336e-06,2.981670457517331e-06,1
34,1.3602924226614791e-06,1.0368173611066336e-06,2.084387577338521e-06,1
35,1.3373640692996522e-06,1.0368173611066336e-06,3.557459307003476e-07,0
36,1.958817141910468e-06,1.0368173611066336e-06,-1.2719161419104681e-06,1
37,2.2423892914025453e-06,1.0368173611066336e-06,-1.9568952914025454e-06,1
38,1.5984665278397674e-06,1.0368173611066336e-06,-1.4113975278397673e-06,1
39,6.901410518163606e-07,1.0368173611066336e-06,-4.296570518163606e-07,1
40,2.0328001967373678e-07,1.0368173611066336e-06,2.7603498032626325e-07,0
41,1.5507021098171316e-07,1.0368173611066336e-06,6.741517890182869e-07,0
42,4.748338158936549e-07,1.0368173611066336e-06,7.733461841063451e-07,0
43,1.1858657881576302e-06,1.0368173611066336e-06,4.591142118423698e-07,0
44,2.176313139665044e-06,1.0368173611066336e-06,-2.4197313966504373e-07,0
45,3.2779690455063098e-06,1.0368173611066336e-06,-1.2359390455063097e-06,0
46,4.367777947294733e-06,1.0368173611066336e-06,-2.4384679472947335e-06,1
47,5.0236501281147935e-06,1.0368173611066336e-06,-3.3843701281147935e-06,1
48,4.602600463600287e-06,1.0368173611066336e-06,-3.3365904636002865e-06,1
49,3.1336660434048317e-06,1.0368173611066336e-06,-2.2645170434048315e-06,1
50,1.524474211433539e-06,1.0368173611066336e-06,-9.844312114335389e-07,1
51,5.744815850490757e-07,1.0368173611066336e-06,-2.0087558504907572e-07,1
52,3.1376432920453173e-07,1.0368173611066336e-06,5.777667079546825e-08,0
53,4.0416991865359076e-07,1.0368173611066336e-06,9.863108134640925e-08,0
54,6.700408968970147e-07,1.0368173611066336e-06,6.341010310298535e-08,0
55,1.1744925358562002e-06,1.0368173611066336e-06,-3.969253585620011e-08,0
56,2.407233377849824e-06,1.0368173611066336e-06,-2.675833778498243e-07,0
57,5.937900200177795e-06,1.0368173611066336e-06,-1.0567302001777954e-06,0
58,1.4498749011614581e-05,1.0368173611066336e-06,-3.10234901161458e-06,1
59,2.9394305237402733e-05,1.0368173611066336e-06,-6.3168052374027325e-06,1
60,4.5234610824516524e-05,1.0368173611066336e-06,-8.687410824516523e-06,1
61,5.0414073343417435e-05,1.0368173611066336e-06,-7.644473343417437e-06,1
62,3.9353897624641636e-05,1.0368173611066336e-06,-3.7668976246416395e-06,1
63,2.0726805061652272e-05,1.0368173611066336e-06,-6.613050616522725e-07,0
64,2.53984140422686e-06,1.0368173611066336e-06,2.65453859577314e-06,1
65,2.7113514973657257e-06,1.0368173611066336e-06,3.143258502634275e-06,1
66,1.967670143793567e-06,1.0368173611066336e-06,1.9387098562064337e-06,1
67,1.980834667947372e-06,1.0368173611066336e-06,-1.570446679473717e-07,0
68,2.8555652886613588e-06,1.0368173611066336e-06,-2.0917572886613588e-06,1
69,3.06708241251604e-06,1.0368173611066336e-06,-2.68568041251604e-06,1
70,2.063778713896536e-06,1.0368173611066336e-06,-1.7840327138965358e-06,1
71,8.767906045013224e-07,1.0368173611066336e-06,-5.436966045013224e-07,1
72,3.067584294215757e-07,1.0368173611066336e-06,2.5946057057842427e-07,0
73,4.0363123294336727e-07,1.0368173611066336e-06,5.807427670566327e-07,0
74,1.253443736958356e-06,1.0368173611066336e-06,2.6087626304164426e-07,0
75,3.0210829821539364e-06,1.0368173611066336e-06,-9.058429821539365e-07,0
76,5.349078390152535e-06,1.0368173611066336e-06,-2.5681183901525354e-06,1
77,7.641595344554874e-06,1.0368173611066336e-06,-4.247375344554874e-06,1
78,9.569650132517059e-06,1.0368173611066336e-06,-5.820930132517059e-06,1
79,1.0192933773346214e-05,1.0368173611066336e-06,-6.477073773346214e-06,1
80,8.422723058659011e-06,1.0368173611066336e-06,-5.2035430586590115e-06,1
81,5.114322918785952e-06,1.0368173611066336e-06,-2.760952918785952e-06,1
82,2.3323918504254953e-06,1.0368173611066336e-06,-8.084018504254952e-07,1
83,1.0407460025566485e-06,1.0368173611066336e-06,1.3703997443351408e-08,0
84,8.642739253607901e-07,1.0368173611066336e-06,1.3213507463920986e-07,0
85,1.2203334681259168e-06,1.0368173611066336e-06,3.8056531874083236e-08,0
86,1.925363200977381e-06,1.0368173611066336e-06,-2.2617320097738076e-07,0
87,3.2201922928725575e-06,1.0368173611066336e-06,-7.695522928725574e-07,0
88,6.226823916900335e-06,1.0368173611066336e-06,-1.710523916900335e-06,1
89,1.3666592251251912e-05,1.0368173611066336e-06,-3.265292251251911e-06,1
90,2.8963364192268025e-05,1.0368173611066336e-06,-5.332064192268023e-06,1
91,5.1675878426677795e-05,1.0368173611066336e-06,-7.218678426677789e-06,1
92,7.160854183041758e-05,1.0368173611066336e-06,-7.778441830417582e-06,1
93,7.335173449762599e-05,1.0368173611066336e-06,-6.165034497625994e-06,1
94,5.367658893219439e-05,1.0368173611066336e-06,-3.29938893219439e-06,0
95,2.7062096508433263e-05,1.0368173611066336e-06,-1.3187965084332654e-06,0
96,3.2823796554832773e-06,1.0368173611066336e-06,1.267520344516723e-06,1
97,3.2974981121640967e-06,1.0368173611066336e-06,1.5952318878359035e-06,1
98,2.1280676664507492e-06,1.0368173611066336e-06,1.0090323335492508e-06,1
99,1.7006564066383085e-06,1.0368173611066336e-06,-2.634864066383083e-07,0
100,2.077318693434413e-06,1.0368173611066336e-06,-1.4224946934344132e-06,1
101,2.0550007671720253e-06,1.0368173611066336e-06,-1.6581227671720254e-06,1
102,1.3336338576565923e-06,1.0368173611066336e-06,-1.0347438576565924e-06,1
103,5.896827777311661e-07,1.0368173611066336e-06,-2.957987777311661e-07,0
104,3.5716287862215397e-07,1.0368173611066336e-06,7.963512137784602e-08,0
105,9.082230358004736e-07,1.0368173611066336e-06,-1.397580358004736e-07,0
106,2.7087221824858714e-06,1.0368173611066336e-06,-1.3709421824858714e-06,1
107,5.7750655972505985e-06,1.0368173611066336e-06,-3.535265597250599e-06,1
108,9.032057850806007e-06,1.0368173611066336e-06,-5.538137850806006e-06,1
109,1.176064814742132e-05,1.0368173611066336e-06,-6.80577814742132e-06,1
110,1.3678091274554833e-05,1.0368173611066336e-06,-7.342841274554833e-06,1
111,1.3285687842633975e-05,1.0368173611066336e-06,-6.229897842633975e-06,1
112,9.855600299425784e-06,1.0368173611066336e-06,-3.3713302994257833e-06,1
113,5.4958214432532365e-06,1.0368173611066336e-06,-6.602114432532368e-07,0
114,2.626485708463288e-06,1.0368173611066336e-06,4.960742915367116e-07,0
115,1.6652079994793962e-06,1.0368173611066336e-06,4.4513200052060404e-07,0
116,1.7881345705516583e-06,1.0368173611066336e-06,1.5054542944834176e-07,0
117,2.3855832236490304e-06,1.0368173611066336e-06,5.8626776350969684e-08,0
118,3.6010670674473043e-06,1.0368173611066336e-06,-2.9001706744730407e-07,0
119,6.034194734240251e-06,1.0368173611066336e-06,-1.4078847342402512e-06,1
120,1.1150179972291847e-05,1.0368173611066336e-06,-2.948149972291848e-06,1
121,2.2239249154715866e-05,1.0368173611066336e-06,-4.187949154715865e-06,1
122,4.246600009008396e-05,1.0368173611066336e-06,-4.626100090083966e-06,1
123,6.847656043657238e-05,1.0368173611066336e-06,-4.386060436572381e-06,0
124,8.657987785265484e-05,1.0368173611066336e-06,-4.4293778526548395e-06,0
125,8.267763374004294e-05,1.0368173611066336e-06,-5.273233740042948e-06,0
126,5.801862736377722e-05,1.0368173611066336e-06,-5.519627363777226e-06,1
127,2.866649436502331e-05,1.0368173611066336e-06,-4.049194365023311e-06,1
128,3.516199453903605e-06,1.0368173611066336e-06,-1.870794539036052e-07,0
129,3.4414638505911887e-06,1.0368173611066336e-06,5.2886149408811134e-08,0
130,2.054356677243357e-06,1.0368173611066336e-06,1.5438332275664354e-07,0
131,1.1484452160275324e-06,1.0368173611066336e-06,-7.971521602753258e-08,0
132,9.65350436148083e-07,1.0368173611066336e-06,-3.7868643614808306e-07,0
133,8.293835579464976e-07,1.0368173611066336e-06,-4.242115579464976e-07,0
134,5.168251397120685e-07,1.0368173611066336e-06,-2.2713813971206855e-07,0
135,2.754375342794722e-07,1.0368173611066336e-06,-4.632353427947221e-08,0
136,4.4174491202582044e-07,1.0368173611066336e-06,-1.5149991202582042e-07,0
137,1.5131023601017573e-06,1.0368173611066336e-06,-9.303493601017573e-07,1
138,4.08018012130697e-06,1.0368173611066336e-06,-2.76794012130697e-06,1
139,7.716157074668604e-06,1.0368173611066336e-06,-5.010537074668604e-06,1
140,1.1033262143298202e-05,1.0368173611066336e-06,-6.192892143298203e-06,1
141,1.35729588187713e-05,1.0368173611066336e-06,-5.9577788187713e-06,1
142,1.4873172839525445e-05,1.0368173611066336e-06,-4.439272839525445e-06,1
143,1.3307869390875646e-05,1.0368173611066336e-06,-1.5071693908756473e-06,0
144,9.1359851085691e-06,1.0368173611066336e-06,1.409914891430899e-06,0
145,5.0445578704345014e-06,1.0368173611066336e-06,2.427672129565499e-06,1
146,2.7528174189754453e-06,1.0368173611066336e-06,1.7929925810245543e-06,1
147,2.0620335332680058e-06,1.0368173611066336e-06,8.727664667319945e-07,1
148,2.249089480474992e-06,1.0368173611066336e-06,5.216005195250081e-07,0
149,3.1280702486839844e-06,1.0368173611066336e-06,6.528297513160152e-07,0
150,5.161957884163599e-06,1.0368173611066336e-06,1.5255211583640106e-07,0
151,8.936983121496185e-06,1.0368173611066336e-06,-1.440093121496185e-06,1
152,1.567941282014899e-05,1.0368173611066336e-06,-2.6150128201489896e-06,1
153,2.8903279984312462e-05,1.0368173611066336e-06,-2.163879984312462e-06,0
154,5.133135438670074e-05,1.0368173611066336e-06,-9.676543867007372e-07,0
155,7.613722681066013e-05,1.0368173611066336e-06,-4.072268106601357e-07,0
156,8.772236412341328e-05,1.0368173611066336e-06,-1.369064123413278e-06,0
157,7.713884213588836e-05,1.0368173611066336e-06,-3.697142135888361e-06,0
158,5.101095963084204e-05,1.0368173611066336e-06,-5.115859630842042e-06,1
159,2.4238586913579546e-05,1.0368173611066336e-06,-4.0363869135795445e-06,1
160,3.2075306018199462e-06,1.0368173611066336e-06,-7.49290601819946e-07,1
161,3.2350729922144264e-06,1.0368173611066336e-06,-5.725929922144266e-07,1
162,2.085560002628268e-06,1.0368173611066336e-06,-2.5462000262826784e-07,0
163,1.1504987320686631e-06,1.0368173611066336e-06,-8.904873206866311e-08,0
164,6.973323854462684e-07,1.0368173611066336e-06,3.2706145537315428e-09,0
165,4.2624021593824603e-07,1.0368173611066336e-06,8.213078406175399e-08,0
166,2.188868412154027e-07,1.0368173611066336e-06,1.2464415878459728e-07,0
167,1.629324362280167e-07,1.0368173611066336e-06,7.172956377198331e-08,0
168,5.020798565169315e-07,1.0368173611066336e-06,-2.3275585651693148e-07,1
169,1.7890061132093033e-06,1.0368173611066336e-06,-1.1476871132093033e-06,1
170,4.589992059476044e-06,1.0368173611066336e-06,-2.8457320594760436e-06,1
171,8.410651657979459e-06,1.0368173611066336e-06,-4.3557816579794595e-06,1
172,1.2090745577675395e-05,1.0368173611066336e-06,-4.290635577675394e-06,1
173,1.5155832529549455e-05,1.0368173611066336e-06,-2.5727325295494547e-06,0
174,1.6440647810644498e-05,1.0368173611066336e-06,3.6545218935549997e-07,0
175,1.4268521433255225e-05,1.0368173611066336e-06,3.5731785667447778e-06,1
176,9.805479332713541e-06,1.0368173611066336e-06,4.825420667286458e-06,1
177,5.7011057536922245e-06,1.0368173611066336e-06,3.7328742463077756e-06,1
178,3.095276017741272e-06,1.0368173611066336e-06,2.1529139822587273e-06,1
179,1.9211962649293645e-06,1.0368173611066336e-06,1.2285237350706353e-06,1
180,1.8665506305366584e-06,1.0368173611066336e-06,1.0820493694633417e-06,0
181,2.9558003473499227e-06,1.0368173611066336e-06,1.1589996526500773e-06,0
182,5.734512459997613e-06,1.0368173611066336e-06,2.6502754000238816e-07,0
183,1.0632755203613291e-05,1.0368173611066336e-06,-1.451835203613291e-06,0
184,1.8484010031214897e-05,1.0368173611066336e-06,-1.8687100312148974e-06,0
185,3.2719746237101785e-05,1.0368173611066336e-06,-6.194462371017831e-07,0
186,5.538006626637129e-05,1.0368173611066336e-06,-3.241662663712889e-07,0
187,7.702752114028612e-05,1.0368173611066336e-06,-1.8642211402861175e-06,0
188,8.137696091985523e-05,1.0368173611066336e-06,-3.0727609198552287e-06,0
189,6.478249568649912e-05,1.0368173611066336e-06,-3.0515956864991188e-06,0
190,3.908341668643329e-05,1.0368173611066336e-06,-2.5368166864332876e-06,0
191,1.7335802024106998e-05,1.0368173611066336e-06,-1.7032020241069978e-06,0
192,2.7821984277155846e-06,1.0368173611066336e-06,-4.917284277155846e-07,1
193,3.22395153380167e-06,1.0368173611066336e-06,-4.4659153380166987e-07,0
194,2.6219518948562675e-06,1.0368173611066336e-06,-4.080518948562679e-07,0
195,1.6947515946052915e-06,1.0368173611066336e-06,-2.2060159460529156e-07,0
196,8.830143850523401e-07,1.0368173611066336e-06,1.2800561494765995e-07,0
197,3.669079894685503e-07,1.0368173611066336e-06,3.311990105314497e-07,0
198,1.40936479635147e-07,1.0368173611066336e-06,3.03607520364853e-07,0
199,1.5152724268007937e-07,1.0368173611066336e-06,1.455837573199206e-07,0
200,5.324266486708325e-07,1.0368173611066336e-06,-1.5175364867083248e-07,0
201,1.8369572434105056e-06,1.0368173611066336e-06,-8.046672434105056e-07,1
202,4.751714964727674e-06,1.0368173611066336e-06,-1.786624964727674e-06,1
203,9.228289141888094e-06,1.0368173611066336e-06,-2.1980491418880956e-06,1
204,1.4622970255938833e-05,1.0368173611066336e-06,-1.206370255938832e-06,0
205,1.9795238024372428e-05,1.0368173611066336e-06,1.0176619756275703e-06,0
206,2.204996473789892e-05,1.0368173611066336e-06,3.987635262101082e-06,1
207,1.9506664384993228e-05,1.0368173611066336e-06,5.969535615006771e-06,1
208,1.384475180259836e-05,1.0368173611066336e-06,5.336548197401642e-06,1
209,8.057594971394683e-06,1.0368173611066336e-06,3.4150050286053164e-06,1
210,3.994173613001785e-06,1.0368173611066336e-06,2.025336386998215e-06,1
211,2.0074743314265823e-06,1.0368173611066336e-06,1.3636456685734172e-06,1
212,1.6482813206445603e-06,1.0368173611066336e-06,1.0963386793554398e-06,0
213,2.7680172290643907e-06,1.0368173611066336e-06,7.036427709356092e-07,0
214,5.7735226089700515e-06,1.0368173611066336e-06,-4.356126089700523e-07,0
215,1.1025343284314817e-05,1.0368173611066336e-06,-1.739863284314817e-06,0
216,1.9467835360895446e-05,1.0368173611066336e-06,-1.7742353608954462e-06,0
217,3.4236383995570905e-05,1.0368173611066336e-06,-1.2237839955709016e-06,0
218,5.6130160875049095e-05,1.0368173611066336e-06,-2.3553608750490957e-06,0
219,7.429691974079692e-05,1.0368173611066336e-06,-4.222119740796923e-06,0
220,7.382746640647607e-05,1.0368173611066336e-06,-3.911266406476073e-06,0
221,5.490774711117756e-05,1.0368173611066336e-06,-1.6212471111775594e-06,0
222,3.103663907514562e-05,1.0368173611066336e-06,2.6966092485438293e-07,0
223,1.3182185305087767e-05,1.0368173611066336e-06,6.213146949122321e-07,0
224,2.6785856115927482e-06,1.0368173611066336e-06,4.6674438840725195e-07,0
225,3.572031021473645e-06,1.0368173611066336e-06,5.121389785263542e-07,0
226,3.2551171436037007e-06,1.0368173611066336e-06,1.324728563962994e-07,0
227,2.1606600720474918e-06,1.0368173611066336e-06,7.32699279525081e-08,0
228,1.0403114979411283e-06,1.0368173611066336e-06,3.8249850205887176e-07,0
229,3.7143698243403695e-07,1.0368173611066336e-06,5.16107017565963e-07,0
230,1.5286922263982833e-07,1.0368173611066336e-06,3.7731477736017164e-07,0
231,2.141685700540761e-07,1.0368173611066336e-06,1.7572242994592387e-07,0
232,6.842647899105379e-07,1.0368173611066336e-06,-4.023878991053781e-08,0
233,2.2922066139054693e-06,1.0368173611066336e-06,-4.2449661390546956e-07,0
234,6.129797932017575e-06,1.0368173611066336e-06,-8.144279320175754e-07,0
235,1.2804830435022347e-05,1.0368173611066336e-06,-3.919304350223481e-07,0
236,2.173390854571679e-05,1.0368173611066336e-06,1.2663914542832114e-06,0
237,3.0306101095081397e-05,1.0368173611066336e-06,3.6412989049186026e-06,1
238,3.409109204067145e-05,1.0368173611066336e-06,5.752207959328552e-06,1
239,3.040901795135259e-05,1.0368173611066336e-06,6.177782048647411e-06,1
240,2.1496612530789134e-05,1.0368173611066336e-06,4.650887469210866e-06,1
241,1.230463846500356e-05,1.0368173611066336e-06,2.8139615349964403e-06,1
242,6.104762528813097e-06,1.0368173611066336e-06,1.8542774711869032e-06,1
243,3.256759595131037e-06,1.0368173611066336e-06,1.4109504048689624e-06,1
244,2.859180315584644e-06,1.0368173611066336e-06,8.440896844153557e-07,0
245,4.192208572644735e-06,1.0368173611066336e-06,-1.4558857264473477e-07,0
246,6.958507836673319e-06,1.0368173611066336e-06,-1.4519378366733192e-06,0
247,1.1428594467003067e-05,1.0368173611066336e-06,-2.2555644670030663e-06,1
248,1.931593063461537e-05,1.0368173611066336e-06,-1.911430634615372e-06,0
249,3.3872411300756844e-05,1.0368173611066336e-06,-1.1848113007568417e-06,0
250,5.4692091455811997e-05,1.0368173611066336e-06,-1.0528914558119968e-06,0
251,7.111266855407589e-05,1.0368173611066336e-06,-8.897685540758878e-07,0
252,7.091777663751046e-05,1.0368173611066336e-06,-3.127663751046597e-08,0
253,5.4808143076419515e-05,1.0368173611066336e-06,1.4232569235804904e-06,0
254,3.325130224459495e-05,1.0368173611066336e-06,2.5036977554050493e-06,0
255,1.538315002482054e-05,1.0368173611066336e-06,2.0460499751794584e-06,1
256,3.0035911652428354e-06,1.0368173611066336e-06,1.6163988347571646e-06,1
257,3.976860756658453e-06,1.0368173611066336e-06,1.6990692433415473e-06,1
258,3.4068222648989493e-06,1.0368173611066336e-06,9.501677351010508e-07,0
259,2.020784013686761e-06,1.0368173611066336e-06,5.961359863132391e-07,0
260,8.378681969066223e-07,1.0368173611066336e-06,6.533218030933776e-07,0
261,2.7494551593636194e-07,1.0368173611066336e-06,5.59980484063638e-07,0
262,1.7682205278168038e-07,1.0368173611066336e-06,3.1329494721831964e-07,0
263,3.828584449280545e-07,1.0368173611066336e-06,6.348755507194546e-08,0
264,1.239936807327816e-06,1.0368173611066336e-06,-2.604858073278159e-07,0
265,3.8890354539981454e-06,1.0368173611066336e-06,-7.425954539981455e-07,0
266,1.0117690855952706e-05,1.0368173611066336e-06,-7.799008559527064e-07,0
267,2.129717435300894e-05,1.0368173611066336e-06,8.374256469910615e-07,0
268,3.616286657762448e-05,1.0368173611066336e-06,4.100533422375516e-06,1
269,4.921413232105668e-05,1.0368173611066336e-06,7.331067678943323e-06,1
270,5.318294013069907e-05,1.0368173611066336e-06,8.876459869300925e-06,1
271,4.544540509311226e-05,1.0368173611066336e-06,7.601894906887734e-06,1
272,3.0963525907498514e-05,1.0368173611066336e-06,4.386374092501485e-06,1
273,1.7371618615368397e-05,1.0368173611066336e-06,2.087181384631604e-06,0
274,8.876462060341775e-06,1.0368173611066336e-06,1.6301379396582254e-06,0
275,5.41900351756345e-06,1.0368173611066336e-06,1.5372764824365503e-06,0
276,5.382600319457705e-06,1.0368173611066336e-06,5.238996805422949e-07,0
277,7.264837142235312e-06,1.0368173611066336e-06,-1.4881271422353131e-06,0
278,9.890275876857712e-06,1.0368173611066336e-06,-3.3961158768577123e-06,1
279,1.349726691759958e-05,1.0368173611066336e-06,-3.88932691759958e-06,1
280,2.1045105091921303e-05,1.0368173611066336e-06,-2.675305091921301e-06,0
281,3.67631199917647e-05,1.0368173611066336e-06,-2.4461999176470086e-07,0
282,5.952780699939418e-05,1.0368173611066336e-06,2.9692930006058248e-06,0
283,7.848358066743017e-05,1.0368173611066336e-06,5.7494193325698226e-06,0
284,8.281180218292404e-05,1.0368173611066336e-06,6.128297817075966e-06,0
285,7.09453383543706e-05,1.0368173611066336e-06,5.0464616456294035e-06,0
286,4.805826301061225e-05,1.0368173611066336e-06,4.233136989387754e-06,1
287,2.377226461880133e-05,1.0368173611066336e-06,2.8703353811986714e-06,1
288,3.487888144126303e-06,1.0368173611066336e-06,1.274181855873697e-06,1
289,4.195929885262253e-06,1.0368173611066336e-06,9.981901147377457e-07,0
290,3.0419726111245046e-06,1.0368173611066336e-06,4.778473888754952e-07,0
291,1.4064417423218452e-06,1.0368173611066336e-06,4.392382576781546e-07,0
292,4.4021149315112265e-07,1.0368173611066336e-06,4.595005068488773e-07,0
293,1.4117803483112055e-07,1.0368173611066336e-06,3.062549651688794e-07,0
294,1.8102270582155227e-07,1.0368173611066336e-06,1.0357729417844772e-07,0
295,5.211799046056318e-07,1.0368173611066336e-06,-1.264199046056318e-07,0
296,1.7653565056840832e-06,1.0368173611066336e-06,-4.848665056840832e-07,0
297,5.8254316187046165e-06,1.0368173611066336e-06,-9.07961618704617e-07,0
298,1.6316805831827638e-05,1.0368173611066336e-06,-4.973058318276384e-07,0
299,3.565685326327821e-05,1.0368173611066336e-06,2.3115467367217923e-06,0
300,5.8571956436706e-05,1.0368173611066336e-06,7.737043563293994e-06,1
301,7.234830730171246e-05,1.0368173611066336e-06,1.3720892698287549e-05,1
302,6.879855440826092e-05,1.0368173611066336e-06,1.6115245591739075e-05,1
303,5.183801782692366e-05,1.0368173611066336e-06,1.1944982173076335e-05,1
304,3.172180031766018e-05,1.0368173611066336e-06,5.237599682339814e-06,1
305,1.6483293403540014e-05,1.0368173611066336e-06,1.7124065964599852e-06,0
306,8.374391080499024e-06,1.0368173611066336e-06,1.2581689195009765e-06,0
307,5.674532307408886e-06,1.0368173611066336e-06,1.022807692591114e-06,0
308,6.172268442570556e-06,1.0368173611066336e-06,-4.876784425705554e-07,0
309,8.208295132217368e-06,1.0368173611066336e-06,-2.9005451322173675e-06,1
310,1.0646090790799249e-05,1.0368173611066336e-06,-4.679160790799249e-06,1
311,1.4469317111562922e-05,1.0368173611066336e-06,-4.7310571115629214e-06,1
312,2.402008593875053e-05,1.0368173611066336e-06,-2.8289859387505304e-06,0
313,4.409032698757904e-05,1.0368173611066336e-06,1.479673012420957e-06,0
314,7.171721531579054e-05,1.0368173611066336e-06,8.163684684209458e-06,1
315,9.49105008709477e-05,1.0368173611066336e-06,1.3126499129052308e-05,1
316,0.00010368173611066335,1.0368173611066336e-06,1.1535263889336656e-05,1
317,9.312796920716642e-05,1.0368173611066336e-06,6.4277307928335806e-06,0
318,6.396741339421905e-05,1.0368173611066336e-06,3.1685866057809526e-06,0
319,3.0493925438495148e-05,1.0368173611066336e-06,1.4094745615048555e-06,0
320,3.451840295696002e-06,1.0368173611066336e-06,-7.000402956960021e-07,0
321,3.627299486270729e-06,1.0368173611066336e-06,-9.53069486270729e-07,0
322,2.093157831513024e-06,1.0368173611066336e-06,-4.684578315130238e-07,0
323,6.895945258377414e-07,1.0368173611066336e-06,5.765847416225861e-08,0
324,1.4431834848445758e-07,1.0368173611066336e-06,1.6013065151554245e-07,0
325,5.082602373776703e-08,1.0368173611066336e-06,8.279197626223297e-08,0
326,1.1861634517201991e-07,1.0368173611066336e-06,-8.521345172019919e-09,0
327,4.4538152076875095e-07,1.0368173611066336e-06,-1.4082852076875096e-07,1
328,1.9023558248055667e-06,1.0368173611066336e-06,-3.924158248055667e-07,0
329,7.480060337035307e-06,1.0368173611066336e-06,-6.914503370353058e-07,0
330,2.252691514567822e-05,1.0368173611066336e-06,-1.6561514567821667e-07,0
331,4.786027003435843e-05,1.0368173611066336e-06,3.0578299656415706e-06,0
332,7.072769578381224e-05,1.0368173611066336e-06,1.0027104216187753e-05,1
333,7.454940405410939e-05,1.0368173611066336e-06,1.7606095945890603e-05,1
334,5.872932607295417e-05,1.0368173611066336e-06,1.8448573927045832e-05,1
335,3.6468034449252665e-05,1.0368173611066336e-06,1.1168965550747333e-05,1
336,1.8774349968416392e-05,1.0368173611066336e-06,3.654550031583606e-06,1
337,8.622070318004843e-06,1.0368173611066336e-06,6.759596819951567e-07,0
338,4.211486017369562e-06,1.0368173611066336e-06,3.183739826304382e-07,0
339,2.9735164663841373e-06,1.0368173611066336e-06,7.983353361586246e-08,0
340,3.4096217833694663e-06,1.0368173611066336e-06,-8.778317833694661e-07,1
341,4.740609769810383e-06,1.0368173611066336e-06,-2.241969769810383e-06,1
342,6.746959155112063e-06,1.0368173611066336e-06,-3.2107891551120637e-06,1
343,1.1012743775227626e-05,1.0368173611066336e-06,-3.121443775227626e-06,1
344,2.2074573647094167e-05,1.0368173611066336e-06,-1.3766736470941669e-06,0
345,4.367928320857476e-05,1.0368173611066336e-06,3.236016791425232e-06,0
346,7.067715140520753e-05,1.0368173611066336e-06,1.037654859479246e-05,1
347,9.180825938555768e-05,1.0368173611066336e-06,1.411974061444231e-05,1
348,9.913534798600756e-05,1.0368173611066336e-06,9.611652013992453e-06,1
349,8.619895271518504e-05,1.0368173611066336e-06,2.3059472848149603e-06,0
350,5.5034723315926674e-05,1.0368173611066336e-06,-1.179723315926675e-06,0
351,2.3771786795441715e-05,1.0368173611066336e-06,-1.4975867954417145e-06,0
352,2.259609670345405e-06,1.0368173611066336e-06,-1.3688026703454049e-06,1
353,2.035616011684579e-06,1.0368173611066336e-06,-1.238112011684579e-06,1
354,9.671792570201169e-07,1.0368173611066336e-06,-5.154122570201169e-07,0
355,2.504089614961888e-07,1.0368173611066336e-06,-5.98149614961888e-08,0
356,3.8981580960205797e-08,1.0368173611066336e-06,3.14789190397942e-08,0
357,1.347118074016002e-08,1.0368173611066336e-06,1.8880719259839985e-08,0
358,5.389946671071511e-08,1.0368173611066336e-06,-6.587766710715115e-09,0
359,3.148090129802092e-07,1.0368173611066336e-06,-6.625501298020921e-08,0
360,1.7345662356548351e-06,1.0368173611066336e-06,-2.1910623565483525e-07,0
361,7.312554381933464e-06,1.0368173611066336e-06,-4.514043819334635e-07,0
362,2.1093196873213667e-05,1.0368173611066336e-06,-2.4359687321366625e-07,0
363,4.0173627800837625e-05,1.0368173611066336e-06,1.850872199162372e-06,0
364,5.0959490993854906e-05,1.0368173611066336e-06,6.602209006145096e-06,1
365,4.454759243178096e-05,1.0368173611066336e-06,1.0514207568219043e-05,1
366,2.8265914776887494e-05,1.0368173611066336e-06,8.965985223112504e-06,1
367,1.391478361627286e-05,1.0368173611066336e-06,4.098416383727138e-06,1
368,5.7575339157303845e-06,1.0368173611066336e-06,8.565560842696156e-07,0
369,2.2470357750684243e-06,1.0368173611066336e-06,-2.0045775068424113e-08,0
370,9.97194215083355e-07,1.0368173611066336e-06,-4.047221508335501e-08,0
371,6.896874031514177e-07,1.0368173611066336e-06,-8.927340315141764e-08,0
372,8.812926677843239e-07,1.0368173611066336e-06,-3.694646677843239e-07,1
373,1.438357660513869e-06,1.0368173611066336e-06,-7.774946605138691e-07,1
374,2.5574276153725016e-06,1.0368173611066336e-06,-1.0400576153725017e-06,1
375,5.642594861606283e-06,1.0368173611066336e-06,-8.215748616062834e-07,0
376,1.3820094037765506e-05,1.0368173611066336e-06,3.918059622344939e-07,0
377,2.844869076751526e-05,1.0368173611066336e-06,3.5180092324847405e-06,1
378,4.488788189732984e-05,1.0368173611066336e-06,7.483118102670163e-06,1
379,5.634004048663654e-05,1.0368173611066336e-06,7.76845951336346e-06,1
380,5.7719094418131056e-05,1.0368173611066336e-06,3.0063055818689433e-06,0
381,4.576801949276062e-05,1.0368173611066336e-06,-1.7049194927606207e-06,0
382,2.599262992152377e-05,1.0368173611066336e-06,-2.9380299215237697e-06,1
383,1.0063106166208793e-05,1.0368173611066336e-06,-1.990706166208792e-06,1
384,7.766578424988971e-07,1.0368173611066336e-06,-6.016368424988971e-07,1
385,5.902109334500257e-07,1.0368173611066336e-06,-4.4463793345002565e-07,1
386,2.3822695509373436e-07,1.0368173611066336e-06,-1.6074375509373437e-07,0
387,5.419366052911741e-08,1.0368173611066336e-06,-2.204616052911741e-08,0
388,7.644597014951788e-09,1.0368173611066336e-06,6.1821029850482126e-09,0
389,3.3314367766838056e-09,1.0368173611066336e-06,6.7005632233161945e-09,0
390,2.596574830504304e-08,1.0368173611066336e-06,-1.7674830504303865e-10,0
391,2.0150955675671288e-07,1.0368173611066336e-06,-3.61545567567129e-08,0
392,1.150519828658372e-06,1.0368173611066336e-06,-1.622138286583719e-07,0
393,4.465305423494079e-06,1.0368173611066336e-06,-4.517854234940792e-07,0
394,1.1233604125023443e-05,1.0368173611066336e-06,-6.828041250234443e-07,0
395,1.810937264944609e-05,1.0368173611066336e-06,3.227350553910134e-09,0
396,1.8995657010861704e-05,1.0368173611066336e-06,1.7450429891382987e-06,0
397,1.3416454048939455e-05,1.0368173611066336e-06,2.681545951060546e-06,1
398,6.743680950704405e-06,1.0368173611066336e-06,1.8140690492955942e-06,1
399,2.6082107838195888e-06,1.0368173611066336e-06,5.808992161804112e-07,0
400,8.702879987501699e-07,1.0368173611066336e-06,3.162400124983001e-08,0
401,2.9527440427220363e-07,1.0368173611066336e-06,-5.178940427220359e-08,0
402,1.1371308060326865e-07,1.0368173611066336e-06,-2.270658060326865e-08,0
403,7.347099598819476e-08,1.0368173611066336e-06,-1.8195795988194764e-08,0
404,1.1540323004961051e-07,1.0368173611066336e-06,-5.465073004961051e-08,1
405,2.4326243777011274e-07,1.0368173611066336e-06,-9.694943777011275e-08,0
406,6.345927081721734e-07,1.0368173611066336e-06,-6.572170817217335e-08,0
407,2.001144102190525e-06,1.0368173611066336e-06,1.692258978094749e-07,0
408,5.493436662210706e-06,1.0368173611066336e-06,8.670433377892936e-07,0
409,1.1121693670123186e-05,1.0368173611066336e-06,2.1587063298768135e-06,1
410,1.6776803237220447e-05,1.0368173611066336e-06,3.0166967627795525e-06,1
411,1.980617145407516e-05,1.0368173611066336e-06,2.004528545924841e-06,0
412,1.8341076768207723e-05,1.0368173611066336e-06,-1.4627676820772232e-07,0
413,1.2693140586581315e-05,1.0368173611066336e-06,-1.4019405865813159e-06,0
414,6.3216051264806e-06,1.0368173611066336e-06,-1.3555251264805996e-06,1
415,2.233493319964905e-06,1.0368173611066336e-06,-7.625133199649052e-07,1
416,1.0853589223263075e-07,1.0368173611066336e-06,-9.011829223263076e-08,1
417,6.653262753446808e-08,1.0368173611066336e-06,-5.314222753446808e-08,1
418,2.2315407200976777e-08,1.0368173611066336e-06,-1.5736477200976777e-08,0
419,4.4153954955329655e-09,1.0368173611066336e-06,-1.4193354955329658e-09,0
420,6.024156081383567e-10,1.0368173611066336e-06,1.4775043918616434e-09,0
421,1.3163533538374444e-09,1.0368173611066336e-06,1.9993566461625555e-09,0
422,1.4101348077047207e-08,1.0368173611066336e-06,-2.879748077047206e-09,0
423,1.0063185601375828e-07,1.0368173611066336e-06,-3.1903756013758284e-08,0
424,4.842376501885835e-07,1.0368173611066336e-06,-1.2587465018858345e-07,0
425,1.5489961876901372e-06,1.0368173611066336e-06,-3.1633618769013716e-07,0
426,3.1880607594859636e-06,1.0368173611066336e-06,-4.628307594859639e-07,0
427,4.17259045277357e-06,1.0368173611066336e-06,-2.7466045277357e-07,0
428,3.5097404825029916e-06,1.0368173611066336e-06,1.4609951749700845e-07,0
429,1.956680553883252e-06,1.0368173611066336e-06,3.198594461167484e-07,0
430,7.652787952202859e-07,1.0368173611066336e-06,1.89082204779714e-07,0
431,2.3095491594381967e-07,1.0368173611066336e-06,4.7651084056180355e-08,0
432,6.61850823934799e-08,1.0368173611066336e-06,-4.889982393479905e-09,0
433,2.198919082788357e-08,1.0368173611066336e-06,-8.922790827883571e-09,1
434,7.100926014445122e-09,1.0368173611066336e-06,-2.1944360144451217e-09,0
435,3.754719753507917e-09,1.0368173611066336e-06,1.2154024649208341e-10,0
436,7.826366786265261e-09,1.0368173611066336e-06,2.2506321373473916e-10,0
437,2.7850922039072244e-08,1.0368173611066336e-06,1.0980577960927755e-08,0
438,1.2526668855791714e-07,1.0368173611066336e-06,6.623331144208285e-08,0
439,4.85236702986873e-07,1.0368173611066336e-06,2.25760297013127e-07,0
440,1.329878119318428e-06,1.0368173611066336e-06,5.202618806815722e-07,0
441,2.557851790382174e-06,1.0368173611066336e-06,7.98648209617826e-07,1
442,3.60523714475349e-06,1.0368173611066336e-06,7.353628552465105e-07,0
443,3.839720333530927e-06,1.0368173611066336e-06,2.815496664690726e-07,0
444,3.055864683990987e-06,1.0368173611066336e-06,-1.4759468399098742e-07,0
445,1.7757817116773094e-06,1.0368173611066336e-06,-2.760517116773096e-07,0
446,7.627800551690437e-07,1.0368173611066336e-06,-2.157710551690438e-07,0
447,2.4332727316035663e-07,1.0368173611066336e-06,-1.0591627316035664e-07,1
448,4.764261940026188e-09,1.0368173611066336e-06,-4.0488219400261886e-09,1
449,2.265807598454696e-09,1.0368173611066336e-06,-1.841692598454696e-09,1
450,6.06666062739984e-10,1.0368173611066336e-06,-4.14898062739984e-10,0
451,1.004515833632237e-10,1.0368173611066336e-06,1.9353416636776312e-11,0
452,7.970832388554077e-11,1.0368173611066336e-06,1.5843867611445927e-10,0
453,1.0461133593414843e-09,1.0368173611066336e-06,-3.056003593414843e-10,0
454,8.28161628620812e-09,1.0368173611066336e-06,-4.862556286208119e-09,1
455,3.9169458026142764e-08,1.0368173611066336e-06,-2.0803658026142764e-08,1
456,1.2733262038048605e-07,1.0368173611066336e-06,-5.2365420380486056e-08,1
457,2.994494969834564e-07,1.0368173611066336e-06,-9.025249698345642e-08,1
458,4.840796551922095e-07,1.0368173611066336e-06,-1.0005465519220946e-07,0
459,5.084432426008833e-07,1.0368173611066336e-06,-5.0685242600883305e-08,0
460,3.3865627671913805e-07,1.0368173611066336e-06,1.7279723280861998e-08,0
461,1.446323297871466e-07,1.0368173611066336e-06,3.6965670212853406e-08,0
462,4.1630730836016533e-08,1.0368173611066336e-06,2.0314069163983472e-08,0
463,9.143307814502137e-09,1.0368173611066336e-06,5.624892185497862e-09,0
464,2.2016670633056044e-09,1.0368173611066336e-06,3.5936293669439577e-10,0
465,6.879961518984496e-10,1.0368173611066336e-06,-2.256791518984497e-10,0
466,1.8470576779444964e-10,1.0368173611066336e-06,5.901423220555037e-11,0
467,1.5746006632792212e-10,1.0368173611066336e-06,1.5229093367207788e-10,0
468,7.253198198446847e-10,1.0368173611066336e-06,9.881901801553152e-10,0
469,4.313843112190327e-09,1.0368173611066336e-06,7.183556887809673e-09,0
470,2.3486738314104324e-08,1.0368173611066336e-06,3.050846168589568e-08,0
471,8.82717757851735e-08,1.0368173611066336e-06,8.25502242148265e-08,0
472,2.2020236550593413e-07,1.0368173611066336e-06,1.4693963449406586e-07,1
473,3.809976283774869e-07,1.0368173611066336e-06,1.682463716225131e-07,1
474,4.7537282866365777e-07,1.0368173611066336e-06,1.1441517133634227e-07,0
475,4.333162389260201e-07,1.0368173611066336e-06,3.077876107397988e-08,0
476,2.8216206080728004e-07,1.0368173611066336e-06,-1.4776060807280029e-08,0
477,1.291253880446133e-07,1.0368173611066336e-06,-1.80943880446133e-08,0
478,4.332384730733798e-08,1.0368173611066336e-06,-1.0396647307337984e-08,0
479,1.106599067596426e-08,1.0368173611066336e-06,-4.13404067596426e-09,0
480,5.4894185800967494e-11,1.0368173611066336e-06,-4.7629725800967496e-11,1
481,1.979389326468449e-11,1.0368173611066336e-06,-1.638706326468449e-11,1
482,4.496781450952403e-12,1.0368173611066336e-06,-2.685071450952403e-12,0
483,3.873859338811685e-12,1.0368173611066336e-06,3.603206611883151e-13,0
484,5.316463267356767e-11,1.0368173611066336e-06,-3.0127032673567676e-11,1
485,5.372727227013646e-10,1.0368173611066336e-06,-3.777607227013646e-10,1
486,2.8188018339811007e-09,1.0368173611066336e-06,-1.8415528339811009e-09,1
487,8.312052156528714e-09,1.0368173611066336e-06,-4.260162156528715e-09,1
488,1.7101523058266192e-08,1.0368173611066336e-06,-5.2807230582661925e-09,0
489,2.9598961243153662e-08,1.0368173611066336e-06,-3.5757612431536602e-09,0
490,3.9466494401239285e-08,1.0368173611066336e-06,1.3421055987607117e-09,0
491,3.3826214544595866e-08,1.0368173611066336e-06,8.31888545540413e-09,0
492,1.709563653803894e-08,1.0368173611066336e-06,1.1207663461961061e-08,0
493,5.10767400627991e-09,1.0368173611066336e-06,7.788425993720091e-09,0
494,9.634486953884454e-10,1.0368173611066336e-06,3.3217013046115545e-09,0
495,1.3480558964367977e-10,1.0368173611066336e-06,8.865044103563202e-10,0
496,2.4113635593588552e-11,1.0368173611066336e-06,1.2877736440641146e-10,0
497,3.0312620229675147e-11,1.0368173611066336e-06,-1.0714920229675148e-11,0
498,2.904397742168477e-10,1.0368173611066336e-06,-2.754319742168477e-10,1
499,1.6248769365801503e-09,1.0368173611066336e-06,-1.5401828365801504e-09,1
500,4.356883148368352e-09,1.0368173611066336e-06,-3.660925148368352e-09,1
501,6.064877376091398e-09,1.0368173611066336e-06,-2.193167376091398e-09,0
502,7.1689602727364795e-09,1.0368173611066336e-06,6.943239727263522e-09,0
503,1.4113077513467207e-08,1.0368173611066336e-06,2.0185022486532792e-08,1
504,2.7653051259614258e-08,1.0368173611066336e-06,2.9394348740385745e-08,1
505,3.8279138188624754e-08,1.0368173611066336e-06,2.8670561811375244e-08,1
506,3.8210173852444953e-08,1.0368173611066336e-06,1.909002614755504e-08,1
507,2.8833103979920244e-08,1.0368173611066336e-06,7.178996020079753e-09,0
508,1.536203442355185e-08,1.0368173611066336e-06,7.566655764481503e-10,0
509,5.240036919136139e-09,1.0368173611066336e-06,-1.6311691913613815e-10,0
510,1.1523683236849833e-09,1.0368173611066336e-06,3.079167631501676e-11,0
511,1.8383942723285017e-10,1.0368173611066336e-06,2.3410572767149835e-11,0
512,1.0477067148574363e-11,1.0368173611066336e-06,-7.335117148574363e-12,1
513,3.8809877689061076e-11,1.0368173611066336e-06,-2.1934177689061076e-11,0
514,1.0361572107410376e-10,1.0368173611066336e-06,-4.6348921074103755e-11,0
515,2.338281079676847e-10,1.0368173611066336e-06,-9.508010796768472e-11,0
516,3.88120545083927e-10,1.0368173611066336e-06,-1.2612754508392702e-10,0
517,4.5184538761955926e-10,1.0368173611066336e-06,2.90066123804407e-11,0
518,5.084914068794325e-10,1.0368173611066336e-06,9.916785931205676e-10,0
519,6.629385935126474e-10,1.0368173611066336e-06,4.204101406487352e-09,0
520,9.031702855612276e-10,1.0368173611066336e-06,8.979869714438773e-09,0
521,1.3468770833010433e-09,1.0368173611066336e-06,1.1483622916698956e-08,0
522,1.569186366671087e-09,1.0368173611066336e-06,9.560113633328913e-09,0
523,1.053089387581001e-09,1.0368173611066336e-06,5.235730612418998e-09,0
524,3.7512684469026913e-10,1.0368173611066336e-06,2.1711131553097304e-09,0
525,7.236439447929307e-11,1.0368173611066336e-06,8.902206055207068e-10,0
526,1.0559490165395086e-11,1.0368173611066336e-06,3.2549850983460497e-10,0
527,1.2257558410065973e-11,1.0368173611066336e-06,9.070944158993403e-11,0
528,4.7928538726699215e-11,1.0368173611066336e-06,7.285046127330077e-11,0
529,3.347564513601237e-10,1.0368173611066336e-06,-6.826445136012373e-11,0
530,2.2778501398254866e-09,1.0368173611066336e-06,-1.7960021398254864e-09,1
531,8.832612510081558e-09,1.0368173611066336e-06,-7.468252510081557e-09,1
532,1.7355955020249857e-08,1.0368173611066336e-06,-1.2627455020249857e-08,1
533,1.7646745640085183e-08,1.0368173611066336e-06,-6.647345640085183e-09,0
534,1.0713576654658758e-08,1.0368173611066336e-06,5.4669233453412425e-09,0
535,5.3978206944878286e-09,1.0368173611066336e-06,1.2071079305512173e-08,0
536,3.28175619682982e-09,1.0368173611066336e-06,1.227074380317018e-08,1
537,2.307523672713413e-09,1.0368173611066336e-06,9.039576327286588e-09,1
538,1.5153207546324614e-09,1.0368173611066336e-06,4.849829245367538e-09,1
539,8.905595105166742e-10,1.0368173611066336e-06,1.6320604894833254e-09,0
540,3.795749373378797e-10,1.0368173611066336e-06,3.148150626621203e-10,0
541,9.450996183038832e-11,1.0368173611066336e-06,4.885003816961169e-11,0
542,1.3076819188292411e-11,1.0368173611066336e-06,1.240948081170759e-11,0
543,1.1142804999249114e-12,1.0368173611066336e-06,3.804669500075088e-12,0
544,7.8048376870907e-10,1.0368173611066336e-06,-4.8870976870907e-10,1
545,2.742146263261573e-09,1.0368173611066336e-06,-1.646206263261573e-09,1
546,7.196491815172036e-09,1.0368173611066336e-06,-4.524421815172036e-09,1
547,1.4039920928602276e-08,1.0368173611066336e-06,-9.526730928602276e-09,1
548,1.790282157918933e-08,1.0368173611066336e-06,-1.253062157918933e-08,1
549,1.4218157156284058e-08,1.0368173611066336e-06,-9.047037156284057e-09,1
550,7.617162196137814e-09,1.0368173611066336e-06,-7.641321961378145e-10,0
551,3.127061896445769e-09,1.0368173611066336e-06,9.35383810355423e-09,0
552,9.468559336650663e-10,1.0368173611066336e-06,1.6114344066334934e-08,0
553,1.9293537590226476e-10,1.0368173611066336e-06,1.4865164624097736e-08,0
554,4.29533289980279e-11,1.0368173611066336e-06,8.493466671001971e-09,0
555,1.654198164802665e-11,1.0368173611066336e-06,3.0251680183519734e-09,0
556,1.015305227106738e-11,1.0368173611066336e-06,7.577769477289326e-10,0
557,5.4304460974882964e-11,1.0368173611066336e-06,3.3374253902511706e-10,0
558,3.1515906065617165e-10,1.0368173611066336e-06,4.1011793934382823e-10,0
559,1.1396774839397081e-09,1.0368173611066336e-06,8.73242516060292e-10,0
560,3.188586997218433e-09,1.0368173611066336e-06,1.7473930027815667e-09,0
561,8.701144484340703e-09,1.0368173611066336e-06,1.2109551565929718e-10,0
562,2.1600507268779152e-08,1.0368173611066336e-06,-6.801707268779154e-09,0
563,4.3457958353471915e-08,1.0368173611066336e-06,-1.1365758353471911e-08,0
564,6.724872585270798e-08,1.0368173611066336e-06,-2.488825852707979e-09,0
565,7.624048540654402e-08,1.0368173611066336e-06,1.102461459345599e-08,0
566,5.89507168944008e-08,1.0368173611066336e-06,1.6338783105599192e-08,0
567,2.9095758700468934e-08,1.0368173611066336e-06,1.846954129953107e-08,0
568,8.982372382496767e-09,1.0368173611066336e-06,1.768502761750324e-08,0
569,1.7392026690132946e-09,1.0368173611066336e-06,1.2478497330986704e-08,0
570,2.1149045541406787e-10,1.0368173611066336e-06,6.366529544585932e-09,0
571,2.0615136061150712e-11,1.0368173611066336e-06,2.48082486393885e-09,0
572,3.2081857244504373e-12,1.0368173611066336e-06,8.193928142755497e-10,0
573,5.503136977244763e-13,1.0368173611066336e-06,2.562686863022755e-10,0
574,2.4476192158959094e-13,1.0368173611066336e-06,1.6029323807841035e-10,0
575,6.686919049420378e-13,1.0368173611066336e-06,1.6485530809505796e-10,0
576,1.886383974626142e-08,1.0368173611066336e-06,-1.1869219746261418e-08,1
577,6.616732545156512e-08,1.0368173611066336e-06,-4.5078325451565125e-08,1
578,1.5865197147400904e-07,1.0368173611066336e-06,-1.1671577147400905e-07,1
579,2.529348761775481e-07,1.0368173611066336e-06,-1.9592027617754808e-07,1
580,2.5893585753762274e-07,1.0368173611066336e-06,-2.0448825753762275e-07,1
581,1.7209171376026117e-07,1.0368173611066336e-06,-1.3062301376026116e-07,1
582,7.912104279522942e-08,1.0368173611066336e-06,-4.613724279522942e-08,1
583,2.62017128397858e-08,1.0368173611066336e-06,5.467087160214201e-09,0
584,5.979040040389237e-09,1.0368173611066336e-06,2.3234559959610764e-08,0
585,1.106736484036695e-09,1.0368173611066336e-06,2.0334163515963305e-08,0
586,4.3565136363382263e-10,1.0368173611066336e-06,1.1776248636366177e-08,0
587,2.993800990592577e-10,1.0368173611066336e-06,5.843389900940743e-09,0
588,5.843157993088253e-10,1.0368173611066336e-06,4.376454200691175e-09,0
589,3.0114379797592373e-09,1.0368173611066336e-06,5.772882020240763e-09,0
590,1.2535676664756779e-08,1.0368173611066336e-06,8.141923335243221e-09,0
591,3.741025487148601e-08,1.0368173611066336e-06,9.687545128513994e-09,0
592,8.972477967803724e-08,1.0368173611066336e-06,-1.2932796780372515e-09,0
593,1.890568317021669e-07,1.0368173611066336e-06,-5.0520831702166916e-08,0
594,3.404221855444018e-07,1.0368173611066336e-06,-1.1731718554440179e-07,0
595,5.030928413902403e-07,1.0368173611066336e-06,-1.2350584139024033e-07,0
596,5.826737058390415e-07,1.0368173611066336e-06,-6.139870583904153e-08,0
597,4.863938528929904e-07,1.0368173611066336e-06,1.8671471070095666e-09,0
598,2.7074484917171196e-07,1.0368173611066336e-06,3.715115082828803e-08,0
599,9.834773894314287e-08,1.0368173611066336e-06,4.933826105685712e-08,0
600,2.355931249883728e-08,1.0368173611066336e-06,4.504468750116272e-08,0
601,3.597382859029941e-09,1.0368173611066336e-06,3.183061714097006e-08,0
602,3.200496408695012e-10,1.0368173611066336e-06,1.8560550359130497e-08,0
603,1.710150596138518e-11,1.0368173611066336e-06,9.214658494038614e-09,0
604,5.5807233686607035e-12,1.0368173611066336e-06,4.080009276631339e-09,0
605,1.5096845897432548e-11,1.0368173611066336e-06,2.9393331541025675e-09,0
606,5.429496961666291e-11,1.0368173611066336e-06,4.021125030383337e-09,0
607,1.293103834382416e-10,1.0368173611066336e-06,4.371599616561758e-09,0
608,2.0659643802448032e-07,1.0368173611066336e-06,-1.2426063802448032e-07,1
609,6.482529745066545e-07,1.0368173611066336e-06,-4.2888297450665456e-07,1
610,1.2919777364413643e-06,1.0368173611066336e-06,-9.161557364413643e-07,1
611,1.6722346841829253e-06,1.0368173611066336e-06,-1.2386326841829253e-06,1
612,1.4257022152721363e-06,1.0368173611066336e-06,-1.0675342152721363e-06,1
613,8.154102947265794e-07,1.0368173611066336e-06,-5.808262947265794e-07,1
614,3.2374027521209515e-07,1.0368173611066336e-06,-1.8451827521209515e-07,1
615,9.465750378435869e-08,1.0368173611066336e-06,-9.460203784358678e-09,0
616,2.5035749342396535e-08,1.0368173611066336e-06,2.9318650657603465e-08,0
617,9.915918016794077e-09,1.0368173611066336e-06,2.5403981983205925e-08,0
618,6.1938260489936974e-09,1.0368173611066336e-06,2.1867973951006303e-08,0
619,5.67142060328056e-09,1.0368173611066336e-06,2.9657779396719434e-08,0
620,1.661693970369651e-08,1.0368173611066336e-06,4.7655760296303497e-08,0
621,6.525266072296478e-08,1.0368173611066336e-06,6.894733927703522e-08,0
622,2.111414928496219e-07,1.0368173611066336e-06,6.326350715037809e-08,0
623,5.312377233098528e-07,1.0368173611066336e-06,-2.8324723309852816e-08,0
624,1.049000718381256e-06,1.0368173611066336e-06,-2.5049871838125597e-07,0
625,1.7030370647592537e-06,1.0368173611066336e-06,-5.545070647592538e-07,0
626,2.377180684853374e-06,1.0368173611066336e-06,-7.42190684853374e-07,1
627,2.7854493616738696e-06,1.0368173611066336e-06,-6.435093616738696e-07,0
628,2.5020739642602815e-06,1.0368173611066336e-06,-3.4100396426028155e-07,0
629,1.5793920150642182e-06,1.0368173611066336e-06,-5.8812015064218265e-08,0
630,6.679047645114689e-07,1.0368173611066336e-06,9.622323548853116e-08,0
631,1.8740561899666526e-07,1.0368173611066336e-06,1.4738538100333477e-07,0
632,3.476564310920743e-08,1.0368173611066336e-06,1.3450535689079254e-07,0
633,4.1258811718473795e-09,1.0368173611066336e-06,9.833811882815262e-08,0
634,3.789962528403868e-10,1.0368173611066336e-06,6.354180374715961e-08,0
635,2.9508611549893485e-10,1.0368173611066336e-06,3.672651388450106e-08,0
636,6.273837783471567e-10,1.0368173611066336e-06,2.6023016221652845e-08,0
637,1.5185748995606351e-09,1.0368173611066336e-06,3.586332510043937e-08,0
638,3.893444238973073e-09,1.0368173611066336e-06,5.3486955761026926e-08,0
639,6.5791503750954865e-09,1.0368173611066336e-06,5.3411549624904507e-08,0
640,1.0343584341593142e-06,1.0368173611066336e-06,-4.891464341593142e-07,1
641,2.694957752615834e-06,1.0368173611066336e-06,-1.463597752615834e-06,1
642,4.473375021473674e-06,1.0368173611066336e-06,-2.7120150214736737e-06,1
643,4.906560810071178e-06,1.0368173611066336e-06,-3.1976708100711784e-06,1
644,3.639445056796885e-06,1.0368173611066336e-06,-2.4266150567968854e-06,1
645,1.891837610797536e-06,1.0368173611066336e-06,-1.204637610797536e-06,1
646,7.584464021151622e-07,1.0368173611066336e-06,-4.1363540211516216e-07,0
647,2.8077959909702877e-07,1.0368173611066336e-06,-1.0857059909702876e-07,0
648,1.1127961015653012e-07,1.0368173611066336e-06,-1.3579510156530103e-08,0
649,4.8864359898730285e-08,1.0368173611066336e-06,3.255824010126972e-08,0
650,3.0398572996949364e-08,1.0368173611066336e-06,9.643242700305064e-08,0
651,5.26999083820796e-08,1.0368173611066336e-06,2.108460916179204e-07,0
652,1.7935384175828738e-07,1.0368173611066336e-06,3.620491582417126e-07,1
653,5.962916755379922e-07,1.0368173611066336e-06,4.3940832446200766e-07,1
654,1.6157041709374437e-06,1.0368173611066336e-06,1.8881582906255627e-07,0
655,3.3650491987956336e-06,1.0368173611066336e-06,-5.387091987956334e-07,0
656,5.322052324627038e-06,1.0368173611066336e-06,-1.3934623246270377e-06,0
657,6.737720106245052e-06,1.0368173611066336e-06,-1.824730106245052e-06,1
658,7.445116858508663e-06,1.0368173611066336e-06,-1.7704368585086624e-06,1
659,7.207025142898422e-06,1.0368173611066336e-06,-1.501205142898422e-06,0
660,5.589195138252587e-06,1.0368173611066336e-06,-1.1555551382525862e-06,0
661,3.220476672487763e-06,1.0368173611066336e-06,-7.160266724877633e-07,0
662,1.3332864521114056e-06,1.0368173611066336e-06,-2.049864521114055e-07,0
663,3.85823617307812e-07,1.0368173611066336e-06,1.6270438269218803e-07,0
664,7.461067133855253e-08,1.0368173611066336e-06,2.7422132866144753e-07,0
665,1.005517277006371e-08,1.0368173611066336e-06,2.4494882722993626e-07,0
666,4.586822086237682e-09,1.0368173611066336e-06,1.8203717791376235e-07,0
667,1.0204719511374303e-08,1.0368173611066336e-06,1.327612804886257e-07,0
668,2.0638297133125344e-08,1.0368173611066336e-06,1.5086070286687466e-07,0
669,4.317189692219122e-08,1.0368173611066336e-06,2.530751030778088e-07,0
670,8.111262307735764e-08,1.0368173611066336e-06,3.335643769226424e-07,0
671,1.0004453372855496e-07,1.0368173611066336e-06,2.6680246627144503e-07,0
672,2.266374276975846e-06,1.0368173611066336e-06,-5.67034276975846e-07,1
673,4.97711772133573e-06,1.0368173611066336e-06,-1.7614177213357304e-06,1
674,7.120586405393312e-06,1.0368173611066336e-06,-3.2318264053933122e-06,1
675,6.91876022051604e-06,1.0368173611066336e-06,-3.6565702205160402e-06,1
676,4.777148445057841e-06,1.0368173611066336e-06,-2.7339484450578414e-06,1
677,2.564904463148056e-06,1.0368173611066336e-06,-1.5288544631480558e-06,1
678,1.243851875321605e-06,1.0368173611066336e-06,-7.752758753216049e-07,1
679,5.99079691533735e-07,1.0368173611066336e-06,-3.79256691533735e-07,1
680,2.6102116064964475e-07,1.0368173611066336e-06,-1.0867116064964476e-07,0
681,1.0179043862323434e-07,1.0368173611066336e-06,1.2472256137676565e-07,0
682,8.518194783299517e-08,1.0368173611066336e-06,4.192740521670048e-07,0
683,2.2802680324473787e-07,1.0368173611066336e-06,8.71353196755262e-07,1
684,7.849863462345024e-07,1.0368173611066336e-06,1.372533653765498e-06,1
685,2.354133907719921e-06,1.0368173611066336e-06,1.437336092280079e-06,1
686,5.470897194024094e-06,1.0368173611066336e-06,4.915828059759063e-07,0
687,9.419332532034615e-06,1.0368173611066336e-06,-1.094072532034615e-06,0
688,1.2024682230237954e-05,1.0368173611066336e-06,-1.968682230237954e-06,0
689,1.2280110678196015e-05,1.0368173611066336e-06,-1.788010678196014e-06,0
690,1.141613410463872e-05,1.0368173611066336e-06,-1.765864104638721e-06,1
691,1.0075950007449138e-05,1.0368173611066336e-06,-2.5073400074491363e-06,1
692,7.699585319530051e-06,1.0368173611066336e-06,-3.0162053195300507e-06,1
693,4.606342595173892e-06,1.0368173611066336e-06,-2.3333625951738924e-06,1
694,2.0033622862479053e-06,1.0368173611066336e-06,-9.450122862479053e-07,1
695,5.910700983866539e-07,1.0368173611066336e-06,6.669090161334604e-08,0
696,1.15130345245398e-07,1.0368173611066336e-06,4.1720265475460206e-07,0
697,2.7657245394799144e-08,1.0368173611066336e-06,4.350287546052009e-07,0
698,4.7542228879207126e-08,1.0368173611066336e-06,3.5120077112079284e-07,0
699,1.0705791361349668e-07,1.0368173611066336e-06,3.0019708638650327e-07,0
700,2.0825006132390748e-07,1.0368173611066336e-06,4.378859386760926e-07,0
701,3.7349027347271106e-07,1.0368173611066336e-06,7.043297265272891e-07,0
702,5.369367451782716e-07,1.0368173611066336e-06,7.516932548217284e-07,0
703,5.049645407809206e-07,1.0368173611066336e-06,4.6499745921907945e-07,0
704,2.4365875972030384e-06,1.0368173611066336e-06,-2.7097597203038234e-08,0
705,4.498919406563972e-06,1.0368173611066336e-06,-5.450594065639727e-07,0
706,5.540403063271262e-06,1.0368173611066336e-06,-1.2578630632712613e-06,0
707,4.9079448498416395e-06,1.0368173611066336e-06,-1.5769048498416393e-06,1
708,3.4182056296820887e-06,1.0368173611066336e-06,-1.4435556296820884e-06,1
709,2.1110184176451075e-06,1.0368173611066336e-06,-1.1662874176451074e-06,1
710,1.2831411970806918e-06,1.0368173611066336e-06,-8.775041970806919e-07,1
711,7.184115569944917e-07,1.0368173611066336e-06,-5.068595569944916e-07,1
712,3.071006518754441e-07,1.0368173611066336e-06,-8.21006518754441e-08,0
713,1.1188584100878992e-07,1.0368173611066336e-06,3.478941589912101e-07,0
714,1.2522340863156794e-07,1.0368173611066336e-06,9.231265913684319e-07,1
715,4.3745860774786337e-07,1.0368173611066336e-06,1.7450413922521365e-06,1
716,1.5556247461466794e-06,1.0368173611066336e-06,2.478655253853321e-06,1
717,4.333527064922028e-06,1.0368173611066336e-06,2.3337329350779727e-06,1
718,8.906794774439077e-06,1.0368173611066336e-06,1.0306452255609213e-06,0
719,1.3082180262200604e-05,1.0368173611066336e-06,-2.1528026220060372e-07,0
720,1.3970951592767422e-05,1.0368173611066336e-06,-1.9905159276742125e-07,0
721,1.2062227836120468e-05,1.0368173611066336e-06,1.3527216387953204e-07,0
722,1.0105935792695767e-05,1.0368173611066336e-06,-8.907257926957666e-07,1
723,8.714582300705919e-06,1.0368173611066336e-06,-2.867112300705919e-06,1
724,6.6840153309184025e-06,1.0368173611066336e-06,-3.6993953309184026e-06,1
725,3.914647603842089e-06,1.0368173611066336e-06,-2.6045276038420893e-06,1
726,1.5838311751199527e-06,1.0368173611066336e-06,-8.980861751199526e-07,1
727,4.1943094391504633e-07,1.0368173611066336e-06,1.3290005608495367e-07,0
728,8.583452076549084e-08,1.0368173611066336e-06,4.5721447923450917e-07,0
729,7.092968546849597e-08,1.0368173611066336e-06,4.63703314531504e-07,0
730,1.800138078223363e-07,1.0368173611066336e-06,3.542481921776637e-07,0
731,3.978134848892797e-07,1.0368173611066336e-06,2.9822751511072036e-07,0
732,7.389022851251316e-07,1.0368173611066336e-06,4.2673771487486834e-07,0
733,1.1391404399829587e-06,1.0368173611066336e-06,5.638695600170412e-07,0
734,1.324274065639058e-06,1.0368173611066336e-06,4.3986593436094223e-07,0
735,1.0093403370082994e-06,1.0368173611066336e-06,1.727196629917007e-07,0
736,1.6914613751958838e-06,1.0368173611066336e-06,1.0212862480411624e-07,0
737,2.5846931267492555e-06,1.0368173611066336e-06,1.44886873250744e-07,0
738,2.6786981724047954e-06,1.0368173611066336e-06,1.9671182759520452e-07,0
739,2.160460468939496e-06,1.0368173611066336e-06,8.434953106050396e-08,0
740,1.5751120047873356e-06,1.0368173611066336e-06,-2.441120047873356e-07,0
741,1.1708622216486269e-06,1.0368173611066336e-06,-5.473422216486269e-07,1
742,8.407176714505832e-07,1.0368173611066336e-06,-5.650536714505832e-07,1
743,4.7376088555588073e-07,1.0368173611066336e-06,-2.9684188555588074e-07,1
744,1.8315590975374568e-07,1.0368173611066336e-06,5.5659090246254307e-08,0
745,6.32273962787121e-08,1.0368173611066336e-06,4.3218760372128783e-07,1
746,1.1253590343830411e-07,1.0368173611066336e-06,9.579640965616959e-07,1
747,4.945417813709146e-07,1.0368173611066336e-06,1.6380882186290855e-06,1
748,1.7567066422910183e-06,1.0368173611066336e-06,2.0924633577089817e-06,1
749,4.612569422108174e-06,1.0368173611066336e-06,1.8859505778918257e-06,1
750,8.632525061668812e-06,1.0368173611066336e-06,1.3105449383311888e-06,0
751,1.1260988502498284e-05,1.0368173611066336e-06,1.2034114975017161e-06,0
752,1.047547088046828e-05,1.0368173611066336e-06,1.5906291195317198e-06,0
753,7.83255854019783e-06,1.0368173611066336e-06,1.408411459802169e-06,1
754,5.854014192082613e-06,1.0368173611066336e-06,4.6025807917387695e-08,0
755,4.620056635121578e-06,1.0368173611066336e-06,-1.4901166351215783e-06,1
756,3.2073820624495893e-06,1.0368173611066336e-06,-1.8599920624495894e-06,1
757,1.6483334613728657e-06,1.0368173611066336e-06,-1.1070544613728658e-06,1
758,5.642770663063092e-07,1.0368173611066336e-06,-2.434060663063092e-07,0
759,1.2842723277842294e-07,1.0368173611066336e-06,1.8599776722157707e-07,0
760,4.9859420283743337e-08,1.0368173611066336e-06,3.0408057971625666e-07,0
761,1.1644597953093829e-07,1.0368173611066336e-06,2.820270204690617e-07,0
762,3.1531413953600553e-07,1.0368173611066336e-06,1.6774286046399453e-07,0
763,6.914156049006741e-07,1.0368173611066336e-06,2.3920395099326017e-08,0
764,1.1979655506876764e-06,1.0368173611066336e-06,-7.87055506876764e-08,0
765,1.652629801449112e-06,1.0368173611066336e-06,-2.0563980144911217e-07,0
766,1.7177864155887682e-06,1.0368173611066336e-06,-3.5545641558876815e-07,0
767,1.205114761618235e-06,1.0368173611066336e-06,-3.5298676161823494e-07,0
768,1.1633091160191031e-06,1.0368173611066336e-06,-1.933631160191031e-07,0
769,1.5132618259233954e-06,1.0368173611066336e-06,-2.0371825923395528e-08,0
770,1.2972273134279292e-06,1.0368173611066336e-06,3.187826865720707e-07,0
771,8.968035005339614e-07,1.0368173611066336e-06,3.856864994660385e-07,0
772,6.587246007485692e-07,1.0368173611066336e-06,1.0094339925143088e-07,0
773,5.416259172448705e-07,1.0368173611066336e-06,-1.7919791724487043e-07,0
774,3.843183409725953e-07,1.0368173611066336e-06,-2.1090434097259532e-07,1
775,1.9296326202411717e-07,1.0368173611066336e-06,-7.318726202411718e-08,0
776,6.454847016887853e-08,1.0368173611066336e-06,8.708952983112147e-08,0
777,2.7710846035430736e-08,1.0368173611066336e-06,2.515351539645693e-07,1
778,1.0210656922429631e-07,1.0368173611066336e-06,4.7390343077570375e-07,1
779,4.7278217826562004e-07,1.0368173611066336e-06,7.112978217343798e-07,1
780,1.5977029441652642e-06,1.0368173611066336e-06,7.913470558347358e-07,1
781,3.836619680714861e-06,1.0368173611066336e-06,7.176203192851395e-07,0
782,6.403035923980034e-06,1.0368173611066336e-06,7.931440760199657e-07,0
783,7.358498567623514e-06,1.0368173611066336e-06,1.0877614323764874e-06,0
784,5.924962531720023e-06,1.0368173611066336e-06,1.2917674682799776e-06,1
785,3.7181802483347366e-06,1.0368173611066336e-06,1.0316097516652642e-06,1
786,2.259928986140672e-06,1.0368173611066336e-06,3.211610138593284e-07,0
787,1.4403455955025842e-06,1.0368173611066336e-06,-2.692655955025842e-07,0
788,8.193372349346941e-07,1.0368173611066336e-06,-3.724452349346941e-07,1
789,3.4917076546054877e-07,1.0368173611066336e-06,-1.6974176546054876e-07,1
790,9.999610606875374e-08,1.0368173611066336e-06,2.3080893931246275e-08,0
791,2.6646024819343682e-08,1.0368173611066336e-06,1.0646397518065632e-07,0
792,3.957855366810159e-08,1.0368173611066336e-06,1.2717444633189843e-07,0
793,1.2376596398211858e-07,1.0368173611066336e-06,1.0065603601788142e-07,0
794,3.3527754124094323e-07,1.0368173611066336e-06,-1.1026541240943246e-08,0
795,7.080923607492254e-07,1.0368173611066336e-06,-2.0696636074922535e-07,0
796,1.2053184687095273e-06,1.0368173611066336e-06,-4.724494687095273e-07,0
797,1.6864552812278878e-06,1.0368173611066336e-06,-8.075552812278879e-07,1
798,1.7909085775645023e-06,1.0368173611066336e-06,-9.993345775645024e-07,1
799,1.2715063879398851e-06,1.0368173611066336e-06,-7.866073879398851e-07,1
800,8.710592141897377e-07,1.0368173611066336e-06,-2.5827221418973764e-07,0
801,1.0255393121914837e-06,1.0368173611066336e-06,-5.9267312191483674e-08,0
802,7.691159693028908e-07,1.0368173611066336e-06,2.619440306971093e-07,0
803,4.6455881150500496e-07,1.0368173611066336e-06,3.15454188494995e-07,0
804,3.2064758598890713e-07,1.0368173611066336e-06,1.1537841401109288e-07,0
805,2.435595320341181e-07,1.0368173611066336e-06,-4.635953203411811e-08,0
806,1.4559418222195564e-07,1.0368173611066336e-06,-5.2584082221955636e-08,0
807,5.754413878590088e-08,1.0368173611066336e-06,9.143461214099134e-09,0
808,1.5560339958803842e-08,1.0368173611066336e-06,6.006646004119617e-08,0
809,1.7564100686949318e-08,1.0368173611066336e-06,1.0141289931305069e-07,1
810,9.425777843244225e-08,1.0368173611066336e-06,1.4657122156755774e-07,1
811,3.8284021159602546e-07,1.0368173611066336e-06,1.724887884039745e-07,1
812,1.1106788024725135e-06,1.0368173611066336e-06,1.793311975274865e-07,0
813,2.2755636247383773e-06,1.0368173611066336e-06,2.918963752616224e-07,0
814,3.2397007611151755e-06,1.0368173611066336e-06,5.541092388848243e-07,0
815,3.203409298418607e-06,1.0368173611066336e-06,7.175107015813929e-07,1
816,2.22881160551443e-06,1.0368173611066336e-06,6.602983944855698e-07,1
817,1.1889204466709202e-06,1.0368173611066336e-06,4.5283955332907965e-07,0
818,5.829426333712361e-07,1.0368173611066336e-06,2.0444336662876386e-07,0
819,2.8260642947551083e-07,1.0368173611066336e-06,5.2777570524489206e-08,0
820,1.220366547693142e-07,1.0368173611066336e-06,1.5438345230685813e-08,0
821,4.1557051294246334e-08,1.0368173611066336e-06,2.7067548705753665e-08,0
822,1.0809662819462057e-08,1.0368173611066336e-06,4.0744637180537944e-08,0
823,7.710728248721682e-09,1.0368173611066336e-06,4.4986171751278316e-08,0
824,2.8813406535281957e-08,1.0368173611066336e-06,3.826439346471805e-08,0
825,9.762877988226117e-08,1.0368173611066336e-06,6.326220117738841e-09,0
826,2.444082401687361e-07,1.0368173611066336e-06,-7.539724016873608e-08,0
827,5.107289633941234e-07,1.0368173611066336e-06,-2.4410096339412345e-07,0
828,9.497149910487959e-07,1.0368173611066336e-06,-5.64892991048796e-07,1
829,1.4448575949611868e-06,1.0368173611066336e-06,-9.768135949611868e-07,1
830,1.5661775619852594e-06,1.0368173611066336e-06,-1.1207455619852593e-06,1
831,1.0695341252250866e-06,1.0368173611066336e-06,-7.730651252250866e-07,1
832,5.5761191595777e-07,1.0368173611066336e-06,-3.9085915957769925e-08,0
833,5.988480650280285e-07,1.0368173611066336e-06,1.961239349719716e-07,0
834,4.1487215912392527e-07,1.0368173611066336e-06,3.7815584087607473e-07,0
835,2.5063437109962684e-07,1.0368173611066336e-06,2.892636289003732e-07,0
836,1.7296726746377873e-07,1.0368173611066336e-06,9.015473253622126e-08,0
837,1.1704685503476253e-07,1.0368173611066336e-06,-1.5064855034762536e-08,0
838,6.145382492770233e-08,1.0368173611066336e-06,-1.838202492770232e-08,0
839,2.2425547072842017e-08,1.0368173611066336e-06,7.754952927157986e-09,0
840,7.010390645499329e-09,1.0368173611066336e-06,2.8096709354500666e-08,0
841,1.5487032919160865e-08,1.0368173611066336e-06,4.281326708083915e-08,0
842,6.793902620683343e-08,1.0368173611066336e-06,5.3182973793166564e-08,0
843,2.0970625529762285e-07,1.0368173611066336e-06,8.018074470237718e-08,0
844,4.883079071716354e-07,1.0368173611066336e-06,1.774520928283645e-07,0
845,8.415158059823585e-07,1.0368173611066336e-06,3.534641940176414e-07,0
846,1.0269247786697987e-06,1.0368173611066336e-06,4.797452213302013e-07,1
847,8.802051994210974e-07,1.0368173611066336e-06,4.366548005789026e-07,1
848,5.345805788132251e-07,1.0368173611066336e-06,3.144094211867749e-07,1
849,2.455179651910974e-07,1.0368173611066336e-06,2.0643503480890267e-07,0
850,9.4475923663271e-08,1.0368173611066336e-06,1.28453076336729e-07,0
851,3.1038446270660464e-08,1.0368173611066336e-06,8.011955372933953e-08,0
852,8.704902211381998e-09,1.0368173611066336e-06,5.0147697788618e-08,0
853,2.153425971669451e-09,1.0368173611066336e-06,3.268117402833055e-08,0
854,9.345731081950262e-10,1.0368173611066336e-06,2.4466526891804973e-08,0
855,4.7154392532263665e-09,1.0368173611066336e-06,1.8608460746773636e-08,0
856,2.257253413757446e-08,1.0368173611066336e-06,8.025965862425542e-09,0
857,6.274922371956201e-08,1.0368173611066336e-06,-1.3284523719562012e-08,0
858,1.2883608749630067e-07,1.0368173611066336e-06,-4.9893187496300664e-08,0
859,2.7649995983901364e-07,1.0368173611066336e-06,-1.4678995983901365e-07,1
860,5.900924594941163e-07,1.0368173611066336e-06,-3.832854594941163e-07,1
861,9.712676637758805e-07,1.0368173611066336e-06,-6.827756637758805e-07,1
862,1.0561041399831488e-06,1.0368173611066336e-06,-7.411881399831489e-07,1
863,6.977714332196079e-07,1.0368173611066336e-06,-4.647834332196079e-07,1
864,2.9725869726975875e-07,1.0368173611066336e-06,1.8089830273024126e-07,0
865,3.1321651519052233e-07,1.0368173611066336e-06,3.7786648480947766e-07,0
866,2.1889767495890013e-07,1.0368173611066336e-06,4.1656732504109985e-07,0
867,1.2353093898432585e-07,1.0368173611066336e-06,2.718490610156741e-07,0
868,7.119698252619383e-08,1.0368173611066336e-06,1.0938501747380616e-07,0
869,4.65571044406505e-08,1.0368173611066336e-06,2.34038955593495e-08,0
870,2.8040458254261935e-08,1.0368173611066336e-06,1.0441417457380617e-09,0
871,1.1581673945558555e-08,1.0368173611066336e-06,6.130326054441445e-09,0
872,3.7792934976421965e-09,1.0368173611066336e-06,1.7003006502357803e-08,0
873,7.944376983618175e-09,1.0368173611066336e-06,2.9372123016381825e-08,0
874,3.1234421748445054e-08,1.0368173611066336e-06,5.250977825155493e-08,0
875,8.911001228134367e-08,1.0368173611066336e-06,1.1804698771865631e-07,0
876,1.8555659336389976e-07,1.0368173611066336e-06,2.410414066361002e-07,0
877,2.698048895989173e-07,1.0368173611066336e-06,3.443141104010828e-07,0
878,2.655997896777248e-07,1.0368173611066336e-06,3.326362103222752e-07,0
879,1.7881882724031742e-07,1.0368173611066336e-06,2.438441727596826e-07,1
880,8.691641105018399e-08,1.0368173611066336e-06,1.64205588949816e-07,1
881,3.3078364247176017e-08,1.0368173611066336e-06,1.1202163575282398e-07,0
882,9.612980456408174e-09,1.0368173611066336e-06,7.60269195435918e-08,0
883,1.9071966211355896e-09,1.0368173611066336e-06,4.998600337886441e-08,0
884,2.692702863778732e-10,1.0368173611066336e-06,3.0788429713622127e-08,0
885,9.518030058891808e-11,1.0368173611066336e-06,1.851241969941108e-08,0
886,8.570988524112685e-10,1.0368173611066336e-06,1.3393301147588731e-08,0
887,5.811706656137831e-09,1.0368173611066336e-06,1.2736693343862169e-08,0
888,1.9608507412217748e-08,1.0368173611066336e-06,9.837192587782254e-09,0
889,3.697462483197352e-08,1.0368173611066336e-06,3.2103751680264856e-09,0
890,6.413969717576253e-08,1.0368173611066336e-06,-8.441597175762537e-09,0
891,1.6244307180567078e-07,1.0368173611066336e-06,-6.344397180567078e-08,0
892,3.8789774771512213e-07,1.0368173611066336e-06,-2.025807477151221e-07,1
893,6.444187759274688e-07,1.0368173611066336e-06,-3.562097759274688e-07,1
894,6.769914671305185e-07,1.0368173611066336e-06,-3.469854671305185e-07,1
895,4.254727824595932e-07,1.0368173611066336e-06,-1.7354878245959319e-07,1
896,1.6348927839440693e-07,1.0368173611066336e-06,2.8360772160559306e-07,0
897,1.7441327386453762e-07,1.0368173611066336e-06,4.5575372613546233e-07,0
898,1.1140858090122148e-07,1.0368173611066336e-06,4.6276641909877853e-07,1
899,4.4842493119370686e-08,1.0368173611066336e-06,3.2146550688062933e-07,1
900,1.5712568155940034e-08,1.0368173611066336e-06,1.6171243184405996e-07,0
901,9.137952659754889e-09,1.0368173611066336e-06,6.344674734024511e-08,0
902,5.655550226046045e-09,1.0368173611066336e-06,2.3236049773953955e-08,0
903,2.09056515976572e-09,1.0368173611066336e-06,1.3232234840234281e-08,0
904,7.845597084076951e-10,1.0368173611066336e-06,1.4453640291592306e-08,0
905,3.2270235539454693e-09,1.0368173611066336e-06,2.402147644605453e-08,0
906,1.496442754297224e-08,1.0368173611066336e-06,6.356227245702775e-08,0
907,4.272937242153866e-08,1.0368173611066336e-06,1.7171162757846132e-07,0
908,7.728389448766398e-08,1.0368173611066336e-06,3.1524910551233603e-07,0
909,9.231007234790733e-08,1.0368173611066336e-06,3.510869276520927e-07,0
910,7.396173623749178e-08,1.0368173611066336e-06,2.471232637625082e-07,0
911,3.977746978518477e-08,1.0368173611066336e-06,1.3873653021481523e-07,0
912,1.6174164131066893e-08,1.0368173611066336e-06,9.03358358689331e-08,0
913,6.26433594949525e-09,1.0368173611066336e-06,7.077226405050475e-08,0
914,2.2463163906911065e-09,1.0368173611066336e-06,5.492898360930889e-08,0
915,6.220528947597312e-10,1.0368173611066336e-06,3.8217147105240265e-08,0
916,1.2673064667415771e-10,1.0368173611066336e-06,2.1488469353325842e-08,0
917,1.876753113286134e-10,1.0368173611066336e-06,1.2445524688671388e-08,0
918,1.6941927334887166e-09,1.0368173611066336e-06,1.4611607266511283e-08,0
919,8.030291226422733e-09,1.0368173611066336e-06,2.6106708773577264e-08,0
920,2.0529498973404924e-08,1.0368173611066336e-06,4.420830102659509e-08,0
921,4.3133675600104936e-08,1.0368173611066336e-06,5.271572439989506e-08,0
922,1.205304457420562e-07,1.0368173611066336e-06,9.247554257943821e-09,0
923,3.1679310449284586e-07,1.0368173611066336e-06,-1.1052310449284588e-07,0
924,5.936667379435149e-07,1.0368173611066336e-06,-2.4264773794351494e-07,1
925,7.700402400470551e-07,1.0368173611066336e-06,-2.621452400470551e-07,1
926,6.805870431899446e-07,1.0368173611066336e-06,-1.3218504318994453e-07,0
927,3.9929042378828457e-07,1.0368173611066336e-06,3.5375762117154472e-09,0
928,1.262108600812918e-07,1.0368173611066336e-06,3.936111399187081e-07,0
929,1.5544628113284546e-07,1.0368173611066336e-06,5.826787188671546e-07,0
930,1.06592797763827e-07,1.0368173611066336e-06,5.684862022361731e-07,0
931,4.1397020652070424e-08,1.0368173611066336e-06,3.8969197934792955e-07,0
932,1.1881238254366382e-08,1.0368173611066336e-06,1.969357617456336e-07,1
933,4.7262629884007894e-09,1.0368173611066336e-06,7.744293701159921e-08,1
934,1.9101752302437848e-09,1.0368173611066336e-06,2.7392324769756214e-08,1
935,4.5281387074234635e-10,1.0368173611066336e-06,1.5789886129257656e-08,0
936,2.4520468934482317e-10,1.0368173611066336e-06,2.298979531065518e-08,0
937,1.8652046079796343e-09,1.0368173611066336e-06,5.034099539202036e-08,0
938,1.0178817428281912e-08,1.0368173611066336e-06,1.1369718257171811e-07,0
939,3.1819466864046846e-08,1.0368173611066336e-06,2.1791653313595316e-07,0
940,5.934230775575429e-08,1.0368173611066336e-06,2.984506922442457e-07,0
941,7.290918705522872e-08,1.0368173611066336e-06,2.621378129447713e-07,0
942,6.862960865987843e-08,1.0368173611066336e-06,1.4332039134012158e-07,0
943,6.11191747973697e-08,1.0368173611066336e-06,5.03598252026303e-08,0
944,5.3881601756922506e-08,1.0368173611066336e-06,1.4772198243077497e-08,0
945,3.843493116791607e-08,1.0368173611066336e-06,1.4237568832083927e-08,0
946,1.899987574132996e-08,1.0368173611066336e-06,2.1114524258670046e-08,0
947,6.001622695573893e-09,1.0368173611066336e-06,1.903017730442611e-08,0
948,1.1536764485463155e-09,1.0368173611066336e-06,1.2025523551453685e-08,0
949,2.7406467100101515e-10,1.0368173611066336e-06,1.1077635328998985e-08,0
950,1.2513129910592114e-09,1.0368173611066336e-06,2.3450387008940786e-08,0
951,7.0627481789643215e-09,1.0368173611066336e-06,6.017015182103567e-08,0
952,3.724764513082103e-08,1.0368173611066336e-06,1.1336735486917897e-07,0
953,1.773453178303234e-07,1.0368173611066336e-06,8.186268216967659e-08,0
954,6.149462489267656e-07,1.0368173611066336e-06,-2.2013924892676562e-07,0
955,1.4283652672902588e-06,1.0368173611066336e-06,-7.826742672902587e-07,1
956,2.245589631881315e-06,1.0368173611066336e-06,-1.1878196318813147e-06,1
957,2.4700131641042333e-06,1.0368173611066336e-06,-1.0541131641042332e-06,1
958,1.9335842485732347e-06,1.0368173611066336e-06,-5.555142485732345e-07,0
959,1.0670693387965996e-06,1.0368173611066336e-06,-1.550533387965996e-07,0
960,2.984966223611457e-07,1.0368173611066336e-06,4.3330737763885435e-07,0
961,3.435594364388475e-07,1.0368173611066336e-06,6.360305635611525e-07,0
962,2.0839683943569605e-07,1.0368173611066336e-06,6.206671605643041e-07,0
963,8.416082216588543e-08,1.0368173611066336e-06,4.111261778341146e-07,0
964,4.276752051189928e-08,1.0368173611066336e-06,1.865504794881007e-07,0
965,2.3953730092405283e-08,1.0368173611066336e-06,6.243466990759472e-08,0
966,8.013763652019565e-09,1.0368173611066336e-06,2.5138736347980434e-08,0
967,1.3485143233374026e-09,1.0368173611066336e-06,3.1245685676662596e-08,0
968,2.750148113530412e-10,1.0368173611066336e-06,6.735008518864696e-08,0
969,1.893534949680486e-09,1.0368173611066336e-06,1.3018546505031952e-07,0
970,1.135154363830595e-08,1.0368173611066336e-06,2.0317145636169408e-07,0
971,3.8177140031559286e-08,1.0368173611066336e-06,2.5879985996844075e-07,0
972,7.967065043203363e-08,1.0368173611066336e-06,2.5177234956796644e-07,0
973,1.206604805706585e-07,1.0368173611066336e-06,1.6101751942934151e-07,0
974,1.5829237247211732e-07,1.0368173611066336e-06,3.1577627527882676e-08,0
975,1.9018296949139915e-07,1.0368173611066336e-06,-7.219996949139915e-08,0
976,1.8764995650355388e-07,1.0368173611066336e-06,-1.1152075650355387e-07,1
977,1.3311929927617034e-07,1.0368173611066336e-06,-8.333919927617034e-08,0
978,6.187953261196404e-08,1.0368173611066336e-06,-2.9715532611964035e-08,0
979,1.7730831397530377e-08,1.0368173611066336e-06,4.4288686024696244e-09,0
980,2.978633270178562e-09,1.0368173611066336e-06,1.557256672982144e-08,0
981,3.6765155786176313e-10,1.0368173611066336e-06,2.0513548442138237e-08,0
982,1.6418733590323845e-09,1.0368173611066336e-06,3.901312664096762e-08,0
983,1.9101047784465315e-08,1.0368173611066336e-06,9.104795221553469e-08,0
984,1.3854310367567255e-07,1.0368173611066336e-06,1.2566289632432746e-07,0
985,6.337920378886896e-07,1.0368173611066336e-06,-1.1957203788868959e-07,0
986,1.9028979969909726e-06,1.0368173611066336e-06,-9.739309969909725e-07,1
987,3.886788891448336e-06,1.0368173611066336e-06,-2.1889488914483353e-06,1
988,5.5696852975136685e-06,1.0368173611066336e-06,-2.804315297513668e-06,1
989,5.714921837532068e-06,1.0368173611066336e-06,-2.2585518375320684e-06,1
990,4.2215737386202625e-06,1.0368173611066336e-06,-1.159713738620263e-06,1
991,2.1997113588102397e-06,1.0368173611066336e-06,-3.8947135881023964e-07,0
992,3.413912415506159e-07,1.0368173611066336e-06,3.050437584493841e-07,0
993,3.028372128949336e-07,1.0368173611066336e-06,4.3284478710506645e-07,0
994,1.5736696130889494e-07,1.0368173611066336e-06,3.824350386911051e-07,0
995,8.702658574894319e-08,1.0368173611066336e-06,2.012234142510568e-07,0
996,6.410947158156243e-08,1.0368173611066336e-06,5.7598528418437565e-08,0
997,3.186945221248965e-08,1.0368173611066336e-06,1.2496947787510356e-08,0
998,8.115392529480358e-09,1.0368173611066336e-06,1.7179307470519642e-08,0
999,1.0218236271620936e-09,1.0368173611066336e-06,4.2374176372837906e-08,0
1000,3.618631139576445e-10,1.0368173611066336e-06,8.753903688604235e-08,0
1001,2.97316517292153e-09,1.0368173611066336e-06,1.4021583482707846e-07,0
1002,1.551729112082434e-08,1.0368173611066336e-06,1.7826070887917566e-07,0
1003,4.739068337506464e-08,1.0368173611066336e-06,1.8074531662493535e-07,0
1004,9.591407999620408e-08,1.0368173611066336e-06,1.2931492000379592e-07,0
1005,1.448380135235644e-07,1.0368173611066336e-06,3.586898647643559e-08,0
1006,1.8499457437115272e-07,1.0368173611066336e-06,-6.276557437115272e-08,0
1007,2.1392149786233926e-07,1.0368173611066336e-06,-1.3627569786233926e-07,1
1008,1.9989239140833784e-07,1.0368173611066336e-06,-1.5182369140833784e-07,1
1009,1.2910313078495492e-07,1.0368173611066336e-06,-9.911703078495491e-08,1
1010,5.298608932724896e-08,1.0368173611066336e-06,-3.1968189327248965e-08,1
1011,1.3102393292776836e-08,1.0368173611066336e-06,4.271206707223163e-09,0
1012,1.8444432145453311e-09,1.0368173611066336e-06,1.4317556785454668e-08,0
1013,3.419916434679017e-10,1.0368173611066336e-06,1.9086108356532097e-08,0
1014,3.807721499465318e-09,1.0368173611066336e-06,3.736817850053468e-08,0
1015,3.8246550342825296e-08,1.0368173611066336e-06,6.937644965717471e-08,0
1016,2.2317089346010604e-07,1.0368173611066336e-06,2.4863106539893946e-08,0
1017,8.262882537513693e-07,1.0368173611066336e-06,-3.078202537513693e-07,0
1018,2.096725234996517e-06,1.0368173611066336e-06,-1.036605234996517e-06,1
1019,3.820105612955046e-06,1.0368173611066336e-06,-1.826215612955046e-06,1
1020,5.089556022780692e-06,1.0368173611066336e-06,-2.0642060227806917e-06,1
1021,4.953569312938673e-06,1.0368173611066336e-06,-1.574329312938673e-06,1
1022,3.4698446994792494e-06,1.0368173611066336e-06,-8.573746994792494e-07,1
1023,1.6721047900260726e-06,1.0368173611066336e-06,-3.6683479002607233e-07,0
