,D281Y,max,diff,True
0,1.6962018891451384e-06,1.018775760809444e-06,-2.8121188914513845e-07,0
1,2.2119613684363323e-06,1.018775760809444e-06,-2.0132136843633218e-07,0
2,1.664110402995149e-06,1.018775760809444e-06,-2.302040299514908e-08,0
3,8.627607784812521e-07,1.018775760809444e-06,2.779422151874783e-08,0
4,4.0154435716132405e-07,1.018775760809444e-06,-2.4536357161324042e-08,0
5,1.8299422527159548e-07,1.018775760809444e-06,-4.152122527159549e-08,0
6,7.834226446226051e-08,1.018775760809444e-06,-7.907864462260518e-09,0
7,6.10595186829214e-08,1.018775760809444e-06,3.4744581317078605e-08,0
8,1.249105194570158e-07,1.018775760809444e-06,6.556548054298418e-08,0
9,2.421051729843605e-07,1.018775760809444e-06,9.203882701563951e-08,0
10,3.2072050118805597e-07,1.018775760809444e-06,1.88373498811944e-07,0
11,3.4008022621586506e-07,1.018775760809444e-06,3.45592773784135e-07,0
12,4.2737425919364437e-07,1.018775760809444e-06,3.7090474080635563e-07,0
13,6.325898917154847e-07,1.018775760809444e-06,1.5771810828451533e-07,0
14,8.06621618107869e-07,1.018775760809444e-06,-1.3249361810786894e-07,0
15,7.873257049367775e-07,1.018775760809444e-06,-2.779157049367775e-07,0
16,6.028571509570893e-07,1.018775760809444e-06,-2.487611509570893e-07,0
17,3.8367808269237477e-07,1.018775760809444e-06,-1.5081408269237476e-07,0
18,2.4100902528834195e-07,1.018775760809444e-06,-1.0013602528834193e-07,0
19,1.994227960324069e-07,1.018775760809444e-06,-1.114860960324069e-07,1
20,2.120906412118123e-07,1.018775760809444e-06,-1.2943374121181232e-07,1
21,2.5676487428579694e-07,1.018775760809444e-06,-1.4017487428579693e-07,1
22,3.177474482965639e-07,1.018775760809444e-06,-1.299304482965639e-07,0
23,3.6501400128512116e-07,1.018775760809444e-06,-4.672600128512113e-08,0
24,4.998920479450033e-07,1.018775760809444e-06,1.1288595205499667e-07,0
25,1.2191692884619778e-06,1.018775760809444e-06,1.6123071153802215e-07,0
26,3.5355850675164405e-06,1.018775760809444e-06,-3.010550675164408e-07,0
27,8.204482514738112e-06,1.018775760809444e-06,-1.3540025147381118e-06,0
28,1.4087988687300296e-05,1.018775760809444e-06,-2.309988687300296e-06,0
29,1.78391549449125e-05,1.018775760809444e-06,-2.5729549449125016e-06,0
30,1.6382249105389172e-05,1.018775760809444e-06,-2.2184491053891705e-06,0
31,1.0401242308263693e-05,1.018775760809444e-06,-1.4795823082636932e-06,0
32,4.441972279326042e-06,1.018775760809444e-06,-5.586222793260425e-07,0
33,5.1724440640741344e-06,1.018775760809444e-06,-3.9343406407413425e-07,0
34,3.6511056466776658e-06,1.018775760809444e-06,-2.0642564667766565e-07,0
35,1.9619039283493745e-06,1.018775760809444e-06,-2.687939283493747e-07,0
36,1.0169125981185464e-06,1.018775760809444e-06,-3.3001159811854644e-07,0
37,4.975484649536143e-07,1.018775760809444e-06,-2.120544649536143e-07,0
38,2.697196467713469e-07,1.018775760809444e-06,-8.265064677134688e-08,0
39,3.4329306753006825e-07,1.018775760809444e-06,-8.280906753006823e-08,0
40,6.658187609270589e-07,1.018775760809444e-06,-1.8650376092705894e-07,0
41,1.0534989734626284e-06,1.018775760809444e-06,-2.2427697346262835e-07,0
42,1.236272316820141e-06,1.018775760809444e-06,1.1907683179859047e-08,0
43,1.3167946603456601e-06,1.018775760809444e-06,3.281853396543399e-07,0
44,1.667023117616844e-06,1.018775760809444e-06,2.673168823831562e-07,0
45,2.284096058187754e-06,1.018775760809444e-06,-2.4206605818775384e-07,0
46,2.7220630721719083e-06,1.018775760809444e-06,-7.927530721719086e-07,0
47,2.5880323860268124e-06,1.018775760809444e-06,-9.487523860268124e-07,1
48,1.948247019565322e-06,1.018775760809444e-06,-6.82237019565322e-07,0
49,1.2888469972559877e-06,1.018775760809444e-06,-4.1969799725598767e-07,0
50,9.594215504082232e-07,1.018775760809444e-06,-4.1937855040822316e-07,1
51,8.849225760874534e-07,1.018775760809444e-06,-5.113165760874535e-07,1
52,9.72333667852134e-07,1.018775760809444e-06,-6.00792667852134e-07,1
53,1.154917550995907e-06,1.018775760809444e-06,-6.521165509959069e-07,1
54,1.2802452425114534e-06,1.018775760809444e-06,-5.467942425114533e-07,0
55,1.3530364439464045e-06,1.018775760809444e-06,-2.1823644394640435e-07,0
56,1.9515435499331904e-06,1.018775760809444e-06,1.8810645006680956e-07,0
57,4.717253665388324e-06,1.018775760809444e-06,1.6391633461167594e-07,0
58,1.2368219983575407e-05,1.018775760809444e-06,-9.718199835754055e-07,0
59,2.61296845369977e-05,1.018775760809444e-06,-3.0521845369976998e-06,0
60,4.131200677762093e-05,1.018775760809444e-06,-4.76480677762093e-06,0
61,4.811474794955995e-05,1.018775760809444e-06,-5.345147949559949e-06,1
62,4.0557769799733376e-05,1.018775760809444e-06,-4.970769799733379e-06,1
63,2.3544761442699444e-05,1.018775760809444e-06,-3.4792614426994446e-06,1
64,5.465144663623322e-06,1.018775760809444e-06,-2.7076466362332164e-07,0
65,5.9100660685798225e-06,1.018775760809444e-06,-5.545606857982203e-08,0
66,4.097495676390122e-06,1.018775760809444e-06,-1.9111567639012164e-07,0
67,2.3119929721817195e-06,1.018775760809444e-06,-4.882029721817193e-07,0
68,1.275364377449627e-06,1.018775760809444e-06,-5.115563774496272e-07,1
69,6.931337300017693e-07,1.018775760809444e-06,-3.1173173000176927e-07,0
70,5.255923544914429e-07,1.018775760809444e-06,-2.458463544914429e-07,0
71,7.833245094208464e-07,1.018775760809444e-06,-4.502305094208464e-07,1
72,1.3316629053713205e-06,1.018775760809444e-06,-7.654439053713205e-07,1
73,1.8767781078883788e-06,1.018775760809444e-06,-8.924041078883788e-07,0
74,2.164338805625856e-06,1.018775760809444e-06,-6.500188056258558e-07,0
75,2.504343790743804e-06,1.018775760809444e-06,-3.89103790743804e-07,0
76,3.358648998032226e-06,1.018775760809444e-06,-5.776889980322263e-07,0
77,4.5375822297099705e-06,1.018775760809444e-06,-1.1433622297099708e-06,0
78,5.382041263470818e-06,1.018775760809444e-06,-1.6333212634708184e-06,1
79,5.290970401112202e-06,1.018775760809444e-06,-1.5751104011122017e-06,0
80,4.294507810284075e-06,1.018775760809444e-06,-1.075327810284075e-06,0
81,3.1464066732997633e-06,1.018775760809444e-06,-7.930366732997631e-07,0
82,2.425993619739328e-06,1.018775760809444e-06,-9.020036197393279e-07,1
83,2.1997667837743617e-06,1.018775760809444e-06,-1.1453167837743618e-06,1
84,2.38148117290041e-06,1.018775760809444e-06,-1.38507217290041e-06,1
85,2.7103163229676363e-06,1.018775760809444e-06,-1.4519263229676363e-06,1
86,2.895551448353225e-06,1.018775760809444e-06,-1.1963614483532248e-06,1
87,3.1063124041211544e-06,1.018775760809444e-06,-6.556724041211543e-07,0
88,4.6848923307718145e-06,1.018775760809444e-06,-1.6859233077181418e-07,0
89,1.0618569526958254e-05,1.018775760809444e-06,-2.17269526958252e-07,0
90,2.47300559802969e-05,1.018775760809444e-06,-1.098755980296899e-06,0
91,4.691947339812876e-05,1.018775760809444e-06,-2.462273398128753e-06,0
92,6.750547438551832e-05,1.018775760809444e-06,-3.6753743855183225e-06,0
93,7.222248478410365e-05,1.018775760809444e-06,-5.0357847841036506e-06,0
94,5.60879159847809e-05,1.018775760809444e-06,-5.710715984780895e-06,1
95,2.9827050188124934e-05,1.018775760809444e-06,-4.0837501881249364e-06,1
96,4.204006229406373e-06,1.018775760809444e-06,3.4589377059362737e-07,0
97,4.325455029055111e-06,1.018775760809444e-06,5.672749709448891e-07,0
98,2.81690539775454e-06,1.018775760809444e-06,3.2019460224546e-07,0
99,1.4820340146849313e-06,1.018775760809444e-06,-4.486401468493106e-08,0
100,8.20145676003744e-07,1.018775760809444e-06,-1.6532167600374398e-07,0
101,5.382742409523929e-07,1.018775760809444e-06,-1.4139624095239284e-07,0
102,5.596110652194148e-07,1.018775760809444e-06,-2.607210652194148e-07,0
103,8.336982129565349e-07,1.018775760809444e-06,-5.398142129565348e-07,1
104,1.2454156170564676e-06,1.018775760809444e-06,-8.086176170564677e-07,1
105,1.6926836124571002e-06,1.018775760809444e-06,-9.242186124571002e-07,1
106,2.258282395437512e-06,1.018775760809444e-06,-9.205023954375118e-07,1
107,3.3806699516286154e-06,1.018775760809444e-06,-1.1408699516286157e-06,1
108,5.1678162124000365e-06,1.018775760809444e-06,-1.6738962124000367e-06,1
109,6.999080468429853e-06,1.018775760809444e-06,-2.0442104684298532e-06,1
110,8.213749701463554e-06,1.018775760809444e-06,-1.8784997014635536e-06,0
111,8.312527988927647e-06,1.018775760809444e-06,-1.2567379889276471e-06,0
112,7.1332911699987454e-06,1.018775760809444e-06,-6.490211699987451e-07,0
113,5.411699737945587e-06,1.018775760809444e-06,-5.760897379455876e-07,0
114,4.083597639201042e-06,1.018775760809444e-06,-9.610376392010425e-07,1
115,3.4375877599896865e-06,1.018775760809444e-06,-1.3272477599896863e-06,1
116,3.41719492776322e-06,1.018775760809444e-06,-1.4785149277632198e-06,1
117,3.8889333598157805e-06,1.018775760809444e-06,-1.4447233598157804e-06,1
118,4.48873648854131e-06,1.018775760809444e-06,-1.1776864885413098e-06,1
119,5.430507829859375e-06,1.018775760809444e-06,-8.041978298593754e-07,0
120,8.851713466387909e-06,1.018775760809444e-06,-6.496834663879096e-07,0
121,1.843555008151072e-05,1.018775760809444e-06,-3.8425008151071803e-07,0
122,3.697010105005521e-05,1.018775760809444e-06,8.697989499447848e-07,0
123,6.121027811540155e-05,1.018775760809444e-06,2.8802218845984493e-06,0
124,7.901318100948843e-05,1.018775760809444e-06,3.1373189905115707e-06,0
125,7.756776897695039e-05,1.018775760809444e-06,-1.6336897695039818e-07,0
126,5.586073668049259e-05,1.018775760809444e-06,-3.3617366804925992e-06,0
127,2.764666554530881e-05,1.018775760809444e-06,-3.0293655453088096e-06,1
128,2.787280328486654e-06,1.018775760809444e-06,5.418396715133457e-07,0
129,2.6505629370233957e-06,1.018775760809444e-06,8.437870629766042e-07,0
130,1.5006043973521783e-06,1.018775760809444e-06,7.08135602647822e-07,1
131,6.740912626335417e-07,1.018775760809444e-06,3.9463873736645813e-07,0
132,3.6035599639038686e-07,1.018775760809444e-06,2.2630800360961313e-07,0
133,2.7470315638640924e-07,1.018775760809444e-06,1.304688436135908e-07,0
134,3.2326595110038715e-07,1.018775760809444e-06,-3.357895110038719e-08,0
135,4.67948486788677e-07,1.018775760809444e-06,-2.3883448678867703e-07,1
136,7.497929561774438e-07,1.018775760809444e-06,-4.595479561774438e-07,1
137,1.3123274725205365e-06,1.018775760809444e-06,-7.295744725205365e-07,1
138,2.4315087663990548e-06,1.018775760809444e-06,-1.1192687663990548e-06,1
139,4.394184043763565e-06,1.018775760809444e-06,-1.6885640437635645e-06,1
140,6.866950850843625e-06,1.018775760809444e-06,-2.0265808508436253e-06,1
141,9.130379440071024e-06,1.018775760809444e-06,-1.5151994400710229e-06,0
142,1.0768167661711133e-05,1.018775760809444e-06,-3.342676617111331e-07,0
143,1.1116313422074479e-05,1.018775760809444e-06,6.843865779255195e-07,0
144,9.629602130667335e-06,1.018775760809444e-06,9.162978693326635e-07,0
145,7.156094090154005e-06,1.018775760809444e-06,3.161359098459953e-07,0
146,4.985855414035597e-06,1.018775760809444e-06,-4.400454140355972e-07,0
147,3.6655387771538282e-06,1.018775760809444e-06,-7.30738777153828e-07,0
148,3.432545036354856e-06,1.018775760809444e-06,-6.618550363548559e-07,0
149,4.276596657801036e-06,1.018775760809444e-06,-4.956966578010368e-07,0
150,5.591887770264436e-06,1.018775760809444e-06,-2.7737777026443577e-07,0
151,7.716816886244612e-06,1.018775760809444e-06,-2.1992688624461265e-07,0
152,1.3357268261594216e-05,1.018775760809444e-06,-2.928682615942158e-07,0
153,2.5961918845304894e-05,1.018775760809444e-06,7.774811546951064e-07,0
154,4.63583588549448e-05,1.018775760809444e-06,4.005341145055198e-06,0
155,6.812467961682339e-05,1.018775760809444e-06,7.605320383176605e-06,1
156,7.866557578743049e-05,1.018775760809444e-06,7.687724212569508e-06,0
157,7.015605165363128e-05,1.018775760809444e-06,3.2856483463687187e-06,0
158,4.681407547046416e-05,1.018775760809444e-06,-9.189754704641564e-07,0
159,2.1916129123651087e-05,1.018775760809444e-06,-1.713929123651086e-06,1
160,1.7428813281309529e-06,1.018775760809444e-06,7.153586718690474e-07,1
161,1.666965437393379e-06,1.018775760809444e-06,9.955145626066208e-07,1
162,1.018922884164843e-06,1.018775760809444e-06,8.120171158351571e-07,1
163,5.437241729961943e-07,1.018775760809444e-06,5.177258270038057e-07,1
164,3.334208895983674e-07,1.018775760809444e-06,3.671821104016326e-07,0
165,2.4653690837853706e-07,1.018775760809444e-06,2.6183409162146296e-07,0
166,2.1723253990438414e-07,1.018775760809444e-06,1.2629846009561584e-07,0
167,2.57466626006164e-07,1.018775760809444e-06,-2.2804626006163982e-08,0
168,4.894998941212107e-07,1.018775760809444e-06,-2.2017589412121066e-07,1
169,1.2035349309339742e-06,1.018775760809444e-06,-5.622159309339742e-07,1
170,2.898493347566225e-06,1.018775760809444e-06,-1.154233347566225e-06,1
171,5.805790497911036e-06,1.018775760809444e-06,-1.7509204979110362e-06,1
172,9.35357461247699e-06,1.018775760809444e-06,-1.5534646124769892e-06,0
173,1.2661720928961278e-05,1.018775760809444e-06,-7.862092896127829e-08,0
174,1.492226731772208e-05,1.018775760809444e-06,1.8838326822779185e-06,0
175,1.4938249532301999e-05,1.018775760809444e-06,2.9034504676980037e-06,0
176,1.226543402453078e-05,1.018775760809444e-06,2.3654659754692194e-06,1
177,8.389447475930567e-06,1.018775760809444e-06,1.0445325240694327e-06,0
178,5.1107973966837925e-06,1.018775760809444e-06,1.3739260331620683e-07,0
179,3.265620120252044e-06,1.018775760809444e-06,-1.1590012025204401e-07,0
180,3.0868299340561826e-06,1.018775760809444e-06,-1.382299340561826e-07,0
181,4.19371484958066e-06,1.018775760809444e-06,-7.89148495806599e-08,0
182,5.765286129905126e-06,1.018775760809444e-06,2.3425387009487466e-07,0
183,8.656757131851961e-06,1.018775760809444e-06,5.241628681480389e-07,0
184,1.6179602152006915e-05,1.018775760809444e-06,4.3569784799308455e-07,0
185,3.127865042998649e-05,1.018775760809444e-06,8.216495700135118e-07,0
186,5.236220390724035e-05,1.018775760809444e-06,2.6936960927596555e-06,0
187,6.997384240691719e-05,1.018775760809444e-06,5.189457593082818e-06,0
188,7.257928313296153e-05,1.018775760809444e-06,5.72491686703847e-06,0
189,5.8526337891879544e-05,1.018775760809444e-06,3.2045621081204582e-06,0
190,3.632884938476544e-05,1.018775760809444e-06,2.1775061523456117e-07,0
191,1.6451268624797518e-05,1.018775760809444e-06,-8.186686247975179e-07,0
192,1.5414398776059603e-06,1.018775760809444e-06,7.490301223940397e-07,1
193,1.9194871612809984e-06,1.018775760809444e-06,8.578728387190016e-07,1
194,1.6631842521090812e-06,1.018775760809444e-06,5.507157478909185e-07,0
195,1.1991873720321079e-06,1.018775760809444e-06,2.74962627967892e-07,0
196,8.236012294520651e-07,1.018775760809444e-06,1.8741877054793492e-07,0
197,5.538076852890411e-07,1.018775760809444e-06,1.442993147109589e-07,0
198,3.580916587631245e-07,1.018775760809444e-06,8.645234123687547e-08,0
199,2.783316134698609e-07,1.018775760809444e-06,1.8779386530139085e-08,0
200,4.761097320066269e-07,1.018775760809444e-06,-9.543673200662688e-08,0
201,1.4184998847422688e-06,1.018775760809444e-06,-3.862098847422688e-07,0
202,3.845254809125306e-06,1.018775760809444e-06,-8.801648091253056e-07,1
203,8.12253873532569e-06,1.018775760809444e-06,-1.0922987353256908e-06,0
204,1.3600484286589853e-05,1.018775760809444e-06,-1.8388428658985173e-07,0
205,1.89234091534715e-05,1.018775760809444e-06,1.8894908465284972e-06,0
206,2.2391787974866427e-05,1.018775760809444e-06,3.645812025133576e-06,1
207,2.1993789911239538e-05,1.018775760809444e-06,3.4824100887604603e-06,1
208,1.7380780287617742e-05,1.018775760809444e-06,1.8005197123822604e-06,0
209,1.1064825261371147e-05,1.018775760809444e-06,4.077747386288527e-07,0
210,6.01498766030208e-06,1.018775760809444e-06,4.522339697920795e-09,0
211,3.4527125897081757e-06,1.018775760809444e-06,-8.159258970817619e-08,0
212,3.1397066027708425e-06,1.018775760809444e-06,-3.950866027708425e-07,0
213,4.101130866137188e-06,1.018775760809444e-06,-6.294708661371885e-07,0
214,5.571832084430453e-06,1.018775760809444e-06,-2.3392208443045416e-07,0
215,8.962660801862703e-06,1.018775760809444e-06,3.228191981372965e-07,0
216,1.7658958824925828e-05,1.018775760809444e-06,3.4641175074171736e-08,0
217,3.3943616018174205e-05,1.018775760809444e-06,-9.31016018174202e-07,0
218,5.481895523406084e-05,1.018775760809444e-06,-1.0441552340608408e-06,0
219,6.94571487622153e-05,1.018775760809444e-06,6.176512377846982e-07,0
220,6.765165742475024e-05,1.018775760809444e-06,2.2645425752497613e-06,0
221,5.146702038732297e-05,1.018775760809444e-06,1.8194796126770312e-06,0
222,3.077233983525104e-05,1.018775760809444e-06,5.339601647489612e-07,0
223,1.3727885372475854e-05,1.018775760809444e-06,7.561462752414523e-08,0
224,2.9691567306664348e-06,1.018775760809444e-06,1.761732693335654e-07,0
225,4.054827421033269e-06,1.018775760809444e-06,2.9342578966730513e-08,0
226,3.674016721006357e-06,1.018775760809444e-06,-2.8642672100635674e-07,0
227,2.686889469987198e-06,1.018775760809444e-06,-4.5295946998719825e-07,0
228,1.8237708664380653e-06,1.018775760809444e-06,-4.009608664380653e-07,0
229,1.1127293589930074e-06,1.018775760809444e-06,-2.2518535899300734e-07,0
230,5.784580949664329e-07,1.018775760809444e-06,-4.8274094966432905e-08,0
231,3.417953501634404e-07,1.018775760809444e-06,4.80956498365596e-08,0
232,5.919321773900959e-07,1.018775760809444e-06,5.20938226099042e-08,0
233,1.9164175186087835e-06,1.018775760809444e-06,-4.870751860878377e-08,0
234,5.350644858570677e-06,1.018775760809444e-06,-3.5274858570677825e-08,0
235,1.168019894157217e-05,1.018775760809444e-06,7.327010584278296e-07,0
236,2.0425095859157372e-05,1.018775760809444e-06,2.575204140842629e-06,0
237,2.94708164988771e-05,1.018775760809444e-06,4.4765835011229e-06,1
238,3.553875547889357e-05,1.018775760809444e-06,4.3045445211064255e-06,1
239,3.5152735081929935e-05,1.018775760809444e-06,1.4340649180700653e-06,0
240,2.751745045337937e-05,1.018775760809444e-06,-1.369950453379371e-06,0
241,1.6975075616029408e-05,1.018775760809444e-06,-1.8564756160294086e-06,0
242,9.104756898936417e-06,1.018775760809444e-06,-1.145716898936416e-06,0
243,5.6613026561016565e-06,1.018775760809444e-06,-9.935926561016572e-07,0
244,5.281557902375885e-06,1.018775760809444e-06,-1.578287902375885e-06,1
245,6.002841919597905e-06,1.018775760809444e-06,-1.956221919597905e-06,1
246,7.141015733562828e-06,1.018775760809444e-06,-1.6344457335628286e-06,0
247,1.0187724737700282e-05,1.018775760809444e-06,-1.0146947377002816e-06,0
248,1.823776534894681e-05,1.018775760809444e-06,-8.33265348946812e-07,0
249,3.413954498300562e-05,1.018775760809444e-06,-1.4519449830056207e-06,0
250,5.52033439971979e-05,1.018775760809444e-06,-1.564143997197901e-06,0
251,6.988612794566082e-05,1.018775760809444e-06,3.3677205433917947e-07,0
252,6.813005025004841e-05,1.018775760809444e-06,2.756449749951581e-06,0
253,5.274856230828483e-05,1.018775760809444e-06,3.482837691715173e-06,0
254,3.2892592118617256e-05,1.018775760809444e-06,2.862407881382743e-06,0
255,1.5671164901165273e-05,1.018775760809444e-06,1.7580350988347264e-06,1
256,5.571323975695454e-06,1.018775760809444e-06,-9.513339756954537e-07,0
257,7.092334763204657e-06,1.018775760809444e-06,-1.4164047632046568e-06,0
258,5.9643484229431385e-06,1.018775760809444e-06,-1.6073584229431384e-06,0
259,4.103756460831191e-06,1.018775760809444e-06,-1.4868364608311913e-06,0
260,2.6335850894365084e-06,1.018775760809444e-06,-1.1423950894365084e-06,0
261,1.493136466822224e-06,1.018775760809444e-06,-6.582104668222242e-07,0
262,7.25711556557551e-07,1.018775760809444e-06,-2.3559455655755093e-07,0
263,4.419334384515396e-07,1.018775760809444e-06,4.412561548460342e-09,0
264,8.627272456811655e-07,1.018775760809444e-06,1.1672375431883449e-07,0
265,2.896349363113673e-06,1.018775760809444e-06,2.500906368863271e-07,0
266,8.521839543958684e-06,1.018775760809444e-06,8.159504560413159e-07,0
267,1.9634699692075016e-05,1.018775760809444e-06,2.4999003079249836e-06,0
268,3.5225521920627365e-05,1.018775760809444e-06,5.037878079372633e-06,1
269,5.053774098483214e-05,1.018775760809444e-06,6.0074590151678605e-06,1
270,5.910775046880524e-05,1.018775760809444e-06,2.951649531194759e-06,0
271,5.557211240774537e-05,1.018775760809444e-06,-2.524812407745377e-06,0
272,4.101645319868176e-05,1.018775760809444e-06,-5.666553198681765e-06,1
273,2.417162023876742e-05,1.018775760809444e-06,-4.7128202387674186e-06,1
274,1.3178293312973634e-05,1.018775760809444e-06,-2.6716933129736335e-06,1
275,9.156657442753446e-06,1.018775760809444e-06,-2.2003774427534462e-06,1
276,8.854873824709274e-06,1.018775760809444e-06,-2.9483738247092736e-06,1
277,9.420678815995113e-06,1.018775760809444e-06,-3.643968815995114e-06,1
278,1.0522679769133496e-05,1.018775760809444e-06,-4.028519769133497e-06,1
279,1.3495490613395308e-05,1.018775760809444e-06,-3.887550613395309e-06,1
280,2.119648737842129e-05,1.018775760809444e-06,-2.826687378421289e-06,0
281,3.743079182642365e-05,1.018775760809444e-06,-9.122918264236498e-07,0
282,6.030131256619969e-05,1.018775760809444e-06,2.1957874338003088e-06,0
283,7.815890578389863e-05,1.018775760809444e-06,6.074094216101361e-06,0
284,8.072400893998534e-05,1.018775760809444e-06,8.216091060014662e-06,1
285,6.880895714174826e-05,1.018775760809444e-06,7.182842858251739e-06,1
286,4.7788071908288206e-05,1.018775760809444e-06,4.503328091711799e-06,1
287,2.4798712934741596e-05,1.018775760809444e-06,1.8438870652584054e-06,1
288,7.107411357741391e-06,1.018775760809444e-06,-2.3453413577413912e-06,1
289,8.109755176723186e-06,1.018775760809444e-06,-2.9156351767231868e-06,1
290,5.9463830352416965e-06,1.018775760809444e-06,-2.4265630352416967e-06,1
291,3.5444979251383163e-06,1.018775760809444e-06,-1.6988179251383165e-06,1
292,2.0514881373489143e-06,1.018775760809444e-06,-1.1517761373489143e-06,1
293,1.0929041703946695e-06,1.018775760809444e-06,-6.454711703946695e-07,1
294,5.181148309932525e-07,1.018775760809444e-06,-2.3351483099325251e-07,0
295,3.893550075447208e-07,1.018775760809444e-06,5.404992455279189e-09,0
296,1.1550371556859205e-06,1.018775760809444e-06,1.2545284431407955e-07,0
297,4.688609537090358e-06,1.018775760809444e-06,2.288604629096418e-07,0
298,1.4904868832307416e-05,1.018775760809444e-06,9.146311676925839e-07,0
299,3.4697888705865256e-05,1.018775760809444e-06,3.2705112941347443e-06,1
300,6.021435635144237e-05,1.018775760809444e-06,6.094643648557622e-06,1
301,8.024810294411049e-05,1.018775760809444e-06,5.821097055889513e-06,1
302,8.345080384710373e-05,1.018775760809444e-06,1.4629961528962623e-06,0
303,6.81047510194991e-05,1.018775760809444e-06,-4.321751019499101e-06,1
304,4.393379532160424e-05,1.018775760809444e-06,-6.974395321604246e-06,1
305,2.335637157460249e-05,1.018775760809444e-06,-5.1606715746024895e-06,1
306,1.2256495837482395e-05,1.018775760809444e-06,-2.6239358374823944e-06,1
307,8.795711824726512e-06,1.018775760809444e-06,-2.0983718247265124e-06,1
308,8.679732411582667e-06,1.018775760809444e-06,-2.9951424115826665e-06,1
309,9.407590138485781e-06,1.018775760809444e-06,-4.099840138485781e-06,1
310,1.1017531559015056e-05,1.018775760809444e-06,-5.050601559015056e-06,1
311,1.4773639469248328e-05,1.018775760809444e-06,-5.035379469248328e-06,1
312,2.3901293171648505e-05,1.018775760809444e-06,-2.7101931716485035e-06,0
313,4.3031098798641145e-05,1.018775760809444e-06,2.538901201358854e-06,0
314,7.03626407239681e-05,1.018775760809444e-06,9.518259276031891e-06,1
315,9.374675937598788e-05,1.018775760809444e-06,1.429024062401213e-05,1
316,0.00010187757608094441,1.018775760809444e-06,1.3339423919055596e-05,1
317,9.181621100978051e-05,1.018775760809444e-06,7.739488990219493e-06,1
318,6.549413811872645e-05,1.018775760809444e-06,1.6418618812735514e-06,0
319,3.351519886970223e-05,1.018775760809444e-06,-1.6117988697022238e-06,0
320,5.5402786214041935e-06,1.018775760809444e-06,-2.7884786214041934e-06,1
321,5.440528577580626e-06,1.018775760809444e-06,-2.766298577580626e-06,1
322,3.258532049200184e-06,1.018775760809444e-06,-1.6338320492001838e-06,1
323,1.5177182044381541e-06,1.018775760809444e-06,-7.704652044381541e-07,1
324,7.245751619413205e-07,1.018775760809444e-06,-4.201261619413205e-07,1
325,3.4841585795080147e-07,1.018775760809444e-06,-2.1479785795080147e-07,1
326,1.7060284333218294e-07,1.018775760809444e-06,-6.050784333218295e-08,0
327,2.855017224738016e-07,1.018775760809444e-06,1.905127752619839e-08,0
328,1.5460086508465494e-06,1.018775760809444e-06,-3.6068650846549455e-08,0
329,6.9377017342922825e-06,1.018775760809444e-06,-1.4909173429228128e-07,0
330,2.164496676189956e-05,1.018775760809444e-06,7.163332381004419e-07,0
331,4.742205193601594e-05,1.018775760809444e-06,3.496048063984062e-06,0
332,7.493080860730518e-05,1.018775760809444e-06,5.823991392694814e-06,0
333,8.710634905524268e-05,1.018775760809444e-06,5.049150944757316e-06,0
334,7.593387351549615e-05,1.018775760809444e-06,1.244026484503857e-06,0
335,5.096639563820864e-05,1.018775760809444e-06,-3.329395638208645e-06,0
336,2.7253193530210064e-05,1.018775760809444e-06,-4.8242935302100664e-06,1
337,1.2463368367406445e-05,1.018775760809444e-06,-3.1653383674064453e-06,1
338,6.0532520935280445e-06,1.018775760809444e-06,-1.5233920935280443e-06,1
339,4.401711877153147e-06,1.018775760809444e-06,-1.3483618771531475e-06,1
340,4.466710319510045e-06,1.018775760809444e-06,-1.9349203195100447e-06,1
341,4.980719967809973e-06,1.018775760809444e-06,-2.4820799678099733e-06,1
342,6.38959745851559e-06,1.018775760809444e-06,-2.8534274585155906e-06,1
343,1.0503204051872532e-05,1.018775760809444e-06,-2.611904051872532e-06,1
344,2.1164086877616815e-05,1.018775760809444e-06,-4.6618687761681407e-07,0
345,4.2069366745842e-05,1.018775760809444e-06,4.845933254157993e-06,1
346,6.937538468420717e-05,1.018775760809444e-06,1.1678315315792823e-05,1
347,9.113483995665516e-05,1.018775760809444e-06,1.4793160043344834e-05,1
348,9.78588159742737e-05,1.018775760809444e-06,1.0888184025726306e-05,1
349,8.645131799277667e-05,1.018775760809444e-06,2.0535820072233285e-06,0
350,5.902182499534751e-05,1.018775760809444e-06,-5.1668249953475134e-06,1
351,2.8180336400676617e-05,1.018775760809444e-06,-5.906136400676616e-06,1
352,2.2804144018965143e-06,1.018775760809444e-06,-1.3896074018965143e-06,1
353,1.8818774933503001e-06,1.018775760809444e-06,-1.0843734933503002e-06,1
354,8.842963434916996e-07,1.018775760809444e-06,-4.3252934349169963e-07,0
355,2.9909448365065325e-07,1.018775760809444e-06,-1.0850048365065326e-07,0
356,1.1175802010825963e-07,1.018775760809444e-06,-4.1297520108259634e-08,0
357,5.1032251037541136e-08,1.018775760809444e-06,-1.868035103754113e-08,0
358,4.418649821951078e-08,1.018775760809444e-06,3.125201780489216e-09,0
359,2.4937403559413876e-07,1.018775760809444e-06,-8.200355941387651e-10,0
360,1.5764374233160343e-06,1.018775760809444e-06,-6.097742331603443e-08,0
361,6.73131077452426e-06,1.018775760809444e-06,1.298392254757406e-07,0
362,1.935651249406201e-05,1.018775760809444e-06,1.4930875059379925e-06,0
363,3.836644707095384e-05,1.018775760809444e-06,3.6580529290461603e-06,0
364,5.316884976019201e-05,1.018775760809444e-06,4.39285023980799e-06,0
365,5.203543979038916e-05,1.018775760809444e-06,3.026360209610845e-06,0
366,3.6896926953070095e-05,1.018775760809444e-06,3.349730469299033e-07,0
367,1.9788472981065258e-05,1.018775760809444e-06,-1.7752729810652587e-06,0
368,8.500084020775665e-06,1.018775760809444e-06,-1.8859940207756646e-06,1
369,3.277852525754397e-06,1.018775760809444e-06,-1.0508625257543966e-06,1
370,1.5453932747942018e-06,1.018775760809444e-06,-5.886712747942018e-07,1
371,1.23556110774359e-06,1.018775760809444e-06,-6.3514710774359e-07,1
372,1.2692298684718594e-06,1.018775760809444e-06,-7.574018684718593e-07,1
373,1.4306077100237357e-06,1.018775760809444e-06,-7.697447100237358e-07,1
374,2.356598438939051e-06,1.018775760809444e-06,-8.39228438939051e-07,1
375,5.7850674523246025e-06,1.018775760809444e-06,-9.640474523246027e-07,0
376,1.4500382119745844e-05,1.018775760809444e-06,-2.8848211974584375e-07,0
377,2.943388220795857e-05,1.018775760809444e-06,2.532817792041431e-06,0
378,4.600357256772668e-05,1.018775760809444e-06,6.367427432273327e-06,1
379,5.694901675038081e-05,1.018775760809444e-06,7.159483249619185e-06,1
380,5.8032791596042556e-05,1.018775760809444e-06,2.6926084039574432e-06,0
381,4.80105610385009e-05,1.018775760809444e-06,-3.947461038500896e-06,1
382,2.995322909129291e-05,1.018775760809444e-06,-6.8986290912929075e-06,1
383,1.290122004927887e-05,1.018775760809444e-06,-4.828820049278869e-06,1
384,4.15195660053959e-07,1.018775760809444e-06,-2.40174660053959e-07,1
385,2.730681010319848e-07,1.018775760809444e-06,-1.274951010319848e-07,0
386,9.597673507079168e-08,1.018775760809444e-06,-1.8493535070791692e-08,0
387,2.2461758181141048e-08,1.018775760809444e-06,9.685741818858949e-09,0
388,6.394589176625238e-09,1.018775760809444e-06,7.432110823374762e-09,0
389,3.706603360528586e-09,1.018775760809444e-06,6.325396639471414e-09,0
390,1.7209836483421374e-08,1.018775760809444e-06,8.579163516578626e-09,0
391,1.5217957405741999e-07,1.018775760809444e-06,1.3175425942580001e-08,0
392,9.102128060753093e-07,1.018775760809444e-06,7.809319392469075e-08,0
393,3.5448819037764847e-06,1.018775760809444e-06,4.686380962235148e-07,0
394,9.157759046004226e-06,1.018775760809444e-06,1.3930409539957726e-06,0
395,1.5974056747242268e-05,1.018775760809444e-06,2.1385432527577325e-06,0
396,1.8949050413826323e-05,1.018775760809444e-06,1.7916495861736799e-06,0
397,1.5454631158920095e-05,1.018775760809444e-06,6.433688410799053e-07,0
398,8.921038108036732e-06,1.018775760809444e-06,-3.6328810803673247e-07,0
399,3.797796145526669e-06,1.018775760809444e-06,-6.086861455266692e-07,0
400,1.2735301637040265e-06,1.018775760809444e-06,-3.7161816370402657e-07,1
401,4.1468484030457747e-07,1.018775760809444e-06,-1.7119984030457743e-07,1
402,2.1869521974379243e-07,1.018775760809444e-06,-1.2768871974379243e-07,1
403,2.0652292901204005e-07,1.018775760809444e-06,-1.5124772901204005e-07,1
404,2.1457907197546143e-07,1.018775760809444e-06,-1.5382657197546143e-07,1
405,2.8538428040068845e-07,1.018775760809444e-06,-1.3907128040068846e-07,1
406,7.954684753556106e-07,1.018775760809444e-06,-2.265974753556106e-07,0
407,2.652741834485396e-06,1.018775760809444e-06,-4.82371834485396e-07,0
408,6.8500672699934236e-06,1.018775760809444e-06,-4.895872699934238e-07,0
409,1.2909174402038119e-05,1.018775760809444e-06,3.7122559796187996e-07,0
410,1.8442470108126168e-05,1.018775760809444e-06,1.3510298918738318e-06,0
411,2.1152583535067543e-05,1.018775760809444e-06,6.58116464932458e-07,0
412,1.9866052625956685e-05,1.018775760809444e-06,-1.6712526259566847e-06,0
413,1.4642954711627813e-05,1.018775760809444e-06,-3.3517547116278136e-06,1
414,7.947653679680848e-06,1.018775760809444e-06,-2.981573679680848e-06,1
415,2.977388319383833e-06,1.018775760809444e-06,-1.5064083193838333e-06,1
416,2.645188103723823e-08,1.018775760809444e-06,-8.034281037238233e-09,0
417,1.309270746390106e-08,1.018775760809444e-06,2.976925360989395e-10,0
418,3.303515114957029e-09,1.018775760809444e-06,3.2754148850429717e-09,0
419,5.106468894506833e-10,1.018775760809444e-06,2.485413110549316e-09,0
420,1.154157084332172e-10,1.018775760809444e-06,1.964504291566783e-09,0
421,4.4258763350683387e-10,1.018775760809444e-06,2.8731223664931663e-09,0
422,5.9979661429367256e-09,1.018775760809444e-06,5.2236338570632755e-09,0
423,5.317439753224087e-08,1.018775760809444e-06,1.5553702467759128e-08,0
424,2.896797730878563e-07,1.018775760809444e-06,6.868322691214374e-08,0
425,9.912858657226203e-07,1.018775760809444e-06,2.413741342773797e-07,0
426,2.196088220628836e-06,1.018775760809444e-06,5.291417793711637e-07,0
427,3.243723770638917e-06,1.018775760809444e-06,6.54206229361083e-07,0
428,3.2610926280552104e-06,1.018775760809444e-06,3.9474737194478966e-07,0
429,2.258163918753908e-06,1.018775760809444e-06,1.8376081246092355e-08,0
430,1.091526567843046e-06,1.018775760809444e-06,-1.3716556784304603e-07,0
431,3.757225208373472e-07,1.018775760809444e-06,-9.711652083734717e-08,0
432,9.676403067750617e-08,1.018775760809444e-06,-3.546893067750617e-08,1
433,2.5976887482043574e-08,1.018775760809444e-06,-1.2910487482043574e-08,1
434,1.8163091246929795e-08,1.018775760809444e-06,-1.3256601246929795e-08,1
435,2.3061468660966696e-08,1.018775760809444e-06,-1.9185208660966695e-08,1
436,2.6207804471598837e-08,1.018775760809444e-06,-1.8156374471598836e-08,1
437,5.4010376708543027e-08,1.018775760809444e-06,-1.5178876708543027e-08,0
438,2.364444814552141e-07,1.018775760809444e-06,-4.494448145521412e-08,0
439,8.363749362225282e-07,1.018775760809444e-06,-1.2537793622252827e-07,0
440,2.0128494920551147e-06,1.018775760809444e-06,-1.627094920551146e-07,0
441,3.4396791970794327e-06,1.018775760809444e-06,-8.317919707943277e-08,0
442,4.490400561843586e-06,1.018775760809444e-06,-1.49800561843586e-07,0
443,4.7345556161872285e-06,1.018775760809444e-06,-6.13285616187229e-07,0
444,3.950824300578988e-06,1.018775760809444e-06,-1.042554300578988e-06,1
445,2.4491692917937498e-06,1.018775760809444e-06,-9.4943929179375e-07,1
446,1.0844047062117922e-06,1.018775760809444e-06,-5.373957062117922e-07,1
447,3.281978233860008e-07,1.018775760809444e-06,-1.907868233860008e-07,1
448,4.561917217420393e-10,1.018775760809444e-06,2.592482782579608e-10,0
449,1.6586739172799426e-10,1.018775760809444e-06,2.5824760827200576e-10,0
450,2.9723139301994877e-11,1.018775760809444e-06,1.6204486069800512e-10,0
451,3.072375073828037e-12,1.018775760809444e-06,1.1673262492617196e-10,0
452,4.606192342752285e-12,1.018775760809444e-06,2.3354080765724774e-10,0
453,1.0932504533597848e-10,1.018775760809444e-06,6.311879546640215e-10,0
454,1.5477423847977744e-09,1.018775760809444e-06,1.8713176152022257e-09,0
455,1.2411784433556308e-08,1.018775760809444e-06,5.954015566443691e-09,0
456,5.819381118572696e-08,1.018775760809444e-06,1.6773388814273033e-08,0
457,1.6485481043344092e-07,1.018775760809444e-06,4.434218956655907e-08,0
458,2.9378716282527083e-07,1.018775760809444e-06,9.023783717472922e-08,0
459,3.4701524754134057e-07,1.018775760809444e-06,1.1074275245865942e-07,0
460,2.8293798402379354e-07,1.018775760809444e-06,7.299801597620651e-08,0
461,1.608791918399914e-07,1.018775760809444e-06,2.0718808160008607e-08,0
462,6.421675561927698e-08,1.018775760809444e-06,-2.2719556192769755e-09,0
463,1.8239675149931752e-08,1.018775760809444e-06,-3.471475149931753e-09,0
464,3.6914116362489217e-09,1.018775760809444e-06,-1.1303816362489215e-09,0
465,8.212202118973791e-10,1.018775760809444e-06,-3.589032118973792e-10,0
466,8.915817539800662e-10,1.018775760809444e-06,-6.478617539800662e-10,1
467,1.307592030808268e-09,1.018775760809444e-06,-9.97841030808268e-10,1
468,2.0623144350830164e-09,1.018775760809444e-06,-3.4880443508301635e-10,0
469,1.0848454559177867e-08,1.018775760809444e-06,6.48945440822133e-10,0
470,5.683857874875257e-08,1.018775760809444e-06,-2.8433787487525705e-09,0
471,1.849401783589491e-07,1.018775760809444e-06,-1.4118178358949116e-08,0
472,3.935393939898153e-07,1.018775760809444e-06,-2.6397393989815323e-08,0
473,6.074364122233864e-07,1.018775760809444e-06,-5.819241222338634e-08,0
474,7.493560798147975e-07,1.018775760809444e-06,-1.5956807981479748e-07,1
475,7.405698975275082e-07,1.018775760809444e-06,-2.764748975275082e-07,1
476,5.302705903542935e-07,1.018775760809444e-06,-2.628845903542935e-07,1
477,2.5645759758869137e-07,1.018775760809444e-06,-1.4542659758869138e-07,1
478,8.400580844016912e-08,1.018775760809444e-06,-5.1078608440169126e-08,1
479,1.8363514345572468e-08,1.018775760809444e-06,-1.1431564345572468e-08,1
480,1.7247065632651557e-12,1.018775760809444e-06,5.539753436734845e-12,0
481,4.601883147491293e-13,1.018775760809444e-06,2.946641685250871e-12,0
482,6.058356106789361e-14,1.018775760809444e-06,1.7511264389321061e-12,0
483,2.977322272925878e-14,1.018775760809444e-06,4.204406777270742e-12,0
484,1.1484300142694415e-12,1.018775760809444e-06,2.1889169985730557e-11,0
485,3.1742289272244115e-11,1.018775760809444e-06,1.2776971072775587e-10,0
486,4.6517757668909784e-10,1.018775760809444e-06,5.12071423310902e-10,0
487,3.554486344650006e-09,1.018775760809444e-06,4.974036553499932e-10,0
488,1.4144115754480365e-08,1.018775760809444e-06,-2.323315754480365e-09,0
489,2.993921578547865e-08,1.018775760809444e-06,-3.916015785478651e-09,0
490,3.555918859964591e-08,1.018775760809444e-06,5.249411400354085e-09,0
491,2.5880494075782244e-08,1.018775760809444e-06,1.6264605924217753e-08,0
492,1.2831883548476989e-08,1.018775760809444e-06,1.5471416451523013e-08,0
493,4.720662955042404e-09,1.018775760809444e-06,8.175437044957598e-09,0
494,1.3487394061306415e-09,1.018775760809444e-06,2.9364105938693583e-09,0
495,2.9641955712360644e-10,1.018775760809444e-06,7.248904428763937e-10,0
496,4.659748771155482e-11,1.018775760809444e-06,1.0629351228844518e-10,0
497,1.0380529593907703e-11,1.018775760809444e-06,9.217170406092297e-12,0
498,1.5667273380200633e-11,1.018775760809444e-06,-6.594733802006313e-13,0
499,4.0670303910102814e-11,1.018775760809444e-06,4.402379608989718e-11,0
500,3.55026171916018e-10,1.018775760809444e-06,3.409318280839821e-10,0
501,2.9784561062363538e-09,1.018775760809444e-06,8.932538937636463e-10,0
502,1.4414296793637768e-08,1.018775760809444e-06,-3.020967936377662e-10,0
503,4.047372565070293e-08,1.018775760809444e-06,-6.175625650702931e-09,0
504,7.165433335057491e-08,1.018775760809444e-06,-1.4606933350574908e-08,0
505,9.196828960159194e-08,1.018775760809444e-06,-2.501858960159194e-08,1
506,9.935403765846844e-08,1.018775760809444e-06,-4.205383765846844e-08,1
507,8.6505513766266e-08,1.018775760809444e-06,-5.0493413766266003e-08,1
508,5.00985395456967e-08,1.018775760809444e-06,-3.3979839545696704e-08,1
509,1.7518024756473534e-08,1.018775760809444e-06,-1.2441104756473534e-08,1
510,3.790295896185245e-09,1.018775760809444e-06,-2.607135896185245e-09,1
511,5.288055584387382e-10,1.018775760809444e-06,-3.215555584387382e-10,0
512,6.366140338680723e-14,1.018775760809444e-06,3.0782885966131928e-12,0
513,3.5626020900884193e-13,1.018775760809444e-06,1.6519439790991158e-11,0
514,1.4125081610063816e-12,1.018775760809444e-06,5.585429183899362e-11,0
515,3.486292738604427e-12,1.018775760809444e-06,1.3526170726139558e-10,0
516,5.2062897958827565e-12,1.018775760809444e-06,2.5678671020411723e-10,0
517,1.6072147298253774e-11,1.018775760809444e-06,4.647798527017462e-10,0
518,1.62627921243191e-10,1.018775760809444e-06,1.3375420787568092e-09,0
519,9.882134465708873e-10,1.018775760809444e-06,3.878826553429112e-09,0
520,2.9242208443826648e-09,1.018775760809444e-06,6.958819155617336e-09,0
521,4.2678767005697845e-09,1.018775760809444e-06,8.562623299430216e-09,0
522,3.1903510026393598e-09,1.018775760809444e-06,7.93894899736064e-09,0
523,1.2987987576671045e-09,1.018775760809444e-06,4.990021242332896e-09,0
524,3.163182047760197e-10,1.018775760809444e-06,2.2299217952239797e-09,0
525,5.3826893220400283e-11,1.018775760809444e-06,9.087581067795997e-10,0
526,8.11703562304345e-12,1.018775760809444e-06,3.279409643769566e-10,0
527,1.5462695584575164e-12,1.018775760809444e-06,1.0142073044154249e-10,0
528,2.2239125576588053e-12,1.018775760809444e-06,1.1855508744234118e-10,0
529,1.8837391349427586e-11,1.018775760809444e-06,2.476546086505724e-10,0
530,1.5945730356288145e-10,1.018775760809444e-06,3.223906964371186e-10,0
531,8.728861927976165e-10,1.018775760809444e-06,4.914738072023835e-10,0
532,2.793362841484836e-09,1.018775760809444e-06,1.935137158515164e-09,0
533,5.4868578118199865e-09,1.018775760809444e-06,5.512542188180013e-09,0
534,8.047216754719014e-09,1.018775760809444e-06,8.133283245280987e-09,0
535,1.0931285321819432e-08,1.018775760809444e-06,6.5376146781805686e-09,0
536,1.2730567962266827e-08,1.018775760809444e-06,2.8219320377331723e-09,0
537,1.0986209313049024e-08,1.018775760809444e-06,3.6089068695097665e-10,0
538,7.932179985192672e-09,1.018775760809444e-06,-1.5670299851926726e-09,0
539,5.167918149745752e-09,1.018775760809444e-06,-2.645298149745752e-09,1
540,2.304532307808793e-09,1.018775760809444e-06,-1.610142307808793e-09,1
541,5.727648374937265e-10,1.018775760809444e-06,-4.2940483749372654e-10,1
542,7.768127031994764e-11,1.018775760809444e-06,-5.2194970319947634e-11,1
543,6.172270252020861e-12,1.018775760809444e-06,-1.2533202520208615e-12,0
544,2.513681722179621e-11,1.018775760809444e-06,2.666371827782038e-10,0
545,1.070398982151821e-10,1.018775760809444e-06,9.88900101784818e-10,0
546,3.1098334864767817e-10,1.018775760809444e-06,2.361086651352322e-09,0
547,5.669571146679412e-10,1.018775760809444e-06,3.946232885332059e-09,0
548,5.900543627440653e-10,1.018775760809444e-06,4.782145637255935e-09,0
549,3.4425718252357064e-10,1.018775760809444e-06,4.826862817476429e-09,0
550,1.2715503068759912e-10,1.018775760809444e-06,6.725874969312401e-09,0
551,8.7263971895625e-11,1.018775760809444e-06,1.2393636028104374e-08,0
552,1.4547031045828758e-10,1.018775760809444e-06,1.6915729689541713e-08,0
553,1.4890033819485886e-10,1.018775760809444e-06,1.490919966180514e-08,0
554,7.616196964051357e-11,1.018775760809444e-06,8.460258030359486e-09,0
555,2.015918793569593e-11,1.018775760809444e-06,3.0215508120643044e-09,0
556,4.8417793046567595e-12,1.018775760809444e-06,7.630882206953431e-10,0
557,1.3544707794845401e-11,1.018775760809444e-06,3.745022922051546e-10,0
558,5.163986072926085e-11,1.018775760809444e-06,6.73637139270739e-10,0
559,1.482665899571834e-10,1.018775760809444e-06,1.8646534100428168e-09,0
560,5.114966708694609e-10,1.018775760809444e-06,4.424483329130539e-09,0
561,2.446655733287155e-09,1.018775760809444e-06,6.3755842667128444e-09,0
562,1.1380198497094522e-08,1.018775760809444e-06,3.4186015029054763e-09,0
563,3.8185283267023366e-08,1.018775760809444e-06,-6.093083267023362e-09,0
564,8.075679794570218e-08,1.018775760809444e-06,-1.599689794570218e-08,0
565,1.027702544536924e-07,1.018775760809444e-06,-1.5505154453692388e-08,0
566,7.735188174218137e-08,1.018775760809444e-06,-2.0623817421813737e-09,0
567,3.397700566433488e-08,1.018775760809444e-06,1.3588294335665125e-08,0
568,8.771009058465792e-09,1.018775760809444e-06,1.7896390941534212e-08,0
569,1.5114484407319176e-09,1.018775760809444e-06,1.2706251559268082e-08,0
570,2.897747356025828e-10,1.018775760809444e-06,6.288245264397417e-09,0
571,1.0061750378603394e-10,1.018775760809444e-06,2.4008224962139666e-09,0
572,3.2695261712214145e-11,1.018775760809444e-06,7.89905738287786e-10,0
573,5.948334774299391e-12,1.018775760809444e-06,2.508706652257006e-10,0
574,7.098481855575788e-13,1.018775760809444e-06,1.5982815181444237e-10,0
575,6.639491782017806e-13,1.018775760809444e-06,1.648600508217982e-10,0
576,2.1450121649563628e-09,1.018775760809444e-06,4.849607835043638e-09,0
577,6.8669422656364095e-09,1.018775760809444e-06,1.422205773436359e-08,1
578,1.4412990229612022e-08,1.018775760809444e-06,2.752320977038798e-08,1
579,1.9197628480346635e-08,1.018775760809444e-06,3.7816971519653364e-08,1
580,1.5317876071031116e-08,1.018775760809444e-06,3.912972392896888e-08,1
581,7.163560635145365e-09,1.018775760809444e-06,3.430513936485463e-08,1
582,1.941543087815977e-09,1.018775760809444e-06,3.1042256912184025e-08,0
583,2.9747898237296e-10,1.018775760809444e-06,3.137132101762704e-08,0
584,2.6810952666957682e-11,1.018775760809444e-06,2.9186789047333042e-08,0
585,4.985901369960642e-12,1.018775760809444e-06,2.143591409863004e-08,0
586,1.1484217442476655e-11,1.018775760809444e-06,1.2200415782557524e-08,0
587,5.403792792150518e-11,1.018775760809444e-06,6.088732072078496e-09,0
588,3.415619890570301e-10,1.018775760809444e-06,4.619208010942971e-09,0
589,1.6477775961706862e-09,1.018775760809444e-06,7.1365424038293146e-09,0
590,5.115587629856785e-09,1.018775760809444e-06,1.5562012370143215e-08,0
591,1.2059404407629923e-08,1.018775760809444e-06,3.5038395592370086e-08,0
592,3.050364681801434e-08,1.018775760809444e-06,5.7927853181985654e-08,0
593,9.260367446850848e-08,1.018775760809444e-06,4.5932325531491514e-08,0
594,2.659552257886599e-07,1.018775760809444e-06,-4.2850225788659896e-08,0
595,5.71448294012593e-07,1.018775760809444e-06,-1.9186129401259295e-07,0
596,8.140984811739632e-07,1.018775760809444e-06,-2.9282348117396323e-07,0
597,7.270118732376171e-07,1.018775760809444e-06,-2.3875087323761713e-07,0
598,3.910853613091219e-07,1.018775760809444e-06,-8.318936130912193e-08,0
599,1.2220640082083993e-07,1.018775760809444e-06,2.5479599179160056e-08,0
600,2.148994130586051e-08,1.018775760809444e-06,4.711405869413948e-08,0
601,2.0680701143822426e-09,1.018775760809444e-06,3.335992988561776e-08,0
602,1.0716321024624773e-10,1.018775760809444e-06,1.877343678975375e-08,0
603,3.5198712175525055e-12,1.018775760809444e-06,9.228240128782446e-09,0
604,9.560640489837012e-13,1.018775760809444e-06,4.084633935951016e-09,0
605,6.963568026075366e-12,1.018775760809444e-06,2.9474664319739246e-09,0
606,4.0095514983443927e-11,1.018775760809444e-06,4.035324485016556e-09,0
607,1.1277299928735432e-10,1.018775760809444e-06,4.388137000712645e-09,0
608,4.847037051098959e-08,1.018775760809444e-06,3.3865429489010405e-08,1
609,1.1976995949983274e-07,1.018775760809444e-06,9.960004050016727e-08,1
610,1.8343965006038295e-07,1.018775760809444e-06,1.9238234993961704e-07,1
611,1.795454052577389e-07,1.018775760809444e-06,2.540565947422611e-07,1
612,1.1266977595115793e-07,1.018775760809444e-06,2.454982240488421e-07,1
613,4.4831179965289474e-08,1.018775760809444e-06,1.8975282003471054e-07,0
614,1.1103542250866889e-08,1.018775760809444e-06,1.2811845774913312e-07,0
615,1.71776053290856e-09,1.018775760809444e-06,8.347953946709145e-08,0
616,2.672482866693261e-10,1.018775760809444e-06,5.4087151713330674e-08,0
617,4.556111227153615e-10,1.018775760809444e-06,3.486428887728464e-08,0
618,1.2973557169864205e-09,1.018775760809444e-06,2.676444428301358e-08,0
619,4.008616672484243e-09,1.018775760809444e-06,3.1320583327515754e-08,0
620,1.5540181885739974e-08,1.018775760809444e-06,4.8732518114260035e-08,0
621,5.340230095495577e-08,1.018775760809444e-06,8.079769904504423e-08,0
622,1.340273387281807e-07,1.018775760809444e-06,1.403776612718193e-07,0
623,2.6609246655039324e-07,1.018775760809444e-06,2.3682053344960678e-07,0
624,5.177400482505218e-07,1.018775760809444e-06,2.807619517494782e-07,0
625,1.0960128087002236e-06,1.018775760809444e-06,5.251719129977631e-08,0
626,2.1709232879642345e-06,1.018775760809444e-06,-5.359332879642345e-07,0
627,3.2623236207310426e-06,1.018775760809444e-06,-1.1203836207310426e-06,1
628,3.311250058098557e-06,1.018775760809444e-06,-1.1501800580985568e-06,0
629,2.1458658208716856e-06,1.018775760809444e-06,-6.252858208716856e-07,0
630,8.478057953498836e-07,1.018775760809444e-06,-8.367779534988354e-08,0
631,1.9638154970574255e-07,1.018775760809444e-06,1.3840945029425747e-07,0
632,2.617239556879895e-08,1.018775760809444e-06,1.4309860443120104e-07,0
633,2.0735616546659523e-09,1.018775760809444e-06,1.0039043834533405e-07,0
634,1.521697660714539e-10,1.018775760809444e-06,6.376863023392854e-08,0
635,6.534277065302306e-11,1.018775760809444e-06,3.695625722934697e-08,0
636,1.0684782069815758e-10,1.018775760809444e-06,2.6543552179301846e-08,0
637,4.5673674912824853e-10,1.018775760809444e-06,3.6925163250871754e-08,0
638,1.8627963649002222e-09,1.018775760809444e-06,5.5517603635099775e-08,0
639,3.96923605722384e-09,1.018775760809444e-06,5.602146394277615e-08,0
640,3.868328635814389e-07,1.018775760809444e-06,1.5837913641856107e-07,1
641,7.837098353949995e-07,1.018775760809444e-06,4.476501646050006e-07,1
642,9.494025996205523e-07,1.018775760809444e-06,8.119574003794476e-07,1
643,7.373266115364228e-07,1.018775760809444e-06,9.715633884635772e-07,1
644,3.9000199493326133e-07,1.018775760809444e-06,8.228280050667385e-07,1
645,1.4402287858011643e-07,1.018775760809444e-06,5.431771214198835e-07,0
646,3.659900536774753e-08,1.018775760809444e-06,3.0821199463225246e-07,0
647,6.814690653296237e-09,1.018775760809444e-06,1.6539430934670376e-07,0
648,4.89898154281485e-09,1.018775760809444e-06,9.280111845718516e-08,0
649,1.4672053453253523e-08,1.018775760809444e-06,6.675054654674649e-08,0
650,3.5145695012438144e-08,1.018775760809444e-06,9.168530498756186e-08,0
651,8.491300366217396e-08,1.018775760809444e-06,1.7863299633782604e-07,0
652,2.3109858764265947e-07,1.018775760809444e-06,3.103044123573405e-07,0
653,5.846455209109243e-07,1.018775760809444e-06,4.5105447908907563e-07,1
654,1.2070241872723105e-06,1.018775760809444e-06,5.974958127276894e-07,0
655,2.0580312549677984e-06,1.018775760809444e-06,7.683087450322018e-07,0
656,3.231970240600893e-06,1.018775760809444e-06,6.966197593991071e-07,0
657,5.117018631384885e-06,1.018775760809444e-06,-2.0402863138488443e-07,0
658,7.42066093255518e-06,1.018775760809444e-06,-1.7459809325551799e-06,1
659,8.18141815604729e-06,1.018775760809444e-06,-2.475598156047289e-06,1
660,6.139563684317751e-06,1.018775760809444e-06,-1.7059236843177508e-06,0
661,2.977859239729097e-06,1.018775760809444e-06,-4.734092397290973e-07,0
662,9.013059498334595e-07,1.018775760809444e-06,2.2699405016654057e-07,0
663,1.6930085011562204e-07,1.018775760809444e-06,3.79227149884378e-07,0
664,2.2055233212113424e-08,1.018775760809444e-06,3.2677676678788664e-07,0
665,3.923878557328499e-09,1.018775760809444e-06,2.510801214426715e-07,0
666,2.768152805016731e-09,1.018775760809444e-06,1.8385584719498328e-07,0
667,2.9121619187290224e-09,1.018775760809444e-06,1.4005383808127097e-07,0
668,3.4745587027947435e-09,1.018775760809444e-06,1.6802444129720526e-07,1
669,7.896848582414702e-09,1.018775760809444e-06,2.883501514175853e-07,0
670,2.2630332005941603e-08,1.018775760809444e-06,3.9204666799405844e-07,0
671,3.778648564917717e-08,1.018775760809444e-06,3.290605143508228e-07,0
672,1.2974310235546758e-06,1.018775760809444e-06,4.0190897644532447e-07,0
673,2.242463909274704e-06,1.018775760809444e-06,9.732360907252958e-07,1
674,2.3043866424224453e-06,1.018775760809444e-06,1.5843733575775543e-06,1
675,1.5205270646163954e-06,1.018775760809444e-06,1.7416629353836046e-06,1
676,7.010292254948742e-07,1.018775760809444e-06,1.3421707745051257e-06,1
677,2.3845804458931696e-07,1.018775760809444e-06,7.97591955410683e-07,0
678,6.049456971315522e-08,1.018775760809444e-06,4.080814302868448e-07,0
679,1.9847745493219392e-08,1.018775760809444e-06,1.9997525450678062e-07,0
680,4.3058652549284684e-08,1.018775760809444e-06,1.092913474507153e-07,0
681,1.2578872371681602e-07,1.018775760809444e-06,1.0072427628318396e-07,0
682,2.963019743064185e-07,1.018775760809444e-06,2.0815402569358145e-07,0
683,6.560864032018897e-07,1.018775760809444e-06,4.4329359679811014e-07,0
684,1.399378771120129e-06,1.018775760809444e-06,7.581412288798712e-07,0
685,2.730500862631243e-06,1.018775760809444e-06,1.060969137368757e-06,1
686,4.661139329705388e-06,1.018775760809444e-06,1.3013406702946125e-06,0
687,6.887614052832602e-06,1.018775760809444e-06,1.4376459471673986e-06,0
688,9.195054692686307e-06,1.018775760809444e-06,8.609453073136925e-07,0
689,1.14790601258416e-05,1.018775760809444e-06,-9.869601258415994e-07,0
690,1.2458482914189407e-05,1.018775760809444e-06,-2.808212914189408e-06,1
691,1.029802970381249e-05,1.018775760809444e-06,-2.729419703812488e-06,1
692,5.914511638318012e-06,1.018775760809444e-06,-1.2311316383180115e-06,0
693,2.2611153137647786e-06,1.018775760809444e-06,1.186468623522132e-08,0
694,5.74021920846664e-07,1.018775760809444e-06,4.84328079153336e-07,0
695,1.0651965450142412e-07,1.018775760809444e-06,5.512413454985758e-07,0
696,2.593659945566537e-08,1.018775760809444e-06,5.063964005443347e-07,0
697,2.2672819720086643e-08,1.018775760809444e-06,4.400131802799134e-07,0
698,2.694214454086337e-08,1.018775760809444e-06,3.718008554591366e-07,0
699,2.7410156863919693e-08,1.018775760809444e-06,3.798448431360803e-07,0
700,2.9269246952988313e-08,1.018775760809444e-06,6.168667530470118e-07,1
701,5.162879141139112e-08,1.018775760809444e-06,1.026191208588609e-06,1
702,1.102835699963491e-07,1.018775760809444e-06,1.178346430003651e-06,1
703,1.4586414815186602e-07,1.018775760809444e-06,8.24097851848134e-07,1
704,1.8349012354889904e-06,1.018775760809444e-06,5.745887645110098e-07,0
705,2.7936172511725425e-06,1.018775760809444e-06,1.1602427488274567e-06,0
706,2.5701667970437998e-06,1.018775760809444e-06,1.7123732029562006e-06,1
707,1.5504236539047446e-06,1.018775760809444e-06,1.7806163460952556e-06,1
708,6.724677569674232e-07,1.018775760809444e-06,1.302182243032577e-06,1
709,2.255074243028472e-07,1.018775760809444e-06,7.192235756971529e-07,1
710,6.824562162070557e-08,1.018775760809444e-06,3.373913783792944e-07,1
711,4.8910546484650926e-08,1.018775760809444e-06,1.626414535153491e-07,0
712,1.359500069126984e-07,1.018775760809444e-06,8.904999308730159e-08,0
713,4.239665957128976e-07,1.018775760809444e-06,3.5813404287102414e-08,0
714,1.0644759313653492e-06,1.018775760809444e-06,-1.6125931365349328e-08,0
715,2.1606304945403032e-06,1.018775760809444e-06,2.1869505459696613e-08,0
716,3.76365723022893e-06,1.018775760809444e-06,2.7062276977107094e-07,0
717,6.03442244268731e-06,1.018775760809444e-06,6.328375573126914e-07,0
718,9.008746453171534e-06,1.018775760809444e-06,9.286935468284645e-07,0
719,1.2016636173518946e-05,1.018775760809444e-06,8.502638264810546e-07,0
720,1.3841365858211585e-05,1.018775760809444e-06,-6.946585821158413e-08,0
721,1.3683387616134755e-05,1.018775760809444e-06,-1.4858876161347557e-06,0
722,1.1429004268122616e-05,1.018775760809444e-06,-2.2137942681226155e-06,1
723,7.5407570537090435e-06,1.018775760809444e-06,-1.6932870537090435e-06,1
724,3.6112677724334564e-06,1.018775760809444e-06,-6.266477724334565e-07,0
725,1.2086128636012415e-06,1.018775760809444e-06,1.015071363987586e-07,0
726,2.995608644231528e-07,1.018775760809444e-06,3.861841355768472e-07,0
727,7.634839235314558e-08,1.018775760809444e-06,4.7598260764685443e-07,0
728,4.380857873356563e-08,1.018775760809444e-06,4.992404212664344e-07,0
729,5.155333555464092e-08,1.018775760809444e-06,4.83079664445359e-07,0
730,5.964887874679801e-08,1.018775760809444e-06,4.74613121253202e-07,0
731,6.666584394150535e-08,1.018775760809444e-06,6.293751560584948e-07,1
732,9.13337803497241e-08,1.018775760809444e-06,1.074306219650276e-06,1
733,1.5771591680550302e-07,1.018775760809444e-06,1.5452940831944968e-06,1
734,2.543201068137241e-07,1.018775760809444e-06,1.509819893186276e-06,1
735,2.629164419903096e-07,1.018775760809444e-06,9.191435580096904e-07,1
736,1.1873181246704913e-06,1.018775760809444e-06,6.062718753295087e-07,0
737,1.6628843858845171e-06,1.018775760809444e-06,1.0666956141154824e-06,0
738,1.4629011309181073e-06,1.018775760809444e-06,1.4125088690818925e-06,1
739,8.795005219281759e-07,1.018775760809444e-06,1.365309478071824e-06,1
740,3.8411239329315076e-07,1.018775760809444e-06,9.468876067068493e-07,1
741,1.2805940996133035e-07,1.018775760809444e-06,4.954605900386696e-07,1
742,4.485701224763656e-08,1.018775760809444e-06,2.3080698775236348e-07,1
743,5.552564256839237e-08,1.018775760809444e-06,1.2139335743160763e-07,0
744,2.042239664390949e-07,1.018775760809444e-06,3.4591033560905094e-08,0
745,6.846476910945803e-07,1.018775760809444e-06,-1.8923269109458036e-07,0
746,1.632232553868448e-06,1.018775760809444e-06,-5.617325538684481e-07,1
747,2.9388269235589686e-06,1.018775760809444e-06,-8.061969235589684e-07,1
748,4.592244403600573e-06,1.018775760809444e-06,-7.430744036005728e-07,0
749,6.957020423014131e-06,1.018775760809444e-06,-4.5850042301413135e-07,0
750,1.002227861916638e-05,1.018775760809444e-06,-7.920861916637935e-08,0
751,1.230674975546835e-05,1.018775760809444e-06,1.5765024453165095e-07,0
752,1.1970271529045402e-05,1.018775760809444e-06,9.582847095459781e-08,0
753,9.435123777355617e-06,1.018775760809444e-06,-1.941537773556176e-07,0
754,6.424138067172944e-06,1.018775760809444e-06,-5.240980671729434e-07,0
755,3.6661568505215827e-06,1.018775760809444e-06,-5.362168505215825e-07,0
756,1.6051270090812225e-06,1.018775760809444e-06,-2.577370090812226e-07,0
757,5.507349268367276e-07,1.018775760809444e-06,-9.455926836727599e-09,0
758,1.9708856531752452e-07,1.018775760809444e-06,1.237824346824755e-07,0
759,9.879274207136677e-08,1.018775760809444e-06,2.1563225792863326e-07,0
760,6.351360304778287e-08,1.018775760809444e-06,2.904263969522171e-07,0
761,5.662853228585018e-08,1.018775760809444e-06,3.418444677141498e-07,0
762,6.046369878955061e-08,1.018775760809444e-06,4.2259330121044945e-07,0
763,8.796128915867564e-08,1.018775760809444e-06,6.273747108413244e-07,1
764,1.4984417760637946e-07,1.018775760809444e-06,9.694158223936204e-07,1
765,2.237296937349075e-07,1.018775760809444e-06,1.2232603062650923e-06,1
766,2.6459497219081566e-07,1.018775760809444e-06,1.0977350278091843e-06,1
767,2.064767236351943e-07,1.018775760809444e-06,6.456512763648057e-07,1
768,4.003188526589817e-07,1.018775760809444e-06,5.696271473410183e-07,0
769,5.23367291597876e-07,1.018775760809444e-06,9.695227084021238e-07,1
770,4.6497211252215177e-07,1.018775760809444e-06,1.151037887477848e-06,1
771,2.931212021191945e-07,1.018775760809444e-06,9.893687978808054e-07,1
772,1.2828964502539302e-07,1.018775760809444e-06,6.313783549746071e-07,1
773,3.842285471764866e-08,1.018775760809444e-06,3.240051452823514e-07,1
774,1.4213817644690931e-08,1.018775760809444e-06,1.5920018235530906e-07,0
775,3.851748141398029e-08,1.018775760809444e-06,8.125851858601972e-08,0
776,1.6623837140155096e-07,1.018775760809444e-06,-1.4600371401550958e-08,0
777,5.053143495806685e-07,1.018775760809444e-06,-2.260683495806685e-07,1
778,1.0830518453759642e-06,1.018775760809444e-06,-5.070418453759642e-07,1
779,1.9043198230515324e-06,1.018775760809444e-06,-7.202398230515325e-07,1
780,3.205500677216577e-06,1.018775760809444e-06,-8.164506772165769e-07,1
781,5.236418889204274e-06,1.018775760809444e-06,-6.82178889204273e-07,0
782,7.463327941194177e-06,1.018775760809444e-06,-2.671479411941769e-07,0
783,8.245198944192095e-06,1.018775760809444e-06,2.0106105580790632e-07,0
784,6.708130447269197e-06,1.018775760809444e-06,5.085995527308037e-07,0
785,4.2978601152089175e-06,1.018775760809444e-06,4.519298847910833e-07,0
786,2.4621839354209167e-06,1.018775760809444e-06,1.1890606457908362e-07,0
787,1.2763679897433449e-06,1.018775760809444e-06,-1.0528798974334491e-07,0
788,5.811471939794774e-07,1.018775760809444e-06,-1.3425519397947737e-07,0
789,2.818933222423841e-07,1.018775760809444e-06,-1.024643222423841e-07,0
790,1.9146151939911695e-07,1.018775760809444e-06,-6.838451939911694e-08,0
791,1.6300051901989187e-07,1.018775760809444e-06,-2.989051901989187e-08,0
792,1.5774477502899867e-07,1.018775760809444e-06,9.008224971001343e-09,0
793,1.427285521689315e-07,1.018775760809444e-06,8.169344783106849e-08,0
794,1.0991767990704267e-07,1.018775760809444e-06,2.1433332009295733e-07,0
795,1.1325334408559615e-07,1.018775760809444e-06,3.8787265591440387e-07,0
796,1.5558277496639693e-07,1.018775760809444e-06,5.77286225033603e-07,0
797,1.7761463565148016e-07,1.018775760809444e-06,7.012853643485198e-07,1
798,1.4441286495449172e-07,1.018775760809444e-06,6.471611350455083e-07,1
799,7.911867083697486e-08,1.018775760809444e-06,4.0578032916302515e-07,1
800,6.610318341597765e-08,1.018775760809444e-06,5.466838165840224e-07,1
801,8.863216721047842e-08,1.018775760809444e-06,8.776398327895217e-07,1
802,8.512190736358468e-08,1.018775760809444e-06,9.459380926364155e-07,1
803,5.639346845943885e-08,1.018775760809444e-06,7.236195315405611e-07,1
804,2.482995479264908e-08,1.018775760809444e-06,4.1119604520735094e-07,1
805,8.542977526546306e-09,1.018775760809444e-06,1.886570224734537e-07,1
806,9.814708297754028e-09,1.018775760809444e-06,8.319539170224598e-08,0
807,3.0189521732482e-08,1.018775760809444e-06,3.649807826751801e-08,0
808,8.295435332051831e-08,1.018775760809444e-06,-7.327553320518304e-09,0
809,2.0268794954049508e-07,1.018775760809444e-06,-8.371094954049507e-08,1
810,4.516017858272968e-07,1.018775760809444e-06,-2.1077278582729683e-07,1
811,9.406754849667677e-07,1.018775760809444e-06,-3.853464849667677e-07,1
812,1.812962676463868e-06,1.018775760809444e-06,-5.22952676463868e-07,1
813,3.033604965088984e-06,1.018775760809444e-06,-4.6614496508898423e-07,0
814,4.0449782673549045e-06,1.018775760809444e-06,-2.511682673549047e-07,0
815,3.9412768157066975e-06,1.018775760809444e-06,-2.035681570669779e-08,0
816,2.7082834132672938e-06,1.018775760809444e-06,1.8082658673270607e-07,0
817,1.445709396474043e-06,1.018775760809444e-06,1.9605060352595683e-07,0
818,7.460000261930801e-07,1.018775760809444e-06,4.138597380691988e-08,0
819,4.184395877743374e-07,1.018775760809444e-06,-8.305558777433739e-08,0
820,2.559287288216541e-07,1.018775760809444e-06,-1.1845372882165407e-07,1
821,2.0547382885318578e-07,1.018775760809444e-06,-1.3684922885318578e-07,1
822,2.3756872312724076e-07,1.018775760809444e-06,-1.8601442312724077e-07,1
823,3.195699567889141e-07,1.018775760809444e-06,-2.668730567889141e-07,1
824,3.9545468295501827e-07,1.018775760809444e-06,-3.2837688295501826e-07,1
825,3.791915701579875e-07,1.018775760809444e-06,-2.752365701579875e-07,1
826,2.872139312637077e-07,1.018775760809444e-06,-1.1820293126370767e-07,0
827,2.1668491681533612e-07,1.018775760809444e-06,4.994308318466387e-08,0
828,1.8741528465755103e-07,1.018775760809444e-06,1.9740671534244895e-07,0
829,1.4970659021918386e-07,1.018775760809444e-06,3.1833740978081615e-07,0
830,9.004649897457621e-08,1.018775760809444e-06,3.553855010254238e-07,1
831,3.843872204279495e-08,1.018775760809444e-06,2.5803027795720503e-07,1
832,6.0300160205711375e-09,1.018775760809444e-06,5.12495983979429e-07,1
833,8.967516249448534e-09,1.018775760809444e-06,7.860044837505516e-07,1
834,9.109828132888642e-09,1.018775760809444e-06,7.839181718671113e-07,1
835,9.727593692850424e-09,1.018775760809444e-06,5.301704063071496e-07,1
836,1.3393817713491217e-08,1.018775760809444e-06,2.4972818228650876e-07,1
837,1.432019678451725e-08,1.018775760809444e-06,8.766180321548274e-08,1
838,1.2283479483061552e-08,1.018775760809444e-06,3.078832051693846e-08,0
839,1.5633174421994188e-08,1.018775760809444e-06,1.4547325578005816e-08,0
840,3.170004762717308e-08,1.018775760809444e-06,3.407052372826914e-09,0
841,9.073169283361746e-08,1.018775760809444e-06,-3.243139283361745e-08,0
842,2.4672640620076086e-07,1.018775760809444e-06,-1.2560440620076087e-07,1
843,5.275677118772252e-07,1.018775760809444e-06,-2.376807118772252e-07,1
844,9.21739095595006e-07,1.018775760809444e-06,-2.5597909559500607e-07,0
845,1.3457947544104848e-06,1.018775760809444e-06,-1.5081475441048492e-07,0
846,1.564287708565925e-06,1.018775760809444e-06,-5.761770856592511e-08,0
847,1.3413311338549234e-06,1.018775760809444e-06,-2.4471133854923417e-08,0
848,8.387321020033917e-07,1.018775760809444e-06,1.0257897996608254e-08,0
849,4.6451398503695364e-07,1.018775760809444e-06,-1.2560985036953587e-08,0
850,3.144308391664681e-07,1.018775760809444e-06,-9.150183916646809e-08,0
851,2.421971730562885e-07,1.018775760809444e-06,-1.3103917305628852e-07,0
852,1.971868138014347e-07,1.018775760809444e-06,-1.383342138014347e-07,1
853,2.3812985679566861e-07,1.018775760809444e-06,-2.0329525679566863e-07,1
854,3.993913686403964e-07,1.018775760809444e-06,-3.739902686403964e-07,1
855,6.75951820938103e-07,1.018775760809444e-06,-6.526279209381029e-07,1
856,9.067725662010307e-07,1.018775760809444e-06,-8.761740662010307e-07,1
857,8.685053153208332e-07,1.018775760809444e-06,-8.190406153208333e-07,1
858,6.275637603575775e-07,1.018775760809444e-06,-5.486208603575775e-07,1
859,4.0602010853532413e-07,1.018775760809444e-06,-2.763101085353241e-07,1
860,2.698643371707093e-07,1.018775760809444e-06,-6.305733717070928e-08,0
861,1.7004516807712257e-07,1.018775760809444e-06,1.1844683192287744e-07,0
862,8.496282223144484e-08,1.018775760809444e-06,2.2995317776855513e-07,1
863,3.0017675080474804e-08,1.018775760809444e-06,2.0297032491952518e-07,1
864,8.285809281385844e-10,1.018775760809444e-06,4.773284190718615e-07,1
865,3.5880546206621222e-09,1.018775760809444e-06,6.874949453793378e-07,1
866,1.2047526207122354e-08,1.018775760809444e-06,6.234174737928776e-07,1
867,2.760555204524957e-08,1.018775760809444e-06,3.677744479547504e-07,1
868,3.8620889771854756e-08,1.018775760809444e-06,1.4196111022814524e-07,1
869,2.922057725560449e-08,1.018775760809444e-06,4.074042274439551e-08,0
870,1.1823303050320604e-08,1.018775760809444e-06,1.726129694967939e-08,0
871,6.330022330881062e-09,1.018775760809444e-06,1.1381977669118939e-08,0
872,2.072380333574304e-08,1.018775760809444e-06,5.84966642569607e-11,0
873,7.196255292084073e-08,1.018775760809444e-06,-3.464605292084073e-08,0
874,1.722987946976477e-07,1.018775760809444e-06,-8.855459469764771e-08,1
875,3.0772648411630765e-07,1.018775760809444e-06,-1.0056948411630767e-07,0
876,4.5613993249718285e-07,1.018775760809444e-06,-2.9541932497182882e-08,0
877,5.672815885562006e-07,1.018775760809444e-06,4.683741144379952e-08,0
878,5.757208907370653e-07,1.018775760809444e-06,2.2515109262934656e-08,0
879,4.7061271963586633e-07,1.018775760809444e-06,-4.79497196358663e-08,0
880,3.397861826751474e-07,1.018775760809444e-06,-8.866418267514739e-08,0
881,2.849614098866689e-07,1.018775760809444e-06,-1.398614098866689e-07,0
882,2.81571254802845e-07,1.018775760809444e-06,-1.95931354802845e-07,1
883,2.583984145303897e-07,1.018775760809444e-06,-2.065052145303897e-07,1
884,2.564537383980748e-07,1.018775760809444e-06,-2.2539603839807477e-07,1
885,3.6861777549353386e-07,1.018775760809444e-06,-3.5001017549353385e-07,1
886,6.861341057305218e-07,1.018775760809444e-06,-6.718837057305218e-07,1
887,1.174978355917232e-06,1.018775760809444e-06,-1.156429955917232e-06,1
888,1.4597586094278485e-06,1.018775760809444e-06,-1.4303129094278484e-06,1
889,1.2564623702179658e-06,1.018775760809444e-06,-1.2162773702179657e-06,1
890,8.174160402080081e-07,1.018775760809444e-06,-7.617179402080081e-07,1
891,4.857357749085239e-07,1.018775760809444e-06,-3.8673667490852387e-07,1
892,3.031834843451414e-07,1.018775760809444e-06,-1.1786648434514138e-07,1
893,1.7801289828389315e-07,1.018775760809444e-06,1.1019610171610689e-07,0
894,8.415349557154425e-08,1.018775760809444e-06,2.458525044284557e-07,1
895,3.010439046246024e-08,1.018775760809444e-06,2.2181960953753976e-07,1
896,6.4010644015630764e-09,1.018775760809444e-06,4.406959355984369e-07,1
897,1.6715941132892905e-08,1.018775760809444e-06,6.13451058867107e-07,1
898,3.0324697292745864e-08,1.018775760809444e-06,5.438503027072541e-07,1
899,3.833622121850071e-08,1.018775760809444e-06,3.2797177878149926e-07,1
900,3.228889532638393e-08,1.018775760809444e-06,1.4513610467361607e-07,0
901,1.6024809363966466e-08,1.018775760809444e-06,5.655989063603353e-08,0
902,4.5016568957885706e-09,1.018775760809444e-06,2.438994310421143e-08,0
903,3.6046230048128255e-09,1.018775760809444e-06,1.1718176995187175e-08,0
904,1.5656557557600267e-08,1.018775760809444e-06,-4.18357557600266e-10,0
905,4.927811731282032e-08,1.018775760809444e-06,-2.2029617312820318e-08,0
906,1.0646512205307253e-07,1.018775760809444e-06,-2.7938422053072534e-08,0
907,1.8393049997112893e-07,1.018775760809444e-06,3.051050002887105e-08,0
908,2.61871052254073e-07,1.018775760809444e-06,1.3066194774592702e-07,0
909,2.8255867598641176e-07,1.018775760809444e-06,1.6083832401358822e-07,0
910,2.438494166503255e-07,1.018775760809444e-06,7.723558334967451e-08,0
911,2.145009834952648e-07,1.018775760809444e-06,-3.5986983495264804e-08,0
912,2.2991341738003807e-07,1.018775760809444e-06,-1.2340341738003807e-07,0
913,2.640133907974225e-07,1.018775760809444e-06,-1.869767907974225e-07,1
914,2.887193539017849e-07,1.018775760809444e-06,-2.315440539017849e-07,1
915,3.1162395407100627e-07,1.018775760809444e-06,-2.7278475407100627e-07,1
916,3.540132413560289e-07,1.018775760809444e-06,-3.323980413560289e-07,1
917,4.827868319070716e-07,1.018775760809444e-06,-4.7015363190707165e-07,1
918,8.05426814255246e-07,1.018775760809444e-06,-7.89121014255246e-07,1
919,1.2338484006311359e-06,1.018775760809444e-06,-1.1997114006311359e-06,1
920,1.4145244090473041e-06,1.018775760809444e-06,-1.349786609047304e-06,1
921,1.1772770091189049e-06,1.018775760809444e-06,-1.0814276091189048e-06,1
922,8.112378303103985e-07,1.018775760809444e-06,-6.814598303103984e-07,1
923,6.050884504908408e-07,1.018775760809444e-06,-3.988184504908409e-07,1
924,5.195142011085134e-07,1.018775760809444e-06,-1.684952011085134e-07,1
925,4.1285945573264225e-07,1.018775760809444e-06,9.503554426735776e-08,0
926,2.5729415662024325e-07,1.018775760809444e-06,2.911078433797568e-07,1
927,1.2004561081254135e-07,1.018775760809444e-06,2.827823891874587e-07,1
928,5.7844013523964456e-08,1.018775760809444e-06,4.619779864760355e-07,0
929,8.01928918740665e-08,1.018775760809444e-06,6.579321081259336e-07,0
930,7.10007784302611e-08,1.018775760809444e-06,6.04078221569739e-07,0
931,4.7874684057654114e-08,1.018775760809444e-06,3.832143159423459e-07,0
932,2.4847370758530498e-08,1.018775760809444e-06,1.8396962924146948e-07,0
933,8.250284433808576e-09,1.018775760809444e-06,7.391891556619142e-08,0
934,2.0439903996321604e-09,1.018775760809444e-06,2.725850960036784e-08,1
935,3.0616735317753348e-09,1.018775760809444e-06,1.3181026468224668e-08,0
936,1.061363657592967e-08,1.018775760809444e-06,1.2621363424070333e-08,0
937,2.6330072025851056e-08,1.018775760809444e-06,2.587612797414894e-08,0
938,5.3049241325387814e-08,1.018775760809444e-06,7.08267586746122e-08,0
939,9.78787728008365e-08,1.018775760809444e-06,1.518572271991635e-07,0
940,1.3628668502650414e-07,1.018775760809444e-06,2.2150631497349587e-07,0
941,1.3097151357744266e-07,1.018775760809444e-06,2.0407548642255734e-07,0
942,1.171937732617933e-07,1.018775760809444e-06,9.475622673820671e-08,0
943,1.5315099512625566e-07,1.018775760809444e-06,-4.167199512625566e-08,0
944,2.233474272361929e-07,1.018775760809444e-06,-1.546936272361929e-07,1
945,2.796932090874091e-07,1.018775760809444e-06,-2.2702070908740912e-07,1
946,3.3413347168223404e-07,1.018775760809444e-06,-2.94019071682234e-07,1
947,3.8643240201683725e-07,1.018775760809444e-06,-3.614006020168372e-07,1
948,3.966385481957165e-07,1.018775760809444e-06,-3.8345934819571653e-07,1
949,4.447130532741172e-07,1.018775760809444e-06,-4.333613532741172e-07,1
950,6.12504888013286e-07,1.018775760809444e-06,-5.878031880132861e-07,1
951,8.232242016846266e-07,1.018775760809444e-06,-7.559913016846266e-07,1
952,9.128064339341636e-07,1.018775760809444e-06,-7.621914339341637e-07,1
953,8.585287767492231e-07,1.018775760809444e-06,-5.993207767492231e-07,1
954,9.118054992567896e-07,1.018775760809444e-06,-5.169984992567896e-07,1
955,1.2266281395294334e-06,1.018775760809444e-06,-5.809371395294333e-07,1
956,1.5875570173313033e-06,1.018775760809444e-06,-5.297870173313032e-07,1
957,1.6071076668562719e-06,1.018775760809444e-06,-1.9120766685627178e-07,0
958,1.2121615861142652e-06,1.018775760809444e-06,1.6590841388573504e-07,0
959,6.741493252117603e-07,1.018775760809444e-06,2.3786667478823976e-07,0
960,2.069212158499781e-07,1.018775760809444e-06,5.248827841500219e-07,0
961,2.3360617912224678e-07,1.018775760809444e-06,7.459838208777532e-07,0
962,1.579358283599543e-07,1.018775760809444e-06,6.711281716400458e-07,0
963,7.182783738750418e-08,1.018775760809444e-06,4.234591626124958e-07,0
964,2.3001214902778168e-08,1.018775760809444e-06,2.0631678509722183e-07,1
965,6.458305779544598e-09,1.018775760809444e-06,7.99300942204554e-08,1
966,7.0148170374580426e-09,1.018775760809444e-06,2.6137682962541957e-08,0
967,1.3181511315308473e-08,1.018775760809444e-06,1.9412688684691525e-08,0
968,2.0609803632548605e-08,1.018775760809444e-06,4.70152963674514e-08,0
969,2.7272575119625307e-08,1.018775760809444e-06,1.048064248803747e-07,0
970,3.3658261289350686e-08,1.018775760809444e-06,1.8086473871064934e-07,0
971,4.5518285641152873e-08,1.018775760809444e-06,2.5145871435884715e-07,0
972,5.989007922422821e-08,1.018775760809444e-06,2.715529207757718e-07,0
973,6.910812195211681e-08,1.018775760809444e-06,2.125698780478832e-07,0
974,8.691838425253422e-08,1.018775760809444e-06,1.0295161574746577e-07,0
975,1.3954763434467538e-07,1.018775760809444e-06,-2.1564634344675392e-08,0
976,2.1758404945051717e-07,1.018775760809444e-06,-1.4145484945051718e-07,1
977,2.935705205818998e-07,1.018775760809444e-06,-2.437904205818998e-07,1
978,3.5414337430582313e-07,1.018775760809444e-06,-3.2197937430582313e-07,1
979,3.614363723587136e-07,1.018775760809444e-06,-3.392766723587136e-07,1
980,3.110440240984229e-07,1.018775760809444e-06,-2.924928240984229e-07,1
981,2.917412411594067e-07,1.018775760809444e-06,-2.708600411594067e-07,1
982,3.4067687621209996e-07,1.018775760809444e-06,-3.0002187621209995e-07,1
983,4.1922433611761727e-07,1.018775760809444e-06,-3.090753361176173e-07,1
984,4.894173136335808e-07,1.018775760809444e-06,-2.252113136335808e-07,0
985,6.712887167009474e-07,1.018775760809444e-06,-1.5706871670094736e-07,0
986,1.2554781604363724e-06,1.018775760809444e-06,-3.265111604363724e-07,0
987,2.352052477942952e-06,1.018775760809444e-06,-6.542124779429519e-07,0
988,3.505448709550196e-06,1.018775760809444e-06,-7.400787095501958e-07,0
989,3.893667916408707e-06,1.018775760809444e-06,-4.3729791640870747e-07,0
990,3.142940809542442e-06,1.018775760809444e-06,-8.108080954244255e-08,0
991,1.7634300411976888e-06,1.018775760809444e-06,4.680995880231134e-08,0
992,2.2550580369650287e-07,1.018775760809444e-06,4.209291963034971e-07,0
993,2.1611937910310668e-07,1.018775760809444e-06,5.195626208968933e-07,0
994,1.2049507302329552e-07,1.018775760809444e-06,4.1930692697670457e-07,0
995,4.2477631228507714e-08,1.018775760809444e-06,2.457723687714923e-07,0
996,1.0967315078236528e-08,1.018775760809444e-06,1.1074068492176347e-07,0
997,8.460209477118068e-09,1.018775760809444e-06,3.5906190522881934e-08,0
998,1.6877827760121396e-08,1.018775760809444e-06,8.416872239878603e-09,0
999,2.0468342632900637e-08,1.018775760809444e-06,2.2927657367099363e-08,0
1000,1.7427217883229465e-08,1.018775760809444e-06,7.047368211677053e-08,0
1001,1.7494216741344948e-08,1.018775760809444e-06,1.2569478325865506e-07,0
1002,2.2003250715563066e-08,1.018775760809444e-06,1.7177474928443692e-07,0
1003,2.7446801677620035e-08,1.018775760809444e-06,2.0068919832237995e-07,0
1004,3.5064573772046506e-08,1.018775760809444e-06,1.901644262279535e-07,1
1005,4.5696113283902965e-08,1.018775760809444e-06,1.35010886716097e-07,1
1006,6.842093221796383e-08,1.018775760809444e-06,5.380806778203617e-08,0
1007,1.0511947544870294e-07,1.018775760809444e-06,-2.747367544870293e-08,0
1008,1.4745022156892307e-07,1.018775760809444e-06,-9.938152156892307e-08,1
1009,1.9417604885912547e-07,1.018775760809444e-06,-1.6418994885912547e-07,1
1010,2.2761803673419534e-07,1.018775760809444e-06,-2.0660013673419535e-07,1
1011,2.0759175616643526e-07,1.018775760809444e-06,-1.9021815616643525e-07,1
1012,1.493279446577801e-07,1.018775760809444e-06,-1.3316594465778008e-07,1
1013,1.1598522638587024e-07,1.018775760809444e-06,-9.655712638587024e-08,1
1014,1.2766493716554098e-07,1.018775760809444e-06,-8.648903716554097e-08,1
1015,1.618531249238324e-07,1.018775760809444e-06,-5.423012492383241e-08,0
1016,2.2138442410614267e-07,1.018775760809444e-06,2.664957589385731e-08,0
1017,4.5696738626647846e-07,1.018775760809444e-06,6.15006137335216e-08,0
1018,1.111914662369373e-06,1.018775760809444e-06,-5.1794662369373055e-08,0
1019,2.222189977251207e-06,1.018775760809444e-06,-2.282999772512069e-07,0
1020,3.3368062910879305e-06,1.018775760809444e-06,-3.1145629108793033e-07,0
1021,3.6465548635383096e-06,1.018775760809444e-06,-2.673148635383091e-07,0
1022,2.7704165828340157e-06,1.018775760809444e-06,-1.5794658283401574e-07,0
1023,1.3835933680589682e-06,1.018775760809444e-06,-7.832336805896791e-08,0
