,D281N,max,diff,True
0,2.052463627966185e-06,1.1582489102910928e-06,-6.374736279661853e-07,1
1,2.673586010335134e-06,1.1582489102910928e-06,-6.62946010335134e-07,0
2,1.8736822009385483e-06,1.1582489102910928e-06,-2.3259220093854827e-07,0
3,7.780430258390103e-07,1.1582489102910928e-06,1.1251197416098963e-07,0
4,2.2173401431906266e-07,1.1582489102910928e-06,1.5527398568093735e-07,0
5,5.0341429776669684e-08,1.1582489102910928e-06,9.11315702233303e-08,0
6,1.042364861496712e-08,1.1582489102910928e-06,6.001075138503287e-08,0
7,7.483130162973801e-09,1.1582489102910928e-06,8.832096983702621e-08,0
8,3.8354625209165414e-08,1.1582489102910928e-06,1.5212137479083458e-07,0
9,1.5205888102762507e-07,1.1582489102910928e-06,1.8208511897237493e-07,0
10,3.839385137394256e-07,1.1582489102910928e-06,1.2515548626057436e-07,0
11,6.260878416458369e-07,1.1582489102910928e-06,5.9585158354163194e-08,0
12,6.854213445224969e-07,1.1582489102910928e-06,1.1285765547750311e-07,0
13,5.517832749686503e-07,1.1582489102910928e-06,2.385247250313497e-07,0
14,3.955177020192702e-07,1.1582489102910928e-06,2.7861029798072984e-07,0
15,3.0658490159654326e-07,1.1582489102910928e-06,2.0282509840345675e-07,0
16,2.685013806684883e-07,1.1582489102910928e-06,8.559461933151169e-08,0
17,2.996076260731145e-07,1.1582489102910928e-06,-6.674362607311448e-08,0
18,4.1321315280297604e-07,1.1582489102910928e-06,-2.72340152802976e-07,1
19,5.878922397707334e-07,1.1582489102910928e-06,-4.999555397707334e-07,1
20,8.174121605502435e-07,1.1582489102910928e-06,-7.347552605502435e-07,1
21,9.839608008946672e-07,1.1582489102910928e-06,-8.673708008946672e-07,1
22,9.452422324139708e-07,1.1582489102910928e-06,-7.574252324139708e-07,1
23,8.1901425473215e-07,1.1582489102910928e-06,-5.0072625473215e-07,1
24,8.483825808247131e-07,1.1582489102910928e-06,-2.356045808247131e-07,0
25,1.3574590158266148e-06,1.1582489102910928e-06,2.2940984173385145e-08,0
26,2.956921589831733e-06,1.1582489102910928e-06,2.776084101682668e-07,0
27,6.1851011029286575e-06,1.1582489102910928e-06,6.653788970713426e-07,0
28,1.0473914581257517e-05,1.1582489102910928e-06,1.304085418742483e-06,0
29,1.3748049083031421e-05,1.1582489102910928e-06,1.5181509169685783e-06,0
30,1.3647583822129304e-05,1.1582489102910928e-06,5.162161778706973e-07,0
31,9.646491643290156e-06,1.1582489102910928e-06,-7.248316432901562e-07,0
32,4.955171780797199e-06,1.1582489102910928e-06,-1.071821780797199e-06,0
33,5.698727445476378e-06,1.1582489102910928e-06,-9.197174454763776e-07,0
34,3.7814656120005805e-06,1.1582489102910928e-06,-3.3678561200058043e-07,0
35,1.6377022237263063e-06,1.1582489102910928e-06,5.540777627369347e-08,0
36,5.37706694219891e-07,1.1582489102910928e-06,1.4919430578010895e-07,0
37,1.4980558686630527e-07,1.1582489102910928e-06,1.3568841313369473e-07,0
38,3.7901952522048913e-08,1.1582489102910928e-06,1.491670474779511e-07,1
39,3.050149509060101e-08,1.1582489102910928e-06,2.29982504909399e-07,0
40,1.1632693049772773e-07,1.1582489102910928e-06,3.6298806950227225e-07,0
41,3.5359103202612966e-07,1.1582489102910928e-06,4.7563096797387035e-07,0
42,7.38419584404509e-07,1.1582489102910928e-06,5.09760415595491e-07,0
43,1.092823845908528e-06,1.1582489102910928e-06,5.521561540914721e-07,0
44,1.2362811533542663e-06,1.1582489102910928e-06,6.980588466457338e-07,0
45,1.2534736377333956e-06,1.1582489102910928e-06,7.885563622666045e-07,0
46,1.2925603497275079e-06,1.1582489102910928e-06,6.367496502724919e-07,0
47,1.3101955200704291e-06,1.1582489102910928e-06,3.290844799295709e-07,0
48,1.2750266720535992e-06,1.1582489102910928e-06,-9.016672053599353e-09,0
49,1.2533493397080665e-06,1.1582489102910928e-06,-3.842003397080664e-07,0
50,1.3355326556835034e-06,1.1582489102910928e-06,-7.954896556835034e-07,1
51,1.700512560732604e-06,1.1582489102910928e-06,-1.326906560732604e-06,1
52,2.3539045897842467e-06,1.1582489102910928e-06,-1.982363589784247e-06,1
53,2.7767602243091598e-06,1.1582489102910928e-06,-2.27395922430916e-06,1
54,2.684459476497922e-06,1.1582489102910928e-06,-1.951008476497922e-06,1
55,2.4295686171993987e-06,1.1582489102910928e-06,-1.2947686171993986e-06,1
56,2.6657395071768054e-06,1.1582489102910928e-06,-5.260895071768055e-07,0
57,4.7374064580184535e-06,1.1582489102910928e-06,1.43763541981546e-07,0
58,1.0473881453360568e-05,1.1582489102910928e-06,9.225185466394339e-07,0
59,2.025449477382646e-05,1.1582489102910928e-06,2.823005226173542e-06,0
60,3.087849293388413e-05,1.1582489102910928e-06,5.6687070661158695e-06,1
61,3.622408195292863e-05,1.1582489102910928e-06,6.545518047071365e-06,1
62,3.177188799587465e-05,1.1582489102910928e-06,3.815112004125345e-06,1
63,1.940537181101136e-05,1.1582489102910928e-06,6.601281889886399e-07,0
64,5.9427514463666775e-06,1.1582489102910928e-06,-7.483714463666775e-07,0
65,6.479578342887377e-06,1.1582489102910928e-06,-6.249683428873768e-07,0
66,4.314140795548833e-06,1.1582489102910928e-06,-4.0776079554883237e-07,0
67,1.988557197405315e-06,1.1582489102910928e-06,-1.647671974053148e-07,0
68,7.167118744079945e-07,1.1582489102910928e-06,4.709612559200537e-08,0
69,2.106026606353269e-07,1.1582489102910928e-06,1.7079933936467313e-07,0
70,5.308452554739553e-08,1.1582489102910928e-06,2.2666147445260448e-07,0
71,4.74136162143672e-08,1.1582489102910928e-06,2.8568038378563276e-07,0
72,1.4241214212581256e-07,1.1582489102910928e-06,4.238068578741874e-07,0
73,3.6650279349518814e-07,1.1582489102910928e-06,6.178712065048118e-07,0
74,7.434261644784419e-07,1.1582489102910928e-06,7.708938355215583e-07,0
75,1.2184508541355343e-06,1.1582489102910928e-06,8.967891458644657e-07,0
76,1.7619004041098962e-06,1.1582489102910928e-06,1.0190595958901037e-06,0
77,2.4532126452016884e-06,1.1582489102910928e-06,9.410073547983114e-07,0
78,3.22719916823229e-06,1.1582489102910928e-06,5.215208317677094e-07,0
79,3.833497434642247e-06,1.1582489102910928e-06,-1.1763743464224706e-07,0
80,3.93175623636731e-06,1.1582489102910928e-06,-7.125762363673103e-07,0
81,3.363704832165515e-06,1.1582489102910928e-06,-1.010334832165515e-06,1
82,2.66649880874861e-06,1.1582489102910928e-06,-1.1425088087486099e-06,1
83,2.719322937444805e-06,1.1582489102910928e-06,-1.664872937444805e-06,1
84,3.4924213745682296e-06,1.1582489102910928e-06,-2.4960123745682296e-06,1
85,4.116226216074531e-06,1.1582489102910928e-06,-2.8578362160745313e-06,1
86,4.1206969130816924e-06,1.1582489102910928e-06,-2.4215069130816925e-06,1
87,3.8425232809802405e-06,1.1582489102910928e-06,-1.3918832809802404e-06,1
88,4.832672238054656e-06,1.1582489102910928e-06,-3.16372238054656e-07,0
89,9.91616534186488e-06,1.1582489102910928e-06,4.851346581351212e-07,0
90,2.166982950451421e-05,1.1582489102910928e-06,1.961470495485793e-06,0
91,3.90331946444253e-05,1.1582489102910928e-06,5.424005355574709e-06,1
92,5.430582812920552e-05,1.1582489102910928e-06,9.524271870794478e-06,1
93,5.690339392557514e-05,1.1582489102910928e-06,1.0283306074424862e-05,1
94,4.346299319716312e-05,1.1582489102910928e-06,6.914206802836881e-06,1
95,2.275120794257924e-05,1.1582489102910928e-06,2.9920920574207594e-06,1
96,4.447681672608412e-06,1.1582489102910928e-06,1.0221832739158814e-07,0
97,4.739377624312322e-06,1.1582489102910928e-06,1.533523756876779e-07,0
98,3.1829241343528186e-06,1.1582489102910928e-06,-4.582413435281859e-08,0
99,1.504354110215259e-06,1.1582489102910928e-06,-6.718411021525874e-08,0
100,5.422463792077264e-07,1.1582489102910928e-06,1.1257762079227355e-07,0
101,1.51522982644749e-07,1.1582489102910928e-06,2.45355017355251e-07,0
102,4.3702027684561316e-08,1.1582489102910928e-06,2.5518797231543867e-07,0
103,4.713597360173915e-08,1.1582489102910928e-06,2.4674802639826086e-07,0
104,1.0940627541812806e-07,1.1582489102910928e-06,3.273917245818719e-07,0
105,2.651569631252935e-07,1.1582489102910928e-06,5.033080368747065e-07,0
106,6.064811419260507e-07,1.1582489102910928e-06,7.312988580739493e-07,1
107,1.2858519492226377e-06,1.1582489102910928e-06,9.53948050777362e-07,1
108,2.523361459640219e-06,1.1582489102910928e-06,9.705585403597807e-07,0
109,4.357629068956045e-06,1.1582489102910928e-06,5.972409310439546e-07,0
110,6.38575903590813e-06,1.1582489102910928e-06,-5.05090359081299e-08,0
111,7.910439028139844e-06,1.1582489102910928e-06,-8.546490281398441e-07,0
112,7.890064549680433e-06,1.1582489102910928e-06,-1.4057945496804323e-06,0
113,5.9938231982485624e-06,1.1582489102910928e-06,-1.1582131982485627e-06,0
114,3.763986637739628e-06,1.1582489102910928e-06,-6.414266377396282e-07,0
115,2.878213542782018e-06,1.1582489102910928e-06,-7.678735427820179e-07,1
116,3.2938240550967064e-06,1.1582489102910928e-06,-1.3551440550967064e-06,1
117,3.898621389730313e-06,1.1582489102910928e-06,-1.4544113897303132e-06,1
118,3.980832273149185e-06,1.1582489102910928e-06,-6.697822731491848e-07,0
119,4.267280953366929e-06,1.1582489102910928e-06,3.590290466330707e-07,0
120,7.143729553278557e-06,1.1582489102910928e-06,1.0583004467214423e-06,0
121,1.6096304325324106e-05,1.1582489102910928e-06,1.954995674675895e-06,0
122,3.378561159682361e-05,1.1582489102910928e-06,4.054288403176387e-06,0
123,5.706557337895322e-05,1.1582489102910928e-06,7.0249266210467784e-06,1
124,7.325078764987912e-05,1.1582489102910928e-06,8.899712350120877e-06,1
125,6.894472104181806e-05,1.1582489102910928e-06,8.459678958181935e-06,1
126,4.624909857330132e-05,1.1582489102910928e-06,6.249901426698673e-06,1
127,2.13540600496794e-05,1.1582489102910928e-06,3.2632399503205984e-06,1
128,2.6509746505616293e-06,1.1582489102910928e-06,6.781453494383705e-07,0
129,2.8330985533871294e-06,1.1582489102910928e-06,6.612514466128705e-07,0
130,1.9211606614919905e-06,1.1582489102910928e-06,2.8757933850800993e-07,0
131,9.211482120982128e-07,1.1582489102910928e-06,1.4758178790178704e-07,0
132,3.441071388086235e-07,1.1582489102910928e-06,2.4255686119137647e-07,0
133,1.1435881522053287e-07,1.1582489102910928e-06,2.9081318477946714e-07,0
134,5.772024341685122e-08,1.1582489102910928e-06,2.3196675658314874e-07,0
135,6.370839080903911e-08,1.1582489102910928e-06,1.6540560919096088e-07,0
136,1.0750004840382953e-07,1.1582489102910928e-06,1.827449515961705e-07,0
137,2.470032571735991e-07,1.1582489102910928e-06,3.357497428264009e-07,1
138,6.858214867112112e-07,1.1582489102910928e-06,6.264185132887888e-07,1
139,1.819638282535043e-06,1.1582489102910928e-06,8.859817174649571e-07,1
140,4.0115111333461155e-06,1.1582489102910928e-06,8.288588666538843e-07,0
141,6.9929449185772674e-06,1.1582489102910928e-06,6.222350814227332e-07,0
142,9.904687552283569e-06,1.1582489102910928e-06,5.292124477164314e-07,0
143,1.1523647154694486e-05,1.1582489102910928e-06,2.7705284530551314e-07,0
144,1.0424902718000284e-05,1.1582489102910928e-06,1.20997281999714e-07,0
145,7.027015613184641e-06,1.1582489102910928e-06,4.452143868153597e-07,0
146,3.771797035081112e-06,1.1582489102910928e-06,7.740129649188877e-07,1
147,2.3420187813799612e-06,1.1582489102910928e-06,5.92781218620039e-07,0
148,2.431005447114973e-06,1.1582489102910928e-06,3.396845528850272e-07,0
149,2.9212552472847787e-06,1.1582489102910928e-06,8.59644752715221e-07,0
150,3.438633559997666e-06,1.1582489102910928e-06,1.8758764400023342e-06,1
151,5.1262675632205095e-06,1.1582489102910928e-06,2.37062243677949e-06,1
152,1.0394041894425247e-05,1.1582489102910928e-06,2.670358105574753e-06,1
153,2.2751702211594048e-05,1.1582489102910928e-06,3.987697788405952e-06,1
154,4.4530453962851924e-05,1.1582489102910928e-06,5.833246037148076e-06,1
155,6.989587127157242e-05,1.1582489102910928e-06,5.834128728427574e-06,0
156,8.262344797932162e-05,1.1582489102910928e-06,3.72985202067838e-06,0
157,7.11090685729662e-05,1.1582489102910928e-06,2.332631427033805e-06,0
158,4.381349019372934e-05,1.1582489102910928e-06,2.081609806270661e-06,0
159,1.8987165492448694e-05,1.1582489102910928e-06,1.2150345075513076e-06,0
160,1.8955486089893601e-06,1.1582489102910928e-06,5.626913910106401e-07,1
161,2.02123717625923e-06,1.1582489102910928e-06,6.412428237407696e-07,1
162,1.32959540074454e-06,1.1582489102910928e-06,5.013445992554601e-07,1
163,6.205370419950186e-07,1.1582489102910928e-06,4.409129580049814e-07,0
164,2.5221684214259746e-07,1.1582489102910928e-06,4.483861578574025e-07,0
165,1.2233258745584605e-07,1.1582489102910928e-06,3.8603841254415397e-07,0
166,9.89179531188029e-08,1.1582489102910928e-06,2.4461304688119707e-07,0
167,1.3807022322711135e-07,1.1582489102910928e-06,9.659177677288866e-08,0
168,2.468016233618597e-07,1.1582489102910928e-06,2.2522376638140338e-08,0
169,5.141313517228225e-07,1.1582489102910928e-06,1.2718764827717746e-07,0
170,1.2903057486482464e-06,1.1582489102910928e-06,4.539542513517535e-07,1
171,3.216308329019588e-06,1.1582489102910928e-06,8.385616709804114e-07,0
172,6.645412115697051e-06,1.1582489102910928e-06,1.1546978843029495e-06,0
173,1.0843623464039516e-05,1.1582489102910928e-06,1.7394765359604838e-06,0
174,1.4148455773314188e-05,1.1582489102910928e-06,2.6576442266858103e-06,0
175,1.4573254876747269e-05,1.1582489102910928e-06,3.2684451232527337e-06,1
176,1.1427823468014196e-05,1.1582489102910928e-06,3.2030765319858028e-06,1
177,6.717095231288203e-06,1.1582489102910928e-06,2.7168847687117974e-06,1
178,3.1591173036050557e-06,1.1582489102910928e-06,2.0890726963949436e-06,1
179,1.7145274250340415e-06,1.1582489102910928e-06,1.4351925749659583e-06,1
180,1.7503588453813178e-06,1.1582489102910928e-06,1.1982411546186822e-06,0
181,2.4132326722903413e-06,1.1582489102910928e-06,1.7015673277096587e-06,1
182,3.824464584401729e-06,1.1582489102910928e-06,2.175075415598272e-06,1
183,7.25431244298701e-06,1.1582489102910928e-06,1.9266075570129898e-06,1
184,1.4677303919345453e-05,1.1582489102910928e-06,1.9379960806545465e-06,0
185,2.9116409989420954e-05,1.1582489102910928e-06,2.983890010579048e-06,0
186,5.180230282731638e-05,1.1582489102910928e-06,3.2535971726836216e-06,0
187,7.442041736302154e-05,1.1582489102910928e-06,7.428826369784664e-07,0
188,8.086957367945213e-05,1.1582489102910928e-06,-2.5653736794521275e-06,0
189,6.490896367488664e-05,1.1582489102910928e-06,-3.1780636748866413e-06,0
190,3.84271264157137e-05,1.1582489102910928e-06,-1.8805264157137022e-06,0
191,1.6565116291270607e-05,1.1582489102910928e-06,-9.325162912706074e-07,0
192,1.8344263132189076e-06,1.1582489102910928e-06,4.560436867810923e-07,1
193,1.9881197609880683e-06,1.1582489102910928e-06,7.892402390119317e-07,1
194,1.3389623419832234e-06,1.1582489102910928e-06,8.749376580167762e-07,1
195,6.771748467933033e-07,1.1582489102910928e-06,7.969751532066966e-07,0
196,3.60254026805476e-07,1.1582489102910928e-06,6.507659731945241e-07,0
197,2.6375642391149324e-07,1.1582489102910928e-06,4.343505760885068e-07,0
198,2.682133168747564e-07,1.1582489102910928e-06,1.763306831252436e-07,0
199,3.751277144481602e-07,1.1582489102910928e-06,-7.801671444816026e-08,0
200,6.227853971084897e-07,1.1582489102910928e-06,-2.4211239710848973e-07,1
201,1.2468923095125104e-06,1.1582489102910928e-06,-2.1460230951251045e-07,0
202,3.078046076888918e-06,1.1582489102910928e-06,-1.1295607688891781e-07,0
203,7.068627457992714e-06,1.1582489102910928e-06,-3.8387457992715045e-08,0
204,1.2789067531791705e-05,1.1582489102910928e-06,6.275324682082964e-07,0
205,1.82959240585151e-05,1.1582489102910928e-06,2.516975941484898e-06,0
206,2.114544293428695e-05,1.1582489102910928e-06,4.892157065713053e-06,1
207,1.93383861335628e-05,1.1582489102910928e-06,6.137813866437198e-06,1
208,1.3587532563178474e-05,1.1582489102910928e-06,5.5937674368215285e-06,1
209,7.370027707092425e-06,1.1582489102910928e-06,4.102572292907574e-06,1
210,3.398594488801654e-06,1.1582489102910928e-06,2.6209155111983465e-06,1
211,1.959640064502508e-06,1.1582489102910928e-06,1.4114799354974914e-06,1
212,2.0962253150170503e-06,1.1582489102910928e-06,6.483946849829498e-07,0
213,3.0367652476561694e-06,1.1582489102910928e-06,4.3489475234383045e-07,0
214,5.012762546426497e-06,1.1582489102910928e-06,3.25147453573502e-07,0
215,9.282033516995767e-06,1.1582489102910928e-06,3.4464830042326187e-09,0
216,1.794203670245495e-05,1.1582489102910928e-06,-2.484367024549511e-07,0
217,3.374727517760893e-05,1.1582489102910928e-06,-7.346751776089277e-07,0
218,5.607775890160536e-05,1.1582489102910928e-06,-2.3029589016053623e-06,0
219,7.475168554253549e-05,1.1582489102910928e-06,-4.676885542535494e-06,0
220,7.610371858530805e-05,1.1582489102910928e-06,-6.187518585308051e-06,0
221,5.92586382171311e-05,1.1582489102910928e-06,-5.972138217131103e-06,1
222,3.581846727317915e-05,1.1582489102910928e-06,-4.512167273179147e-06,1
223,1.6361863959420588e-05,1.1582489102910928e-06,-2.5583639594205884e-06,1
224,2.431109920827796e-06,1.1582489102910928e-06,7.142200791722043e-07,1
225,2.890002470641505e-06,1.1582489102910928e-06,1.1941675293584942e-06,1
226,2.2031181283834046e-06,1.1582489102910928e-06,1.1844718716165955e-06,0
227,1.3360442741837084e-06,1.1582489102910928e-06,8.978857258162915e-07,0
228,8.335749375918081e-07,1.1582489102910928e-06,5.892350624081919e-07,0
229,5.859276009866099e-07,1.1582489102910928e-06,3.016163990133901e-07,0
230,5.031203032262048e-07,1.1582489102910928e-06,2.7063696773795242e-08,0
231,6.095713092522884e-07,1.1582489102910928e-06,-2.1968030925228842e-07,0
232,1.0305400832919347e-06,1.1582489102910928e-06,-3.8651408329193464e-07,0
233,2.518221292210948e-06,1.1582489102910928e-06,-6.505112922109483e-07,0
234,6.641757767203492e-06,1.1582489102910928e-06,-1.3263877672034928e-06,0
235,1.4005843934492777e-05,1.1582489102910928e-06,-1.5929439344927775e-06,0
236,2.291858831900019e-05,1.1582489102910928e-06,8.171168099981187e-08,0
237,3.060291173193153e-05,1.1582489102910928e-06,3.3444882680684675e-06,1
238,3.3600774735084276e-05,1.1582489102910928e-06,6.242525264915722e-06,1
239,2.927512841152633e-05,1.1582489102910928e-06,7.311671588473671e-06,1
240,1.9778216066559145e-05,1.1582489102910928e-06,6.3692839334408555e-06,1
241,1.0712426402877993e-05,1.1582489102910928e-06,4.406173597122007e-06,1
242,5.490361855145904e-06,1.1582489102910928e-06,2.4686781448540965e-06,1
243,3.902420422785526e-06,1.1582489102910928e-06,7.652895772144729e-07,0
244,4.1767255984288994e-06,1.1582489102910928e-06,-4.7345559842889966e-07,0
245,4.781038900336125e-06,1.1582489102910928e-06,-7.344189003361252e-07,0
246,5.815238384129583e-06,1.1582489102910928e-06,-3.086683841295831e-07,0
247,9.392684493115484e-06,1.1582489102910928e-06,-2.196544931154834e-07,0
248,1.888629539683325e-05,1.1582489102910928e-06,-1.4817953968332515e-06,0
249,3.718527518569335e-05,1.1582489102910928e-06,-4.497675185693347e-06,1
250,6.144687311846607e-05,1.1582489102910928e-06,-7.807673118466071e-06,1
251,7.917360435310411e-05,1.1582489102910928e-06,-8.950704353104109e-06,1
252,7.915889325910052e-05,1.1582489102910928e-06,-8.272393259100528e-06,1
253,6.3705458544826e-05,1.1582489102910928e-06,-7.474058544825993e-06,1
254,4.1691998552931955e-05,1.1582489102910928e-06,-5.936998552931956e-06,1
255,2.0821313281569346e-05,1.1582489102910928e-06,-3.392113281569347e-06,1
256,3.5154563146625663e-06,1.1582489102910928e-06,1.1045336853374337e-06,1
257,4.284394407256014e-06,1.1582489102910928e-06,1.3915355927439868e-06,0
258,3.4183538248740613e-06,1.1582489102910928e-06,9.386361751259388e-07,0
259,2.124722613049546e-06,1.1582489102910928e-06,4.921973869504542e-07,0
260,1.1899980081645931e-06,1.1582489102910928e-06,3.011919918354068e-07,0
261,6.990029214143805e-07,1.1582489102910928e-06,1.3592307858561943e-07,0
262,5.120861035520964e-07,1.1582489102910928e-06,-2.19691035520964e-08,0
263,5.635981320227521e-07,1.1582489102910928e-06,-1.1725213202275218e-07,0
264,1.2619629297063165e-06,1.1582489102910928e-06,-2.8251192970631644e-07,0
265,4.085622122147345e-06,1.1582489102910928e-06,-9.391821221473448e-07,0
266,1.1215484105430952e-05,1.1582489102910928e-06,-1.8776941054309525e-06,0
267,2.342928039852551e-05,1.1582489102910928e-06,-1.2946803985255102e-06,0
268,3.86930974927123e-05,1.1582489102910928e-06,1.5703025072876997e-06,0
269,5.1954165066502334e-05,1.1582489102910928e-06,4.591034933497668e-06,1
270,5.557735427471152e-05,1.1582489102910928e-06,6.4820457252884745e-06,1
271,4.587483358347466e-05,1.1582489102910928e-06,7.172466416525335e-06,1
272,2.92953697472833e-05,1.1582489102910928e-06,6.054530252716698e-06,1
273,1.5397940597768772e-05,1.1582489102910928e-06,4.060859402231228e-06,1
274,8.209428496898609e-06,1.1582489102910928e-06,2.297171503101392e-06,1
275,6.389683295185826e-06,1.1582489102910928e-06,5.665967048141737e-07,0
276,6.51347385966759e-06,1.1582489102910928e-06,-6.069738596675903e-07,0
277,6.262468618497752e-06,1.1582489102910928e-06,-4.857586184977531e-07,0
278,6.324207591654696e-06,1.1582489102910928e-06,1.6995240834530337e-07,0
279,9.596606940963064e-06,1.1582489102910928e-06,1.1333059036935681e-08,0
280,2.03908164793895e-05,1.1582489102910928e-06,-2.021016479389498e-06,0
281,4.248685550608596e-05,1.1582489102910928e-06,-5.9683555060859625e-06,1
282,7.1496956466126e-05,1.1582489102910928e-06,-8.999856466125993e-06,1
283,9.2564029440157e-05,1.1582489102910928e-06,-8.331029440157003e-06,0
284,9.511425441889486e-05,1.1582489102910928e-06,-6.174154418894852e-06,0
285,8.117844713327168e-05,1.1582489102910928e-06,-5.18664713327168e-06,0
286,5.6200021545741344e-05,1.1582489102910928e-06,-3.908621545741338e-06,1
287,2.853027152042104e-05,1.1582489102910928e-06,-1.887671520421037e-06,1
288,3.6922108325839287e-06,1.1582489102910928e-06,1.0698591674160714e-06,0
289,4.1982552393993625e-06,1.1582489102910928e-06,9.958647606006363e-07,0
290,3.0778998311230427e-06,1.1582489102910928e-06,4.419201688769572e-07,0
291,1.6855675735621406e-06,1.1582489102910928e-06,1.601124264378592e-07,0
292,8.184537763651175e-07,1.1582489102910928e-06,8.125822363488247e-08,0
293,4.344733168176393e-07,1.1582489102910928e-06,1.2959683182360628e-08,0
294,2.9265768784265236e-07,1.1582489102910928e-06,-8.057687842652365e-09,0
295,4.300630919264639e-07,1.1582489102910928e-06,-3.530309192646393e-08,0
296,1.6185706652045841e-06,1.1582489102910928e-06,-3.3808066520458413e-07,0
297,6.151652815396275e-06,1.1582489102910928e-06,-1.2341828153962759e-06,0
298,1.7713666548553675e-05,1.1582489102910928e-06,-1.8941665485536747e-06,0
299,3.8090119844611905e-05,1.1582489102910928e-06,-1.2171984461190467e-07,0
300,6.282937907093354e-05,1.1582489102910928e-06,3.4796209290664494e-06,0
301,8.034600369974391e-05,1.1582489102910928e-06,5.723196300256092e-06,1
302,7.817817489274991e-05,1.1582489102910928e-06,6.735625107250084e-06,1
303,5.6977974364215126e-05,1.1582489102910928e-06,6.80502563578487e-06,1
304,3.1774158256858875e-05,1.1582489102910928e-06,5.185241743141122e-06,1
305,1.4756818709284589e-05,1.1582489102910928e-06,3.4388812907154107e-06,1
306,7.413661274842504e-06,1.1582489102910928e-06,2.218898725157497e-06,1
307,5.760704314341292e-06,1.1582489102910928e-06,9.366356856587073e-07,0
308,5.642737611878225e-06,1.1582489102910928e-06,4.185238812177544e-08,0
309,5.479582171008251e-06,1.1582489102910928e-06,-1.7183217100825064e-07,0
310,6.182723772572513e-06,1.1582489102910928e-06,-2.1579377257251335e-07,0
311,1.0154998650601712e-05,1.1582489102910928e-06,-4.1673865060171186e-07,0
312,2.2560766750745057e-05,1.1582489102910928e-06,-1.3696667507450558e-06,0
313,4.8563323727985556e-05,1.1582489102910928e-06,-2.9933237279855567e-06,0
314,8.301083512409704e-05,1.1582489102910928e-06,-3.129935124097043e-06,0
315,0.00010945287955861733,1.1582489102910928e-06,-1.4158795586173176e-06,0
316,0.00011582489102910928,1.1582489102910928e-06,-6.078910291092767e-07,0
317,0.00010001637852002632,1.1582489102910928e-06,-4.60678520026317e-07,0
318,6.648458903990795e-05,1.1582489102910928e-06,6.514109600920515e-07,0
319,3.0775485689270644e-05,1.1582489102910928e-06,1.1279143107293592e-06,0
320,2.244622784669921e-06,1.1582489102910928e-06,5.07177215330079e-07,0
321,2.184352112048579e-06,1.1582489102910928e-06,4.89877887951421e-07,0
322,1.3147402603619721e-06,1.1582489102910928e-06,3.0995973963802795e-07,0
323,5.968143095514212e-07,1.1582489102910928e-06,1.5043869044857883e-07,0
324,2.6801840512337604e-07,1.1582489102910928e-06,3.643059487662399e-08,0
325,1.3939709748391286e-07,1.1582489102910928e-06,-5.779097483912857e-09,0
326,1.1508648176999109e-07,1.1582489102910928e-06,-4.991481769991098e-09,0
327,3.9953814336239307e-07,1.1582489102910928e-06,-9.498514336239308e-08,0
328,2.096331583070786e-06,1.1582489102910928e-06,-5.863915830707862e-07,1
329,8.518250579843022e-06,1.1582489102910928e-06,-1.7296405798430208e-06,1
330,2.459486031698874e-05,1.1582489102910928e-06,-2.233560316988737e-06,0
331,5.120487331580082e-05,1.1582489102910928e-06,-2.8677331580081653e-07,0
332,7.887722322339415e-05,1.1582489102910928e-06,1.877576776605842e-06,0
333,8.967750757172368e-05,1.1582489102910928e-06,2.4779924282763147e-06,0
334,7.37195332630432e-05,1.1582489102910928e-06,3.4583667369568087e-06,0
335,4.372812869776525e-05,1.1582489102910928e-06,3.908871302234745e-06,1
336,1.9567457771419005e-05,1.1582489102910928e-06,2.861442228580993e-06,1
337,7.483884625427743e-06,1.1582489102910928e-06,1.814145374572257e-06,1
338,3.3514928123083265e-06,1.1582489102910928e-06,1.1783671876916737e-06,0
339,2.455095160437934e-06,1.1582489102910928e-06,5.982548395620657e-07,0
340,2.4605301751920616e-06,1.1582489102910928e-06,7.125982480793858e-08,0
341,2.8898548370195233e-06,1.1582489102910928e-06,-3.9121483701952336e-07,0
342,4.1739364737885805e-06,1.1582489102910928e-06,-6.377664737885808e-07,0
343,8.462716724261263e-06,1.1582489102910928e-06,-5.714167242612625e-07,0
344,2.1109513148509545e-05,1.1582489102910928e-06,-4.116131485095448e-07,0
345,4.656310184594837e-05,1.1582489102910928e-06,3.521981540516246e-07,0
346,7.95293928692379e-05,1.1582489102910928e-06,1.5243071307620876e-06,0
347,0.00010463563570111558,1.1582489102910928e-06,1.2923642988844078e-06,0
348,0.00010821589074291426,1.1582489102910928e-06,5.31109257085745e-07,0
349,8.69163480546705e-05,1.1582489102910928e-06,1.5885519453295009e-06,0
350,5.0982700115085556e-05,1.1582489102910928e-06,2.872299884914443e-06,0
351,2.012351281785532e-05,1.1582489102910928e-06,2.1506871821446816e-06,1
352,7.604446989696455e-07,1.1582489102910928e-06,1.3036230103035437e-07,0
353,5.960656087413301e-07,1.1582489102910928e-06,2.014383912586699e-07,0
354,2.7914383508299603e-07,1.1582489102910928e-06,1.726231649170039e-07,0
355,1.056675556177284e-07,1.1582489102910928e-06,8.492644438227159e-08,0
356,4.6786672808811534e-08,1.1582489102910928e-06,2.3673827191188464e-08,0
357,2.559900810774725e-08,1.1582489102910928e-06,6.752891892252757e-09,0
358,5.460254039608941e-08,1.1582489102910928e-06,-7.290840396089412e-09,0
359,3.6343911213977816e-07,1.1582489102910928e-06,-1.1488511213977817e-07,1
360,2.08913991412216e-06,1.1582489102910928e-06,-5.736799141221602e-07,1
361,8.306478558423497e-06,1.1582489102910928e-06,-1.4453285584234961e-06,1
362,2.275034807378528e-05,1.1582489102910928e-06,-1.9007480737852788e-06,0
363,4.4168456988376565e-05,1.1582489102910928e-06,-2.1439569883765675e-06,0
364,6.099430903057675e-05,1.1582489102910928e-06,-3.432609030576747e-06,0
365,5.8650518459891165e-05,1.1582489102910928e-06,-3.5887184598911627e-06,0
366,3.865247641249956e-05,1.1582489102910928e-06,-1.4205764124995622e-06,0
367,1.7694946074441373e-05,1.1582489102910928e-06,3.1825392555862546e-07,0
368,6.0141434374293174e-06,1.1582489102910928e-06,5.999465625706826e-07,0
369,1.801308590513444e-06,1.1582489102910928e-06,4.2568140948655607e-07,0
370,6.821519227724984e-07,1.1582489102910928e-06,2.745700772275017e-07,0
371,4.792094104975767e-07,1.1582489102910928e-06,1.2120458950242333e-07,0
372,5.910729730845912e-07,1.1582489102910928e-06,-7.924497308459117e-08,0
373,9.29992631241252e-07,1.1582489102910928e-06,-2.6912963124125204e-07,0
374,1.8766967322818898e-06,1.1582489102910928e-06,-3.593267322818899e-07,0
375,5.236889604451225e-06,1.1582489102910928e-06,-4.1586960445122543e-07,0
376,1.4588421205963905e-05,1.1582489102910928e-06,-3.765212059639043e-07,0
377,3.2304974071689425e-05,1.1582489102910928e-06,-3.3827407168942497e-07,0
378,5.361929690874168e-05,1.1582489102910928e-06,-1.248296908741678e-06,0
379,6.654496057411945e-05,1.1582489102910928e-06,-2.4364605741194535e-06,0
380,6.23796966121986e-05,1.1582489102910928e-06,-1.6542966121985966e-06,0
381,4.3472135206300935e-05,1.1582489102910928e-06,5.909647936990669e-07,0
382,2.135805729078673e-05,1.1582489102910928e-06,1.6965427092132715e-06,0
383,6.9658223510235794e-06,1.1582489102910928e-06,1.1065776489764214e-06,0
384,1.362558910866354e-07,1.1582489102910928e-06,3.8765108913364585e-08,0
385,8.807131345585748e-08,1.1582489102910928e-06,5.750168654414252e-08,0
386,3.4746710296165103e-08,1.1582489102910928e-06,4.273648970383489e-08,0
387,1.243903749166926e-08,1.1582489102910928e-06,1.9708462508330738e-08,0
388,5.136706302468203e-09,1.1582489102910928e-06,8.689993697531797e-09,0
389,4.323425706161196e-09,1.1582489102910928e-06,5.708574293838804e-09,0
390,3.0160061091803915e-08,1.1582489102910928e-06,-4.371061091803915e-09,0
391,2.403349167013664e-07,1.1582489102910928e-06,-7.49799167013664e-08,1
392,1.309493431444219e-06,1.1582489102910928e-06,-3.2118743144421884e-07,1
393,4.804404813474643e-06,1.1582489102910928e-06,-7.908848134746436e-07,1
394,1.2171101127403114e-05,1.1582489102910928e-06,-1.6203011274031148e-06,1
395,2.1292871171554568e-05,1.1582489102910928e-06,-3.180271171554568e-06,1
396,2.512046556416534e-05,1.1582489102910928e-06,-4.379765564165338e-06,1
397,1.956440827026353e-05,1.1582489102910928e-06,-3.4664082702635307e-06,1
398,1.0022673205554204e-05,1.1582489102910928e-06,-1.4649232055542047e-06,0
399,3.462212675606877e-06,1.1582489102910928e-06,-2.7310267560687713e-07,0
400,8.748931001605848e-07,1.1582489102910928e-06,2.701889983941512e-08,0
401,1.9776855672980388e-07,1.1582489102910928e-06,4.5716443270196154e-08,0
402,6.071327799587425e-08,1.1582489102910928e-06,3.0293222004125755e-08,0
403,4.8422792228132664e-08,1.1582489102910928e-06,6.852407771867338e-09,0
404,8.536677711332643e-08,1.1582489102910928e-06,-2.4614277113326427e-08,0
405,2.000479220034852e-07,1.1582489102910928e-06,-5.37349220034852e-08,0
406,6.710371911319191e-07,1.1582489102910928e-06,-1.0216619113191905e-07,0
407,2.4045667069289063e-06,1.1582489102910928e-06,-2.3419670692890623e-07,0
408,6.997616578151382e-06,1.1582489102910928e-06,-6.371365781513823e-07,0
409,1.5018330010971035e-05,1.1582489102910928e-06,-1.7379300109710362e-06,0
410,2.290413915755604e-05,1.1582489102910928e-06,-3.11063915755604e-06,1
411,2.4918537263682112e-05,1.1582489102910928e-06,-3.107837263682111e-06,1
412,1.9712219191857106e-05,1.1582489102910928e-06,-1.517419191857105e-06,0
413,1.1259125913924452e-05,1.1582489102910928e-06,3.207408607554718e-08,0
414,4.475905013951409e-06,1.1582489102910928e-06,4.901749860485914e-07,0
415,1.1935385363365515e-06,1.1582489102910928e-06,2.7744146366344834e-07,0
416,1.2536334182823492e-08,1.1582489102910928e-06,5.8812658171765065e-09,0
417,6.7797854240530685e-09,1.1582489102910928e-06,6.610614575946931e-09,0
418,2.213288290913848e-09,1.1582489102910928e-06,4.365641709086153e-09,0
419,6.584040401414663e-10,1.1582489102910928e-06,2.3376559598585333e-09,0
420,3.226780686233016e-10,1.1582489102910928e-06,1.7572419313766983e-09,0
421,2.0428514481105006e-09,1.1582489102910928e-06,1.2728585518894993e-09,0
422,1.8927935492643072e-08,1.1582489102910928e-06,-7.706335492643071e-09,0
423,1.1753631228498206e-07,1.1582489102910928e-06,-4.880821228498206e-08,1
424,5.152734084175066e-07,1.1582489102910928e-06,-1.569104084175066e-07,1
425,1.641506611623172e-06,1.1582489102910928e-06,-4.088466116231719e-07,1
426,3.684292893130195e-06,1.1582489102910928e-06,-9.590628931301951e-07,1
427,5.52403099033827e-06,1.1582489102910928e-06,-1.6261009903382702e-06,1
428,5.321044463481157e-06,1.1582489102910928e-06,-1.6652044634811566e-06,1
429,3.237008962012916e-06,1.1582489102910928e-06,-9.604689620129158e-07,1
430,1.2497119962473588e-06,1.1582489102910928e-06,-2.953509962473589e-07,0
431,3.178618605125369e-07,1.1582489102910928e-06,-3.9255860512536896e-08,0
432,5.8601018217601046e-08,1.1582489102910928e-06,2.6940817823989536e-09,0
433,9.5733062818935e-09,1.1582489102910928e-06,3.4930937181064992e-09,0
434,2.3496240687396982e-09,1.1582489102910928e-06,2.556865931260302e-09,0
435,2.7213322323403805e-09,1.1582489102910928e-06,1.15492776765962e-09,0
436,8.245061920527074e-09,1.1582489102910928e-06,-1.9363192052707427e-10,0
437,3.875099891736945e-08,1.1582489102910928e-06,8.050108263054781e-11,0
438,1.9344187126490238e-07,1.1582489102910928e-06,-1.9418712649023945e-09,0
439,7.705723826893592e-07,1.1582489102910928e-06,-5.957538268935923e-08,0
440,2.2245221651950826e-06,1.1582489102910928e-06,-3.7438216519508245e-07,0
441,4.3611311502361885e-06,1.1582489102910928e-06,-1.0046311502361886e-06,1
442,5.6983441496801066e-06,1.1582489102910928e-06,-1.3577441496801061e-06,1
443,5.086365122308381e-06,1.1582489102910928e-06,-9.650951223083812e-07,1
444,3.2147066798878283e-06,1.1582489102910928e-06,-3.064366798878285e-07,0
445,1.4564331002409692e-06,1.1582489102910928e-06,4.3296899759030616e-08,0
446,4.6563956623084014e-07,1.1582489102910928e-06,8.136943376915981e-08,0
447,1.0306021540019519e-07,1.1582489102910928e-06,3.4350784599804794e-08,0
448,4.428942812194905e-10,1.1582489102910928e-06,2.7254571878050956e-10,0
449,1.8617154908593644e-10,1.1582489102910928e-06,2.3794345091406355e-10,0
450,8.858000689074578e-11,1.1582489102910928e-06,1.0318799310925423e-10,0
451,1.7552254964185462e-10,1.1582489102910928e-06,-5.571754964185461e-11,0
452,4.071467400316983e-10,1.1582489102910928e-06,-1.6899974003169825e-10,0
453,1.4676164141601656e-09,1.1582489102910928e-06,-7.271034141601656e-10,0
454,7.609791028697623e-09,1.1582489102910928e-06,-4.190731028697623e-09,1
455,3.4265700046207766e-08,1.1582489102910928e-06,-1.5899900046207766e-08,1
456,1.2466564417965489e-07,1.1582489102910928e-06,-4.969844417965489e-08,1
457,3.4977201756445407e-07,1.1582489102910928e-06,-1.4057501756445408e-07,1
458,6.835773633987185e-07,1.1582489102910928e-06,-2.995523633987184e-07,1
459,8.539130209614867e-07,1.1582489102910928e-06,-3.961550209614867e-07,1
460,6.477028155018915e-07,1.1582489102910928e-06,-2.9176681550189144e-07,1
461,2.9221491097370314e-07,1.1582489102910928e-06,-1.1061691097370313e-07,0
462,7.941365456441776e-08,1.1582489102910928e-06,-1.7468854564417753e-08,0
463,1.3689691035182289e-08,1.1582489102910928e-06,1.0785089648177106e-09,0
464,1.6598141526051265e-09,1.1582489102910928e-06,9.012158473948737e-10,0
465,1.734397974364438e-10,1.1582489102910928e-06,2.8887720256355615e-10,0
466,3.9185363218283207e-11,1.1582489102910928e-06,2.045346367817168e-10,0
467,1.5313291535329145e-10,1.1582489102910928e-06,1.5661808464670855e-10,0
468,1.4895507264355526e-09,1.1582489102910928e-06,2.2395927356444738e-10,0
469,1.079672667217482e-08,1.1582489102910928e-06,7.006733278251804e-10,0
470,5.1202312397437776e-08,1.1582489102910928e-06,2.792887602562223e-09,0
471,1.7650302266035372e-07,1.1582489102910928e-06,-5.681022660353725e-09,0
472,4.383143167197942e-07,1.1582489102910928e-06,-7.11723167197942e-08,0
473,7.224740179042886e-07,1.1582489102910928e-06,-1.732300179042886e-07,1
474,7.733878820751244e-07,1.1582489102910928e-06,-1.8359988207512433e-07,1
475,5.552917002268191e-07,1.1582489102910928e-06,-9.119670022681908e-08,0
476,2.7967880520182395e-07,1.1582489102910928e-06,-1.229280520182394e-08,0
477,1.0153183146233308e-07,1.1582489102910928e-06,9.49916853766692e-09,0
478,2.6590954055119546e-08,1.1582489102910928e-06,6.336245944880453e-09,0
479,4.938968444240386e-09,1.1582489102910928e-06,1.992981555759614e-09,0
480,3.988258688675843e-11,1.1582489102910928e-06,-3.261812688675843e-11,1
481,3.920841128025387e-10,1.1582489102910928e-06,-3.886772828025387e-10,1
482,2.032706642761949e-09,1.1582489102910928e-06,-2.030894932761949e-09,1
483,5.377166088880015e-09,1.1582489102910928e-06,-5.372931908880015e-09,1
484,8.268233571677314e-09,1.1582489102910928e-06,-8.245195971677314e-09,1
485,8.516139414511616e-09,1.1582489102910928e-06,-8.356627414511617e-09,1
486,6.384019053415352e-09,1.1582489102910928e-06,-5.406770053415353e-09,1
487,6.820871001723508e-09,1.1582489102910928e-06,-2.768981001723509e-09,0
488,1.9003825675737156e-08,1.1582489102910928e-06,-7.183025675737157e-09,0
489,5.0888367104649306e-08,1.1582489102910928e-06,-2.4865167104649304e-08,0
490,8.725621777285093e-08,1.1582489102910928e-06,-4.6447617772850934e-08,0
491,8.646871551745982e-08,1.1582489102910928e-06,-4.432361551745982e-08,0
492,4.764450894862259e-08,1.1582489102910928e-06,-1.9341208948622586e-08,0
493,1.4485727082815543e-08,1.1582489102910928e-06,-1.589627082815541e-09,0
494,2.4837802488283573e-09,1.1582489102910928e-06,1.8013697511716425e-09,0
495,2.5472221351478534e-10,1.1582489102910928e-06,7.665877864852147e-10,0
496,1.8566374584702986e-11,1.1582489102910928e-06,1.3432462541529702e-10,0
497,8.423058380529105e-12,1.1582489102910928e-06,1.1174641619470894e-11,0
498,3.343441223730395e-11,1.1582489102910928e-06,-1.8426612237303946e-11,0
499,1.7861227797769047e-10,1.1582489102910928e-06,-9.391817797769048e-11,0
500,1.3783811625348176e-09,1.1582489102910928e-06,-6.824231625348175e-10,0
501,7.0001952860444994e-09,1.1582489102910928e-06,-3.1284852860444994e-09,1
502,2.0285010415153442e-08,1.1582489102910928e-06,-6.17281041515344e-09,0
503,4.065356849384567e-08,1.1582489102910928e-06,-6.355468493845669e-09,0
504,6.531178473049164e-08,1.1582489102910928e-06,-8.264384730491633e-09,0
505,7.664062118275589e-08,1.1582489102910928e-06,-9.69092118275589e-09,0
506,6.039591410816092e-08,1.1582489102910928e-06,-3.095714108160924e-09,0
507,3.263319298607738e-08,1.1582489102910928e-06,3.3789070139226145e-09,0
508,1.249470198244926e-08,1.1582489102910928e-06,3.6239980175507403e-09,0
509,3.4382468107502775e-09,1.1582489102910928e-06,1.6386731892497232e-09,0
510,6.862600657939908e-10,1.1582489102910928e-06,4.968999342060093e-10,0
511,9.630674648497223e-11,1.1582489102910928e-06,1.1094325351502778e-10,0
512,8.708044830255476e-10,1.1582489102910928e-06,-8.676625330255477e-10,1
513,6.742990163365632e-09,1.1582489102910928e-06,-6.726114463365632e-09,1
514,2.6951378132862973e-08,1.1582489102910928e-06,-2.6894111332862972e-08,1
515,5.934754225139601e-08,1.1582489102910928e-06,-5.9208794251396015e-08,1
516,7.875577528465341e-08,1.1582489102910928e-06,-7.849378228465342e-08,1
517,6.507912855195682e-08,1.1582489102910928e-06,-6.459827655195682e-08,1
518,3.183411381350701e-08,1.1582489102910928e-06,-3.033394381350701e-08,1
519,9.05061601652022e-09,1.1582489102910928e-06,-4.183576016520221e-09,0
520,3.085050938250029e-09,1.1582489102910928e-06,6.797989061749972e-09,0
521,4.649804411624837e-09,1.1582489102910928e-06,8.180695588375162e-09,0
522,6.065825442364892e-09,1.1582489102910928e-06,5.063474557635107e-09,0
523,4.180788409009557e-09,1.1582489102910928e-06,2.108031590990443e-09,0
524,1.5024345980045942e-09,1.1582489102910928e-06,1.0438054019954054e-09,0
525,2.9470637806946024e-10,1.1582489102910928e-06,6.678786219305397e-10,0
526,5.628824225594705e-11,1.1582489102910928e-06,2.79769757744053e-10,0
527,6.655314074216014e-11,1.1582489102910928e-06,3.6413859257839866e-11,0
528,1.7414612642810463e-10,1.1582489102910928e-06,-5.336712642810464e-11,0
529,5.848787612722513e-10,1.1582489102910928e-06,-3.1838676127225126e-10,0
530,1.5268714648516347e-09,1.1582489102910928e-06,-1.0450234648516346e-09,1
531,2.539945249830829e-09,1.1582489102910928e-06,-1.175585249830829e-09,0
532,4.487716398019096e-09,1.1582489102910928e-06,2.40783601980904e-10,0
533,1.2485170598673769e-08,1.1582489102910928e-06,-1.4857705986737686e-09,0
534,2.7331668281943727e-08,1.1582489102910928e-06,-1.1151168281943727e-08,0
535,3.5266118751092044e-08,1.1582489102910928e-06,-1.7797218751092044e-08,1
536,2.7517395198164623e-08,1.1582489102910928e-06,-1.1964895198164623e-08,1
537,1.3859041476992145e-08,1.1582489102910928e-06,-2.511941476992144e-09,0
538,4.747918188052222e-09,1.1582489102910928e-06,1.6172318119477769e-09,0
539,1.189927938641855e-09,1.1582489102910928e-06,1.3326920613581447e-09,0
540,2.392430825369446e-10,1.1582489102910928e-06,4.551469174630554e-10,0
541,3.968504240261015e-11,1.1582489102910928e-06,1.0367495759738987e-10,0
542,5.2512347341310795e-12,1.1582489102910928e-06,2.0235065265868923e-11,0
543,5.067957731670829e-13,1.1582489102910928e-06,4.412154226832917e-12,0
544,1.1044314517349756e-08,1.1582489102910928e-06,-1.0752540517349757e-08,1
545,6.063327196473928e-08,1.1582489102910928e-06,-5.953733196473928e-08,1
546,1.935763965448033e-07,1.1582489102910928e-06,-1.909043265448033e-07,1
547,3.614856738853335e-07,1.1582489102910928e-06,-3.569724838853335e-07,1
548,3.9809122883271904e-07,1.1582489102910928e-06,-3.9271902883271905e-07,1
549,2.570521578625253e-07,1.1582489102910928e-06,-2.518810378625253e-07,1
550,9.661557194640504e-08,1.1582489102910928e-06,-8.976254194640504e-08,1
551,2.133892013629433e-08,1.1582489102910928e-06,-8.85802013629433e-09,0
552,2.9555012613848573e-09,1.1582489102910928e-06,1.4105698738615142e-08,0
553,4.191474756643065e-10,1.1582489102910928e-06,1.4638952524335694e-08,0
554,1.7208204927989941e-10,1.1582489102910928e-06,8.3643379507201e-09,0
555,1.6023357876107803e-10,1.1582489102910928e-06,2.8814764212389222e-09,0
556,4.1265845328750715e-10,1.1582489102910928e-06,3.552715467124928e-10,0
557,9.93701446267348e-10,1.1582489102910928e-06,-6.056544462673479e-10,0
558,1.934439890088883e-09,1.1582489102910928e-06,-1.209162890088883e-09,1
559,3.482111604995357e-09,1.1582489102910928e-06,-1.469191604995357e-09,0
560,6.1770526044649306e-09,1.1582489102910928e-06,-1.2410726044649308e-09,0
561,1.2811730675041383e-08,1.1582489102910928e-06,-3.989490675041383e-09,0
562,2.4134254743703975e-08,1.1582489102910928e-06,-9.335454743703977e-09,0
563,3.330873310472436e-08,1.1582489102910928e-06,-1.216533104724358e-09,0
564,3.732152142889669e-08,1.1582489102910928e-06,2.7438378571103308e-08,0
565,4.1827143643839786e-08,1.1582489102910928e-06,4.543795635616023e-08,0
566,4.852981907937409e-08,1.1582489102910928e-06,2.6759680920625903e-08,0
567,4.6689419979845496e-08,1.1582489102910928e-06,8.758800201545092e-10,0
568,3.1376545137068e-08,1.1582489102910928e-06,-4.7091451370679924e-09,0
569,1.3968817273443388e-08,1.1582489102910928e-06,2.488827265566105e-10,0
570,3.78712826326996e-09,1.1582489102910928e-06,2.7908917367300396e-09,0
571,5.819268462425022e-10,1.1582489102910928e-06,1.919513153757498e-09,0
572,6.44840138691789e-11,1.1582489102910928e-06,7.581169861308212e-10,0
573,9.259038019992688e-12,1.1582489102910928e-06,2.475599619800073e-10,0
574,2.8249427963589936e-12,1.1582489102910928e-06,1.5771305720364095e-10,0
575,2.6589899610390308e-12,1.1582489102910928e-06,1.6286501003896096e-10,0
576,8.573361441308031e-08,1.1582489102910928e-06,-7.87389944130803e-08,1
577,3.55300432587816e-07,1.1582489102910928e-06,-3.3421143258781596e-07,1
578,8.867402007943859e-07,1.1582489102910928e-06,-8.448040007943859e-07,1
579,1.2960407279819865e-06,1.1582489102910928e-06,-1.2390261279819864e-06,1
580,1.0967965517032308e-06,1.1582489102910928e-06,-1.0423489517032309e-06,1
581,5.460787932071729e-07,1.1582489102910928e-06,-5.046100932071729e-07,1
582,1.6996913518538255e-07,1.1582489102910928e-06,-1.3698533518538256e-07,1
583,3.759005562500521e-08,1.1582489102910928e-06,-5.921255625005213e-09,0
584,6.9756210614339355e-09,1.1582489102910928e-06,2.2237978938566064e-08,0
585,1.378935556397913e-09,1.1582489102910928e-06,2.006196444360209e-08,0
586,1.252039600227986e-09,1.1582489102910928e-06,1.0959860399772015e-08,0
587,4.4428880670643964e-09,1.1582489102910928e-06,1.6998819329356047e-09,0
588,1.2738447106074288e-08,1.1582489102910928e-06,-7.777677106074288e-09,1
589,2.6042024203869657e-08,1.1582489102910928e-06,-1.7257704203869657e-08,1
590,4.465004052602077e-08,1.1582489102910928e-06,-2.3972440526020767e-08,1
591,6.742883099456232e-08,1.1582489102910928e-06,-2.0331030994562318e-08,0
592,9.919817545426248e-08,1.1582489102910928e-06,-1.0766675454262491e-08,0
593,1.5889391006846635e-07,1.1582489102910928e-06,-2.0357910068466355e-08,0
594,2.339045147267755e-07,1.1582489102910928e-06,-1.0799514726775499e-08,0
595,2.795395579339317e-07,1.1582489102910928e-06,1.0004744206606829e-07,0
596,2.6243092152533863e-07,1.1582489102910928e-06,2.588440784746613e-07,0
597,1.853357597969108e-07,1.1582489102910928e-06,3.0292524020308914e-07,0
598,1.0894708218232785e-07,1.1582489102910928e-06,1.9894891781767215e-07,0
599,7.266344453444836e-08,1.1582489102910928e-06,7.502255546555163e-08,0
600,4.7824911354649785e-08,1.1582489102910928e-06,2.0779088645350212e-08,0
601,2.0477149323281093e-08,1.1582489102910928e-06,1.4950850676718912e-08,0
602,5.591896881319678e-09,1.1582489102910928e-06,1.328870311868032e-08,0
603,1.6674350360167585e-09,1.1582489102910928e-06,7.564324963983241e-09,0
604,5.708416756905778e-10,1.1582489102910928e-06,3.5147483243094224e-09,0
605,2.404733599845576e-10,1.1582489102910928e-06,2.7139566400154426e-09,0
606,2.735844834906812e-10,1.1582489102910928e-06,3.8018355165093186e-09,0
607,3.0009745377653857e-10,1.1582489102910928e-06,4.200812546223461e-09,0
608,3.4530759800781365e-07,1.1582489102910928e-06,-2.6297179800781366e-07,1
609,1.112087143311286e-06,1.1582489102910928e-06,-8.927171433112861e-07,1
610,2.1066719087905996e-06,1.1582489102910928e-06,-1.7308499087905996e-06,1
611,2.356004025370517e-06,1.1582489102910928e-06,-1.922402025370517e-06,1
612,1.6002139994747806e-06,1.1582489102910928e-06,-1.2420459994747806e-06,1
613,7.212822451616038e-07,1.1582489102910928e-06,-4.866982451616037e-07,1
614,2.523120008525577e-07,1.1582489102910928e-06,-1.1309000085255768e-07,0
615,7.634200802156079e-08,1.1582489102910928e-06,8.855291978439222e-09,0
616,2.2748211800227863e-08,1.1582489102910928e-06,3.160618819977214e-08,0
617,1.5303191663198994e-08,1.1582489102910928e-06,2.001670833680101e-08,0
618,3.1838346059661164e-08,1.1582489102910928e-06,-3.776546059661165e-09,0
619,8.299551506522265e-08,1.1582489102910928e-06,-4.766631506522265e-08,1
620,1.8158661631336514e-07,1.1582489102910928e-06,-1.1731391631336513e-07,1
621,3.321121596172975e-07,1.1582489102910928e-06,-1.9791215961729752e-07,1
622,5.227205599792367e-07,1.1582489102910928e-06,-2.483155599792367e-07,1
623,7.359031846755424e-07,1.1582489102910928e-06,-2.3299018467554234e-07,0
624,1.0458072361065618e-06,1.1582489102910928e-06,-2.473052361065618e-07,0
625,1.4271481770562631e-06,1.1582489102910928e-06,-2.7861817705626326e-07,0
626,1.6066837781108087e-06,1.1582489102910928e-06,2.8306221889191282e-08,0
627,1.4344506441478503e-06,1.1582489102910928e-06,7.074893558521497e-07,0
628,9.962122982529543e-07,1.1582489102910928e-06,1.1648577017470456e-06,0
629,5.198566211093582e-07,1.1582489102910928e-06,1.000723378890642e-06,1
630,2.3043963109340548e-07,1.1582489102910928e-06,5.336883689065946e-07,1
631,1.1760931343499875e-07,1.1582489102910928e-06,2.1718168656500128e-07,0
632,6.011911787737273e-08,1.1582489102910928e-06,1.0915188212262726e-07,0
633,2.6059149504674637e-08,1.1582489102910928e-06,7.640485049532536e-08,0
634,1.4820553663070119e-08,1.1582489102910928e-06,4.9100246336929876e-08,0
635,8.853596755560709e-09,1.1582489102910928e-06,2.8168003244439288e-08,0
636,5.276633756835186e-09,1.1582489102910928e-06,2.1373766243164817e-08,0
637,6.664561932540662e-09,1.1582489102910928e-06,3.071733806745934e-08,0
638,9.149102706333806e-09,1.1582489102910928e-06,4.823129729366619e-08,0
639,8.971989650250982e-09,1.1582489102910928e-06,5.101871034974901e-08,0
640,7.806134479523497e-07,1.1582489102910928e-06,-2.354014479523497e-07,1
641,1.8675410989492642e-06,1.1582489102910928e-06,-6.361810989492641e-07,1
642,2.718046990278408e-06,1.1582489102910928e-06,-9.56686990278408e-07,1
643,2.5552375872301086e-06,1.1582489102910928e-06,-8.463475872301086e-07,1
644,1.7088439602799243e-06,1.1582489102910928e-06,-4.960139602799245e-07,0
645,9.137298768718527e-07,1.1582489102910928e-06,-2.2652987687185274e-07,0
646,4.0082465732869406e-07,1.1582489102910928e-06,-5.601365732869406e-08,0
647,1.5056216546472834e-07,1.1582489102910928e-06,2.164683453527166e-08,0
648,8.986713688081403e-08,1.1582489102910928e-06,7.832963119185979e-09,0
649,1.496145956156725e-07,1.1582489102910928e-06,-6.81919956156725e-08,0
650,3.5383727754273135e-07,1.1582489102910928e-06,-2.2700627754273135e-07,1
651,7.514244464482748e-07,1.1582489102910928e-06,-4.878784464482748e-07,1
652,1.358139883704799e-06,1.1582489102910928e-06,-8.167368837047991e-07,1
653,2.180999720813699e-06,1.1582489102910928e-06,-1.1452997208136991e-06,1
654,3.1551844381825817e-06,1.1582489102910928e-06,-1.3506644381825818e-06,1
655,4.334310609911367e-06,1.1582489102910928e-06,-1.5079706099113666e-06,0
656,5.73337191634667e-06,1.1582489102910928e-06,-1.8047819163466695e-06,0
657,6.45978236752274e-06,1.1582489102910928e-06,-1.5467923675227397e-06,0
658,5.674965772325358e-06,1.1582489102910928e-06,-2.8577232535750483e-10,0
659,3.894673024653059e-06,1.1582489102910928e-06,1.8111469753469415e-06,0
660,2.124051722895236e-06,1.1582489102910928e-06,2.3095882771047644e-06,1
661,9.317245255799295e-07,1.1582489102910928e-06,1.5727254744200704e-06,1
662,3.4722446097106805e-07,1.1582489102910928e-06,7.81075539028932e-07,1
663,1.2689790417472895e-07,1.1582489102910928e-06,4.216300958252711e-07,0
664,5.518882589706216e-08,1.1582489102910928e-06,2.9364317410293785e-07,0
665,4.140072577464387e-08,1.1582489102910928e-06,2.1360327422535613e-07,0
666,4.218489600601131e-08,1.1582489102910928e-06,1.444391039939887e-07,0
667,4.0940147536832725e-08,1.1582489102910928e-06,1.0202585246316726e-07,0
668,5.2889122485330454e-08,1.1582489102910928e-06,1.1860987751466953e-07,0
669,7.816167208110605e-08,1.1582489102910928e-06,2.1808532791889396e-07,0
670,9.191792501198367e-08,1.1582489102910928e-06,3.227590749880164e-07,0
671,7.681579572433258e-08,1.1582489102910928e-06,2.9003120427566744e-07,0
672,1.1806747240428611e-06,1.1582489102910928e-06,5.186652759571391e-07,0
673,2.366758809504346e-06,1.1582489102910928e-06,8.489411904956538e-07,0
674,3.1429096125059787e-06,1.1582489102910928e-06,7.45850387494021e-07,0
675,3.000056623239232e-06,1.1582489102910928e-06,2.621333767607681e-07,0
676,2.192047247118607e-06,1.1582489102910928e-06,-1.488472471186072e-07,0
677,1.240067370975892e-06,1.1582489102910928e-06,-2.0401737097589205e-07,0
678,5.357384008647558e-07,1.1582489102910928e-06,-6.716240086475584e-08,0
679,2.350397802381812e-07,1.1582489102910928e-06,-1.521678023818121e-08,0
680,2.832539481139723e-07,1.1582489102910928e-06,-1.309039481139723e-07,0
681,7.083113236325927e-07,1.1582489102910928e-06,-4.817983236325927e-07,1
682,1.6106982749786462e-06,1.1582489102910928e-06,-1.1062422749786461e-06,1
683,2.9307336317689237e-06,1.1582489102910928e-06,-1.8313536317689238e-06,1
684,4.6087550913219975e-06,1.1582489102910928e-06,-2.4512350913219973e-06,1
685,6.715056091849789e-06,1.1582489102910928e-06,-2.9235860918497887e-06,1
686,9.337977118489257e-06,1.1582489102910928e-06,-3.3754971184892564e-06,1
687,1.2516862490331684e-05,1.1582489102910928e-06,-4.191602490331684e-06,1
688,1.4841530863427121e-05,1.1582489102910928e-06,-4.7855308634271215e-06,1
689,1.3879929478723237e-05,1.1582489102910928e-06,-3.387829478723236e-06,1
690,9.87738273380743e-06,1.1582489102910928e-06,-2.2711273380743017e-07,0
691,5.503527050170748e-06,1.1582489102910928e-06,2.0650829498292535e-06,1
692,2.5176101376541933e-06,1.1582489102910928e-06,2.165769862345807e-06,1
693,9.617008864677255e-07,1.1582489102910928e-06,1.3112791135322744e-06,1
694,3.032667578317924e-07,1.1582489102910928e-06,7.550832421682076e-07,1
695,8.99065689010831e-08,1.1582489102910928e-06,5.678544310989168e-07,0
696,5.1211921355243607e-08,1.1582489102910928e-06,4.811210786447565e-07,0
697,7.657500709306918e-08,1.1582489102910928e-06,3.8611099290693084e-07,0
698,1.252651763079435e-07,1.1582489102910928e-06,2.7347782369205644e-07,0
699,1.906764552371128e-07,1.1582489102910928e-06,2.1657854476288717e-07,0
700,2.750203203029653e-07,1.1582489102910928e-06,3.711156796970348e-07,0
701,3.395328855641766e-07,1.1582489102910928e-06,7.382871144358236e-07,0
702,3.2707057073856877e-07,1.1582489102910928e-06,9.615594292614311e-07,0
703,2.306386440105688e-07,1.1582489102910928e-06,7.393233559894312e-07,1
704,1.393159896133161e-06,1.1582489102910928e-06,1.016330103866839e-06,1
705,2.6600809277084547e-06,1.1582489102910928e-06,1.2937790722915446e-06,0
706,3.536450028113725e-06,1.1582489102910928e-06,7.460899718862752e-07,0
707,3.4773826046968057e-06,1.1582489102910928e-06,-1.4634260469680546e-07,0
708,2.5628202579829165e-06,1.1582489102910928e-06,-5.881702579829162e-07,0
709,1.386229056326122e-06,1.1582489102910928e-06,-4.4149805632612194e-07,0
710,5.541581760892416e-07,1.1582489102910928e-06,-1.4852117608924163e-07,0
711,2.777169819021804e-07,1.1582489102910928e-06,-6.616498190218037e-08,0
712,5.516916779558054e-07,1.1582489102910928e-06,-3.266916779558054e-07,1
713,1.500402214303459e-06,1.1582489102910928e-06,-1.040622214303459e-06,1
714,3.110909433692115e-06,1.1582489102910928e-06,-2.062559433692115e-06,1
715,5.116918029971762e-06,1.1582489102910928e-06,-2.9344180299717622e-06,1
716,7.497402230784506e-06,1.1582489102910928e-06,-3.4631222307845053e-06,1
717,1.0513550959082725e-05,1.1582489102910928e-06,-3.846290959082724e-06,1
718,1.4575371478742136e-05,1.1582489102910928e-06,-4.637931478742137e-06,1
719,1.8918091308766704e-05,1.1582489102910928e-06,-6.051191308766704e-06,1
720,2.0135228415176543e-05,1.1582489102910928e-06,-6.363328415176542e-06,1
721,1.610785107337312e-05,1.1582489102910928e-06,-3.9103510733731194e-06,1
722,9.577064554344446e-06,1.1582489102910928e-06,-3.618545543444459e-07,0
723,4.423814228112295e-06,1.1582489102910928e-06,1.4236557718877051e-06,1
724,1.6925228634348037e-06,1.1582489102910928e-06,1.2920971365651962e-06,1
725,5.49412697708953e-07,1.1582489102910928e-06,7.607073022910471e-07,1
726,1.5563561657370234e-07,1.1582489102910928e-06,5.301093834262977e-07,0
727,5.3823351422057977e-08,1.1582489102910928e-06,4.98507648577942e-07,0
728,5.814097158630236e-08,1.1582489102910928e-06,4.849080284136977e-07,0
729,1.3633818643927115e-07,1.1582489102910928e-06,3.982948135607288e-07,0
730,2.919123985631591e-07,1.1582489102910928e-06,2.423496014368409e-07,0
731,4.943394386956399e-07,1.1582489102910928e-06,2.0170156130436018e-07,0
732,6.458639438443637e-07,1.1582489102910928e-06,5.197760561556362e-07,0
733,6.464309126716868e-07,1.1582489102910928e-06,1.0565790873283132e-06,0
734,5.16371012677276e-07,1.1582489102910928e-06,1.2477689873227242e-06,1
735,3.2582524706276934e-07,1.1582489102910928e-06,8.562347529372308e-07,1
736,1.0915442388491395e-06,1.1582489102910928e-06,7.020457611508605e-07,0
737,2.0429811863255685e-06,1.1582489102910928e-06,6.865988136744311e-07,0
738,2.848288024627856e-06,1.1582489102910928e-06,2.712197537214383e-08,0
739,3.033089593158715e-06,1.1582489102910928e-06,-7.88279593158715e-07,0
740,2.380097772474225e-06,1.1582489102910928e-06,-1.0490977724742247e-06,1
741,1.323426349245983e-06,1.1582489102910928e-06,-6.999063492459829e-07,1
742,5.329972466485571e-07,1.1582489102910928e-06,-2.573332466485571e-07,1
743,2.765934478468205e-07,1.1582489102910928e-06,-9.967444784682048e-08,0
744,5.669405368328114e-07,1.1582489102910928e-06,-3.281255368328114e-07,1
745,1.4418838710909615e-06,1.1582489102910928e-06,-9.464688710909616e-07,1
746,2.791999507146072e-06,1.1582489102910928e-06,-1.7214995071460719e-06,1
747,4.462880180861456e-06,1.1582489102910928e-06,-2.330250180861456e-06,1
748,6.548316354821579e-06,1.1582489102910928e-06,-2.699146354821579e-06,1
749,9.486394840728952e-06,1.1582489102910928e-06,-2.9878748407289523e-06,1
750,1.3635619777742571e-05,1.1582489102910928e-06,-3.6925497777425703e-06,1
751,1.726148352259194e-05,1.1582489102910928e-06,-4.797083522591939e-06,1
752,1.6761044739363792e-05,1.1582489102910928e-06,-4.6949447393637925e-06,1
753,1.1652107145522238e-05,1.1582489102910928e-06,-2.4111371455222382e-06,1
754,5.8165171930190355e-06,1.1582489102910928e-06,8.352280698096501e-08,0
755,2.2404229027072683e-06,1.1582489102910928e-06,8.895170972927318e-07,1
756,7.521858314965589e-07,1.1582489102910928e-06,5.95204168503441e-07,1
757,2.4413630353010694e-07,1.1582489102910928e-06,2.97142696469893e-07,1
758,8.127766417729597e-08,1.1582489102910928e-06,2.3959333582270406e-07,0
759,3.9309802675281634e-08,1.1582489102910928e-06,2.751151973247184e-07,0
760,6.865942702313548e-08,1.1582489102910928e-06,2.8528057297686455e-07,0
761,1.9271550306514995e-07,1.1582489102910928e-06,2.0575749693485002e-07,0
762,4.362249622454094e-07,1.1582489102910928e-06,4.6832037754590664e-08,0
763,7.09325990090509e-07,1.1582489102910928e-06,6.0100099094910575e-09,0
764,8.078781265159031e-07,1.1582489102910928e-06,3.113818734840969e-07,0
765,6.76173357643912e-07,1.1582489102910928e-06,7.708166423560878e-07,0
766,4.617200244932827e-07,1.1582489102910928e-06,9.006099755067173e-07,1
767,2.5064091861722764e-07,1.1582489102910928e-06,6.014870813827724e-07,1
768,5.561031280759948e-07,1.1582489102910928e-06,4.138428719240052e-07,0
769,1.1703315320638494e-06,1.1582489102910928e-06,3.2255846793615044e-07,0
770,1.9020171547633801e-06,1.1582489102910928e-06,-2.860071547633802e-07,0
771,2.2588218783999717e-06,1.1582489102910928e-06,-9.763318783999718e-07,1
772,1.885694315681757e-06,1.1582489102910928e-06,-1.1260263156817569e-06,1
773,1.0811114216041409e-06,1.1582489102910928e-06,-7.186834216041408e-07,1
774,4.274004170241171e-07,1.1582489102910928e-06,-2.5398641702411713e-07,1
775,1.8669442544675508e-07,1.1582489102910928e-06,-6.691842544675508e-08,0
776,3.259064405244292e-07,1.1582489102910928e-06,-1.7426844052442922e-07,1
777,8.30042726031453e-07,1.1582489102910928e-06,-5.507967260314529e-07,1
778,1.703238461361734e-06,1.1582489102910928e-06,-1.127228461361734e-06,1
779,2.8947132478952154e-06,1.1582489102910928e-06,-1.7106332478952156e-06,1
780,4.4059837829463235e-06,1.1582489102910928e-06,-2.0169337829463235e-06,1
781,6.519638576159243e-06,1.1582489102910928e-06,-1.965398576159242e-06,1
782,9.203802502826727e-06,1.1582489102910928e-06,-2.0076225028267268e-06,1
783,1.0754829229407564e-05,1.1582489102910928e-06,-2.308569229407563e-06,1
784,9.212384091962656e-06,1.1582489102910928e-06,-1.995654091962656e-06,1
785,5.531270183632858e-06,1.1582489102910928e-06,-7.814801836328571e-07,0
786,2.3877949941137274e-06,1.1582489102910928e-06,1.9329500588627292e-07,0
787,8.415088531192901e-07,1.1582489102910928e-06,3.2957114688070985e-07,0
788,3.100205809977077e-07,1.1582489102910928e-06,1.3687141900229228e-07,0
789,1.3540000961211714e-07,1.1582489102910928e-06,4.4028990387882876e-08,0
790,6.682626029327736e-08,1.1582489102910928e-06,5.625073970672265e-08,0
791,4.5986939077460135e-08,1.1582489102910928e-06,8.712306092253987e-08,0
792,8.501368695388166e-08,1.1582489102910928e-06,8.173931304611835e-08,0
793,2.204221375020649e-07,1.1582489102910928e-06,3.999862497935106e-09,0
794,4.480706257983572e-07,1.1582489102910928e-06,-1.2381962579835722e-07,0
795,6.559673088991394e-07,1.1582489102910928e-06,-1.5484130889913935e-07,0
796,6.829273304903511e-07,1.1582489102910928e-06,4.9941669509648927e-08,0
797,5.168739714393326e-07,1.1582489102910928e-06,3.6202602856066737e-07,0
798,2.952644041948607e-07,1.1582489102910928e-06,4.963095958051393e-07,1
799,1.212990207145775e-07,1.1582489102910928e-06,3.635999792854225e-07,1
800,2.5127521912123803e-07,1.1582489102910928e-06,3.61511780878762e-07,0
801,6.415831012684357e-07,1.1582489102910928e-06,3.2468889873156436e-07,0
802,1.1280993786516831e-06,1.1582489102910928e-06,-9.7039378651683e-08,0
803,1.3639616703594698e-06,1.1582489102910928e-06,-5.839486703594699e-07,1
804,1.1242349002215543e-06,1.1582489102910928e-06,-6.882089002215543e-07,1
805,5.974101769150104e-07,1.1582489102910928e-06,-4.0021017691501037e-07,1
806,2.0067457856397377e-07,1.1582489102910928e-06,-1.0766447856397377e-07,1
807,9.131725012215356e-08,1.1582489102910928e-06,-2.462965012215355e-08,0
808,2.484262761833147e-07,1.1582489102910928e-06,-1.727994761833147e-07,1
809,7.652706582032148e-07,1.1582489102910928e-06,-6.462936582032148e-07,1
810,1.7203636420993217e-06,1.1582489102910928e-06,-1.4795346420993217e-06,1
811,2.8498720399720435e-06,1.1582489102910928e-06,-2.2945430399720438e-06,1
812,3.6807735287741653e-06,1.1582489102910928e-06,-2.390763528774165e-06,1
813,4.26818745663812e-06,1.1582489102910928e-06,-1.7007274566381205e-06,1
814,4.841498205895947e-06,1.1582489102910928e-06,-1.047688205895947e-06,1
815,4.760510438955208e-06,1.1582489102910928e-06,-8.395904389552082e-07,1
816,3.5525048556279146e-06,1.1582489102910928e-06,-6.633948556279148e-07,1
817,1.9369691140765856e-06,1.1582489102910928e-06,-2.952091140765857e-07,0
818,8.41919520492339e-07,1.1582489102910928e-06,-5.453352049233897e-08,0
819,4.0632018821699327e-07,1.1582489102910928e-06,-7.093618821699323e-08,0
820,2.7347382311966354e-07,1.1582489102910928e-06,-1.3599882311966354e-07,1
821,1.962870433132528e-07,1.1582489102910928e-06,-1.276624433132528e-07,1
822,1.2297019602241026e-07,1.1582489102910928e-06,-7.141589602241026e-08,1
823,7.807876116550317e-08,1.1582489102910928e-06,-2.538186116550317e-08,0
824,9.559740107183768e-08,1.1582489102910928e-06,-2.8519601071837673e-08,0
825,1.8197353371004862e-07,1.1582489102910928e-06,-7.801853371004861e-08,0
826,3.234010314151091e-07,1.1582489102910928e-06,-1.5439003141510912e-07,0
827,4.6175990594489755e-07,1.1582489102910928e-06,-1.9513190594489755e-07,0
828,4.700433126971855e-07,1.1582489102910928e-06,-8.522131269718553e-08,0
829,3.200719793089093e-07,1.1582489102910928e-06,1.4797202069109073e-07,0
830,1.4759615233310324e-07,1.1582489102910928e-06,2.978358476668967e-07,0
831,4.654757763180198e-08,1.1582489102910928e-06,2.49921422368198e-07,1
832,1.1478701766700261e-07,1.1582489102910928e-06,4.0373898233299745e-07,1
833,3.026948472872357e-07,1.1582489102910928e-06,4.922771527127644e-07,0
834,5.233771667838655e-07,1.1582489102910928e-06,2.696508332161345e-07,0
835,6.009600278012368e-07,1.1582489102910928e-06,-6.106202780123677e-08,0
836,4.3578259468072633e-07,1.1582489102910928e-06,-1.7266059468072634e-07,1
837,1.90096159318021e-07,1.1582489102910928e-06,-8.811415931802102e-08,1
838,5.9500351128656304e-08,1.1582489102910928e-06,-1.6428551128656298e-08,0
839,7.550266776977284e-08,1.1582489102910928e-06,-4.532216776977284e-08,1
840,2.916555758138664e-07,1.1582489102910928e-06,-2.565484758138664e-07,1
841,8.686899674204159e-07,1.1582489102910928e-06,-8.103896674204159e-07,1
842,1.794851186319101e-06,1.1582489102910928e-06,-1.673729186319101e-06,1
843,2.5197242644020308e-06,1.1582489102910928e-06,-2.2298372644020305e-06,1
844,2.4992548448928448e-06,1.1582489102910928e-06,-1.833494844892845e-06,1
845,2.120145363779114e-06,1.1582489102910928e-06,-9.251653637791143e-07,1
846,1.8881924187922276e-06,1.1582489102910928e-06,-3.8152241879222767e-07,1
847,1.6226789284205715e-06,1.1582489102910928e-06,-3.058189284205715e-07,1
848,1.190766684943314e-06,1.1582489102910928e-06,-3.417766849433141e-07,1
849,8.042045608837262e-07,1.1582489102910928e-06,-3.5225156088372614e-07,1
850,6.462934255374502e-07,1.1582489102910928e-06,-4.233644255374502e-07,1
851,6.176690906746532e-07,1.1582489102910928e-06,-5.065110906746532e-07,1
852,5.148262679645156e-07,1.1582489102910928e-06,-4.559736679645156e-07,1
853,3.306296917081784e-07,1.1582489102910928e-06,-2.957950917081784e-07,1
854,1.69701842646479e-07,1.1582489102910928e-06,-1.44300742646479e-07,1
855,8.234222836312304e-08,1.1582489102910928e-06,-5.901832836312304e-08,1
856,6.562170314471653e-08,1.1582489102910928e-06,-3.502320314471653e-08,0
857,1.0442881693905316e-07,1.1582489102910928e-06,-5.496411693905316e-08,0
858,1.8787649138443047e-07,1.1582489102910928e-06,-1.0893359138443047e-07,1
859,2.7201243205253864e-07,1.1582489102910928e-06,-1.4230243205253865e-07,1
860,2.7270090314136725e-07,1.1582489102910928e-06,-6.589390314136724e-08,0
861,1.9081279149865636e-07,1.1582489102910928e-06,9.767920850134366e-08,0
862,1.0129334258273935e-07,1.1582489102910928e-06,2.136226574172606e-07,1
863,4.503333741420573e-08,1.1582489102910928e-06,1.8795466258579426e-07,1
864,4.5521254427365374e-08,1.1582489102910928e-06,4.326357455726346e-07,1
865,1.1138149223563234e-07,1.1582489102910928e-06,5.797015077643676e-07,1
866,1.731505000755696e-07,1.1582489102910928e-06,4.6231449992443035e-07,0
867,1.784338511833003e-07,1.1582489102910928e-06,2.169461488166997e-07,0
868,1.2254394590548606e-07,1.1582489102910928e-06,5.803805409451394e-08,0
869,5.809026849060807e-08,1.1582489102910928e-06,1.1870731509391927e-08,0
870,2.636381403228965e-08,1.1582489102910928e-06,2.720785967710346e-09,0
871,4.942828731234623e-08,1.1582489102910928e-06,-3.171628731234623e-08,1
872,1.8478097843570712e-07,1.1582489102910928e-06,-1.639986784357071e-07,1
873,5.19801319012515e-07,1.1582489102910928e-06,-4.82484819012515e-07,1
874,9.742639389732876e-07,1.1582489102910928e-06,-8.905197389732877e-07,1
875,1.1748518148573848e-06,1.1582489102910928e-06,-9.676948148573849e-07,1
876,9.763891930709659e-07,1.1582489102910928e-06,-5.497911930709658e-07,1
877,7.270257821488898e-07,1.1582489102910928e-06,-1.129067821488897e-07,0
878,6.330840155558229e-07,1.1582489102910928e-06,-3.4848015555822885e-08,0
879,6.61771209220044e-07,1.1582489102910928e-06,-2.39108209220044e-07,1
880,7.906026581963931e-07,1.1582489102910928e-06,-5.394806581963931e-07,1
881,9.744214794627695e-07,1.1582489102910928e-06,-8.293214794627695e-07,1
882,1.0899985501268586e-06,1.1582489102910928e-06,-1.0043586501268586e-06,1
883,9.89748564707415e-07,1.1582489102910928e-06,-9.37855364707415e-07,1
884,7.044222200204528e-07,1.1582489102910928e-06,-6.733645200204528e-07,1
885,4.131052117143839e-07,1.1582489102910928e-06,-3.944976117143839e-07,1
886,2.1037896860446942e-07,1.1582489102910928e-06,-1.961285686044694e-07,1
887,9.910720178064273e-08,1.1582489102910928e-06,-8.055880178064274e-08,1
888,6.103527042726178e-08,1.1582489102910928e-06,-3.158957042726178e-08,0
889,7.373186529611052e-08,1.1582489102910928e-06,-3.354686529611051e-08,0
890,1.2908786718090566e-07,1.1582489102910928e-06,-7.338976718090567e-08,1
891,2.1127336674717175e-07,1.1582489102910928e-06,-1.1227426674717175e-07,1
892,2.6979883492638024e-07,1.1582489102910928e-06,-8.448183492638022e-08,0
893,2.6325178425321996e-07,1.1582489102910928e-06,2.4957215746780075e-08,0
894,1.9532308768040146e-07,1.1582489102910928e-06,1.3468291231959852e-07,0
895,1.0519515936481044e-07,1.1582489102910928e-06,1.4672884063518955e-07,0
896,1.3020753641705148e-08,1.1582489102910928e-06,4.3407624635829485e-07,1
897,2.7024984993801284e-08,1.1582489102910928e-06,6.031420150061986e-07,1
898,4.074569635023279e-08,1.1582489102910928e-06,5.334293036497672e-07,1
899,4.7283333266864385e-08,1.1582489102910928e-06,3.190246667331356e-07,1
900,3.706085417889424e-08,1.1582489102910928e-06,1.4036414582110574e-07,0
901,1.816347280485655e-08,1.1582489102910928e-06,5.4421227195143445e-08,0
902,7.575138217147918e-09,1.1582489102910928e-06,2.131646178285208e-08,0
903,1.7194577617453703e-08,1.1582489102910928e-06,-1.8717776174537032e-09,0
904,7.56968742114606e-08,1.1582489102910928e-06,-6.045867421146059e-08,1
905,2.2316568648764314e-07,1.1582489102910928e-06,-1.9591718648764315e-07,1
906,3.980977426498677e-07,1.1582489102910928e-06,-3.1957104264986773e-07,1
907,4.3546012668424046e-07,1.1582489102910928e-06,-2.2101912668424048e-07,0
908,3.46473138565899e-07,1.1582489102910928e-06,4.6059861434101e-08,0
909,3.047965218028813e-07,1.1582489102910928e-06,1.3860047819711867e-07,0
910,4.1775770576999826e-07,1.1582489102910928e-06,-9.667270576999826e-08,0
911,7.104593379219136e-07,1.1582489102910928e-06,-5.319453379219136e-07,1
912,1.088167963635097e-06,1.1582489102910928e-06,-9.81657963635097e-07,1
913,1.3884521965951058e-06,1.1582489102910928e-06,-1.3114155965951057e-06,1
914,1.4562397823623772e-06,1.1582489102910928e-06,-1.3990644823623772e-06,1
915,1.2221217863696993e-06,1.1582489102910928e-06,-1.1832825863696993e-06,1
916,8.206550102174266e-07,1.1582489102910928e-06,-7.990398102174266e-07,1
917,4.633893953570514e-07,1.1582489102910928e-06,-4.507561953570514e-07,1
918,2.3440155212440013e-07,1.1582489102910928e-06,-2.1809575212440013e-07,1
919,1.1921337220813357e-07,1.1582489102910928e-06,-8.507637220813357e-08,1
920,7.15348233156861e-08,1.1582489102910928e-06,-6.797023315686091e-09,0
921,8.204657776264182e-08,1.1582489102910928e-06,1.3802822237358177e-08,0
922,1.813489461836061e-07,1.1582489102910928e-06,-5.1570946183606086e-08,0
923,3.7070430446992366e-07,1.1582489102910928e-06,-1.6443430446992368e-07,1
924,5.640099407097771e-07,1.1582489102910928e-06,-2.1299094070977705e-07,1
925,6.186760416128232e-07,1.1582489102910928e-06,-1.1078104161282316e-07,0
926,4.808209905497381e-07,1.1582489102910928e-06,6.7581009450262e-08,0
927,2.5345913549181717e-07,1.1582489102910928e-06,1.4936886450818284e-07,0
928,2.3427608553402405e-08,1.1582489102910928e-06,4.963943914465976e-07,0
929,4.006878571161028e-08,1.1582489102910928e-06,6.980562142883898e-07,0
930,3.653700940703873e-08,1.1582489102910928e-06,6.385419905929614e-07,0
931,1.9764608828489103e-08,1.1582489102910928e-06,4.113243911715109e-07,1
932,7.340323283207382e-09,1.1582489102910928e-06,2.014766767167926e-07,1
933,2.077379363942179e-09,1.1582489102910928e-06,8.009182063605781e-08,1
934,1.8309266759892966e-09,1.1582489102910928e-06,2.7471573324010705e-08,1
935,1.1818338981820526e-08,1.1582489102910928e-06,4.424361018179476e-09,0
936,5.421737131636332e-08,1.1582489102910928e-06,-3.098237131636332e-08,0
937,1.5034601632458177e-07,1.1582489102910928e-06,-9.813981632458178e-08,1
938,2.575135469247165e-07,1.1582489102910928e-06,-1.3363754692471647e-07,0
939,2.9799027776893586e-07,1.1582489102910928e-06,-4.825427776893585e-08,0
940,2.97285570524926e-07,1.1582489102910928e-06,6.050742947507399e-08,0
941,3.4479185309942505e-07,1.1582489102910928e-06,-9.744853099425053e-09,0
942,5.093218971398262e-07,1.1582489102910928e-06,-2.973718971398262e-07,0
943,7.934655433716224e-07,1.1582489102910928e-06,-6.819865433716225e-07,1
944,1.0944759121966155e-06,1.1582489102910928e-06,-1.0258221121966156e-06,1
945,1.3069643348824069e-06,1.1582489102910928e-06,-1.254291834882407e-06,1
946,1.3462017342650356e-06,1.1582489102910928e-06,-1.3060873342650356e-06,1
947,1.1299438749262726e-06,1.1582489102910928e-06,-1.1049120749262726e-06,1
948,7.521704333994537e-07,1.1582489102910928e-06,-7.389912333994538e-07,1
949,4.152510543948671e-07,1.1582489102910928e-06,-4.038993543948671e-07,1
950,2.1522872285309161e-07,1.1582489102910928e-06,-1.905270228530916e-07,1
951,1.1606315099673927e-07,1.1582489102910928e-06,-4.883025099673927e-08,0
952,8.127616323713365e-08,1.1582489102910928e-06,6.933883676286635e-08,0
953,1.550186543464801e-07,1.1582489102910928e-06,1.041893456535199e-07,0
954,3.9679463562818994e-07,1.1582489102910928e-06,-1.9876356281899453e-09,0
955,8.19987336933572e-07,1.1582489102910928e-06,-1.7429633693357188e-07,0
956,1.294284795888737e-06,1.1582489102910928e-06,-2.36514795888737e-07,0
957,1.5045305932421463e-06,1.1582489102910928e-06,-8.863059324214618e-08,0
958,1.2505644440652392e-06,1.1582489102910928e-06,1.2750555593476097e-07,0
959,7.305445404267673e-07,1.1582489102910928e-06,1.8147145957323272e-07,0
960,1.5123545703813743e-07,1.1582489102910928e-06,5.805685429618626e-07,0
961,1.874744858360244e-07,1.1582489102910928e-06,7.921155141639757e-07,0
962,1.1270639263108654e-07,1.1582489102910928e-06,7.163576073689135e-07,0
963,3.277608289093934e-08,1.1582489102910928e-06,4.6251091710906065e-07,1
964,4.643154311741637e-09,1.1582489102910928e-06,2.2467484568825835e-07,1
965,5.356094218643586e-10,1.1582489102910928e-06,8.585279057813564e-08,1
966,2.4443574684215708e-09,1.1582489102910928e-06,3.070814253157843e-08,1
967,1.5576140357565812e-08,1.1582489102910928e-06,1.7018059642434186e-08,0
968,5.938035018426603e-08,1.1582489102910928e-06,8.244749815733976e-09,0
969,1.4597644542135893e-07,1.1582489102910928e-06,-1.389744542135893e-08,0
970,2.462783788425044e-07,1.1582489102910928e-06,-3.175537884250437e-08,0
971,3.143078677043797e-07,1.1582489102910928e-06,-1.733086770437966e-08,0
972,3.461656440059915e-07,1.1582489102910928e-06,-1.4722644005991459e-08,0
973,3.741625681800655e-07,1.1582489102910928e-06,-9.248456818006549e-08,0
974,4.3893675066530494e-07,1.1582489102910928e-06,-2.4906675066530495e-07,1
975,5.527173572432687e-07,1.1582489102910928e-06,-4.347343572432687e-07,1
976,6.867117615361018e-07,1.1582489102910928e-06,-6.105825615361017e-07,1
977,8.026517371865442e-07,1.1582489102910928e-06,-7.528716371865441e-07,1
978,8.281667061873146e-07,1.1582489102910928e-06,-7.960027061873145e-07,1
979,7.03363587790124e-07,1.1582489102910928e-06,-6.81203887790124e-07,1
980,4.859560635023145e-07,1.1582489102910928e-06,-4.6740486350231455e-07,1
981,2.9010645493720564e-07,1.1582489102910928e-06,-2.692252549372056e-07,1
982,1.5604168381121873e-07,1.1582489102910928e-06,-1.1538668381121873e-07,1
983,7.915365326608302e-08,1.1582489102910928e-06,3.099534673391698e-08,0
984,9.563933755138557e-08,1.1582489102910928e-06,1.6856666244861443e-07,0
985,2.841748489097118e-07,1.1582489102910928e-06,2.3004515109028822e-07,0
986,7.762362712148491e-07,1.1582489102910928e-06,1.5273072878515085e-07,0
987,1.660237486785542e-06,1.1582489102910928e-06,3.760251321445813e-08,0
988,2.642009985070188e-06,1.1582489102910928e-06,1.2336001492981217e-07,0
989,3.0802555021188338e-06,1.1582489102910928e-06,3.7611449788116547e-07,0
990,2.630371876750039e-06,1.1582489102910928e-06,4.314881232499605e-07,0
991,1.5891079965907254e-06,1.1582489102910928e-06,2.211320034092747e-07,0
992,2.3394069250377087e-07,1.1582489102910928e-06,4.1249430749622913e-07,0
993,2.0863162888735498e-07,1.1582489102910928e-06,5.270503711126451e-07,0
994,8.90030498984527e-08,1.1582489102910928e-06,4.507989501015474e-07,0
995,1.8080405791221543e-08,1.1582489102910928e-06,2.701695942087785e-07,0
996,1.758706215720584e-09,1.1582489102910928e-06,1.1994929378427941e-07,1
997,4.2070626809393673e-10,1.1582489102910928e-06,4.394569373190607e-08,1
998,3.219096752497967e-09,1.1582489102910928e-06,2.2075603247502032e-08,0
999,1.6276073434832582e-08,1.1582489102910928e-06,2.7119926565167418e-08,0
1000,5.07279966441059e-08,1.1582489102910928e-06,3.71729033558941e-08,0
1001,1.1111877106942377e-07,1.1582489102910928e-06,3.207022893057623e-08,0
1002,1.7889817324150554e-07,1.1582489102910928e-06,1.4879826758494462e-08,0
1003,2.1329576849929234e-07,1.1582489102910928e-06,1.4840231500707655e-08,0
1004,2.0236998421638653e-07,1.1582489102910928e-06,2.285901578361348e-08,0
1005,1.8077766269999229e-07,1.1582489102910928e-06,-7.066269999230833e-11,0
1006,1.7786504677654752e-07,1.1582489102910928e-06,-5.5636046776547515e-08,0
1007,2.0777459226184652e-07,1.1582489102910928e-06,-1.301287922618465e-07,1
1008,2.627060902477677e-07,1.1582489102910928e-06,-2.1463739024776768e-07,1
1009,3.0659430141853664e-07,1.1582489102910928e-06,-2.7660820141853663e-07,1
1010,3.1726899723489123e-07,1.1582489102910928e-06,-2.962510972348912e-07,1
1011,2.8177441498551816e-07,1.1582489102910928e-06,-2.644008149855182e-07,1
1012,2.0653042916634274e-07,1.1582489102910928e-06,-1.9036842916634273e-07,1
1013,1.2484043914184753e-07,1.1582489102910928e-06,-1.0541233914184753e-07,1
1014,5.8455949482623754e-08,1.1582489102910928e-06,-1.7280049482623755e-08,0
1015,3.5402986388825245e-08,1.1582489102910928e-06,7.222001361117476e-08,0
1016,9.276184536672289e-08,1.1582489102910928e-06,1.552721546332771e-07,0
1017,3.236968383777472e-07,1.1582489102910928e-06,1.9477116162225287e-07,0
1018,8.886544519256382e-07,1.1582489102910928e-06,1.714655480743617e-07,0
1019,1.7694298053965355e-06,1.1582489102910928e-06,2.2446019460346476e-07,0
1020,2.5880833531228887e-06,1.1582489102910928e-06,4.3726664687711146e-07,0
1021,2.8582910875326077e-06,1.1582489102910928e-06,5.209489124673927e-07,0
1022,2.3209131141441053e-06,1.1582489102910928e-06,2.915568858558947e-07,0
1023,1.2565813523629291e-06,1.1582489102910928e-06,4.868864763707112e-08,0
