,E286K,max,diff,True
0,7.356055781924455e-07,1.1037076073884073e-06,6.793844218075545e-07,1
1,1.0128877872458042e-06,1.1037076073884073e-06,9.977522127541959e-07,1
2,7.094144210032587e-07,1.1037076073884073e-06,9.316755789967413e-07,1
3,2.601406038207193e-07,1.1037076073884073e-06,6.304143961792806e-07,1
4,5.210538875137216e-08,1.1037076073884073e-06,3.2490261124862783e-07,0
5,7.219028624344802e-09,1.1037076073884073e-06,1.3425397137565517e-07,0
6,5.852314154410686e-09,1.1037076073884073e-06,6.45820858455893e-08,1
7,1.52446896519777e-08,1.1037076073884073e-06,8.055941034802231e-08,0
8,3.0184155011171664e-08,1.1037076073884073e-06,1.6029184498882833e-07,0
9,5.89181646306093e-08,1.1037076073884073e-06,2.752258353693907e-07,0
10,1.3352185744324856e-07,1.1037076073884073e-06,3.755721425567514e-07,0
11,2.6354830254638944e-07,1.1037076073884073e-06,4.221246974536106e-07,0
12,3.8494692448078773e-07,1.1037076073884073e-06,4.1333207551921226e-07,0
13,4.2604379418178346e-07,1.1037076073884073e-06,3.6426420581821653e-07,0
14,3.6809463579666206e-07,1.1037076073884073e-06,3.06033364203338e-07,0
15,2.424470919188521e-07,1.1037076073884073e-06,2.669629080811479e-07,0
16,1.4216913481722214e-07,1.1037076073884073e-06,2.1192686518277783e-07,0
17,1.0364519693244669e-07,1.1037076073884073e-06,1.2921880306755333e-07,0
18,8.190081335317892e-08,1.1037076073884073e-06,5.89721866468211e-08,0
19,5.0762023893388194e-08,1.1037076073884073e-06,3.7174676106611805e-08,0
20,2.407898404467107e-08,1.1037076073884073e-06,5.857791595532892e-08,0
21,1.8444976021981484e-08,1.1037076073884073e-06,9.814502397801852e-08,0
22,4.398229978783652e-08,1.1037076073884073e-06,1.438347002121635e-07,0
23,1.4495242067351674e-07,1.1037076073884073e-06,1.7333557932648328e-07,0
24,4.501095339758559e-07,1.1037076073884073e-06,1.626684660241441e-07,0
25,1.214755740306363e-06,1.1037076073884073e-06,1.6564425969363685e-07,0
26,3.0101947880841342e-06,1.1037076073884073e-06,2.2433521191586544e-07,0
27,6.5388727409785306e-06,1.1037076073884073e-06,3.116072590214696e-07,0
28,1.1057083116080127e-05,1.1037076073884073e-06,7.209168839198724e-07,0
29,1.3792711885269669e-05,1.1037076073884073e-06,1.4734881147303307e-06,0
30,1.255648165167206e-05,1.1037076073884073e-06,1.6073183483279423e-06,0
31,8.039888285124547e-06,1.1037076073884073e-06,8.817717148754529e-07,0
32,2.566488974768168e-06,1.1037076073884073e-06,1.3168610252318317e-06,0
33,3.026973512388765e-06,1.1037076073884073e-06,1.7520364876112353e-06,1
34,1.8618193929974518e-06,1.1037076073884073e-06,1.5828606070025484e-06,1
35,6.267158203663626e-07,1.1037076073884073e-06,1.0663941796336372e-06,1
36,1.2655335397570923e-07,1.1037076073884073e-06,5.603476460242908e-07,0
37,2.5282203850649367e-08,1.1037076073884073e-06,2.602117961493506e-07,0
38,1.9969059029217496e-08,1.1037076073884073e-06,1.6709994097078253e-07,1
39,2.4871235770870352e-08,1.1037076073884073e-06,2.3561276422912966e-07,0
40,4.922000143065328e-08,1.1037076073884073e-06,4.3009499856934673e-07,0
41,1.465078268319573e-07,1.1037076073884073e-06,6.827141731680428e-07,0
42,3.646082821427171e-07,1.1037076073884073e-06,8.83571717857283e-07,0
43,6.984277889912572e-07,1.1037076073884073e-06,9.465522110087428e-07,0
44,1.0506967814910083e-06,1.1037076073884073e-06,8.836432185089918e-07,0
45,1.222270281430504e-06,1.1037076073884073e-06,8.19759718569496e-07,0
46,1.1006914609619544e-06,1.1037076073884073e-06,8.286185390380453e-07,0
47,8.67294317624333e-07,1.1037076073884073e-06,7.71985682375667e-07,0
48,7.854607128060924e-07,1.1037076073884073e-06,4.805492871939075e-07,0
49,7.883238688890891e-07,1.1037076073884073e-06,8.082513111091095e-08,0
50,6.390723253946918e-07,1.1037076073884073e-06,-9.902932539469172e-08,0
51,3.5662478302933493e-07,1.1037076073884073e-06,1.698121697066503e-08,0
52,1.5332720511821264e-07,1.1037076073884073e-06,2.1821379488178734e-07,0
53,1.1844748918228495e-07,1.1037076073884073e-06,3.8435351081771507e-07,0
54,2.3722796994652663e-07,1.1037076073884073e-06,4.962230300534734e-07,0
55,6.084404789286359e-07,1.1037076073884073e-06,5.263595210713642e-07,0
56,1.6475642514002986e-06,1.1037076073884073e-06,4.920857485997013e-07,0
57,4.554737985018292e-06,1.1037076073884073e-06,3.264320149817072e-07,0
58,1.1778657143263902e-05,1.1037076073884073e-06,-3.822571432639005e-07,0
59,2.474956322175961e-05,1.1037076073884073e-06,-1.672063221759608e-06,0
60,3.868367964628045e-05,1.1037076073884073e-06,-2.1364796462804516e-06,0
61,4.382812591314693e-05,1.1037076073884073e-06,-1.0585259131469301e-06,0
62,3.5708455124462346e-05,1.1037076073884073e-06,-1.214551244623494e-07,0
63,2.024186794034184e-05,1.1037076073884073e-06,-1.763679403418395e-07,0
64,4.760093260783148e-06,1.1037076073884073e-06,4.3428673921685196e-07,0
65,5.098885252092776e-06,1.1037076073884073e-06,7.557247479072243e-07,0
66,2.938081573300661e-06,1.1037076073884073e-06,9.682984266993397e-07,0
67,9.77220529286184e-07,1.1037076073884073e-06,8.465694707138161e-07,1
68,2.1002516292759508e-07,1.1037076073884073e-06,5.537828370724048e-07,1
69,4.43055981008995e-08,1.1037076073884073e-06,3.3709640189910053e-07,0
70,2.3829928056097532e-08,1.1037076073884073e-06,2.5591607194390246e-07,0
71,2.4516788446048237e-08,1.1037076073884073e-06,3.0857721155395173e-07,0
72,5.606152167861862e-08,1.1037076073884073e-06,5.101574783213814e-07,0
73,1.8923927252928714e-07,1.1037076073884073e-06,7.951347274707128e-07,0
74,5.465484446059532e-07,1.1037076073884073e-06,9.67771555394047e-07,0
75,1.2241174186525378e-06,1.1037076073884073e-06,8.911225813474621e-07,0
76,2.010874217755514e-06,1.1037076073884073e-06,7.700857822444858e-07,0
77,2.4369552574314235e-06,1.1037076073884073e-06,9.572647425685763e-07,0
78,2.431184813431505e-06,1.1037076073884073e-06,1.3175351865684947e-06,0
79,2.521999301783337e-06,1.1037076073884073e-06,1.193860698216663e-06,0
80,2.9734018002863657e-06,1.1037076073884073e-06,2.457781997136342e-07,0
81,3.0706761043780704e-06,1.1037076073884073e-06,-7.173061043780702e-07,0
82,2.2062199393480392e-06,1.1037076073884073e-06,-6.822299393480391e-07,1
83,1.0386796200720648e-06,1.1037076073884073e-06,1.5770379927935115e-08,0
84,3.969274043985599e-07,1.1037076073884073e-06,5.9948159560144e-07,1
85,3.5883728180728713e-07,1.1037076073884073e-06,8.99552718192713e-07,1
86,7.744549582836342e-07,1.1037076073884073e-06,9.247350417163659e-07,1
87,1.7815465884109836e-06,1.1037076073884073e-06,6.690934115890166e-07,0
88,4.288926993078827e-06,1.1037076073884073e-06,2.2737300692117316e-07,0
89,1.1019829718765635e-05,1.1037076073884073e-06,-6.185297187656336e-07,0
90,2.6332214198660292e-05,1.1037076073884073e-06,-2.70091419866029e-06,0
91,5.080535437540872e-05,1.1037076073884073e-06,-6.348154375408718e-06,1
92,7.296875727416255e-05,1.1037076073884073e-06,-9.138657274162552e-06,1
93,7.571029654129664e-05,1.1037076073884073e-06,-8.523596541296639e-06,1
94,5.6317155007423695e-05,1.1037076073884073e-06,-5.9399550074236925e-06,1
95,2.913324919091139e-05,1.1037076073884073e-06,-3.389949190911391e-06,1
96,5.374488911705763e-06,1.1037076073884073e-06,-8.245889117057629e-07,0
97,5.355607797712376e-06,1.1037076073884073e-06,-4.6287779771237597e-07,0
98,2.9656951439625912e-06,1.1037076073884073e-06,1.7140485603740879e-07,0
99,9.76349942750648e-07,1.1037076073884073e-06,4.608200572493522e-07,0
100,2.1074341507967586e-07,1.1037076073884073e-06,4.4408058492032416e-07,0
101,3.950023034040044e-08,1.1037076073884073e-06,3.573777696595996e-07,0
102,2.26506200405644e-08,1.1037076073884073e-06,2.762393799594356e-07,0
103,3.4169840668489125e-08,1.1037076073884073e-06,2.5971415933151084e-07,0
104,8.419863296991117e-08,1.1037076073884073e-06,3.5259936703008883e-07,0
105,2.892399664850409e-07,1.1037076073884073e-06,4.79225033514959e-07,0
106,8.831080874604523e-07,1.1037076073884073e-06,4.5467191253954774e-07,0
107,2.029968296945964e-06,1.1037076073884073e-06,2.0983170305403562e-07,0
108,3.4194257681659695e-06,1.1037076073884073e-06,7.449423183403038e-08,0
109,4.478734873154093e-06,1.1037076073884073e-06,4.7613512684590653e-07,0
110,5.196395537840288e-06,1.1037076073884073e-06,1.1388544621597119e-06,0
111,6.0694082195217385e-06,1.1037076073884073e-06,9.86381780478261e-07,0
112,6.7619809554765275e-06,1.1037076073884073e-06,-2.777109554765271e-07,0
113,5.97289427529757e-06,1.1037076073884073e-06,-1.1372842752975702e-06,0
114,3.6746684110908447e-06,1.1037076073884073e-06,-5.52108411090845e-07,0
115,1.5428998578731771e-06,1.1037076073884073e-06,5.674401421268231e-07,1
116,6.821045028471987e-07,1.1037076073884073e-06,1.2565754971528013e-06,1
117,1.0633966138556671e-06,1.1037076073884073e-06,1.380813386144333e-06,1
118,2.5191590424905314e-06,1.1037076073884073e-06,7.918909575094688e-07,0
119,5.159389658262776e-06,1.1037076073884073e-06,-5.330796582627764e-07,0
120,1.0200601840295582e-05,1.1037076073884073e-06,-1.9985718402955833e-06,1
121,2.11822426725462e-05,1.1037076073884073e-06,-3.1309426725461988e-06,1
122,4.246323690496204e-05,1.1037076073884073e-06,-4.623336904962044e-06,1
123,7.131702074311788e-05,1.1037076073884073e-06,-7.2265207431178855e-06,1
124,9.121319596895132e-05,1.1037076073884073e-06,-9.062695968951322e-06,1
125,8.586095938440639e-05,1.1037076073884073e-06,-8.456559384406392e-06,1
126,5.882990791624536e-05,1.1037076073884073e-06,-6.330907916245368e-06,1
127,2.8275591784970063e-05,1.1037076073884073e-06,-3.6582917849700645e-06,1
128,4.131898763557946e-06,1.1037076073884073e-06,-8.02778763557946e-07,0
129,3.970748282520318e-06,1.1037076073884073e-06,-4.763982825203185e-07,0
130,2.122374884322829e-06,1.1037076073884073e-06,8.636511567717141e-08,0
131,6.777416993421122e-07,1.1037076073884073e-06,3.909883006578876e-07,0
132,1.4287220928889975e-07,1.1037076073884073e-06,4.437917907111002e-07,0
133,2.7589443463828223e-08,1.1037076073884073e-06,3.775825565361718e-07,0
134,2.4850588698450285e-08,1.1037076073884073e-06,2.648364113015497e-07,0
135,6.544723484613645e-08,1.1037076073884073e-06,1.6366676515386354e-07,0
136,1.6826972209246694e-07,1.1037076073884073e-06,1.2197527790753307e-07,0
137,4.7008703196907883e-07,1.1037076073884073e-06,1.126659680309212e-07,0
138,1.3641549034962558e-06,1.1037076073884073e-06,-5.1914903496255895e-08,0
139,3.223530213065107e-06,1.1037076073884073e-06,-5.17910213065107e-07,0
140,5.864559619222877e-06,1.1037076073884073e-06,-1.0241896192228772e-06,0
141,8.476104756814004e-06,1.1037076073884073e-06,-8.60924756814003e-07,0
142,1.0299397383872698e-05,1.1037076073884073e-06,1.345026161273026e-07,0
143,1.1009373763697803e-05,1.1037076073884073e-06,7.913262363021953e-07,0
144,1.0030120943941184e-05,1.1037076073884073e-06,5.157790560588142e-07,0
145,7.125163997921719e-06,1.1037076073884073e-06,3.4706600207828167e-07,0
146,3.6683172492478417e-06,1.1037076073884073e-06,8.774927507521579e-07,1
147,1.4660554875611363e-06,1.1037076073884073e-06,1.468744512438864e-06,1
148,1.1076749334726412e-06,1.1037076073884073e-06,1.663015066527359e-06,1
149,2.5607011819299298e-06,1.1037076073884073e-06,1.2201988180700699e-06,0
150,5.906104547320305e-06,1.1037076073884073e-06,-5.915945473203049e-07,0
151,1.1212926638636296e-05,1.1037076073884073e-06,-3.716036638636297e-06,1
152,1.9371452921695355e-05,1.1037076073884073e-06,-6.3070529216953555e-06,1
153,3.3445561981334226e-05,1.1037076073884073e-06,-6.706161981334226e-06,1
154,5.601416226110167e-05,1.1037076073884073e-06,-5.6504622611016725e-06,1
155,8.004595594320882e-05,1.1037076073884073e-06,-4.31595594320883e-06,0
156,8.888359801085161e-05,1.1037076073884073e-06,-2.53029801085161e-06,0
157,7.470342829158439e-05,1.1037076073884073e-06,-1.2617282915843887e-06,0
158,4.7132869144469864e-05,1.1037076073884073e-06,-1.2377691444698637e-06,0
159,2.1384900823427155e-05,1.1037076073884073e-06,-1.1827008234271535e-06,0
160,2.66243932103712e-06,1.1037076073884073e-06,-2.041993210371196e-07,0
161,2.4095315210308268e-06,1.1037076073884073e-06,2.52948478969173e-07,0
162,1.2284957537372284e-06,1.1037076073884073e-06,6.024442462627718e-07,1
163,3.960150470835098e-07,1.1037076073884073e-06,6.654349529164902e-07,1
164,9.986156582647103e-08,1.1037076073884073e-06,6.00741434173529e-07,1
165,3.4445191701284014e-08,1.1037076073884073e-06,4.73925808298716e-07,0
166,4.9440744202864586e-08,1.1037076073884073e-06,2.940902557971354e-07,0
167,1.2241455798972778e-07,1.1037076073884073e-06,1.1224744201027223e-07,0
168,2.6878756386259364e-07,1.1037076073884073e-06,5.364361374063918e-10,0
169,7.45037732122109e-07,1.1037076073884073e-06,-1.0371873212210905e-07,0
170,2.2521765069229143e-06,1.1037076073884073e-06,-5.079165069229144e-07,1
171,5.638401255387231e-06,1.1037076073884073e-06,-1.5835312553872319e-06,1
172,1.0793953033129263e-05,1.1037076073884073e-06,-2.993843033129262e-06,1
173,1.5693341493782864e-05,1.1037076073884073e-06,-3.1102414937828642e-06,1
174,1.810773188245513e-05,1.1037076073884073e-06,-1.3016318824551326e-06,0
175,1.7250631558856376e-05,1.1037076073884073e-06,5.910684411436266e-07,0
176,1.3247235894631854e-05,1.1037076073884073e-06,1.3836641053681456e-06,0
177,7.799295522992168e-06,1.1037076073884073e-06,1.6346844770078318e-06,1
178,3.4850728015330436e-06,1.1037076073884073e-06,1.7631171984669557e-06,1
179,1.426394460711943e-06,1.1037076073884073e-06,1.7233255392880567e-06,1
180,1.414443031781719e-06,1.1037076073884073e-06,1.534156968218281e-06,1
181,3.482294197619995e-06,1.1037076073884073e-06,6.325058023800048e-07,0
182,8.049906014749106e-06,1.1037076073884073e-06,-2.0503660147491046e-06,1
183,1.517391609551518e-05,1.1037076073884073e-06,-5.99299609551518e-06,1
184,2.504279347974081e-05,1.1037076073884073e-06,-8.42749347974081e-06,1
185,4.010663928120021e-05,1.1037076073884073e-06,-8.006339281200205e-06,1
186,6.106510748720634e-05,1.1037076073884073e-06,-6.0092074872063336e-06,1
187,7.78055374988472e-05,1.1037076073884073e-06,-2.642237498847201e-06,0
188,7.697850287840147e-05,1.1037076073884073e-06,1.3256971215985303e-06,0
189,5.8780023090439096e-05,1.1037076073884073e-06,2.950876909560906e-06,0
190,3.4607755124058554e-05,1.1037076073884073e-06,1.938844875941446e-06,0
191,1.4982412732026407e-05,1.1037076073884073e-06,6.50187267973593e-07,0
192,1.492858759688991e-06,1.1037076073884073e-06,7.97611240311009e-07,1
193,1.4261400472897243e-06,1.1037076073884073e-06,1.3512199527102757e-06,1
194,8.347905229116006e-07,1.1037076073884073e-06,1.379109477088399e-06,1
195,3.459561487244909e-07,1.1037076073884073e-06,1.128193851275509e-06,1
196,1.2679084362506015e-07,1.1037076073884073e-06,8.842291563749399e-07,1
197,5.531334473106419e-08,1.1037076073884073e-06,6.427936552689358e-07,1
198,6.620391585191847e-08,1.1037076073884073e-06,3.783400841480815e-07,0
199,1.4925136444971723e-07,1.1037076073884073e-06,1.4785963555028274e-07,0
200,3.972108559752467e-07,1.1037076073884073e-06,-1.65378559752467e-08,0
201,1.2707195467495254e-06,1.1037076073884073e-06,-2.384295467495254e-07,0
202,3.971613738062162e-06,1.1037076073884073e-06,-1.0065237380621616e-06,1
203,1.0009610034340107e-05,1.1037076073884073e-06,-2.9793700343401084e-06,1
204,1.8679653079423537e-05,1.1037076073884073e-06,-5.263053079423535e-06,1
205,2.5976205983051044e-05,1.1037076073884073e-06,-5.163305983051045e-06,1
206,2.8462604065974107e-05,1.1037076073884073e-06,-2.4250040659741043e-06,0
207,2.5431036900828023e-05,1.1037076073884073e-06,4.516309917197573e-08,0
208,1.811980910332711e-05,1.1037076073884073e-06,1.0614908966728922e-06,0
209,9.9123607321031e-06,1.1037076073884073e-06,1.5602392678968996e-06,0
210,4.214498114548126e-06,1.1037076073884073e-06,1.8050118854518746e-06,1
211,1.709363185925719e-06,1.1037076073884073e-06,1.6617568140742805e-06,1
212,1.5084342377335958e-06,1.1037076073884073e-06,1.2361857622664043e-06,0
213,3.2601910524920845e-06,1.1037076073884073e-06,2.1146894750791538e-07,0
214,7.403202788898712e-06,1.1037076073884073e-06,-2.065292788898713e-06,1
215,1.4262603991980096e-05,1.1037076073884073e-06,-4.977123991980096e-06,1
216,2.419225368942641e-05,1.1037076073884073e-06,-6.498653689426412e-06,1
217,3.911337148222955e-05,1.1037076073884073e-06,-6.1007714822295466e-06,1
218,5.8005873369389855e-05,1.1037076073884073e-06,-4.231073369389856e-06,0
219,7.118755636222546e-05,1.1037076073884073e-06,-1.112756362225468e-06,0
220,6.842164164324468e-05,1.1037076073884073e-06,1.494558356755318e-06,0
221,5.109172090020838e-05,1.1037076073884073e-06,2.1947790997916186e-06,0
222,2.949678069742912e-05,1.1037076073884073e-06,1.8095193025708809e-06,0
223,1.263138940909246e-05,1.1037076073884073e-06,1.1721105909075389e-06,0
224,1.2958262938400808e-06,1.1037076073884073e-06,1.8495037061599193e-06,1
225,1.5935014710856746e-06,1.1037076073884073e-06,2.4906685289143245e-06,1
226,1.2404243675387102e-06,1.1037076073884073e-06,2.14716563246129e-06,1
227,6.634862289860137e-07,1.1037076073884073e-06,1.570443771013986e-06,1
228,2.584620176005919e-07,1.1037076073884073e-06,1.164347982399408e-06,1
229,9.317060701966604e-08,1.1037076073884073e-06,7.94373392980334e-07,0
230,8.388598437828891e-08,1.1037076073884073e-06,4.462980156217111e-07,0
231,2.0191278261064825e-07,1.1037076073884073e-06,1.8797821738935173e-07,0
232,6.235783341324919e-07,1.1037076073884073e-06,2.0447665867508223e-08,0
233,2.1301689288458597e-06,1.1037076073884073e-06,-2.624589288458599e-07,0
234,6.682129872890644e-06,1.1037076073884073e-06,-1.3667598728906445e-06,0
235,1.6135424496806644e-05,1.1037076073884073e-06,-3.722524496806644e-06,1
236,2.8416661411418585e-05,1.1037076073884073e-06,-5.4163614114185844e-06,1
237,3.7972968161692345e-05,1.1037076073884073e-06,-4.025568161692345e-06,1
238,4.1136966597714135e-05,1.1037076073884073e-06,-1.2936665977141367e-06,0
239,3.631927137638553e-05,1.1037076073884073e-06,2.6752862361446877e-07,0
240,2.469540270707348e-05,1.1037076073884073e-06,1.4520972929265185e-06,0
241,1.2568507264782964e-05,1.1037076073884073e-06,2.550092735217035e-06,1
242,5.116576782475739e-06,1.1037076073884073e-06,2.842463217524262e-06,1
243,2.306173416395124e-06,1.1037076073884073e-06,2.361536583604875e-06,1
244,2.149777269247433e-06,1.1037076073884073e-06,1.5534927307525669e-06,1
245,3.537595849831613e-06,1.1037076073884073e-06,5.09024150168387e-07,0
246,6.68928673329002e-06,1.1037076073884073e-06,-1.1827167332900209e-06,0
247,1.2249026863711907e-05,1.1037076073884073e-06,-3.0759968637119066e-06,1
248,2.1194838772794195e-05,1.1037076073884073e-06,-3.7903387727941963e-06,1
249,3.558877984532714e-05,1.1037076073884073e-06,-2.9011798453271393e-06,0
250,5.475328721591203e-05,1.1037076073884073e-06,-1.1140872159120334e-06,0
251,6.98499857846937e-05,1.1037076073884073e-06,3.72914215306298e-07,0
252,6.978365491698264e-05,1.1037076073884073e-06,1.102845083017349e-06,0
253,5.473138956556531e-05,1.1037076073884073e-06,1.5000104344346977e-06,0
254,3.3805783956997754e-05,1.1037076073884073e-06,1.9492160430022452e-06,0
255,1.560542044969325e-05,1.1037076073884073e-06,1.8237795503067487e-06,1
256,2.7189290699290387e-06,1.1037076073884073e-06,1.9010609300709613e-06,1
257,3.7509440469423308e-06,1.1037076073884073e-06,1.9249859530576698e-06,1
258,3.0090153893717307e-06,1.1037076073884073e-06,1.3479746106282694e-06,0
259,1.4641439770825305e-06,1.1037076073884073e-06,1.1527760229174695e-06,0
260,4.6243539150897777e-07,1.1037076073884073e-06,1.0287546084910221e-06,0
261,1.4721727234972674e-07,1.1037076073884073e-06,6.877087276502731e-07,0
262,1.6388460467588616e-07,1.1037076073884073e-06,3.2623239532411386e-07,0
263,3.810921541026846e-07,1.1037076073884073e-06,6.525384589731537e-08,0
264,1.134794609257005e-06,1.1037076073884073e-06,-1.5534360925700497e-07,0
265,3.7771674494916742e-06,1.1037076073884073e-06,-6.307274494916744e-07,0
266,1.1006950639845496e-05,1.1037076073884073e-06,-1.6691606398454965e-06,0
267,2.4507523394610764e-05,1.1037076073884073e-06,-2.3729233946107647e-06,0
268,4.1295701113628224e-05,1.1037076073884073e-06,-1.032301113628226e-06,0
269,5.531497901403064e-05,1.1037076073884073e-06,1.2302209859693647e-06,0
270,6.0582091085164304e-05,1.1037076073884073e-06,1.4773089148356939e-06,0
271,5.19536025063369e-05,1.1037076073884073e-06,1.0936974936630984e-06,0
272,3.284689161375648e-05,1.1037076073884073e-06,2.5030083862435153e-06,0
273,1.5299086149201654e-05,1.1037076073884073e-06,4.1597138507983466e-06,1
274,6.1666864558575474e-06,1.1037076073884073e-06,4.339913544142453e-06,1
275,3.7527527319873597e-06,1.1037076073884073e-06,3.2035272680126404e-06,1
276,4.323803986249576e-06,1.1037076073884073e-06,1.5826960137504237e-06,0
277,5.841652848189046e-06,1.1037076073884073e-06,-6.494284818904717e-08,0
278,8.164317622977167e-06,1.1037076073884073e-06,-1.6701576229771672e-06,0
279,1.2260144270283075e-05,1.1037076073884073e-06,-2.652204270283076e-06,1
280,2.0554017042279192e-05,1.1037076073884073e-06,-2.1842170422791905e-06,0
281,3.682898638014117e-05,1.1037076073884073e-06,-3.1048638014116817e-07,0
282,6.046646580311078e-05,1.1037076073884073e-06,2.030634196889224e-06,0
283,8.054101816173785e-05,1.1037076073884073e-06,3.691981838262144e-06,0
284,8.534123468347755e-05,1.1037076073884073e-06,3.598865316522458e-06,0
285,7.363783930329314e-05,1.1037076073884073e-06,2.3539606967068613e-06,0
286,5.0292244679934746e-05,1.1037076073884073e-06,1.9991553200652596e-06,0
287,2.486774214145481e-05,1.1037076073884073e-06,1.7748578585451902e-06,1
288,5.1271248764866065e-06,1.1037076073884073e-06,-3.6505487648660636e-07,0
289,6.341192656158401e-06,1.1037076073884073e-06,-1.1470726561584023e-06,0
290,4.369302948582876e-06,1.1037076073884073e-06,-8.494829485828765e-07,0
291,1.7498243662283195e-06,1.1037076073884073e-06,9.585563377168037e-08,0
292,4.5212276330999565e-07,1.1037076073884073e-06,4.475892366900043e-07,0
293,1.6370802253407391e-07,1.1037076073884073e-06,2.8372497746592604e-07,0
294,2.372938683123156e-07,1.1037076073884073e-06,4.7306131687684383e-08,0
295,5.77696981598339e-07,1.1037076073884073e-06,-1.8293698159833907e-07,0
296,1.821931041915574e-06,1.1037076073884073e-06,-5.414410419155739e-07,0
297,5.93787563528786e-06,1.1037076073884073e-06,-1.0204056352878606e-06,0
298,1.654985450363185e-05,1.1037076073884073e-06,-7.303545036318515e-07,0
299,3.61420894140831e-05,1.1037076073884073e-06,1.8263105859169017e-06,0
300,6.111905137968761e-05,1.1037076073884073e-06,5.189948620312382e-06,1
301,8.15075653138303e-05,1.1037076073884073e-06,4.5616346861697085e-06,0
302,8.44975879214098e-05,1.1037076073884073e-06,4.1621207859019425e-07,0
303,6.434421276653709e-05,1.1037076073884073e-06,-5.612127665370923e-07,0
304,3.449294805057914e-05,1.1037076073884073e-06,2.4664519494208603e-06,0
305,1.3568435738954379e-05,1.1037076073884073e-06,4.627264261045621e-06,1
306,5.402010448114699e-06,1.1037076073884073e-06,4.230549551885301e-06,1
307,4.232762932626556e-06,1.1037076073884073e-06,2.4645770673734433e-06,1
308,5.265446628659273e-06,1.1037076073884073e-06,4.1914337134072814e-07,0
309,6.557161082290682e-06,1.1037076073884073e-06,-1.2494110822906818e-06,0
310,8.171232099458563e-06,1.1037076073884073e-06,-2.2043020994585628e-06,1
311,1.1788048571448751e-05,1.1037076073884073e-06,-2.049788571448751e-06,0
312,2.13594880870538e-05,1.1037076073884073e-06,-1.6838808705379806e-07,0
313,4.208608077576957e-05,1.1037076073884073e-06,3.483919224230432e-06,0
314,7.244458531842791e-05,1.1037076073884073e-06,7.436314681572088e-06,0
315,9.957087406504533e-05,1.1037076073884073e-06,8.466125934954681e-06,0
316,0.00011037076073884073,1.1037076073884073e-06,4.84623926115928e-06,0
317,9.898654254783697e-05,1.1037076073884073e-06,5.691574521630299e-07,0
318,6.735242040168387e-05,1.1037076073884073e-06,-2.1642040168386894e-07,0
319,3.1545535270573075e-05,1.1037076073884073e-06,3.57864729426929e-07,0
320,4.574195873151152e-06,1.1037076073884073e-06,-1.822395873151152e-06,1
321,4.807931826387312e-06,1.1037076073884073e-06,-2.133701826387312e-06,1
322,2.774823866331028e-06,1.1037076073884073e-06,-1.150123866331028e-06,1
323,9.26098946503544e-07,1.1037076073884073e-06,-1.7884594650354404e-07,0
324,2.2031014480880255e-07,1.1037076073884073e-06,8.413885519119748e-08,0
325,1.1567099716337835e-07,1.1037076073884073e-06,1.7947002836621644e-08,0
326,2.277004150826684e-07,1.1037076073884073e-06,-1.1760541508266841e-07,1
327,7.073729671708991e-07,1.1037076073884073e-06,-4.0281996717089916e-07,1
328,2.3293823529114613e-06,1.1037076073884073e-06,-8.194423529114613e-07,1
329,7.464933564062033e-06,1.1037076073884073e-06,-6.763235640620317e-07,0
330,2.1021915917972343e-05,1.1037076073884073e-06,1.339384082027659e-06,0
331,4.585149161439493e-05,1.1037076073884073e-06,5.066608385605073e-06,1
332,7.465127718618171e-05,1.1037076073884073e-06,6.103522813818285e-06,0
333,9.029269458156884e-05,1.1037076073884073e-06,1.8628054184311577e-06,0
334,7.862167707303656e-05,1.1037076073884073e-06,-1.4437770730365526e-06,0
335,4.729555617104677e-05,1.1037076073884073e-06,3.414438289532263e-07,0
336,1.9499170974604182e-05,1.1037076073884073e-06,2.9297290253958158e-06,1
337,6.100451141423402e-06,1.1037076073884073e-06,3.197578858576598e-06,1
338,2.4139598889868127e-06,1.1037076073884073e-06,2.1159001110131875e-06,1
339,2.2507644707474877e-06,1.1037076073884073e-06,8.02585529252512e-07,0
340,2.902362775152605e-06,1.1037076073884073e-06,-3.7057277515260476e-07,0
341,3.715294320373319e-06,1.1037076073884073e-06,-1.2166543203733192e-06,1
342,5.118839997479646e-06,1.1037076073884073e-06,-1.5826699974796464e-06,1
343,8.858918057717111e-06,1.1037076073884073e-06,-9.676180577171112e-07,0
344,1.9316147714067482e-05,1.1037076073884073e-06,1.3817522859325186e-06,0
345,4.152583258451326e-05,1.1037076073884073e-06,5.389467415486733e-06,1
346,7.254640649409116e-05,1.1037076073884073e-06,8.507293505908832e-06,1
347,9.938691298301348e-05,1.1037076073884073e-06,6.541087016986516e-06,0
348,0.00010869995339816503,1.1037076073884073e-06,4.704660183497511e-08,0
349,9.24176309262822e-05,1.1037076073884073e-06,-3.9127309262822e-06,0
350,5.6438649708157545e-05,1.1037076073884073e-06,-2.583649708157546e-06,0
351,2.288517033463151e-05,1.1037076073884073e-06,-6.109703346315087e-07,0
352,1.7485470640517718e-06,1.1037076073884073e-06,-8.57740064051772e-07,1
353,1.534090245015065e-06,1.1037076073884073e-06,-7.365862450150651e-07,1
354,7.333885489803455e-07,1.1037076073884073e-06,-2.816215489803455e-07,0
355,2.062989139330464e-07,1.1037076073884073e-06,-1.5704913933046413e-08,0
356,5.2184313994612566e-08,1.1037076073884073e-06,1.827618600538743e-08,0
357,5.5011081809032156e-08,1.1037076073884073e-06,-2.265918180903215e-08,0
358,1.9640504859509767e-07,1.1037076073884073e-06,-1.4909334859509768e-07,1
359,6.719183046803862e-07,1.1037076073884073e-06,-4.233643046803862e-07,1
360,2.0741748924889226e-06,1.1037076073884073e-06,-5.587148924889227e-07,1
361,6.664706521348328e-06,1.1037076073884073e-06,1.964434786516723e-07,0
362,1.8503787565699368e-05,1.1037076073884073e-06,2.345812434300633e-06,0
363,3.75847973928141e-05,1.1037076073884073e-06,4.439702607185895e-06,1
364,5.391568161298836e-05,1.1037076073884073e-06,3.6460183870116385e-06,0
365,5.3753254277501234e-05,1.1037076073884073e-06,1.3085457224987676e-06,0
366,3.625111469870141e-05,1.1037076073884073e-06,9.807853012985858e-07,0
367,1.6302979819322948e-05,1.1037076073884073e-06,1.7102201806770513e-06,0
368,4.997880639168188e-06,1.1037076073884073e-06,1.6162093608318117e-06,1
369,1.2331845267317828e-06,1.1037076073884073e-06,9.938054732682174e-07,1
370,5.375371237608521e-07,1.1037076073884073e-06,4.191848762391479e-07,1
371,6.153409541684425e-07,1.1037076073884073e-06,-1.4926954168442458e-08,0
372,8.33731904938738e-07,1.1037076073884073e-06,-3.2190390493873794e-07,1
373,1.2140333044660357e-06,1.1037076073884073e-06,-5.531703044660357e-07,1
374,2.170843912832949e-06,1.1037076073884073e-06,-6.534739128329491e-07,0
375,5.050446042293792e-06,1.1037076073884073e-06,-2.294260422937918e-07,0
376,1.307996055492684e-05,1.1037076073884073e-06,1.1319394450731607e-06,0
377,2.9002907461958002e-05,1.1037076073884073e-06,2.9637925380419977e-06,0
378,4.9270183381785886e-05,1.1037076073884073e-06,3.100816618214118e-06,0
379,6.421741123126222e-05,1.1037076073884073e-06,-1.0891123126221907e-07,0
380,6.482295645302939e-05,1.1037076073884073e-06,-4.097556453029391e-06,0
381,4.8587240264088065e-05,1.1037076073884073e-06,-4.5241402640880634e-06,1
382,2.5217310223131915e-05,1.1037076073884073e-06,-2.1627102231319135e-06,1
383,8.558819149896672e-06,1.1037076073884073e-06,-4.864191498966708e-07,0
384,2.8333990147148623e-07,1.1037076073884073e-06,-1.0831890147148624e-07,0
385,1.9595725234594287e-07,1.1037076073884073e-06,-5.0384252345942864e-08,0
386,7.266530914616768e-08,1.1037076073884073e-06,4.817890853832314e-09,0
387,1.6326665897230555e-08,1.1037076073884073e-06,1.5820834102769442e-08,0
388,6.514386084416188e-09,1.1037076073884073e-06,7.312313915583813e-09,0
389,2.536945874409098e-08,1.1037076073884073e-06,-1.533745874409098e-08,0
390,1.1121002737485592e-07,1.1037076073884073e-06,-8.542102737485591e-08,1
391,3.512587920054784e-07,1.1037076073884073e-06,-1.859037920054784e-07,1
392,1.0905787237408129e-06,1.1037076073884073e-06,-1.022727237408128e-07,0
393,3.522524980206478e-06,1.1037076073884073e-06,4.909950197935215e-07,0
394,9.003102814571462e-06,1.1037076073884073e-06,1.5476971854285367e-06,1
395,1.5917225244122995e-05,1.1037076073884073e-06,2.1953747558770046e-06,1
396,1.886009037885989e-05,1.1037076073884073e-06,1.880609621140114e-06,0
397,1.4676958628918548e-05,1.1037076073884073e-06,1.4210413710814522e-06,0
398,7.438509238980862e-06,1.1037076073884073e-06,1.1192407610191372e-06,0
399,2.4983836364047297e-06,1.1037076073884073e-06,6.907263635952702e-07,0
400,5.784615521475968e-07,1.1037076073884073e-06,3.234504478524031e-07,1
401,1.1734325060259838e-07,1.1037076073884073e-06,1.2614174939740166e-07,1
402,6.498237007649095e-08,1.1037076073884073e-06,2.602412992350905e-08,0
403,8.175614696598395e-08,1.1037076073884073e-06,-2.6480946965983948e-08,0
404,1.1792014734548244e-07,1.1037076073884073e-06,-5.716764734548244e-08,1
405,2.394840907304421e-07,1.1037076073884073e-06,-9.317109073044208e-08,0
406,6.503799651563522e-07,1.1037076073884073e-06,-8.150896515635222e-08,0
407,2.039149976074841e-06,1.1037076073884073e-06,1.3122002392515904e-07,0
408,5.816301583503376e-06,1.1037076073884073e-06,5.441784164966242e-07,0
409,1.2642033593910518e-05,1.1037076073884073e-06,6.383664060894814e-07,0
410,2.0038947936082487e-05,1.1037076073884073e-06,-2.4544793608248793e-07,0
411,2.3583589186876426e-05,1.1037076073884073e-06,-1.772889186876425e-06,0
412,2.0730446455208086e-05,1.1037076073884073e-06,-2.535646455208085e-06,1
413,1.3074693641573765e-05,1.1037076073884073e-06,-1.7834936415737658e-06,1
414,5.5753386282366175e-06,1.1037076073884073e-06,-6.092586282366175e-07,0
415,1.5394793450363345e-06,1.1037076073884073e-06,-6.849934503633466e-08,0
416,1.589546815143836e-08,1.1037076073884073e-06,2.5221318485616396e-09,0
417,8.05149699276571e-09,1.1037076073884073e-06,5.3389030072342896e-09,0
418,2.1329742527035737e-09,1.1037076073884073e-06,4.445955747296427e-09,0
419,4.372831509653178e-10,1.1037076073884073e-06,2.558776849034682e-09,0
420,1.4594356699748715e-09,1.1037076073884073e-06,6.204843300251285e-10,0
421,9.885458081040331e-09,1.1037076073884073e-06,-6.5697480810403315e-09,1
422,3.794328146929084e-08,1.1037076073884073e-06,-2.672168146929084e-08,1
423,1.0478397414616874e-07,1.1037076073884073e-06,-3.605587414616874e-08,0
424,3.2072786509959755e-07,1.1037076073884073e-06,3.763513490040247e-08,0
425,9.790904848075744e-07,1.1037076073884073e-06,2.535695151924256e-07,0
426,2.1790044299384012e-06,1.1037076073884073e-06,5.462255700615985e-07,0
427,3.1981817447946583e-06,1.1037076073884073e-06,6.997482552053416e-07,0
428,3.0080138270780555e-06,1.1037076073884073e-06,6.478261729219446e-07,0
429,1.7929999181277683e-06,1.1037076073884073e-06,4.835400818722321e-07,0
430,6.976121669928937e-07,1.1037076073884073e-06,2.567488330071062e-07,0
431,1.8852362275733238e-07,1.1037076073884073e-06,9.008237724266765e-08,0
432,3.594679615205662e-08,1.1037076073884073e-06,2.534830384794338e-08,0
433,6.0270181637196896e-09,1.1037076073884073e-06,7.03938183628031e-09,0
434,3.406583084120611e-09,1.1037076073884073e-06,1.499906915879389e-09,0
435,4.21121919963099e-09,1.1037076073884073e-06,-3.3495919963098935e-10,0
436,9.885797712093862e-09,1.1037076073884073e-06,-1.8343677120938618e-09,0
437,3.914252723561871e-08,1.1037076073884073e-06,-3.110272356187122e-10,0
438,1.6117903166726479e-07,1.1037076073884073e-06,3.03209683327352e-08,0
439,5.844872275031736e-07,1.1037076073884073e-06,1.265097724968264e-07,0
440,1.6432894020915752e-06,1.1037076073884073e-06,2.0685059790842497e-07,0
441,3.3141598065006393e-06,1.1037076073884073e-06,4.2340193499360657e-08,0
442,4.6793145227073515e-06,1.1037076073884073e-06,-3.3871452270735106e-07,0
443,4.6668196398057635e-06,1.1037076073884073e-06,-5.455496398057641e-07,0
444,3.3176869195395787e-06,1.1037076073884073e-06,-4.0941691953957896e-07,0
445,1.6408300661279776e-06,1.1037076073884073e-06,-1.4110006612797782e-07,0
446,5.43365551979384e-07,1.1037076073884073e-06,3.643448020615947e-09,0
447,1.1895818584038991e-07,1.1037076073884073e-06,1.845281415961007e-08,0
448,2.361162620239756e-10,1.1037076073884073e-06,4.793237379760245e-10,0
449,8.580815751734733e-11,1.1037076073884073e-06,3.3830684248265267e-10,0
450,1.8207518984699408e-11,1.1037076073884073e-06,1.735604810153006e-10,0
451,6.232373851996812e-11,1.1037076073884073e-06,5.7481261480031885e-11,0
452,6.486186829764137e-10,1.1037076073884073e-06,-4.1047168297641367e-10,0
453,3.2137408125554783e-09,1.1037076073884073e-06,-2.4732278125554783e-09,1
454,8.123831328760232e-09,1.1037076073884073e-06,-4.7047713287602325e-09,1
455,1.6205499589181922e-08,1.1037076073884073e-06,2.160300410818077e-09,0
456,4.628785564713021e-08,1.1037076073884073e-06,2.867934435286979e-08,0
457,1.2826091434420692e-07,1.1037076073884073e-06,8.093608565579307e-08,0
458,2.3907517722525e-07,1.1037076073884073e-06,1.4494982277475004e-07,0
459,2.812882073116232e-07,1.1037076073884073e-06,1.7646979268837677e-07,0
460,2.070396049584707e-07,1.1037076073884073e-06,1.4889639504152935e-07,0
461,9.83852363624974e-08,1.1037076073884073e-06,8.321276363750261e-08,0
462,3.378947664800313e-08,1.1037076073884073e-06,2.8155323351996873e-08,0
463,8.928497241005593e-09,1.1037076073884073e-06,5.839702758994406e-09,0
464,1.552067094846913e-09,1.1037076073884073e-06,1.0089629051530872e-09,0
465,1.7754436754742072e-10,1.1037076073884073e-06,2.847726324525792e-10,0
466,5.913704470049546e-11,1.1037076073884073e-06,1.8458295529950455e-10,0
467,1.5447665156723363e-10,1.1037076073884073e-06,1.5527434843276637e-10,0
468,1.0787549929421378e-09,1.1037076073884073e-06,6.347550070578622e-10,0
469,6.486202370529339e-09,1.1037076073884073e-06,5.011197629470661e-09,0
470,3.1136405026499315e-08,1.1037076073884073e-06,2.2858794973500684e-08,0
471,1.1512900437399685e-07,1.1037076073884073e-06,5.5692995626003144e-08,0
472,3.0312881239879107e-07,1.1037076073884073e-06,6.401318760120892e-08,0
473,5.410993023049286e-07,1.1037076073884073e-06,8.144697695071435e-09,0
474,6.412716793814708e-07,1.1037076073884073e-06,-5.148367938147075e-08,0
475,5.07168422656654e-07,1.1037076073884073e-06,-4.3073422656654034e-08,0
476,2.6813358183243304e-07,1.1037076073884073e-06,-7.475818324330274e-10,0
477,9.425942777971042e-08,1.1037076073884073e-06,1.6771572220289575e-08,0
478,2.2213938769985176e-08,1.1037076073884073e-06,1.0713261230014823e-08,0
479,3.651474907517305e-09,1.1037076073884073e-06,3.2804750924826954e-09,0
480,7.813427890547427e-13,1.1037076073884073e-06,6.4831172109452574e-12,0
481,2.2489525438937734e-13,1.1037076073884073e-06,3.181934745610623e-12,0
482,8.134296373644301e-13,1.1037076073884073e-06,9.982803626355696e-13,0
483,1.2434214635504606e-11,1.1037076073884073e-06,-8.200034635504605e-12,1
484,8.822462455193744e-11,1.1037076073884073e-06,-6.518702455193744e-11,1
485,2.862952882755297e-10,1.1037076073884073e-06,-1.2678328827552969e-10,0
486,4.880492879470006e-10,1.1037076073884073e-06,4.891997120529992e-10,0
487,9.038271570805173e-10,1.1037076073884073e-06,3.148062842919482e-09,1
488,2.884717318262063e-09,1.1037076073884073e-06,8.936082681737936e-09,1
489,7.328565962029086e-09,1.1037076073884073e-06,1.8694634037970917e-08,0
490,1.1361806418833249e-08,1.1037076073884073e-06,2.9446793581166748e-08,0
491,1.0534326370650624e-08,1.1037076073884073e-06,3.161077362934937e-08,0
492,6.0207359314539936e-09,1.1037076073884073e-06,2.2282564068546007e-08,0
493,2.393456529969065e-09,1.1037076073884073e-06,1.0502643470030937e-08,0
494,7.915588792226372e-10,1.1037076073884073e-06,3.4935911207773626e-09,0
495,1.9641925326479146e-10,1.1037076073884073e-06,8.248907467352086e-10,0
496,2.744608970061873e-11,1.1037076073884073e-06,1.2544491029938128e-10,0
497,2.0175871762900904e-12,1.1037076073884073e-06,1.758011282370991e-11,0
498,9.063519452037831e-13,1.1037076073884073e-06,1.4101448054796219e-11,0
499,1.0513936004666189e-11,1.1037076073884073e-06,7.418016399533381e-11,0
500,1.0164034198720827e-10,1.1037076073884073e-06,5.943176580127918e-10,0
501,7.548270163269932e-10,1.1037076073884073e-06,3.1168829836730067e-09,1
502,3.976246522722881e-09,1.1037076073884073e-06,1.0135953477277121e-08,1
503,1.3773068596638694e-08,1.1037076073884073e-06,2.0525031403361305e-08,1
504,3.1599990777529925e-08,1.1037076073884073e-06,2.5447409222470078e-08,1
505,4.854571208560208e-08,1.1037076073884073e-06,1.8403987914397917e-08,0
506,4.943926401786483e-08,1.1037076073884073e-06,7.860935982135161e-09,0
507,3.2003514665609234e-08,1.1037076073884073e-06,4.008585334390763e-09,0
508,1.2469496128654076e-08,1.1037076073884073e-06,3.649203871345925e-09,0
509,2.867052712466483e-09,1.1037076073884073e-06,2.209867287533518e-09,0
510,4.033719405853313e-10,1.1037076073884073e-06,7.797880594146688e-10,0
511,3.880006575582566e-11,1.1037076073884073e-06,1.6844993424417436e-10,0
512,8.833960500189238e-14,1.1037076073884073e-06,3.0536103949981077e-12,0
513,8.034375319718646e-13,1.1037076073884073e-06,1.6072262468028135e-11,0
514,4.188002443739445e-12,1.1037076073884073e-06,5.3078797556260553e-11,0
515,1.1609428128789778e-11,1.1037076073884073e-06,1.2713857187121022e-10,0
516,1.6891662120918754e-11,1.1037076073884073e-06,2.4510133787908123e-10,0
517,1.4503059346246125e-11,1.1037076073884073e-06,4.663489406537538e-10,0
518,1.0885060430483038e-11,1.1037076073884073e-06,1.4892849395695171e-09,0
519,2.1854237078584443e-11,1.1037076073884073e-06,4.845185762921415e-09,0
520,7.668212134522205e-11,1.1037076073884073e-06,9.806357878654778e-09,0
521,1.730229065030738e-10,1.1037076073884073e-06,1.2657477093496926e-08,0
522,2.145310236884511e-10,1.1037076073884073e-06,1.0914768976311549e-08,0
523,1.466460725665243e-10,1.1037076073884073e-06,6.142173927433475e-09,0
524,6.023528244944925e-11,1.1037076073884073e-06,2.4860047175505505e-09,0
525,1.8872703542226674e-11,1.1037076073884073e-06,9.437122964577733e-10,0
526,5.960670124726997e-12,1.1037076073884073e-06,3.300973298752731e-10,0
527,3.2263659503157118e-12,1.1037076073884073e-06,9.97406340496843e-11,0
528,4.541911697429895e-12,1.1037076073884073e-06,1.162370883025701e-10,0
529,6.864450866487426e-12,1.1037076073884073e-06,2.5962754913351255e-10,0
530,2.0919917456705355e-11,1.1037076073884073e-06,4.6092808254329465e-10,0
531,8.429505297304022e-11,1.1037076073884073e-06,1.2800649470269598e-09,0
532,1.9578946894812663e-10,1.1037076073884073e-06,4.532710531051873e-09,0
533,2.4942123654277117e-10,1.1037076073884073e-06,1.0749978763457229e-08,0
534,3.0974071137354185e-10,1.1037076073884073e-06,1.587075928862646e-08,1
535,6.368737243706322e-10,1.1037076073884073e-06,1.6832026275629368e-08,1
536,1.247293781543668e-09,1.1037076073884073e-06,1.4305206218456333e-08,1
537,1.7405243931526496e-09,1.1037076073884073e-06,9.606575606847351e-09,1
538,1.5536244088227926e-09,1.1037076073884073e-06,4.811525591177207e-09,1
539,8.017364606633263e-10,1.1037076073884073e-06,1.7208835393366735e-09,0
540,2.236714181542389e-10,1.1037076073884073e-06,4.707185818457611e-10,0
541,3.3221712222094856e-11,1.1037076073884073e-06,1.1013828777790515e-10,0
542,3.3248160303690113e-12,1.1037076073884073e-06,2.216148396963099e-11,0
543,1.951644944800069e-12,1.1037076073884073e-06,2.967305055199931e-12,0
544,4.041630005218067e-11,1.1037076073884073e-06,2.513576999478193e-10,0
545,2.1547868684609929e-10,1.1037076073884073e-06,8.804613131539007e-10,0
546,6.603839000383782e-10,1.1037076073884073e-06,2.0116860999616222e-09,0
547,1.1376742392433813e-09,1.1037076073884073e-06,3.3755157607566185e-09,0
548,1.1042908524377463e-09,1.1037076073884073e-06,4.267909147562254e-09,0
549,6.967673007152359e-10,1.1037076073884073e-06,4.474352699284764e-09,0
550,3.633841415738943e-10,1.1037076073884073e-06,6.489645858426105e-09,0
551,1.8366248111476626e-10,1.1037076073884073e-06,1.2297237518885232e-08,0
552,1.3140166145346527e-10,1.1037076073884073e-06,1.6929798338546534e-08,0
553,1.0015240430168544e-10,1.1037076073884073e-06,1.4957947595698314e-08,0
554,5.044288174839876e-11,1.1037076073884073e-06,8.485977118251601e-09,0
555,2.0880042412806764e-11,1.1037076073884073e-06,3.0208299575871936e-09,0
556,1.600098446042813e-11,1.1037076073884073e-06,7.519290155395718e-10,0
557,5.443536467329429e-11,1.1037076073884073e-06,3.3361163532670573e-10,0
558,1.7962195800584067e-10,1.1037076073884073e-06,5.456550419941591e-10,0
559,3.980612781864375e-10,1.1037076073884073e-06,1.6148587218135625e-09,0
560,6.353970746362501e-10,1.1037076073884073e-06,4.30058292536375e-09,0
561,9.99587167474433e-10,1.1037076073884073e-06,7.822652832525567e-09,0
562,2.2998360041998203e-09,1.1037076073884073e-06,1.2498963995800177e-08,0
563,5.118133509966483e-09,1.1037076073884073e-06,2.6974066490033523e-08,1
564,7.089624483458125e-09,1.1037076073884073e-06,5.767027551654187e-08,1
565,5.440309474536312e-09,1.1037076073884073e-06,8.18247905254637e-08,1
566,2.675020671424349e-09,1.1037076073884073e-06,7.261447932857564e-08,1
567,1.1742336587321176e-09,1.1037076073884073e-06,4.639106634126789e-08,1
568,4.760712788667978e-10,1.1037076073884073e-06,2.6191328721133207e-08,1
569,1.443602332611762e-10,1.1037076073884073e-06,1.4073339766738823e-08,0
570,3.266041905982092e-11,1.1037076073884073e-06,6.545359580940179e-09,0
571,6.872765383832012e-12,1.1037076073884073e-06,2.4945672346161685e-09,0
572,7.327673492409815e-12,1.1037076073884073e-06,8.152733265075904e-10,0
573,4.66066957960862e-11,1.1037076073884073e-06,2.102123042039138e-10,0
574,1.7099885400594391e-10,1.1037076073884073e-06,-1.0460854005943962e-11,0
575,3.1549593658040283e-10,1.1037076073884073e-06,-1.4997193658040284e-10,0
576,3.5129034866697363e-09,1.1037076073884073e-06,3.481716513330264e-09,0
577,1.1986456807376657e-08,1.1037076073884073e-06,9.102543192623344e-09,0
578,2.3849048249843405e-08,1.1037076073884073e-06,1.8087151750156598e-08,0
579,2.9774465664781164e-08,1.1037076073884073e-06,2.724013433521884e-08,0
580,2.5745424981263148e-08,1.1037076073884073e-06,2.870217501873685e-08,0
581,1.7111384006919654e-08,1.1037076073884073e-06,2.4357315993080342e-08,0
582,9.277047499028885e-09,1.1037076073884073e-06,2.3706752500971117e-08,0
583,5.6045153878689e-09,1.1037076073884073e-06,2.60642846121311e-08,0
584,4.6863067706351105e-09,1.1037076073884073e-06,2.452729322936489e-08,0
585,3.312217805936781e-09,1.1037076073884073e-06,1.812868219406322e-08,0
586,1.909022456730751e-09,1.1037076073884073e-06,1.0302877543269249e-08,0
587,1.1384991610292585e-09,1.1037076073884073e-06,5.004270838970743e-09,0
588,1.3396188976955975e-09,1.1037076073884073e-06,3.6211511023044036e-09,0
589,3.922462997639648e-09,1.1037076073884073e-06,4.861857002360352e-09,0
590,9.542511885779994e-09,1.1037076073884073e-06,1.1135088114220006e-08,0
591,1.7368321236013988e-08,1.1037076073884073e-06,2.9729478763986017e-08,0
592,2.7513582273189367e-08,1.1037076073884073e-06,6.091791772681063e-08,0
593,4.5772803043604954e-08,1.1037076073884073e-06,9.276319695639503e-08,0
594,7.915691598626929e-08,1.1037076073884073e-06,1.4394808401373072e-07,1
595,1.1200866461297808e-07,1.1037076073884073e-06,2.675783353870219e-07,1
596,1.0844931686201496e-07,1.1037076073884073e-06,4.12825683137985e-07,1
597,7.212832299312147e-08,1.1037076073884073e-06,4.1613267700687847e-07,1
598,3.9401350549383666e-08,1.1037076073884073e-06,2.684946494506163e-07,1
599,1.9657581646315896e-08,1.1037076073884073e-06,1.280284183536841e-07,1
600,7.587356449106474e-09,1.1037076073884073e-06,6.101664355089352e-08,0
601,1.8813342418396625e-09,1.1037076073884073e-06,3.354666575816034e-08,0
602,3.112221195239424e-10,1.1037076073884073e-06,1.8569377880476055e-08,0
603,1.1667448099222579e-10,1.1037076073884073e-06,9.115085519007773e-09,0
604,7.426835264641343e-10,1.1037076073884073e-06,3.3429064735358656e-09,0
605,3.6611251864856533e-09,1.1037076073884073e-06,-7.066951864856532e-10,0
606,9.239970906391832e-09,1.1037076073884073e-06,-5.1645509063918324e-09,0
607,1.2045370541964663e-08,1.1037076073884073e-06,-7.544460541964663e-09,1
608,6.619220916432228e-08,1.1037076073884073e-06,1.6143590835677713e-08,0
609,1.702730453448224e-07,1.1037076073884073e-06,4.90969546551776e-08,0
610,2.7098560342512346e-07,1.1037076073884073e-06,1.0483639657487653e-07,0
611,2.9563959509023863e-07,1.1037076073884073e-06,1.3796240490976133e-07,0
612,2.3596484824493198e-07,1.1037076073884073e-06,1.22203151755068e-07,0
613,1.4406054510971207e-07,1.1037076073884073e-06,9.052345489028793e-08,0
614,8.060240538438708e-08,1.1037076073884073e-06,5.861959461561292e-08,0
615,5.760719295378101e-08,1.1037076073884073e-06,2.7590107046218997e-08,0
616,4.762403476932124e-08,1.1037076073884073e-06,6.730365230678758e-09,0
617,3.7498708311285286e-08,1.1037076073884073e-06,-2.178808311285284e-09,0
618,2.9918015581252794e-08,1.1037076073884073e-06,-1.8562155812527946e-09,0
619,2.491367037012024e-08,1.1037076073884073e-06,1.0415529629879757e-08,0
620,3.589085584329061e-08,1.1037076073884073e-06,2.83818441567094e-08,0
621,8.515030450693361e-08,1.1037076073884073e-06,4.9049695493066387e-08,0
622,1.7949328890051155e-07,1.1037076073884073e-06,9.491171109948845e-08,0
623,3.0696470820894844e-07,1.1037076073884073e-06,1.9594829179105159e-07,0
624,4.606349214353561e-07,1.1037076073884073e-06,3.378670785646439e-07,0
625,6.69717061495814e-07,1.1037076073884073e-06,4.788129385041859e-07,0
626,9.236545383253048e-07,1.1037076073884073e-06,7.113354616746952e-07,1
627,1.0274061662631774e-06,1.1037076073884073e-06,1.1145338337368226e-06,1
628,8.14397138131644e-07,1.1037076073884073e-06,1.346672861868356e-06,1
629,4.7067345383627404e-07,1.1037076073884073e-06,1.0499065461637259e-06,1
630,2.333461627827033e-07,1.1037076073884073e-06,5.307818372172967e-07,1
631,1.0717414255923848e-07,1.1037076073884073e-06,2.2761685744076154e-07,0
632,3.9225545574047325e-08,1.1037076073884073e-06,1.3004545442595265e-07,0
633,1.123207346351609e-08,1.1037076073884073e-06,9.123192653648391e-08,0
634,3.1691997735058584e-09,1.1037076073884073e-06,6.075160022649414e-08,0
635,3.911171794451442e-09,1.1037076073884073e-06,3.311042820554855e-08,0
636,2.3433110711056453e-08,1.1037076073884073e-06,3.2172892889435494e-09,0
637,8.414000166528084e-08,1.1037076073884073e-06,-4.6758101665280836e-08,1
638,1.5878490252228437e-07,1.1037076073884073e-06,-1.0140450252228437e-07,1
639,1.600582896103916e-07,1.1037076073884073e-06,-1.000675896103916e-07,1
640,4.062007612526563e-07,1.1037076073884073e-06,1.390112387473437e-07,0
641,9.122763204442695e-07,1.1037076073884073e-06,3.190836795557306e-07,0
642,1.295797593874787e-06,1.1037076073884073e-06,4.655624061252129e-07,0
643,1.2651422783369465e-06,1.1037076073884073e-06,4.4374772166305345e-07,0
644,9.178275529733192e-07,1.1037076073884073e-06,2.950024470266806e-07,0
645,5.562604418170327e-07,1.1037076073884073e-06,1.309395581829673e-07,0
646,3.357162404338277e-07,1.1037076073884073e-06,9.094759566172322e-09,0
647,2.3457477509600388e-07,1.1037076073884073e-06,-6.236577509600387e-08,0
648,2.0754037384279235e-07,1.1037076073884073e-06,-1.0984027384279234e-07,0
649,2.2636561711477078e-07,1.1037076073884073e-06,-1.4494301711477078e-07,1
650,2.5038073714618425e-07,1.1037076073884073e-06,-1.2354973714618424e-07,0
651,2.778201154782076e-07,1.1037076073884073e-06,-1.4274115478207624e-08,0
652,4.41990050532969e-07,1.1037076073884073e-06,9.941294946703101e-08,0
653,9.299886008947504e-07,1.1037076073884073e-06,1.0571139910524951e-07,0
654,1.697419071861409e-06,1.1037076073884073e-06,1.0710092813859087e-07,0
655,2.4285289597866745e-06,1.1037076073884073e-06,3.978110402133257e-07,0
656,3.008034523531393e-06,1.1037076073884073e-06,9.20555476468607e-07,0
657,3.669177719595388e-06,1.1037076073884073e-06,1.2438122804046123e-06,0
658,4.220455796816129e-06,1.1037076073884073e-06,1.4542242031838716e-06,1
659,3.847493491188992e-06,1.1037076073884073e-06,1.8583265088110083e-06,0
660,2.531478726107796e-06,1.1037076073884073e-06,1.9021612738922046e-06,0
661,1.2723061614057249e-06,1.1037076073884073e-06,1.232143838594275e-06,0
662,5.912772165224732e-07,1.1037076073884073e-06,5.370227834775269e-07,0
663,2.7782982915409515e-07,1.1037076073884073e-06,2.706981708459049e-07,0
664,1.2077886908082174e-07,1.1037076073884073e-06,2.280531309191783e-07,0
665,4.759068806068349e-08,1.1037076073884073e-06,2.0741331193931652e-07,0
666,1.9541947071743916e-08,1.1037076073884073e-06,1.670820529282561e-07,0
667,5.354974845000679e-08,1.1037076073884073e-06,8.941625154999319e-08,0
668,2.725663092173429e-07,1.1037076073884073e-06,-1.0106730921734291e-07,0
669,7.69599677673811e-07,1.1037076073884073e-06,-4.73352677673811e-07,1
670,1.1714444500309358e-06,1.1037076073884073e-06,-7.567674500309357e-07,1
671,9.713337557417678e-07,1.1037076073884073e-06,-6.044867557417677e-07,1
672,1.25721701574246e-06,1.1037076073884073e-06,4.421229842575403e-07,0
673,2.4024540669078795e-06,1.1037076073884073e-06,8.132459330921205e-07,0
674,2.9831938399073466e-06,1.1037076073884073e-06,9.05566160092653e-07,0
675,2.69957871123869e-06,1.1037076073884073e-06,5.6261128876131e-07,0
676,1.958682129798053e-06,1.1037076073884073e-06,8.451787020194665e-08,0
677,1.2235547120035117e-06,1.1037076073884073e-06,-1.8750471200351164e-07,0
678,7.21991064503406e-07,1.1037076073884073e-06,-2.53415064503406e-07,0
679,5.530637272235769e-07,1.1037076073884073e-06,-3.3324072722357686e-07,1
680,6.900368854904854e-07,1.1037076073884073e-06,-5.376868854904854e-07,1
681,9.794077803111118e-07,1.1037076073884073e-06,-7.528947803111117e-07,1
682,1.234732471823539e-06,1.1037076073884073e-06,-7.30276471823539e-07,1
683,1.535559643620687e-06,1.1037076073884073e-06,-4.361796436206872e-07,0
684,2.4889089721606804e-06,1.1037076073884073e-06,-3.3138897216068017e-07,0
685,4.514856667871373e-06,1.1037076073884073e-06,-7.233866678713726e-07,0
686,6.798358969611605e-06,1.1037076073884073e-06,-8.358789696116045e-07,0
687,8.188237556220767e-06,1.1037076073884073e-06,1.370224437792338e-07,0
688,8.810509608271105e-06,1.1037076073884073e-06,1.2454903917288953e-06,0
689,9.311558808769497e-06,1.1037076073884073e-06,1.180541191230504e-06,0
690,8.996169699957091e-06,1.1037076073884073e-06,6.541003000429082e-07,0
691,6.864019216081828e-06,1.1037076073884073e-06,7.045907839181737e-07,0
692,3.885576256754485e-06,1.1037076073884073e-06,7.97803743245515e-07,0
693,1.7964572704753918e-06,1.1037076073884073e-06,4.7652272952460814e-07,0
694,8.770008101742105e-07,1.1037076073884073e-06,1.8134918982578946e-07,0
695,4.7243115659592533e-07,1.1037076073884073e-06,1.8532984340407462e-07,0
696,2.3168913198547268e-07,1.1037076073884073e-06,3.006438680145274e-07,0
697,9.556691162797595e-08,1.1037076073884073e-06,3.6711908837202407e-07,0
698,6.326619573307315e-08,1.1037076073884073e-06,3.354768042669268e-07,0
699,2.989526983414832e-07,1.1037076073884073e-06,1.0830230165851678e-07,0
700,1.2434075261159751e-06,1.1037076073884073e-06,-5.97271526115975e-07,1
701,2.834516022125624e-06,1.1037076073884073e-06,-1.7566960221256237e-06,1
702,3.533701962042891e-06,1.1037076073884073e-06,-2.245071962042891e-06,1
703,2.4040688737483083e-06,1.1037076073884073e-06,-1.4341068737483083e-06,1
704,1.868000122060152e-06,1.1037076073884073e-06,5.414898779398481e-07,0
705,3.1327709513061834e-06,1.1037076073884073e-06,8.210890486938158e-07,0
706,3.6438870743262007e-06,1.1037076073884073e-06,6.386529256737996e-07,0
707,3.295890213275428e-06,1.1037076073884073e-06,3.5149786724572165e-08,0
708,2.4767756958575084e-06,1.1037076073884073e-06,-5.021256958575082e-07,0
709,1.5656214043836397e-06,1.1037076073884073e-06,-6.208904043836396e-07,0
710,9.748455459003337e-07,1.1037076073884073e-06,-5.692085459003337e-07,1
711,9.74062487710453e-07,1.1037076073884073e-06,-7.62510487710453e-07,1
712,1.5113020389228068e-06,1.1037076073884073e-06,-1.2863020389228069e-06,1
713,2.262082276055213e-06,1.1037076073884073e-06,-1.8023022760552129e-06,1
714,2.878182499433952e-06,1.1037076073884073e-06,-1.829832499433952e-06,1
715,3.66931270702564e-06,1.1037076073884073e-06,-1.48681270702564e-06,1
716,5.6474361762658085e-06,1.1037076073884073e-06,-1.6131561762658078e-06,1
717,8.901385222070566e-06,1.1037076073884073e-06,-2.234125222070565e-06,1
718,1.1915273464065088e-05,1.1037076073884073e-06,-1.9778334640650896e-06,0
719,1.3346401230279707e-05,1.1037076073884073e-06,-4.79501230279707e-07,0
720,1.3336115865513424e-05,1.1037076073884073e-06,4.3578413448657677e-07,0
721,1.2473862470371153e-05,1.1037076073884073e-06,-2.763624703711538e-07,0
722,1.03499689649768e-05,1.1037076073884073e-06,-1.1347589649767996e-06,1
723,6.776476379155498e-06,1.1037076073884073e-06,-9.290063791554978e-07,1
724,3.3864042892253257e-06,1.1037076073884073e-06,-4.017842892253258e-07,0
725,1.53865628033062e-06,1.1037076073884073e-06,-2.2853628033061995e-07,0
726,8.020071038172235e-07,1.1037076073884073e-06,-1.1626210381722344e-07,0
727,4.2170331670062794e-07,1.1037076073884073e-06,1.3062768329937205e-07,0
728,1.8856910641099988e-07,1.1037076073884073e-06,3.544798935890001e-07,0
729,7.64819488846285e-08,1.1037076073884073e-06,4.581510511153715e-07,0
730,1.1846436619633493e-07,1.1037076073884073e-06,4.1579763380366507e-07,0
731,6.198375035379364e-07,1.1037076073884073e-06,7.620349646206366e-08,0
732,2.0637064816332168e-06,1.1037076073884073e-06,-8.980664816332168e-07,1
733,3.803600891163499e-06,1.1037076073884073e-06,-2.100590891163499e-06,1
734,3.849882600844779e-06,1.1037076073884073e-06,-2.0857426008447787e-06,1
735,2.1192641443388087e-06,1.1037076073884073e-06,-9.372041443388086e-07,1
736,1.3515948164899062e-06,1.1037076073884073e-06,4.419951835100938e-07,0
737,2.204729969969361e-06,1.1037076073884073e-06,5.248500300306385e-07,0
738,2.641945334769347e-06,1.1037076073884073e-06,2.33464665230653e-07,0
739,2.634782924690939e-06,1.1037076073884073e-06,-3.8997292469093887e-07,0
740,2.2072763793864643e-06,1.1037076073884073e-06,-8.762763793864642e-07,1
741,1.4941870525222876e-06,1.1037076073884073e-06,-8.706670525222876e-07,1
742,9.656135114853648e-07,1.1037076073884073e-06,-6.899495114853648e-07,1
743,9.873013887830328e-07,1.1037076073884073e-06,-8.103823887830328e-07,1
744,1.547333529830309e-06,1.1037076073884073e-06,-1.3085185298303092e-06,1
745,2.2623283834599224e-06,1.1037076073884073e-06,-1.7669133834599225e-06,1
746,2.819867901924782e-06,1.1037076073884073e-06,-1.749367901924782e-06,1
747,3.66313605122288e-06,1.1037076073884073e-06,-1.5305060512228798e-06,1
748,5.625741391474321e-06,1.1037076073884073e-06,-1.7765713914743208e-06,1
749,8.662367431818682e-06,1.1037076073884073e-06,-2.163847431818683e-06,1
750,1.1586005245317868e-05,1.1037076073884073e-06,-1.6429352453178667e-06,1
751,1.2984448893671628e-05,1.1037076073884073e-06,-5.20048893671628e-07,0
752,1.2365274742033585e-05,1.1037076073884073e-06,-2.991747420335854e-07,0
753,1.032295415976512e-05,1.1037076073884073e-06,-1.0819841597651204e-06,0
754,7.279581514947282e-06,1.1037076073884073e-06,-1.3795415149472815e-06,1
755,4.032590712282416e-06,1.1037076073884073e-06,-9.026507122824162e-07,1
756,1.81761953880498e-06,1.1037076073884073e-06,-4.7022953880498005e-07,1
757,7.900485195535653e-07,1.1037076073884073e-06,-2.487695195535654e-07,0
758,3.5870550099929304e-07,1.1037076073884073e-06,-3.783450099929303e-08,0
759,1.487390330911646e-07,1.1037076073884073e-06,1.656859669088354e-07,0
760,5.713229525714115e-08,1.1037076073884073e-06,2.9680770474285886e-07,0
761,4.214949544373865e-08,1.1037076073884073e-06,3.563235045562613e-07,0
762,1.1865784161154866e-07,1.1037076073884073e-06,3.643991583884514e-07,0
763,4.6786736345015776e-07,1.1037076073884073e-06,2.4746863654984234e-07,0
764,1.2495745684977915e-06,1.1037076073884073e-06,-1.3031456849779148e-07,0
765,1.9043777566075195e-06,1.1037076073884073e-06,-4.5738775660751967e-07,0
766,1.617696092652472e-06,1.1037076073884073e-06,-2.5536609265247197e-07,0
767,7.691290667583461e-07,1.1037076073884073e-06,8.299893324165388e-08,0
768,6.06510946081621e-07,1.1037076073884073e-06,3.6343505391837904e-07,0
769,1.0605387364499206e-06,1.1037076073884073e-06,4.323512635500793e-07,0
770,1.4924193432379096e-06,1.1037076073884073e-06,1.2359065676209032e-07,0
771,1.7604540300958592e-06,1.1037076073884073e-06,-4.779640300958592e-07,0
772,1.5987217337315434e-06,1.1037076073884073e-06,-8.390537337315433e-07,1
773,1.077669313023683e-06,1.1037076073884073e-06,-7.15241313023683e-07,1
774,6.291405678957364e-07,1.1037076073884073e-06,-4.5572656789573645e-07,1
775,5.326416251407582e-07,1.1037076073884073e-06,-4.1286562514075827e-07,1
776,7.324207965054222e-07,1.1037076073884073e-06,-5.807827965054223e-07,1
777,9.908498751476775e-07,1.1037076073884073e-06,-7.116038751476775e-07,1
778,1.2371189512921101e-06,1.1037076073884073e-06,-6.611089512921101e-07,1
779,1.849347620216296e-06,1.1037076073884073e-06,-6.652676202162961e-07,1
780,3.365798302106153e-06,1.1037076073884073e-06,-9.767483021061531e-07,1
781,5.7503766009392815e-06,1.1037076073884073e-06,-1.1961366009392808e-06,1
782,7.949298519597282e-06,1.1037076073884073e-06,-7.531185195972823e-07,0
783,8.597514093676264e-06,1.1037076073884073e-06,-1.512540936762626e-07,0
784,7.5875522417487e-06,1.1037076073884073e-06,-3.7082224174869963e-07,0
785,5.72707001552947e-06,1.1037076073884073e-06,-9.772800155294693e-07,1
786,3.614827270492283e-06,1.1037076073884073e-06,-1.0337372704922827e-06,1
787,1.8284286444357903e-06,1.1037076073884073e-06,-6.573486444357903e-07,1
788,7.575487570045534e-07,1.1037076073884073e-06,-3.1065675700455343e-07,1
789,2.7778277580715326e-07,1.1037076073884073e-06,-9.835377580715325e-08,0
790,9.122178062346076e-08,1.1037076073884073e-06,3.185521937653925e-08,0
791,2.9458733641218622e-08,1.1037076073884073e-06,1.0365126635878139e-07,0
792,2.91111495808016e-08,1.1037076073884073e-06,1.376418504191984e-07,0
793,5.0052077502948826e-08,1.1037076073884073e-06,1.7436992249705116e-07,0
794,7.59355506191884e-08,1.1037076073884073e-06,2.4831544938081156e-07,0
795,1.6745727661522286e-07,1.1037076073884073e-06,3.336687233847772e-07,0
796,3.5506057469131925e-07,1.1037076073884073e-06,3.7780842530868075e-07,0
797,4.854712051381756e-07,1.1037076073884073e-06,3.9342879486182433e-07,0
798,4.2164099181401963e-07,1.1037076073884073e-06,3.6993300818598036e-07,0
799,2.3895904999768766e-07,1.1037076073884073e-06,2.459399500023123e-07,0
800,2.367304182215909e-07,1.1037076073884073e-06,3.760565817784091e-07,0
801,4.818906545671143e-07,1.1037076073884073e-06,4.843813454328858e-07,0
802,7.690778837973826e-07,1.1037076073884073e-06,2.619821162026175e-07,0
803,9.3142473595111e-07,1.1037076073884073e-06,-1.5141173595111005e-07,0
804,7.900588857222646e-07,1.1037076073884073e-06,-3.5403288572226455e-07,1
805,4.7317169395169895e-07,1.1037076073884073e-06,-2.7597169395169896e-07,1
806,2.50090332136289e-07,1.1037076073884073e-06,-1.57080232136289e-07,1
807,1.9244314834593922e-07,1.1037076073884073e-06,-1.257555483459392e-07,1
808,2.2050980330418267e-07,1.1037076073884073e-06,-1.4488300330418266e-07,1
809,2.6245953249627976e-07,1.1037076073884073e-06,-1.4348253249627977e-07,1
810,3.635706569121781e-07,1.1037076073884073e-06,-1.2274165691217812e-07,1
811,7.536377885551748e-07,1.1037076073884073e-06,-1.983087885551748e-07,1
812,1.6958518698895584e-06,1.1037076073884073e-06,-4.058418698895584e-07,1
813,3.0151119969819586e-06,1.1037076073884073e-06,-4.4765199698195884e-07,0
814,3.9146284023466e-06,1.1037076073884073e-06,-1.2081840234660018e-07,0
815,3.937466750848631e-06,1.1037076073884073e-06,-1.6546750848631446e-08,0
816,3.3825184672596562e-06,1.1037076073884073e-06,-4.934084672596564e-07,0
817,2.5266267019831938e-06,1.1037076073884073e-06,-8.848667019831939e-07,1
818,1.5339653027070152e-06,1.1037076073884073e-06,-7.465793027070152e-07,1
819,7.315532630921644e-07,1.1037076073884073e-06,-3.9616926309216434e-07,1
820,2.8987242385383646e-07,1.1037076073884073e-06,-1.5239742385383646e-07,1
821,9.97629476233501e-08,1.1037076073884073e-06,-3.11383476233501e-08,0
822,2.9266803820095672e-08,1.1037076073884073e-06,2.228749617990433e-08,0
823,1.3776495873741689e-08,1.1037076073884073e-06,3.892040412625831e-08,0
824,2.200531901621448e-08,1.1037076073884073e-06,4.507248098378552e-08,0
825,2.9794676473906215e-08,1.1037076073884073e-06,7.41603235260938e-08,0
826,3.651453248608765e-08,1.1037076073884073e-06,1.3249646751391236e-07,0
827,6.562165136725561e-08,1.1037076073884073e-06,2.0100634863274437e-07,0
828,1.2597720404618195e-07,1.1037076073884073e-06,2.58844795953818e-07,0
829,1.9442580921835328e-07,1.1037076073884073e-06,2.736181907816467e-07,0
830,2.1116247530058936e-07,1.1037076073884073e-06,2.3426952469941063e-07,0
831,1.3743352020188206e-07,1.1037076073884073e-06,1.5903547979811792e-07,0
832,1.0379728705471131e-07,1.1037076073884073e-06,4.1472871294528876e-07,1
833,2.014320957464023e-07,1.1037076073884073e-06,5.935399042535978e-07,1
834,3.079250568384871e-07,1.1037076073884073e-06,4.851029431615129e-07,0
835,3.422797971438803e-07,1.1037076073884073e-06,1.9761820285611974e-07,0
836,2.607238233368594e-07,1.1037076073884073e-06,2.3981766631405815e-09,0
837,1.4886588665402065e-07,1.1037076073884073e-06,-4.6883886654020656e-08,0
838,8.482681590472968e-08,1.1037076073884073e-06,-4.1755015904729676e-08,1
839,6.371899194757598e-08,1.1037076073884073e-06,-3.3538491947575976e-08,0
840,5.601576074608495e-08,1.1037076073884073e-06,-2.0908660746084953e-08,0
841,5.764071671361581e-08,1.1037076073884073e-06,6.595832863841986e-10,0
842,1.1197597441032307e-07,1.1037076073884073e-06,9.146025589676921e-09,0
843,3.1234197140275676e-07,1.1037076073884073e-06,-2.2454971402756727e-08,0
844,7.296502725920585e-07,1.1037076073884073e-06,-6.389027259205857e-08,0
845,1.2433798759824394e-06,1.1037076073884073e-06,-4.8399875982439535e-08,0
846,1.5347755926841569e-06,1.1037076073884073e-06,-2.810559268415693e-08,0
847,1.5041804777511689e-06,1.1037076073884073e-06,-1.8732047775116888e-07,0
848,1.2842068285980969e-06,1.1037076073884073e-06,-4.352168285980969e-07,1
849,9.200636643908751e-07,1.1037076073884073e-06,-4.6811066439087505e-07,1
850,5.140743298746185e-07,1.1037076073884073e-06,-2.9114532987461854e-07,1
851,2.273715881019713e-07,1.1037076073884073e-06,-1.162135881019713e-07,0
852,8.45611456463209e-08,1.1037076073884073e-06,-2.5708545646320906e-08,0
853,3.1621883656209265e-08,1.1037076073884073e-06,3.212716343790734e-09,0
854,1.6257021342005528e-08,1.1037076073884073e-06,9.14407865799447e-09,0
855,1.243258946397419e-08,1.1037076073884073e-06,1.0891310536025813e-08,0
856,1.4041009354924989e-08,1.1037076073884073e-06,1.6557490645075012e-08,0
857,2.249817086221857e-08,1.1037076073884073e-06,2.6966529137781428e-08,0
858,3.542034404751002e-08,1.1037076073884073e-06,4.3522555952489984e-08,0
859,6.368070501011939e-08,1.1037076073884073e-06,6.60292949898806e-08,0
860,1.2077892441241234e-07,1.1037076073884073e-06,8.602807558758767e-08,0
861,1.6821627328962504e-07,1.1037076073884073e-06,1.2027572671037498e-07,0
862,1.4805983100868366e-07,1.1037076073884073e-06,1.668561689913163e-07,0
863,8.131846057127237e-08,1.1037076073884073e-06,1.5166953942872763e-07,0
864,3.763546102890098e-08,1.1037076073884073e-06,4.40521538971099e-07,1
865,8.308828694193432e-08,1.1037076073884073e-06,6.079947130580657e-07,1
866,1.2289623790767627e-07,1.1037076073884073e-06,5.125687620923237e-07,1
867,1.2179910187720854e-07,1.1037076073884073e-06,2.735808981227915e-07,0
868,9.601969254792432e-08,1.1037076073884073e-06,8.456230745207567e-08,0
869,6.915550836934671e-08,1.1037076073884073e-06,8.054916306532927e-10,0
870,4.4889011959869455e-08,1.1037076073884073e-06,-1.5804411959869458e-08,0
871,2.638241513838598e-08,1.1037076073884073e-06,-8.67041513838598e-09,0
872,1.4374657883208609e-08,1.1037076073884073e-06,6.407642116791391e-09,0
873,1.985096728940854e-08,1.1037076073884073e-06,1.7465532710591463e-08,0
874,5.829706798828187e-08,1.1037076073884073e-06,2.544713201171811e-08,0
875,1.4267548398390072e-07,1.1037076073884073e-06,6.448151601609926e-08,0
876,2.937831731156788e-07,1.1037076073884073e-06,1.3281482688432116e-07,0
877,4.6987297551140726e-07,1.1037076073884073e-06,1.442460244885928e-07,0
878,5.456947165086667e-07,1.1037076073884073e-06,5.254128349133328e-08,0
879,5.17217140526844e-07,1.1037076073884073e-06,-9.4554140526844e-08,0
880,4.400402458941984e-07,1.1037076073884073e-06,-1.889182458941984e-07,1
881,3.0665818065373424e-07,1.1037076073884073e-06,-1.6155818065373425e-07,0
882,1.7112602338073088e-07,1.1037076073884073e-06,-8.548612338073089e-08,0
883,9.565379216707099e-08,1.1037076073884073e-06,-4.3760592167070995e-08,0
884,6.225909077767173e-08,1.1037076073884073e-06,-3.120139077767173e-08,0
885,4.517692622497902e-08,1.1037076073884073e-06,-2.6569326224979024e-08,0
886,3.4913331774819934e-08,1.1037076073884073e-06,-2.0662931774819933e-08,0
887,2.2275807117502156e-08,1.1037076073884073e-06,-3.727407117502156e-09,0
888,1.5650240072410337e-08,1.1037076073884073e-06,1.3795459927589664e-08,0
889,2.9088243328740293e-08,1.1037076073884073e-06,1.1096756671259712e-08,0
890,6.441324183392343e-08,1.1037076073884073e-06,-8.715141833923436e-09,0
891,1.1449933864830161e-07,1.1037076073884073e-06,-1.5500238648301604e-08,0
892,1.621206505273738e-07,1.1037076073884073e-06,2.3196349472626213e-08,0
893,1.734657874367913e-07,1.1037076073884073e-06,1.1474321256320874e-07,0
894,1.3345407658822146e-07,1.1037076073884073e-06,1.9655192341177851e-07,1
895,7.464459345719209e-08,1.1037076073884073e-06,1.772794065428079e-07,1
896,3.833445122324561e-08,1.1037076073884073e-06,4.087625487767544e-07,1
897,7.50639743572608e-08,1.1037076073884073e-06,5.551030256427391e-07,1
898,9.05435197636436e-08,1.1037076073884073e-06,4.836314802363564e-07,1
899,8.041344220419186e-08,1.1037076073884073e-06,2.8589455779580814e-07,0
900,6.303526197703369e-08,1.1037076073884073e-06,1.143897380229663e-07,0
901,4.2044443497482774e-08,1.1037076073884073e-06,3.054025650251722e-08,0
902,2.0211946420510293e-08,1.1037076073884073e-06,8.679653579489707e-09,0
903,7.565921171013051e-09,1.1037076073884073e-06,7.756878828986949e-09,0
904,8.455140651573463e-09,1.1037076073884073e-06,6.783059348426539e-09,0
905,2.406578727713408e-08,1.1037076073884073e-06,3.1827127228659213e-09,0
906,4.993025890323466e-08,1.1037076073884073e-06,2.8596441096765333e-08,0
907,9.246678860556487e-08,1.1037076073884073e-06,1.219742113944351e-07,0
908,1.5115291557148705e-07,1.1037076073884073e-06,2.4138008442851296e-07,0
909,1.8041816066944579e-07,1.1037076073884073e-06,2.629788393305542e-07,0
910,1.7359154197068325e-07,1.1037076073884073e-06,1.4749345802931674e-07,0
911,1.6486412572968176e-07,1.1037076073884073e-06,1.3649874270318243e-08,0
912,1.37590344856463e-07,1.1037076073884073e-06,-3.1080344856463006e-08,0
913,8.926817884525862e-08,1.1037076073884073e-06,-1.223157884525863e-08,0
914,6.782723187568979e-08,1.1037076073884073e-06,-1.0651931875689789e-08,0
915,6.546464649642353e-08,1.1037076073884073e-06,-2.6625446496423536e-08,0
916,4.867212128553765e-08,1.1037076073884073e-06,-2.705692128553765e-08,0
917,3.0025642675528216e-08,1.1037076073884073e-06,-1.7392442675528214e-08,0
918,1.961162181836643e-08,1.1037076073884073e-06,-3.30582181836643e-09,0
919,1.5621016965626718e-08,1.1037076073884073e-06,1.8515983034373278e-08,0
920,2.852578791321826e-08,1.1037076073884073e-06,3.621201208678175e-08,0
921,6.781295588731897e-08,1.1037076073884073e-06,2.8036444112681028e-08,0
922,1.3342712708013234e-07,1.1037076073884073e-06,-3.649127080132327e-09,0
923,2.3365717732564911e-07,1.1037076073884073e-06,-2.7387177325649135e-08,0
924,3.566037401785124e-07,1.1037076073884073e-06,-5.584740178512422e-09,0
925,3.9834385000601134e-07,1.1037076073884073e-06,1.0955114999398867e-07,0
926,3.07387562838537e-07,1.1037076073884073e-06,2.410144371614631e-07,0
927,1.731536382096555e-07,1.1037076073884073e-06,2.296743617903445e-07,0
928,6.46773529102133e-08,1.1037076073884073e-06,4.5514464708978666e-07,0
929,1.0336189218303408e-07,1.1037076073884073e-06,6.34763107816966e-07,0
930,1.0815489561284607e-07,1.1037076073884073e-06,5.66924104387154e-07,0
931,7.92449263990752e-08,1.1037076073884073e-06,3.5184407360092484e-07,0
932,4.7042068482862885e-08,1.1037076073884073e-06,1.617749315171371e-07,0
933,2.437091512548906e-08,1.1037076073884073e-06,5.779828487451094e-08,0
934,8.623561890003841e-09,1.1037076073884073e-06,2.0678938109996158e-08,0
935,3.5113254807149043e-09,1.1037076073884073e-06,1.2731374519285097e-08,0
936,9.247883283309992e-09,1.1037076073884073e-06,1.398711671669001e-08,0
937,2.5604115676222142e-08,1.1037076073884073e-06,2.6602084323777854e-08,0
938,6.435739619736104e-08,1.1037076073884073e-06,5.951860380263898e-08,0
939,1.31083262846093e-07,1.1037076073884073e-06,1.18652737153907e-07,0
940,1.692643668282245e-07,1.1037076073884073e-06,1.885286331717755e-07,0
941,1.4423342158696875e-07,1.1037076073884073e-06,1.9081357841303125e-07,0
942,9.602994687871506e-08,1.1037076073884073e-06,1.1592005312128496e-07,0
943,6.397082224367121e-08,1.1037076073884073e-06,4.750817775632879e-08,0
944,4.4990934582621615e-08,1.1037076073884073e-06,2.3662865417378388e-08,0
945,2.9115874302768612e-08,1.1037076073884073e-06,2.3556625697231385e-08,0
946,2.080391074391642e-08,1.1037076073884073e-06,1.9310489256083586e-08,0
947,1.5237177662778965e-08,1.1037076073884073e-06,9.794622337221036e-09,0
948,8.040887424194771e-09,1.1037076073884073e-06,5.138312575805228e-09,0
949,4.934710461638045e-09,1.1037076073884073e-06,6.416989538361955e-09,0
950,1.1355463048645724e-08,1.1037076073884073e-06,1.3346236951354274e-08,0
951,3.660859421349709e-08,1.1037076073884073e-06,3.0624305786502906e-08,0
952,8.980330128670339e-08,1.1037076073884073e-06,6.081169871329661e-08,0
953,1.9235190793269281e-07,1.1037076073884073e-06,6.685609206730719e-08,0
954,3.932128603837004e-07,1.1037076073884073e-06,1.5941396162996195e-09,0
955,7.137939085015513e-07,1.1037076073884073e-06,-6.810290850155118e-08,0
956,1.028092992197399e-06,1.1037076073884073e-06,2.967700780260102e-08,0
957,1.1173597998049266e-06,1.1037076073884073e-06,2.985402001950735e-07,0
958,9.292671659615709e-07,1.1037076073884073e-06,4.488028340384293e-07,0
959,5.719453801045117e-07,1.1037076073884073e-06,3.400706198954883e-07,0
960,1.006481540434044e-07,1.1037076073884073e-06,6.311558459565956e-07,0
961,1.3177623074271008e-07,1.1037076073884073e-06,8.4781376925729e-07,0
962,9.932656479756443e-08,1.1037076073884073e-06,7.297374352024357e-07,0
963,5.0241985983698186e-08,1.1037076073884073e-06,4.4504501401630183e-07,0
964,2.4998757980648222e-08,1.1037076073884073e-06,2.0431924201935176e-07,1
965,1.1497803723624216e-08,1.1037076073884073e-06,7.489059627637578e-08,0
966,3.1711366313080533e-09,1.1037076073884073e-06,2.9981363368691944e-08,0
967,1.2656050591586077e-09,1.1037076073884073e-06,3.132859494084139e-08,0
968,4.841067553903282e-09,1.1037076073884073e-06,6.278403244609672e-08,0
969,2.4720020855555107e-08,1.1037076073884073e-06,1.0735897914444489e-07,0
970,8.680332515324818e-08,1.1037076073884073e-06,1.2771967484675185e-07,0
971,1.7218252104314562e-07,1.1037076073884073e-06,1.247944789568544e-07,0
972,1.9727583487361102e-07,1.1037076073884073e-06,1.3416716512638902e-07,0
973,1.3819457436550238e-07,1.1037076073884073e-06,1.4348342563449763e-07,0
974,6.465486286400003e-08,1.1037076073884073e-06,1.2521513713599997e-07,0
975,2.8253195178365992e-08,1.1037076073884073e-06,8.9729804821634e-08,0
976,1.568958554988897e-08,1.1037076073884073e-06,6.043961445011104e-08,0
977,7.390536863807354e-09,1.1037076073884073e-06,4.2389563136192655e-08,0
978,2.4296818738295035e-09,1.1037076073884073e-06,2.97343181261705e-08,0
979,7.721491237556914e-10,1.1037076073884073e-06,2.138755087624431e-08,0
980,5.320540190933172e-10,1.1037076073884073e-06,1.8019145980906684e-08,0
981,3.2728598019219688e-09,1.1037076073884073e-06,1.7608340198078033e-08,0
982,1.9070522194339556e-08,1.1037076073884073e-06,2.1584477805660447e-08,0
983,7.475310090908687e-08,1.1037076073884073e-06,3.539589909091313e-08,0
984,2.233155492958756e-07,1.1037076073884073e-06,4.0890450704124416e-08,0
985,5.444370377509632e-07,1.1037076073884073e-06,-3.0217037750963225e-08,0
986,1.0859319303684812e-06,1.1037076073884073e-06,-1.5696493036848124e-07,0
987,1.7539594889007927e-06,1.1037076073884073e-06,-5.611948890079259e-08,0
988,2.320396172708955e-06,1.1037076073884073e-06,4.449738272910452e-07,0
989,2.538888722279934e-06,1.1037076073884073e-06,9.174812777200651e-07,0
990,2.1667219539248163e-06,1.1037076073884073e-06,8.951380460751833e-07,1
991,1.2648889723411152e-06,1.1037076073884073e-06,5.453510276588849e-07,0
992,9.321378889164476e-08,1.1037076073884073e-06,5.532212111083552e-07,0
993,8.485014076563541e-08,1.1037076073884073e-06,6.508318592343646e-07,0
994,3.888968694694553e-08,1.1037076073884073e-06,5.009123130530546e-07,0
995,1.1240812235138562e-08,1.1037076073884073e-06,2.7700918776486147e-07,1
996,3.8008945087326374e-09,1.1037076073884073e-06,1.1790710549126735e-07,1
997,1.2886658810243508e-09,1.1037076073884073e-06,4.3077734118975656e-08,1
998,2.5639392340592053e-10,1.1037076073884073e-06,2.503830607659408e-08,0
999,2.97329470118075e-10,1.1037076073884073e-06,4.309867052988192e-08,0
1000,3.1967896904454444e-09,1.1037076073884073e-06,8.470411030955455e-08,0
1001,2.0397639547815438e-08,1.1037076073884073e-06,1.2279136045218455e-07,0
1002,6.78614492142129e-08,1.1037076073884073e-06,1.259165507857871e-07,0
1003,1.2202815605029967e-07,1.1037076073884073e-06,1.0610784394970033e-07,0
1004,1.2532884171052393e-07,1.1037076073884073e-06,9.990015828947608e-08,0
1005,7.952498643910366e-08,1.1037076073884073e-06,1.0118201356089632e-07,0
1006,3.5292111540079935e-08,1.1037076073884073e-06,8.693688845992007e-08,1
1007,1.1765527375345143e-08,1.1037076073884073e-06,6.588027262465486e-08,0
1008,2.957729632078578e-09,1.1037076073884073e-06,4.511097036792142e-08,0
1009,5.845254196248766e-10,1.1037076073884073e-06,2.9401574580375124e-08,0
1010,8.399809196600906e-11,1.1037076073884073e-06,2.0933901908033993e-08,0
1011,2.151251436734488e-11,1.1037076073884073e-06,1.7352087485632656e-08,0
1012,2.382276764581799e-10,1.1037076073884073e-06,1.592377232354182e-08,0
1013,2.7073900935928928e-09,1.1037076073884073e-06,1.6720709906407106e-08,0
1014,1.9053214319284762e-08,1.1037076073884073e-06,2.2122685680715237e-08,0
1015,8.645716429092869e-08,1.1037076073884073e-06,2.1165835709071307e-08,0
1016,2.753640182986401e-07,1.1037076073884073e-06,-2.7330018298640133e-08,0
1017,6.562246726360506e-07,1.1037076073884073e-06,-1.3775667263605052e-07,0
1018,1.207313941948912e-06,1.1037076073884073e-06,-1.4719394194891215e-07,0
1019,1.8016827373117382e-06,1.1037076073884073e-06,1.9220726268826204e-07,0
1020,2.2975793655648696e-06,1.1037076073884073e-06,7.277706344351306e-07,0
1021,2.4444224409534604e-06,1.1037076073884073e-06,9.3481755904654e-07,0
1022,1.9045489249796687e-06,1.1037076073884073e-06,7.079210750203313e-07,0
1023,9.329482041034281e-07,1.1037076073884073e-06,3.723217958965722e-07,0
