,F270S,max,diff,True
0,1.3395565944679628e-06,1.1366051154815182e-06,7.543340553203717e-08,0
1,1.8451432069624462e-06,1.1366051154815182e-06,1.654967930375539e-07,0
2,1.5209341117118108e-06,1.1366051154815182e-06,1.201558882881892e-07,0
3,9.183501506029392e-07,1.1366051154815182e-06,-2.7795150602939287e-08,0
4,5.65216220581484e-07,1.1366051154815182e-06,-1.8820822058148395e-07,0
5,4.076312919150925e-07,1.1366051154815182e-06,-2.661582919150925e-07,1
6,2.9179485070471094e-07,1.1366051154815182e-06,-2.2136045070471093e-07,1
7,1.948651245607493e-07,1.1366051154815182e-06,-9.90610245607493e-08,0
8,1.3481298238772474e-07,1.1366051154815182e-06,5.566301761227525e-08,0
9,1.0901065143600633e-07,1.1366051154815182e-06,2.2513334856399369e-07,0
10,1.2457971122211984e-07,1.1366051154815182e-06,3.8451428877788016e-07,0
11,2.1192206127058705e-07,1.1366051154815182e-06,4.7375093872941303e-07,0
12,3.7461175106009115e-07,1.1366051154815182e-06,4.2366724893990884e-07,0
13,5.786129213223403e-07,1.1366051154815182e-06,2.1169507867765967e-07,0
14,7.675412176740444e-07,1.1366051154815182e-06,-9.341321767404437e-08,0
15,8.193207601623991e-07,1.1366051154815182e-06,-3.0991076016239914e-07,0
16,6.352450860787675e-07,1.1366051154815182e-06,-2.8114908607876757e-07,1
17,3.488835989135816e-07,1.1366051154815182e-06,-1.1601959891358157e-07,0
18,1.4776976910320778e-07,1.1366051154815182e-06,-6.8967691032077565e-09,0
19,6.717054118464477e-08,1.1366051154815182e-06,2.076615881535523e-08,0
20,8.286764844785377e-08,1.1366051154815182e-06,-2.1074844785378172e-10,0
21,2.0870145346795448e-07,1.1366051154815182e-06,-9.211145346795448e-08,0
22,4.912016404214019e-07,1.1366051154815182e-06,-3.033846404214019e-07,1
23,9.132327453370356e-07,1.1366051154815182e-06,-5.949447453370355e-07,1
24,1.4621236720523187e-06,1.1366051154815182e-06,-8.493456720523187e-07,1
25,2.416294729421529e-06,1.1366051154815182e-06,-1.0358947294215289e-06,1
26,4.4415821988163136e-06,1.1366051154815182e-06,-1.207052198816314e-06,1
27,8.05066788967061e-06,1.1366051154815182e-06,-1.200187889670609e-06,0
28,1.2397259433339484e-05,1.1366051154815182e-06,-6.192594333394847e-07,0
29,1.5215920002960174e-05,1.1366051154815182e-06,5.0279997039825305e-08,0
30,1.4272112526252774e-05,1.1366051154815182e-06,-1.0831252625277263e-07,0
31,9.56429697381907e-06,1.1366051154815182e-06,-6.426369738190696e-07,0
32,3.873827723524226e-06,1.1366051154815182e-06,9.52227647577374e-09,0
33,4.714271380775041e-06,1.1366051154815182e-06,6.473861922495925e-08,0
34,3.6035945878985284e-06,1.1366051154815182e-06,-1.5891458789852826e-07,0
35,2.262450966609188e-06,1.1366051154815182e-06,-5.693409666091882e-07,0
36,1.6427060914350413e-06,1.1366051154815182e-06,-9.558050914350414e-07,1
37,1.3410543738373079e-06,1.1366051154815182e-06,-1.055560373837308e-06,1
38,1.003021744823887e-06,1.1366051154815182e-06,-8.159527448238869e-07,1
39,6.564745335869148e-07,1.1366051154815182e-06,-3.9599053358691476e-07,1
40,4.014843589360184e-07,1.1366051154815182e-06,7.783064106398159e-08,0
41,2.966616129804053e-07,1.1366051154815182e-06,5.325603870195947e-07,0
42,3.962619965085945e-07,1.1366051154815182e-06,8.519180034914056e-07,0
43,7.113322479833145e-07,1.1366051154815182e-06,9.336477520166855e-07,0
44,1.190625606072763e-06,1.1366051154815182e-06,7.43714393927237e-07,0
45,1.8542456022569023e-06,1.1366051154815182e-06,1.8778439774309774e-07,0
46,2.5870184732991982e-06,1.1366051154815182e-06,-6.577084732991985e-07,0
47,2.775624793555826e-06,1.1366051154815182e-06,-1.1363447935558262e-06,1
48,2.0999279462845797e-06,1.1366051154815182e-06,-8.339179462845798e-07,1
49,1.1522586224599637e-06,1.1366051154815182e-06,-2.831096224599636e-07,0
50,5.151212838095496e-07,1.1366051154815182e-06,2.4921716190450453e-08,0
51,2.581910934348503e-07,1.1366051154815182e-06,1.1541490656514965e-07,0
52,3.135899874060899e-07,1.1366051154815182e-06,5.79510125939101e-08,0
53,7.396842644366375e-07,1.1366051154815182e-06,-2.368832644366375e-07,0
54,1.5760976337814557e-06,1.1366051154815182e-06,-8.426466337814556e-07,1
55,2.72397700300186e-06,1.1366051154815182e-06,-1.5891770030018597e-06,1
56,4.491675690227663e-06,1.1366051154815182e-06,-2.3520256902276633e-06,1
57,8.132630792492809e-06,1.1366051154815182e-06,-3.251460792492809e-06,1
58,1.556337333849656e-05,1.1366051154815182e-06,-4.16697333849656e-06,1
59,2.694600650155743e-05,1.1366051154815182e-06,-3.868506501557429e-06,1
60,3.788217709958506e-05,1.1366051154815182e-06,-1.3349770995850575e-06,0
61,4.19050975437088e-05,1.1366051154815182e-06,8.645024562911976e-07,0
62,3.565795815604901e-05,1.1366051154815182e-06,-7.095815604901364e-08,0
63,2.1916416488299528e-05,1.1366051154815182e-06,-1.8509164882995287e-06,0
64,5.30149909912419e-06,1.1366051154815182e-06,-1.0711909912418957e-07,0
65,5.95095980906085e-06,1.1366051154815182e-06,-9.634980906084913e-08,0
66,4.438929298637958e-06,1.1366051154815182e-06,-5.325492986379576e-07,0
67,3.0767529103271165e-06,1.1366051154815182e-06,-1.2529629103271163e-06,1
68,2.6138007491482387e-06,1.1366051154815182e-06,-1.8499927491482387e-06,1
69,2.371671230731704e-06,1.1366051154815182e-06,-1.990269230731704e-06,1
70,1.924821466656533e-06,1.1366051154815182e-06,-1.645075466656533e-06,1
71,1.305453333951105e-06,1.1366051154815182e-06,-9.723593339511049e-07,1
72,7.573319393501514e-07,1.1366051154815182e-06,-1.9111293935015145e-07,0
73,5.477420652493421e-07,1.1366051154815182e-06,4.3663193475065784e-07,0
74,7.878798048069896e-07,1.1366051154815182e-06,7.264401951930106e-07,0
75,1.3811895947933355e-06,1.1366051154815182e-06,7.340504052066645e-07,0
76,2.2722660924215823e-06,1.1366051154815182e-06,5.086939075784175e-07,0
77,3.6329150712041605e-06,1.1366051154815182e-06,-2.386950712041607e-07,0
78,5.093630005124418e-06,1.1366051154815182e-06,-1.3449100051244188e-06,0
79,5.429534342469515e-06,1.1366051154815182e-06,-1.7136743424695151e-06,1
80,4.185092226281807e-06,1.1366051154815182e-06,-9.659122262818075e-07,0
81,2.405776437073656e-06,1.1366051154815182e-06,-5.2406437073655944e-08,0
82,1.1280051730805158e-06,1.1366051154815182e-06,3.9598482691948424e-07,0
83,5.6567870297322e-07,1.1366051154815182e-06,4.8877129702678e-07,1
84,6.756571313991668e-07,1.1366051154815182e-06,3.2075186860083314e-07,0
85,1.4405688235503098e-06,1.1366051154815182e-06,-1.8217882355030976e-07,0
86,2.642594048235118e-06,1.1366051154815182e-06,-9.434040482351179e-07,1
87,4.338950354357627e-06,1.1366051154815182e-06,-1.888310354357627e-06,1
88,7.935168762866799e-06,1.1366051154815182e-06,-3.418868762866799e-06,1
89,1.6298492008009823e-05,1.1366051154815182e-06,-5.897192008009821e-06,1
90,3.1781065737324295e-05,1.1366051154815182e-06,-8.149765737324293e-06,1
91,5.141377748137346e-05,1.1366051154815182e-06,-6.956577481373456e-06,1
92,6.541944401677215e-05,1.1366051154815182e-06,-1.5893440167721558e-06,0
93,6.529961545613674e-05,1.1366051154815182e-06,1.8870845438632609e-06,0
94,5.053904395349212e-05,1.1366051154815182e-06,-1.618439534921206e-07,0
95,2.8354131106009045e-05,1.1366051154815182e-06,-2.6108311060090468e-06,0
96,4.573246003669738e-06,1.1366051154815182e-06,-2.3346003669737477e-08,0
97,4.882133136930359e-06,1.1366051154815182e-06,1.0596863069641042e-08,0
98,3.6054251494281687e-06,1.1366051154815182e-06,-4.683251494281687e-07,0
99,2.646329581677932e-06,1.1366051154815182e-06,-1.209159581677932e-06,1
100,2.465227769350129e-06,1.1366051154815182e-06,-1.8104037693501292e-06,1
101,2.46441613845473e-06,1.1366051154815182e-06,-2.06753813845473e-06,1
102,2.1467189942154807e-06,1.1366051154815182e-06,-1.8478289942154808e-06,1
103,1.4648130360851431e-06,1.1366051154815182e-06,-1.170929036085143e-06,1
104,8.467130804312093e-07,1.1366051154815182e-06,-4.0991508043120933e-07,0
105,7.145500911624879e-07,1.1366051154815182e-06,5.3914908837512086e-08,0
106,1.1282282719716156e-06,1.1366051154815182e-06,2.0955172802838438e-07,0
107,1.9578917230588185e-06,1.1366051154815182e-06,2.8190827694118125e-07,0
108,3.275421952021551e-06,1.1366051154815182e-06,2.1849804797844875e-07,0
109,5.2034207484768375e-06,1.1366051154815182e-06,-2.4855074847683815e-07,0
110,7.196966717496182e-06,1.1366051154815182e-06,-8.617167174961819e-07,0
111,7.833905820764514e-06,1.1366051154815182e-06,-7.781158207645146e-07,0
112,6.366059862532143e-06,1.1366051154815182e-06,1.1821013746785761e-07,0
113,3.875977807868122e-06,1.1366051154815182e-06,9.59632192131878e-07,0
114,1.8496861140050056e-06,1.1366051154815182e-06,1.272873885994994e-06,1
115,9.21504051037759e-07,1.1366051154815182e-06,1.1888359489622412e-06,1
116,1.1275326038454318e-06,1.1366051154815182e-06,8.111473961545682e-07,1
117,2.1617011574754e-06,1.1366051154815182e-06,2.8250884252460005e-07,0
118,3.5247913022375793e-06,1.1366051154815182e-06,-2.1374130223757905e-07,0
119,5.76913481429209e-06,1.1366051154815182e-06,-1.1428248142920899e-06,1
120,1.1816224890289376e-05,1.1366051154815182e-06,-3.614194890289377e-06,1
121,2.5615248911132246e-05,1.1366051154815182e-06,-7.563948911132245e-06,1
122,4.75497876788008e-05,1.1366051154815182e-06,-9.709887678800804e-06,1
123,7.009002827657439e-05,1.1366051154815182e-06,-5.9995282765743895e-06,1
124,8.098854423448657e-05,1.1366051154815182e-06,1.1619557655134294e-06,0
125,7.354877038440248e-05,1.1366051154815182e-06,3.855629615597515e-06,0
126,5.153253823448328e-05,1.1366051154815182e-06,9.664617655167105e-07,0
127,2.619853273540981e-05,1.1366051154815182e-06,-1.5812327354098124e-06,0
128,3.261492124418318e-06,1.1366051154815182e-06,6.762787558168166e-08,0
129,3.497969886017682e-06,1.1366051154815182e-06,-3.61988601768201e-09,0
130,2.6228308332279307e-06,1.1366051154815182e-06,-4.140908332279303e-07,0
131,1.8499608905052586e-06,1.1366051154815182e-06,-7.812308905052588e-07,1
132,1.5947592991637594e-06,1.1366051154815182e-06,-1.0080952991637596e-06,1
133,1.5581757935778646e-06,1.1366051154815182e-06,-1.1530037935778646e-06,1
134,1.3407143482125363e-06,1.1366051154815182e-06,-1.0510273482125363e-06,1
135,9.087610104076699e-07,1.1366051154815182e-06,-6.796470104076698e-07,1
136,6.129351956824207e-07,1.1366051154815182e-06,-3.2269019568242073e-07,1
137,7.457036015140852e-07,1.1366051154815182e-06,-1.6295060151408518e-07,0
138,1.4114257427648294e-06,1.1366051154815182e-06,-9.918574276482945e-08,0
139,2.712164551407802e-06,1.1366051154815182e-06,-6.544551407801679e-09,0
140,4.714367626226002e-06,1.1366051154815182e-06,1.260023737739977e-07,0
141,7.341618309045337e-06,1.1366051154815182e-06,2.735616909546637e-07,0
142,9.995376326185671e-06,1.1366051154815182e-06,4.385236738143289e-07,0
143,1.0948619607620153e-05,1.1366051154815182e-06,8.520803923798459e-07,0
144,8.955519907313209e-06,1.1366051154815182e-06,1.5903800926867898e-06,0
145,5.326700240164128e-06,1.1366051154815182e-06,2.1455297598358725e-06,1
146,2.419082850822184e-06,1.1366051154815182e-06,2.1267271491778155e-06,1
147,1.2538445736619734e-06,1.1366051154815182e-06,1.6809554263380269e-06,1
148,1.6766259602181092e-06,1.1366051154815182e-06,1.094064039781891e-06,0
149,3.0513983250548906e-06,1.1366051154815182e-06,7.295016749451091e-07,0
150,4.620617921688337e-06,1.1366051154815182e-06,6.938920783116638e-07,0
151,7.432218592336473e-06,1.1366051154815182e-06,6.467140766352636e-08,0
152,1.5665127445900218e-05,1.1366051154815182e-06,-2.600727445900218e-06,1
153,3.329565219135602e-05,1.1366051154815182e-06,-6.556252191356021e-06,1
154,5.7692750336225596e-05,1.1366051154815182e-06,-7.3290503362255955e-06,1
155,7.791393881970981e-05,1.1366051154815182e-06,-2.1839388197098143e-06,0
156,8.232786492591096e-05,1.1366051154815182e-06,4.025435074089036e-06,0
157,6.824059302585249e-05,1.1366051154815182e-06,5.20110697414751e-06,0
158,4.366185995729633e-05,1.1366051154815182e-06,2.233240042703668e-06,0
159,2.055637502041868e-05,1.1366051154815182e-06,-3.541750204186803e-07,0
160,2.458529289942101e-06,1.1366051154815182e-06,-2.8928994210077497e-10,0
161,2.7905404441873882e-06,1.1366051154815182e-06,-1.2806044418738843e-07,0
162,2.112823329942572e-06,1.1366051154815182e-06,-2.818833299425719e-07,0
163,1.3155353033280734e-06,1.1366051154815182e-06,-2.540853033280734e-07,0
164,8.730875229320045e-07,1.1366051154815182e-06,-1.7248452293200455e-07,0
165,6.691874575568676e-07,1.1366051154815182e-06,-1.6081645755686762e-07,0
166,5.074303963757092e-07,1.1366051154815182e-06,-1.6389939637570926e-07,0
167,3.6962287212461976e-07,1.1366051154815182e-06,-1.3496087212461975e-07,0
168,3.7489018811719573e-07,1.1366051154815182e-06,-1.0556618811719569e-07,0
169,7.226212101687395e-07,1.1366051154815182e-06,-8.130221016873949e-08,0
170,1.7698230495647476e-06,1.1366051154815182e-06,-2.5563049564747698e-08,0
171,3.947492442712463e-06,1.1366051154815182e-06,1.0737755728753616e-07,0
172,7.384208470193614e-06,1.1366051154815182e-06,4.1590152980638685e-07,0
173,1.1686091896007581e-05,1.1366051154815182e-06,8.970081039924189e-07,0
174,1.5438266714365512e-05,1.1366051154815182e-06,1.3678332856344863e-06,0
175,1.5885110989669696e-05,1.1366051154815182e-06,1.956589010330306e-06,0
176,1.1871473705388368e-05,1.1366051154815182e-06,2.7594262946116307e-06,1
177,6.337941347848116e-06,1.1366051154815182e-06,3.0960386521518837e-06,1
178,2.6205519329783557e-06,1.1366051154815182e-06,2.6276380670216436e-06,1
179,1.3016925135731402e-06,1.1366051154815182e-06,1.8480274864268596e-06,1
180,1.6871205039020546e-06,1.1366051154815182e-06,1.2614794960979455e-06,1
181,2.9500244559429992e-06,1.1366051154815182e-06,1.1647755440570007e-06,0
182,4.4588048976148145e-06,1.1366051154815182e-06,1.5407351023851865e-06,0
183,7.662818647631391e-06,1.1366051154815182e-06,1.518101352368609e-06,0
184,1.6866478093044213e-05,1.1366051154815182e-06,-2.5117809304421286e-07,0
185,3.513025099470717e-05,1.1366051154815182e-06,-3.0299509947071714e-06,0
186,5.81691295737119e-05,1.1366051154815182e-06,-3.113229573711897e-06,0
187,7.429965868812547e-05,1.1366051154815182e-06,8.636413118745311e-07,0
188,7.358660621830117e-05,1.1366051154815182e-06,4.717593781698834e-06,0
189,5.694488775350079e-05,1.1366051154815182e-06,4.786012246499209e-06,0
190,3.434214716975467e-05,1.1366051154815182e-06,2.204452830245328e-06,0
191,1.5567407925291048e-05,1.1366051154815182e-06,6.519207470895183e-08,0
192,2.7397285129138248e-06,1.1366051154815182e-06,-4.492585129138248e-07,1
193,3.271946812496005e-06,1.1366051154815182e-06,-4.94586812496005e-07,0
194,2.540623237640061e-06,1.1366051154815182e-06,-3.267232376400614e-07,0
195,1.5038034956436944e-06,1.1366051154815182e-06,-2.9653495643694512e-08,0
196,7.8579996726284e-07,1.1366051154815182e-06,2.2522003273716008e-07,0
197,3.980064910359532e-07,1.1366051154815182e-06,3.0010050896404683e-07,0
198,2.145764343396459e-07,1.1366051154815182e-06,2.2996756566035408e-07,0
199,1.6893344596762105e-07,1.1366051154815182e-06,1.2817755403237891e-07,0
200,3.032932977968725e-07,1.1366051154815182e-06,7.73797022031275e-08,0
201,9.174438616951063e-07,1.1366051154815182e-06,1.1484613830489366e-07,0
202,2.7996172973317127e-06,1.1366051154815182e-06,1.6547270266828763e-07,0
203,6.892959968512941e-06,1.1366051154815182e-06,1.3728003148705795e-07,0
204,1.3210830608451707e-05,1.1366051154815182e-06,2.05769391548294e-07,0
205,2.0227675409125253e-05,1.1366051154815182e-06,5.852245908747457e-07,0
206,2.4739981327398246e-05,1.1366051154815182e-06,1.2976186726017568e-06,0
207,2.2983521889362218e-05,1.1366051154815182e-06,2.4926781106377805e-06,0
208,1.5436526793678194e-05,1.1366051154815182e-06,3.744773206321808e-06,1
209,7.496106255725148e-06,1.1366051154815182e-06,3.976493744274851e-06,1
210,2.853723225076446e-06,1.1366051154815182e-06,3.1657867749235542e-06,1
211,1.1822165585838465e-06,1.1366051154815182e-06,2.188903441416153e-06,1
212,1.1127916549237934e-06,1.1366051154815182e-06,1.6318283450762067e-06,1
213,1.816200540471009e-06,1.1366051154815182e-06,1.6554594595289908e-06,1
214,3.2211507668867724e-06,1.1366051154815182e-06,2.1167592331132267e-06,1
215,6.945223639357178e-06,1.1366051154815182e-06,2.340256360642822e-06,1
216,1.6219417082928428e-05,1.1366051154815182e-06,1.4741829170715717e-06,0
217,3.286213028541269e-05,1.1366051154815182e-06,1.5046971458731117e-07,0
218,5.2892209736452775e-05,1.1366051154815182e-06,8.825902635472237e-07,0
219,6.644241351067011e-05,1.1366051154815182e-06,3.6323864893298877e-06,0
220,6.551438342414371e-05,1.1366051154815182e-06,4.401816575856291e-06,0
221,5.125407536972359e-05,1.1366051154815182e-06,2.0324246302764063e-06,0
222,3.172347769617825e-05,1.1366051154815182e-06,-4.1717769617824664e-07,0
223,1.498220763872952e-05,1.1366051154815182e-06,-1.178707638729521e-06,0
224,3.963379473630227e-06,1.1366051154815182e-06,-8.180494736302266e-07,1
225,4.8244366996558315e-06,1.1366051154815182e-06,-7.402666996558321e-07,0
226,3.7275303985941926e-06,1.1366051154815182e-06,-3.399403985941925e-07,0
227,2.077911281078273e-06,1.1366051154815182e-06,1.5601871892172706e-07,0
228,9.66108070153244e-07,1.1366051154815182e-06,4.567019298467561e-07,0
229,4.109645572247495e-07,1.1366051154815182e-06,4.7657944277525054e-07,0
230,1.6933839814602773e-07,1.1366051154815182e-06,3.608456018539723e-07,0
231,1.212904495051027e-07,1.1366051154815182e-06,2.6860055049489726e-07,0
232,3.557110752227535e-07,1.1366051154815182e-06,2.883149247772466e-07,0
233,1.506636606368756e-06,1.1366051154815182e-06,3.6107339363124386e-07,0
234,5.065196679862081e-06,1.1366051154815182e-06,2.501733201379185e-07,0
235,1.2494416210231945e-05,1.1366051154815182e-06,-8.15162102319457e-08,0
236,2.3377952054491667e-05,1.1366051154815182e-06,-3.776520544916659e-07,0
237,3.440071266933067e-05,1.1366051154815182e-06,-4.533126693306703e-07,0
238,3.9334345924414066e-05,1.1366051154815182e-06,5.089540755859326e-07,0
239,3.3607671133921006e-05,1.1366051154815182e-06,2.9791288660789946e-06,0
240,2.106229417295888e-05,1.1366051154815182e-06,5.08520582704112e-06,1
241,9.944772442197413e-06,1.1366051154815182e-06,5.173827557802587e-06,1
242,3.924911141867196e-06,1.1366051154815182e-06,4.034128858132805e-06,1
243,1.6997460712638153e-06,1.1366051154815182e-06,2.967963928736184e-06,1
244,1.2762293875001795e-06,1.1366051154815182e-06,2.4270406124998203e-06,1
245,1.7221703290068885e-06,1.1366051154815182e-06,2.3244496709931115e-06,1
246,3.2556106076350632e-06,1.1366051154815182e-06,2.2509593923649363e-06,1
247,7.4377699951654635e-06,1.1366051154815182e-06,1.735260004834537e-06,1
248,1.6674870919787805e-05,1.1366051154815182e-06,7.296290802121938e-07,0
249,3.225719258777696e-05,1.1366051154815182e-06,4.304074122230453e-07,0
250,5.141992677990187e-05,1.1366051154815182e-06,2.2192732200981304e-06,0
251,6.67243303249576e-05,1.1366051154815182e-06,3.498569675042395e-06,0
252,7.051514555776587e-05,1.1366051154815182e-06,3.7135444223412167e-07,0
253,6.054865626781639e-05,1.1366051154815182e-06,-4.317256267816388e-06,0
254,4.145196581734803e-05,1.1366051154815182e-06,-5.696965817348028e-06,1
255,2.153773575378598e-05,1.1366051154815182e-06,-4.108535753785982e-06,1
256,5.299517955485977e-06,1.1366051154815182e-06,-6.795279554859774e-07,0
257,6.053590418373712e-06,1.1366051154815182e-06,-3.7766041837371177e-07,0
258,4.154596526023463e-06,1.1366051154815182e-06,2.0239347397653698e-07,0
259,1.974923053279766e-06,1.1366051154815182e-06,6.419969467202339e-07,0
260,7.932349797291013e-07,1.1366051154815182e-06,6.979550202708986e-07,0
261,2.991583709329936e-07,1.1366051154815182e-06,5.357676290670062e-07,0
262,1.0948335202941556e-07,1.1366051154815182e-06,3.8063364797058444e-07,0
263,1.0922498032011867e-07,1.1366051154815182e-06,3.371210196798813e-07,1
264,5.541630168119418e-07,1.1366051154815182e-06,4.2528798318805826e-07,0
265,2.6367104452176207e-06,1.1366051154815182e-06,5.097295547823792e-07,0
266,9.017601222062573e-06,1.1366051154815182e-06,3.201887779374268e-07,0
267,2.254443762317117e-05,1.1366051154815182e-06,-4.098376231711706e-07,0
268,4.231100704954801e-05,1.1366051154815182e-06,-2.0476070495480152e-06,0
269,5.9998518896377096e-05,1.1366051154815182e-06,-3.4533188963770944e-06,1
270,6.379208405328178e-05,1.1366051154815182e-06,-1.7326840532817816e-06,0
271,5.058333281776111e-05,1.1366051154815182e-06,2.4639671822388864e-06,0
272,3.0084734767891728e-05,1.1366051154815182e-06,5.26516523210827e-06,1
273,1.3942808661250531e-05,1.1366051154815182e-06,5.51599133874947e-06,1
274,5.810070607926233e-06,1.1366051154815182e-06,4.696529392073767e-06,1
275,3.1316346745684985e-06,1.1366051154815182e-06,3.824645325431502e-06,1
276,2.842657585215667e-06,1.1366051154815182e-06,3.063842414784333e-06,1
277,3.431924917107555e-06,1.1366051154815182e-06,2.344785082892444e-06,1
278,5.1235471507189636e-06,1.1366051154815182e-06,1.3706128492810358e-06,0
279,9.582556081121448e-06,1.1366051154815182e-06,2.5383918878551154e-08,0
280,1.924813667324977e-05,1.1366051154815182e-06,-8.783366732497689e-07,0
281,3.64522683620815e-05,1.1366051154815182e-06,6.623163791849774e-08,0
282,6.017454092683768e-05,1.1366051154815182e-06,2.32255907316232e-06,0
283,8.254882539408241e-05,1.1366051154815182e-06,1.6841746059175806e-06,0
284,9.28276616422451e-05,1.1366051154815182e-06,-3.8875616422450935e-06,0
285,8.481897427493282e-05,1.1366051154815182e-06,-8.827174274932825e-06,1
286,6.079391265289431e-05,1.1366051154815182e-06,-8.502512652894305e-06,1
287,3.196006697264333e-05,1.1366051154815182e-06,-5.31746697264333e-06,1
288,4.983346774194542e-06,1.1366051154815182e-06,-2.21276774194542e-07,0
289,4.8664795009611745e-06,1.1366051154815182e-06,3.276404990388243e-07,0
290,2.7727217425169485e-06,1.1366051154815182e-06,7.470982574830514e-07,0
291,1.087674892843158e-06,1.1366051154815182e-06,7.580051071568419e-07,0
292,3.7176785946201345e-07,1.1366051154815182e-06,5.279441405379865e-07,0
293,1.2445584581825853e-07,1.1366051154815182e-06,3.2297715418174145e-07,0
294,5.213413358245948e-08,1.1366051154815182e-06,2.324658664175405e-07,0
295,1.6042779394721895e-07,1.1366051154815182e-06,2.3433220605278102e-07,0
296,1.0021654947531685e-06,1.1366051154815182e-06,2.7832450524683155e-07,0
297,4.746560701378604e-06,1.1366051154815182e-06,1.709092986213952e-07,0
298,1.6337941859675433e-05,1.1366051154815182e-06,-5.184418596754329e-07,0
299,4.056716950047725e-05,1.1366051154815182e-06,-2.5987695004772517e-06,0
300,7.255628081229849e-05,1.1366051154815182e-06,-6.2472808122985e-06,1
301,9.445319376231412e-05,1.1366051154815182e-06,-8.383993762314115e-06,1
302,9.092549535578008e-05,1.1366051154815182e-06,-6.011695355780084e-06,1
303,6.520196471178947e-05,1.1366051154815182e-06,-1.418964711789476e-06,0
304,3.4870930969057124e-05,1.1366051154815182e-06,2.088469030942873e-06,0
305,1.451726877430861e-05,1.1366051154815182e-06,3.67843122569139e-06,1
306,5.8969690568997565e-06,1.1366051154815182e-06,3.735590943100244e-06,1
307,3.8087754338992796e-06,1.1366051154815182e-06,2.88856456610072e-06,1
308,3.938827238510817e-06,1.1366051154815182e-06,1.7457627614891838e-06,1
309,4.641556457024669e-06,1.1366051154815182e-06,6.661935429753315e-07,0
310,6.369766262168094e-06,1.1366051154815182e-06,-4.028362621680939e-07,0
311,1.0828688482397402e-05,1.1366051154815182e-06,-1.090428482397402e-06,0
312,2.130768926517712e-05,1.1366051154815182e-06,-1.1658926517711988e-07,0
313,4.238852488542804e-05,1.1366051154815182e-06,3.1814751145719616e-06,0
314,7.306431212969273e-05,1.1366051154815182e-06,6.8165878703072675e-06,0
315,0.00010165314916869734,1.1366051154815182e-06,6.383850831302666e-06,0
316,0.00011366051154815183,1.1366051154815182e-06,1.556488451848179e-06,0
317,0.00010114951202539298,1.1366051154815182e-06,-1.5938120253929816e-06,0
318,6.859116090345699e-05,1.1366051154815182e-06,-1.4551609034569864e-06,0
319,3.30861790851737e-05,1.1366051154815182e-06,-1.182779085173697e-06,0
320,2.5551501314962035e-06,1.1366051154815182e-06,1.9664986850379656e-07,0
321,2.1252604441955794e-06,1.1366051154815182e-06,5.489695558044208e-07,0
322,1.0327584107019684e-06,1.1366051154815182e-06,5.919415892980317e-07,0
323,3.439549156171183e-07,1.1366051154815182e-06,4.032980843828817e-07,0
324,9.926665000766574e-08,1.1366051154815182e-06,2.051823499923343e-07,0
325,2.9904507237859286e-08,1.1366051154815182e-06,1.0371349276214072e-07,0
326,3.012276097124006e-08,1.1366051154815182e-06,7.997223902875993e-08,1
327,2.2450764794433666e-07,1.1366051154815182e-06,8.004535205566333e-08,0
328,1.5230784396267988e-06,1.1366051154815182e-06,-1.3138439626798795e-08,0
329,7.295475238917468e-06,1.1366051154815182e-06,-5.068652389174668e-07,0
330,2.4145852969056995e-05,1.1366051154815182e-06,-1.7845529690569932e-06,0
331,5.5065324990458267e-05,1.1366051154815182e-06,-4.1472249904582636e-06,0
332,8.787869107106264e-05,1.1366051154815182e-06,-7.123891071062646e-06,1
333,0.00010066769429792237,1.1366051154815182e-06,-8.512194297922372e-06,1
334,8.432320299672299e-05,1.1366051154815182e-06,-7.145302996722981e-06,1
335,5.1683671389331595e-05,1.1366051154815182e-06,-4.0466713893315965e-06,1
336,2.310979221945275e-05,1.1366051154815182e-06,-6.808922194527522e-07,0
337,8.011766654737058e-06,1.1366051154815182e-06,1.286263345262942e-06,0
338,3.0509652059908142e-06,1.1366051154815182e-06,1.478894794009186e-06,1
339,2.271856549942164e-06,1.1366051154815182e-06,7.814934500578356e-07,0
340,2.5323406129999353e-06,1.1366051154815182e-06,-5.506129999351376e-10,0
341,3.0630536009921587e-06,1.1366051154815182e-06,-5.644136009921587e-07,0
342,4.437919121099331e-06,1.1366051154815182e-06,-9.017491210993315e-07,0
343,8.397777859426252e-06,1.1366051154815182e-06,-5.06477859426252e-07,0
344,1.908220906595796e-05,1.1366051154815182e-06,1.61569093404204e-06,0
345,4.108261237777434e-05,1.1366051154815182e-06,5.832687622225653e-06,1
346,7.086965641649596e-05,1.1366051154815182e-06,1.018404358350403e-05,1
347,9.461533963021147e-05,1.1366051154815182e-06,1.1312660369788518e-05,1
348,9.874575525737116e-05,1.1366051154815182e-06,1.0001244742628847e-05,1
349,7.973285094803846e-05,1.1366051154815182e-06,8.772049051961538e-06,1
350,4.778093684090244e-05,1.1366051154815182e-06,6.074063159097557e-06,1
351,2.0014345338415465e-05,1.1366051154815182e-06,2.2598546615845357e-06,1
352,6.556986440338378e-07,1.1366051154815182e-06,2.351083559661621e-07,0
353,4.789933843629587e-07,1.1366051154815182e-06,3.1851061563704127e-07,0
354,2.064281843167199e-07,1.1366051154815182e-06,2.453388156832801e-07,0
355,6.09018154147162e-08,1.1366051154815182e-06,1.296921845852838e-07,0
356,1.4599793964344013e-08,1.1366051154815182e-06,5.586070603565598e-08,0
357,4.576902489347939e-09,1.1366051154815182e-06,2.7774997510652068e-08,0
358,2.628835845808086e-08,1.1366051154815182e-06,2.1023341541919138e-08,0
359,2.6211501108398377e-07,1.1366051154815182e-06,-1.3561011083983778e-08,0
360,1.7315316160109775e-06,1.1366051154815182e-06,-2.1607161601097764e-07,0
361,7.552761383846825e-06,1.1366051154815182e-06,-6.916113838468243e-07,0
362,2.2031149014024755e-05,1.1366051154815182e-06,-1.1815490140247543e-06,0
363,4.369304495006391e-05,1.1366051154815182e-06,-1.6685449500639137e-06,0
364,6.0262525496566624e-05,1.1366051154815182e-06,-2.7008254965666225e-06,0
365,5.9035433885551904e-05,1.1366051154815182e-06,-3.973633885551902e-06,1
366,4.148139188818678e-05,1.1366051154815182e-06,-4.249491888186784e-06,1
367,2.0839669982433046e-05,1.1366051154815182e-06,-2.826469982433047e-06,1
368,7.499026072201442e-06,1.1366051154815182e-06,-8.849360722014416e-07,0
369,2.1342202946186783e-06,1.1366051154815182e-06,9.276970538132184e-08,0
370,7.94159304729535e-07,1.1366051154815182e-06,1.6256269527046506e-07,0
371,6.590152475195123e-07,1.1366051154815182e-06,-5.860124751951223e-08,0
372,7.561521170894735e-07,1.1366051154815182e-06,-2.443241170894734e-07,0
373,9.80966770839726e-07,1.1366051154815182e-06,-3.2010377083972605e-07,0
374,1.789309155563557e-06,1.1366051154815182e-06,-2.719391555635572e-07,0
375,4.700962227774095e-06,1.1366051154815182e-06,1.20057772225905e-07,0
376,1.2865112015368421e-05,1.1366051154815182e-06,1.346787984631579e-06,0
377,2.8080428290473106e-05,1.1366051154815182e-06,3.886271709526894e-06,1
378,4.54302358844713e-05,1.1366051154815182e-06,6.940764115528702e-06,1
379,5.5017199871142286e-05,1.1366051154815182e-06,9.091300128857712e-06,1
380,5.086846726755625e-05,1.1366051154815182e-06,9.856932732443746e-06,1
381,3.5848510881737325e-05,1.1366051154815182e-06,8.214589118262677e-06,1
382,1.8709309158783443e-05,1.1366051154815182e-06,4.345290841216558e-06,1
383,6.883676899474322e-06,1.1366051154815182e-06,1.1887231005256785e-06,0
384,9.248905790911877e-08,1.1366051154815182e-06,8.253194209088122e-08,0
385,5.964017722830049e-08,1.1366051154815182e-06,8.593282277169951e-08,0
386,2.2754516559380958e-08,1.1366051154815182e-06,5.4728683440619036e-08,0
387,5.8994212453343315e-09,1.1366051154815182e-06,2.6248078754665665e-08,0
388,1.1656842312281584e-09,1.1366051154815182e-06,1.2661015768771843e-08,0
389,1.609096251649513e-09,1.1366051154815182e-06,8.422903748350486e-09,0
390,2.199252923433161e-08,1.1366051154815182e-06,3.796470765668389e-09,0
391,1.9886610854698007e-07,1.1366051154815182e-06,-3.3511108546980085e-08,0
392,1.1369354105420996e-06,1.1366051154815182e-06,-1.486294105420995e-07,0
393,4.252600340467572e-06,1.1366051154815182e-06,-2.3908034046757257e-07,0
394,1.0622374308868222e-05,1.1366051154815182e-06,-7.157430886822302e-08,0
395,1.8010803248191735e-05,1.1366051154815182e-06,1.017967518082653e-07,0
396,2.1117059426964483e-05,1.1366051154815182e-06,-3.763594269644803e-07,0
397,1.739447099259614e-05,1.1366051154815182e-06,-1.2964709925961401e-06,0
398,1.011644330144536e-05,1.1366051154815182e-06,-1.55869330144536e-06,0
399,4.130017393585307e-06,1.1366051154815182e-06,-9.409073935853067e-07,1
400,1.2085022377402493e-06,1.1366051154815182e-06,-3.065902377402494e-07,0
401,3.1135550017709605e-07,1.1366051154815182e-06,-6.7870500177096e-08,0
402,1.2434446720236627e-07,1.1366051154815182e-06,-3.333796720236627e-08,0
403,9.782639084995057e-08,1.1366051154815182e-06,-4.255119084995057e-08,1
404,1.1079745327481199e-07,1.1366051154815182e-06,-5.004495327481199e-08,1
405,1.913196212374817e-07,1.1366051154815182e-06,-4.50066212374817e-08,0
406,5.86283295759669e-07,1.1366051154815182e-06,-1.7412295759668972e-08,0
407,2.1043270404245e-06,1.1366051154815182e-06,6.604295957549998e-08,0
408,5.967672821934418e-06,1.1366051154815182e-06,3.928071780655818e-07,0
409,1.1994192065850568e-05,1.1366051154815182e-06,1.2862079341494309e-06,0
410,1.715757376851305e-05,1.1366051154815182e-06,2.6359262314869495e-06,1
411,1.8023473333214705e-05,1.1366051154815182e-06,3.787226666785296e-06,1
412,1.4417742440805305e-05,1.1366051154815182e-06,3.777057559194696e-06,1
413,8.967549408870496e-06,1.1366051154815182e-06,2.323650591129504e-06,1
414,4.257256635783902e-06,1.1366051154815182e-06,7.08823364216098e-07,0
415,1.454677690874301e-06,1.1366051154815182e-06,1.6302309125698808e-08,0
416,6.3631729364582686e-09,1.1366051154815182e-06,1.2054427063541729e-08,0
417,3.2509616952475002e-09,1.1366051154815182e-06,1.01394383047525e-08,0
418,9.59500900444514e-10,1.1366051154815182e-06,5.619429099555486e-09,0
419,1.8870666000917847e-10,1.1366051154815182e-06,2.807353339990821e-09,0
420,6.091535662746132e-11,1.1366051154815182e-06,2.0190046433725388e-09,0
421,8.055734682298852e-10,1.1366051154815182e-06,2.5101365317701146e-09,0
422,1.0267019291143814e-08,1.1366051154815182e-06,9.545807088561874e-10,0
423,7.81316806116291e-08,1.1366051154815182e-06,-9.403580611629105e-09,0
424,3.78704404798397e-07,1.1366051154815182e-06,-2.0341404798396997e-08,0
425,1.2205338549070907e-06,1.1366051154815182e-06,1.212614509290928e-08,0
426,2.645837619005157e-06,1.1366051154815182e-06,7.939238099484266e-08,0
427,3.870131845397e-06,1.1366051154815182e-06,2.7798154603000053e-08,0
428,3.864154645627823e-06,1.1366051154815182e-06,-2.083146456278232e-07,0
429,2.6763922906254683e-06,1.1366051154815182e-06,-3.998522906254679e-07,0
430,1.2916392428606199e-06,1.1366051154815182e-06,-3.3727824286062e-07,0
431,4.3318808568311155e-07,1.1366051154815182e-06,-1.5458208568311152e-07,1
432,1.0920733127438481e-07,1.1366051154815182e-06,-4.791223127438481e-08,1
433,2.9591767213654535e-08,1.1366051154815182e-06,-1.6525367213654537e-08,1
434,1.1588174265250219e-08,1.1366051154815182e-06,-6.681684265250219e-09,1
435,7.106171600530557e-09,1.1366051154815182e-06,-3.2299116005305567e-09,0
436,1.078702435540011e-08,1.1366051154815182e-06,-2.735594355400109e-09,0
437,3.771497776141185e-08,1.1366051154815182e-06,1.1165222385881469e-09,0
438,1.7410244716345654e-07,1.1366051154815182e-06,1.7397552836543448e-08,0
439,6.55060267364829e-07,1.1366051154815182e-06,5.593673263517096e-08,0
440,1.693288979636221e-06,1.1366051154815182e-06,1.5685102036377918e-07,0
441,2.9721249595911162e-06,1.1366051154815182e-06,3.8437504040888373e-07,0
442,3.6281321526004953e-06,1.1366051154815182e-06,7.124678473995051e-07,0
443,3.2311793342340393e-06,1.1366051154815182e-06,8.900906657659601e-07,1
444,2.255120827369308e-06,1.1366051154815182e-06,6.531491726306916e-07,1
445,1.2855785942657059e-06,1.1366051154815182e-06,2.1415140573429393e-07,0
446,5.691015356097364e-07,1.1366051154815182e-06,-2.2092535609736447e-08,0
447,1.774685906082019e-07,1.1366051154815182e-06,-4.005759060820192e-08,0
448,1.3025188749937902e-10,1.1366051154815182e-06,5.85188112500621e-10,0
449,4.810555528451826e-11,1.1366051154815182e-06,3.7600944471548175e-10,0
450,9.963552846241283e-12,1.1366051154815182e-06,1.8180444715375873e-10,0
451,1.868339721478644e-12,1.1366051154815182e-06,1.1793666027852137e-10,0
452,1.897666194987285e-11,1.1366051154815182e-06,2.1917033805012718e-10,0
453,3.4201058205501436e-10,1.1366051154815182e-06,3.985024179449856e-10,0
454,3.383737487841037e-09,1.1366051154815182e-06,3.532251215896296e-11,0
455,1.9965810041928777e-08,1.1366051154815182e-06,-1.600010041928777e-09,0
456,7.751936994023829e-08,1.1366051154815182e-06,-2.552169940238295e-09,0
457,2.0935419443139232e-07,1.1366051154815182e-06,-1.5719443139232658e-10,0
458,3.9087850931170157e-07,1.1366051154815182e-06,-6.853509311701516e-09,0
459,4.908856794632711e-07,1.1366051154815182e-06,-3.3127679463271096e-08,0
460,4.1140556042488363e-07,1.1366051154815182e-06,-5.546956042488358e-08,0
461,2.326184982156209e-07,1.1366051154815182e-06,-5.102049821562089e-08,0
462,8.96761294746922e-08,1.1366051154815182e-06,-2.7731329474692194e-08,0
463,2.397468383998163e-08,1.1366051154815182e-06,-9.20648383998163e-09,0
464,5.119921222041325e-09,1.1366051154815182e-06,-2.558891222041325e-09,1
465,1.3264874731402687e-09,1.1366051154815182e-06,-8.641704731402687e-10,1
466,4.25118709415596e-10,1.1366051154815182e-06,-1.8139870941559597e-10,0
467,2.970438431311358e-10,1.1366051154815182e-06,1.2707156868864196e-11,0
468,1.4079477135881726e-09,1.1366051154815182e-06,3.055622864118274e-10,0
469,9.680703714579744e-09,1.1366051154815182e-06,1.8166962854202566e-09,0
470,4.8476716031343296e-08,1.1366051154815182e-06,5.518483968656703e-09,0
471,1.5685008815381476e-07,1.1366051154815182e-06,1.3971911846185235e-08,0
472,3.354685748381186e-07,1.1366051154815182e-06,3.167342516188139e-08,0
473,4.850932303526595e-07,1.1366051154815182e-06,6.415076964734047e-08,0
474,4.831476008729647e-07,1.1366051154815182e-06,1.0664039912703533e-07,0
475,3.510350253856359e-07,1.1366051154815182e-06,1.1305997461436411e-07,0
476,2.0609527190068e-07,1.1366051154815182e-06,6.129072809932002e-08,0
477,1.0146914566556088e-07,1.1366051154815182e-06,9.561854334439117e-09,0
478,3.8137873676920835e-08,1.1366051154815182e-06,-5.210673676920837e-09,0
479,9.924373142617602e-09,1.1366051154815182e-06,-2.992423142617602e-09,0
480,5.799792960437752e-13,1.1366051154815182e-06,6.684480703956225e-12,0
481,1.511109373688278e-13,1.1366051154815182e-06,3.2557190626311724e-12,0
482,2.6882755068267373e-14,1.1366051154815182e-06,1.7848272449317323e-12,0
483,2.3604839366531115e-13,1.1366051154815182e-06,3.9981316063346894e-12,0
484,6.23696443989303e-12,1.1366051154815182e-06,1.680063556010697e-11,0
485,8.89067993205623e-11,1.1366051154815182e-06,7.060520067943769e-11,0
486,7.107373236544311e-10,1.1366051154815182e-06,2.6651167634556866e-10,0
487,3.423837287741228e-09,1.1366051154815182e-06,6.280527122587713e-10,0
488,1.0749595630517597e-08,1.1366051154815182e-06,1.071204369482403e-09,0
489,2.333693686366965e-08,1.1366051154815182e-06,2.6862631363303527e-09,0
490,3.499683194610548e-08,1.1366051154815182e-06,5.811768053894514e-09,0
491,3.4938829985639435e-08,1.1366051154815182e-06,7.206270014360562e-09,0
492,2.279471080059754e-08,1.1366051154815182e-06,5.5085891994024626e-09,0
493,9.727284980607032e-09,1.1366051154815182e-06,3.1688150193929706e-09,0
494,2.7522134003333408e-09,1.1366051154815182e-06,1.532936599666659e-09,0
495,5.365348632409561e-10,1.1366051154815182e-06,4.847751367590439e-10,0
496,8.540833423689449e-11,1.1366051154815182e-06,6.748266576310552e-11,0
497,1.8627689344465532e-11,1.1366051154815182e-06,9.700106555344674e-13,0
498,2.0381421986997853e-11,1.1366051154815182e-06,-5.373621986997852e-12,0
499,1.0671725474338068e-10,1.1366051154815182e-06,-2.202315474338068e-11,0
500,5.925394105143288e-10,1.1366051154815182e-06,1.0341858948567136e-10,0
501,3.1198290771733183e-09,1.1366051154815182e-06,7.518809228266818e-10,0
502,1.1735216830266651e-08,1.1366051154815182e-06,2.3769831697333505e-09,0
503,2.8873927400235278e-08,1.1366051154815182e-06,5.424172599764722e-09,0
504,4.8442321040323617e-08,1.1366051154815182e-06,8.605078959676386e-09,0
505,5.8019598177683726e-08,1.1366051154815182e-06,8.930101822316271e-09,0
506,4.981887356857664e-08,1.1366051154815182e-06,7.481326431423351e-09,0
507,2.990083687713451e-08,1.1366051154815182e-06,6.111263122865486e-09,0
508,1.2704812206349212e-08,1.1366051154815182e-06,3.413887793650789e-09,0
509,4.07173008273557e-09,1.1366051154815182e-06,1.0051899172644306e-09,0
510,1.0149588632528752e-09,1.1366051154815182e-06,1.6820113674712487e-10,0
511,1.919430590125818e-10,1.1366051154815182e-06,1.5306940987418203e-11,0
512,6.86775884446461e-14,1.1366051154815182e-06,3.0732724115553538e-12,0
513,3.8885633244582925e-13,1.1366051154815182e-06,1.648684366755417e-11,0
514,1.3527512068112951e-12,1.1366051154815182e-06,5.5914048793188706e-11,0
515,3.68423984389307e-12,1.1366051154815182e-06,1.3506376015610692e-10,0
516,8.585686918393776e-12,1.1366051154815182e-06,2.534073130816062e-10,0
517,1.8498318868084712e-11,1.1366051154815182e-06,4.6235368113191526e-10,0
518,6.014898211480847e-11,1.1366051154815182e-06,1.4400210178851917e-09,0
519,2.2128488772062816e-10,1.1366051154815182e-06,4.645755112279371e-09,0
520,5.886026795860516e-10,1.1366051154815182e-06,9.29443732041395e-09,0
521,1.0550534873443766e-09,1.1366051154815182e-06,1.1775446512655623e-08,0
522,1.231796473861537e-09,1.1366051154815182e-06,9.897503526138463e-09,0
523,9.098066267809104e-10,1.1366051154815182e-06,5.3790133732190895e-09,0
524,4.268190067389066e-10,1.1366051154815182e-06,2.119420993261093e-09,0
525,1.2840757134389928e-10,1.1366051154815182e-06,8.341774286561007e-10,0
526,2.531832299980921e-11,1.1366051154815182e-06,3.1073967700019086e-10,0
527,4.74587780588527e-12,1.1366051154815182e-06,9.822112219411473e-11,0
528,1.2060841827229286e-11,1.1366051154815182e-06,1.087181581727707e-10,0
529,1.2312210025147729e-10,1.1366051154815182e-06,1.433698997485227e-10,0
530,8.316994168217485e-10,1.1366051154815182e-06,-3.4985141682174844e-10,0
531,2.975213892929164e-09,1.1366051154815182e-06,-1.6108538929291638e-09,1
532,5.722796379354108e-09,1.1366051154815182e-06,-9.942963793541078e-10,0
533,6.504178843423928e-09,1.1366051154815182e-06,4.495221156576072e-09,0
534,5.168515069279234e-09,1.1366051154815182e-06,1.1011984930720766e-08,0
535,3.8033416503632364e-09,1.1366051154815182e-06,1.3665558349636764e-08,1
536,3.5010809070445298e-09,1.1366051154815182e-06,1.205141909295547e-08,1
537,3.5252231284588852e-09,1.1366051154815182e-06,7.821876871541117e-09,1
538,2.718683242402053e-09,1.1366051154815182e-06,3.6464667575979463e-09,0
539,1.3097165097425194e-09,1.1366051154815182e-06,1.2129034902574803e-09,0
540,3.7435421900308863e-10,1.1366051154815182e-06,3.200357809969114e-10,0
541,6.938131519551688e-11,1.1366051154815182e-06,7.397868480448313e-11,0
542,1.69090078402341e-11,1.1366051154815182e-06,8.577292159765901e-12,0
543,1.8203702274886558e-11,1.1366051154815182e-06,-1.3284752274886559e-11,1
544,2.507460937839032e-11,1.1366051154815182e-06,2.666993906216097e-10,0
545,1.0566444535132102e-10,1.1366051154815182e-06,9.90275554648679e-10,0
546,2.8068399097484155e-10,1.1366051154815182e-06,2.3913860090251587e-09,0
547,5.89268354150261e-10,1.1366051154815182e-06,3.923921645849739e-09,0
548,9.746901731349744e-10,1.1366051154815182e-06,4.3975098268650255e-09,0
549,1.020398894453351e-09,1.1366051154815182e-06,4.150721105546649e-09,0
550,5.913610619148064e-10,1.1366051154815182e-06,6.261668938085193e-09,0
551,1.8449027459057712e-10,1.1366051154815182e-06,1.2296409725409421e-08,0
552,3.765938738697993e-11,1.1366051154815182e-06,1.7023540612613022e-08,0
553,1.537526902999161e-11,1.1366051154815182e-06,1.5042724730970007e-08,0
554,1.1670998466998455e-11,1.1366051154815182e-06,8.524749001533e-09,0
555,6.635362792635881e-12,1.1366051154815182e-06,3.0350746372073646e-09,0
556,4.3751568311225464e-12,1.1366051154815182e-06,7.635548431688774e-10,0
557,1.0374057997086906e-11,1.1366051154815182e-06,3.776729420029131e-10,0
558,5.540133848136606e-11,1.1366051154815182e-06,6.698756615186338e-10,0
559,2.5189045293921946e-10,1.1366051154815182e-06,1.7610295470607807e-09,0
560,9.977378304320496e-10,1.1366051154815182e-06,3.9382421695679505e-09,0
561,4.726864621133768e-09,1.1366051154815182e-06,4.095375378866232e-09,0
562,1.9441503739737725e-08,1.1366051154815182e-06,-4.642703739737727e-09,0
563,5.118591852148774e-08,1.1366051154815182e-06,-1.9093718521487734e-08,0
564,8.219446151268446e-08,1.1366051154815182e-06,-1.743456151268446e-08,0
565,8.266226276701852e-08,1.1366051154815182e-06,4.60283723298149e-09,0
566,5.244997664396777e-08,1.1366051154815182e-06,2.2839523356032222e-08,0
567,2.0566137850914857e-08,1.1366051154815182e-06,2.699916214908515e-08,0
568,5.045323042562797e-09,1.1366051154815182e-06,2.1622076957437208e-08,1
569,8.653551032725489e-10,1.1366051154815182e-06,1.335234489672745e-08,0
570,1.3102432759801728e-10,1.1366051154815182e-06,6.4469956724019825e-09,0
571,2.4855496415239872e-11,1.1366051154815182e-06,2.4765845035847604e-09,0
572,4.2006841438472886e-11,1.1366051154815182e-06,7.805941585615272e-10,0
573,2.3227751552765463e-10,1.1366051154815182e-06,2.4541484472345362e-11,0
574,7.053867848035485e-10,1.1366051154815182e-06,-5.448487848035485e-10,1
575,1.0720787493821892e-09,1.1366051154815182e-06,-9.065547493821892e-10,1
576,1.933678484280463e-09,1.1366051154815182e-06,5.060941515719538e-09,0
577,6.301731156188263e-09,1.1366051154815182e-06,1.4787268843811739e-08,1
578,1.3320364421282179e-08,1.1366051154815182e-06,2.8615835578717824e-08,1
579,2.1598692488390543e-08,1.1366051154815182e-06,3.541590751160946e-08,1
580,2.6187732683036443e-08,1.1366051154815182e-06,2.8259867316963554e-08,0
581,2.0089664656349967e-08,1.1366051154815182e-06,2.137903534365003e-08,0
582,8.748396804577878e-09,1.1366051154815182e-06,2.4235403195422126e-08,0
583,2.104810500194668e-09,1.1366051154815182e-06,2.9563989499805332e-08,0
584,2.9740037231361184e-10,1.1366051154815182e-06,2.891619962768639e-08,0
585,3.5231916058522025e-11,1.1366051154815182e-06,2.1405668083941478e-08,0
586,3.7512197756982185e-11,1.1366051154815182e-06,1.2174387802243018e-08,0
587,1.3333186468239013e-10,1.1366051154815182e-06,6.009438135317611e-09,0
588,3.5893556995453967e-10,1.1366051154815182e-06,4.601834430045461e-09,0
589,9.872409418604564e-10,1.1366051154815182e-06,7.797079058139545e-09,0
590,3.777855295474279e-09,1.1366051154815182e-06,1.689974470452572e-08,0
591,1.3473336026803916e-08,1.1366051154815182e-06,3.362446397319609e-08,0
592,4.117913403326558e-08,1.1366051154815182e-06,4.725236596673441e-08,0
593,1.2420299547037394e-07,1.1366051154815182e-06,1.4333004529626052e-08,0
594,3.245150359763973e-07,1.1366051154815182e-06,-1.014100359763973e-07,0
595,6.06989413499651e-07,1.1366051154815182e-06,-2.2740241349965097e-07,1
596,7.549900805292706e-07,1.1366051154815182e-06,-2.337150805292707e-07,0
597,6.1885420433345e-07,1.1366051154815182e-06,-1.3059320433345007e-07,0
598,3.3366662523480524e-07,1.1366051154815182e-06,-2.577062523480525e-08,0
599,1.1800436028086415e-07,1.1366051154815182e-06,2.9681639719135844e-08,0
600,2.7824341608452354e-08,1.1366051154815182e-06,4.077965839154764e-08,0
601,4.433589661679394e-09,1.1366051154815182e-06,3.0994410338320614e-08,0
602,4.951430732594338e-10,1.1366051154815182e-06,1.8385456926740563e-08,0
603,3.901418957008464e-10,1.1366051154815182e-06,8.841618104299153e-09,0
604,2.417687719601623e-09,1.1366051154815182e-06,1.667902280398377e-09,0
605,8.97669882284058e-09,1.1366051154815182e-06,-6.022268822840581e-09,1
606,1.799984772929791e-08,1.1366051154815182e-06,-1.3924427729297909e-08,1
607,1.932193067732729e-08,1.1366051154815182e-06,-1.482102067732729e-08,1
608,4.061871298151621e-08,1.1366051154815182e-06,4.171708701848378e-08,1
609,1.1032018014322727e-07,1.1366051154815182e-06,1.0904981985677275e-07,1
610,1.9301061979412825e-07,1.1366051154815182e-06,1.8281138020587174e-07,1
611,2.3611298691965252e-07,1.1366051154815182e-06,1.9748901308034745e-07,1
612,2.0003777548609719e-07,1.1366051154815182e-06,1.581302245139028e-07,0
613,1.0969825551104622e-07,1.1366051154815182e-06,1.248857444889538e-07,0
614,3.8085453503434934e-08,1.1366051154815182e-06,1.0113654649656507e-07,0
615,9.271425065713093e-09,1.1366051154815182e-06,7.592587493428692e-08,0
616,1.9014164384061893e-09,1.1366051154815182e-06,5.2452983561593814e-08,0
617,7.82393405427359e-10,1.1366051154815182e-06,3.453750659457264e-08,0
618,2.182162192916176e-09,1.1366051154815182e-06,2.5879637807083824e-08,0
619,6.0893583335761445e-09,1.1366051154815182e-06,2.9239841666423852e-08,0
620,1.3058840747431392e-08,1.1366051154815182e-06,5.121385925256862e-08,0
621,2.901421582037707e-08,1.1366051154815182e-06,1.0518578417962293e-07,1
622,8.426311557729976e-08,1.1366051154815182e-06,1.9014188442270024e-07,0
623,2.4805802224027126e-07,1.1366051154815182e-06,2.5485497775972877e-07,0
624,6.368191913863074e-07,1.1366051154815182e-06,1.616828086136926e-07,0
625,1.4094075887779794e-06,1.1366051154815182e-06,-2.6087758877797957e-07,0
626,2.533473259159788e-06,1.1366051154815182e-06,-8.984832591597882e-07,1
627,3.4055664178995944e-06,1.1366051154815182e-06,-1.2636264178995944e-06,1
628,3.2485423834527137e-06,1.1366051154815182e-06,-1.0874723834527138e-06,0
629,2.1503342724410143e-06,1.1366051154815182e-06,-6.297542724410143e-07,0
630,9.71016813932405e-07,1.1366051154815182e-06,-2.0688881393240493e-07,0
631,2.944536416950662e-07,1.1366051154815182e-06,4.033735830493382e-08,0
632,5.979180261951567e-08,1.1366051154815182e-06,1.0947919738048431e-07,0
633,8.73414487872683e-09,1.1366051154815182e-06,9.372985512127317e-08,0
634,2.780483315105924e-09,1.1366051154815182e-06,6.114031668489407e-08,0
635,1.2337053805422644e-08,1.1366051154815182e-06,2.468454619457735e-08,0
636,5.485133777966583e-08,1.1366051154815182e-06,-2.8200937779665825e-08,0
637,1.4022461626168954e-07,1.1366051154815182e-06,-1.0284271626168954e-07,1
638,2.0510863848941344e-07,1.1366051154815182e-06,-1.4772823848941344e-07,1
639,1.7310727808908147e-07,1.1366051154815182e-06,-1.1311657808908147e-07,1
640,3.4929184815898836e-07,1.1366051154815182e-06,1.9592015184101164e-07,1
641,8.009901037445256e-07,1.1366051154815182e-06,4.3036989625547456e-07,1
642,1.1484152881279944e-06,1.1366051154815182e-06,6.129447118720056e-07,1
643,1.0760569893793309e-06,1.1366051154815182e-06,6.328330106206691e-07,1
644,6.77404146598745e-07,1.1366051154815182e-06,5.354258534012548e-07,0
645,3.0161464403419427e-07,1.1366051154815182e-06,3.855853559658057e-07,0
646,1.0736213189483703e-07,1.1366051154815182e-06,2.3744886810516297e-07,0
647,3.3171654315308044e-08,1.1366051154815182e-06,1.3903734568469195e-07,0
648,1.013845580677854e-08,1.1366051154815182e-06,8.756164419322147e-08,0
649,1.2298268457753543e-08,1.1366051154815182e-06,6.912433154224646e-08,0
650,3.522160549082387e-08,1.1366051154815182e-06,9.160939450917613e-08,0
651,8.363608445453438e-08,1.1366051154815182e-06,1.7990991554546562e-07,0
652,1.685369561673623e-07,1.1366051154815182e-06,3.728660438326377e-07,1
653,3.448580285770048e-07,1.1366051154815182e-06,6.90841971422995e-07,1
654,8.097271368581995e-07,1.1366051154815182e-06,9.947928631418003e-07,1
655,1.9336308852002883e-06,1.1366051154815182e-06,8.927091147997119e-07,0
656,3.9650963593157285e-06,1.1366051154815182e-06,-3.6506359315728436e-08,0
657,6.491678860119584e-06,1.1366051154815182e-06,-1.5786888601195837e-06,0
658,8.305489667822341e-06,1.1366051154815182e-06,-2.630809667822341e-06,1
659,8.138408389281958e-06,1.1366051154815182e-06,-2.432588389281958e-06,1
660,5.944851710659028e-06,1.1366051154815182e-06,-1.5112117106590276e-06,0
661,3.137362067014567e-06,1.1366051154815182e-06,-6.32912067014567e-07,0
662,1.1576228658495554e-06,1.1366051154815182e-06,-2.9322865849555323e-08,0
663,2.9420917530831826e-07,1.1366051154815182e-06,2.543188246916818e-07,0
664,5.6909561882619475e-08,1.1366051154815182e-06,2.9192243811738054e-07,0
665,1.6195212311543024e-08,1.1366051154815182e-06,2.38808787688457e-07,0
666,2.8038531612278937e-08,1.1366051154815182e-06,1.585854683877211e-07,0
667,1.3849860221948375e-07,1.1366051154815182e-06,4.467397780516238e-09,0
668,4.7441896356121357e-07,1.1366051154815182e-06,-3.029199635612136e-07,1
669,9.70687225547933e-07,1.1366051154815182e-06,-6.744402255479329e-07,1
670,1.1826571815289654e-06,1.1366051154815182e-06,-7.679801815289654e-07,1
671,8.516746668734644e-07,1.1366051154815182e-06,-4.848276668734644e-07,1
672,1.3628506221033284e-06,1.1366051154815182e-06,3.364893778966718e-07,0
673,2.5870087901836917e-06,1.1366051154815182e-06,6.286912098163083e-07,0
674,3.064399302675985e-06,1.1366051154815182e-06,8.243606973240148e-07,0
675,2.3771358561646887e-06,1.1366051154815182e-06,8.850541438353113e-07,0
676,1.2934038082204605e-06,1.1366051154815182e-06,7.497961917795393e-07,0
677,5.54018210307692e-07,1.1366051154815182e-06,4.82031789692308e-07,0
678,2.0598345568540946e-07,1.1366051154815182e-06,2.625925443145905e-07,0
679,6.916034900187646e-08,1.1366051154815182e-06,1.5066265099812354e-07,0
680,4.092981630943845e-08,1.1366051154815182e-06,1.1142018369056153e-07,0
681,9.261770821181054e-08,1.1366051154815182e-06,1.3389529178818943e-07,0
682,2.4865508015724404e-07,1.1366051154815182e-06,2.558009198427559e-07,0
683,5.50392548091302e-07,1.1366051154815182e-06,5.489874519086979e-07,0
684,1.03100586852088e-06,1.1366051154815182e-06,1.1265141314791202e-06,1
685,1.8534671111059527e-06,1.1366051154815182e-06,1.9380028888940473e-06,1
686,3.608449076670175e-06,1.1366051154815182e-06,2.354030923329825e-06,1
687,6.955712107627867e-06,1.1366051154815182e-06,1.3695478923721336e-06,0
688,1.11942730566364e-05,1.1366051154815182e-06,-1.1382730566364007e-06,0
689,1.3899240832982587e-05,1.1366051154815182e-06,-3.407140832982586e-06,1
690,1.316879099611107e-05,1.1366051154815182e-06,-3.5185209961110712e-06,1
691,9.547327218632488e-06,1.1366051154815182e-06,-1.978717218632487e-06,1
692,5.288395687261081e-06,1.1366051154815182e-06,-6.050156872610809e-07,0
693,2.2225963339716898e-06,1.1366051154815182e-06,5.0383666028310186e-08,0
694,7.020190723002119e-07,1.1366051154815182e-06,3.5633092769978806e-07,0
695,1.7231971633767355e-07,1.1366051154815182e-06,4.854412836623264e-07,0
696,4.5823003823723656e-08,1.1366051154815182e-06,4.865099961762764e-07,0
697,3.480909815585716e-08,1.1366051154815182e-06,4.2787690184414284e-07,0
698,1.3643260734739616e-07,1.1366051154815182e-06,2.623103926526038e-07,0
699,5.987039616504828e-07,1.1366051154815182e-06,-1.9144896165048284e-07,0
700,1.6920574728187469e-06,1.1366051154815182e-06,-1.0459214728187467e-06,1
701,2.9313188897581563e-06,1.1366051154815182e-06,-1.8534988897581561e-06,1
702,3.0599059197746863e-06,1.1366051154815182e-06,-1.7712759197746863e-06,1
703,1.911434379978408e-06,1.1366051154815182e-06,-9.41472379978408e-07,1
704,2.411437029624432e-06,1.1366051154815182e-06,-1.9470296244320106e-09,0
705,3.8738727432526735e-06,1.1366051154815182e-06,7.998725674732575e-08,0
706,3.956864573285888e-06,1.1366051154815182e-06,3.25675426714112e-07,0
707,2.7660936146812724e-06,1.1366051154815182e-06,5.649463853187278e-07,0
708,1.4574842213045361e-06,1.1366051154815182e-06,5.171657786954641e-07,0
709,6.429712400738315e-07,1.1366051154815182e-06,3.0175975992616853e-07,0
710,2.504110209795608e-07,1.1366051154815182e-06,1.552259790204392e-07,0
711,1.0377338731145828e-07,1.1366051154815182e-06,1.0777861268854174e-07,0
712,1.310472732985293e-07,1.1366051154815182e-06,9.395272670147069e-08,0
713,3.687102680335541e-07,1.1366051154815182e-06,9.106973196644592e-08,0
714,8.987876244550361e-07,1.1366051154815182e-06,1.4956237554496375e-07,0
715,1.7133222384533854e-06,1.1366051154815182e-06,4.691777615466145e-07,0
716,2.7700468092094293e-06,1.1366051154815182e-06,1.2642331907905714e-06,1
717,4.465230785161479e-06,1.1366051154815182e-06,2.2020292148385225e-06,1
718,7.679468228325841e-06,1.1366051154815182e-06,2.2579717716741573e-06,1
719,1.2292886573106089e-05,1.1366051154815182e-06,5.740134268939113e-07,0
720,1.5908277831861342e-05,1.1366051154815182e-06,-2.136377831861341e-06,0
721,1.5800321121690865e-05,1.1366051154815182e-06,-3.602821121690865e-06,1
722,1.2011840661034844e-05,1.1366051154815182e-06,-2.796630661034844e-06,1
723,7.0654751091043805e-06,1.1366051154815182e-06,-1.2180051091043805e-06,1
724,3.284046987478872e-06,1.1366051154815182e-06,-2.99426987478872e-07,0
725,1.2361759668548142e-06,1.1366051154815182e-06,7.39440331451859e-08,0
726,3.748266179161994e-07,1.1366051154815182e-06,3.109183820838006e-07,0
727,9.424729042683072e-08,1.1366051154815182e-06,4.580837095731693e-07,0
728,3.160803570093504e-08,1.1366051154815182e-06,5.114409642990649e-07,0
729,6.28921606950192e-08,1.1366051154815182e-06,4.7174083930498076e-07,0
730,2.914778982544522e-07,1.1366051154815182e-06,2.427841017455478e-07,0
731,1.0448354496719943e-06,1.1366051154815182e-06,-3.4879444967199426e-07,0
732,2.464274822612236e-06,1.1366051154815182e-06,-1.298634822612236e-06,1
733,3.639577215226979e-06,1.1366051154815182e-06,-1.936567215226979e-06,1
734,3.322993312164366e-06,1.1366051154815182e-06,-1.5588533121643657e-06,1
735,1.883146213771556e-06,1.1366051154815182e-06,-7.01086213771556e-07,1
736,2.1771950383875994e-06,1.1366051154815182e-06,-3.836050383875994e-07,0
737,3.0985519090035307e-06,1.1366051154815182e-06,-3.689719090035311e-07,0
738,2.9208383316352907e-06,1.1366051154815182e-06,-4.542833163529079e-08,0
739,1.993652165517488e-06,1.1366051154815182e-06,2.5115783448251185e-07,0
740,1.098468744064005e-06,1.1366051154815182e-06,2.32531255935995e-07,0
741,5.389186419307346e-07,1.1366051154815182e-06,8.460135806926533e-08,0
742,2.3327538793060427e-07,1.1366051154815182e-06,4.238861206939576e-08,0
743,1.2098541334962615e-07,1.1366051154815182e-06,5.593358665037385e-08,0
744,2.2845579622034635e-07,1.1366051154815182e-06,1.0359203779653636e-08,0
745,6.241558218061336e-07,1.1366051154815182e-06,-1.2874082180613363e-07,0
746,1.3199858931007182e-06,1.1366051154815182e-06,-2.494858931007182e-07,0
747,2.2316799031125743e-06,1.1366051154815182e-06,-9.904990311257417e-08,0
748,3.4435543889470583e-06,1.1366051154815182e-06,4.0561561105294164e-07,0
749,5.474258035901754e-06,1.1366051154815182e-06,1.024261964098245e-06,0
750,8.661699703101486e-06,1.1366051154815182e-06,1.2813702968985147e-06,0
751,1.1886008969870205e-05,1.1366051154815182e-06,5.783910301297952e-07,0
752,1.3010815753329455e-05,1.1366051154815182e-06,-9.447157533294555e-07,0
753,1.1122393458437197e-05,1.1366051154815182e-06,-1.8814234584371974e-06,1
754,7.491393489954119e-06,1.1366051154815182e-06,-1.591353489954118e-06,1
755,4.052314186653265e-06,1.1366051154815182e-06,-9.223741866532653e-07,1
756,1.7817462130617375e-06,1.1366051154815182e-06,-4.343562130617376e-07,1
757,6.384585738109311e-07,1.1366051154815182e-06,-9.717957381093115e-08,0
758,2.0205247122038188e-07,1.1366051154815182e-06,1.1881852877961813e-07,0
759,7.140390410065086e-08,1.1366051154815182e-06,2.4302109589934916e-07,0
760,4.0560071557972095e-08,1.1366051154815182e-06,3.133799284420279e-07,0
761,8.386647836306347e-08,1.1366051154815182e-06,3.146065216369365e-07,0
762,2.883711234564672e-07,1.1366051154815182e-06,1.9468587654353286e-07,0
763,8.090190588547175e-07,1.1366051154815182e-06,-9.368305885471745e-08,0
764,1.5933889626638844e-06,1.1366051154815182e-06,-4.741289626638844e-07,0
765,2.07749242616524e-06,1.1366051154815182e-06,-6.305024261652401e-07,0
766,1.7714630765998264e-06,1.1366051154815182e-06,-4.0913307659982633e-07,0
767,9.806607653173236e-07,1.1366051154815182e-06,-1.285327653173236e-07,0
768,1.1562475351158364e-06,1.1366051154815182e-06,-1.863015351158364e-07,0
769,1.6158162421963013e-06,1.1366051154815182e-06,-1.229262421963014e-07,0
770,1.5722641025966047e-06,1.1366051154815182e-06,4.3745897403395256e-08,0
771,1.1721507118101072e-06,1.1366051154815182e-06,1.1033928818989275e-07,0
772,7.516323757654238e-07,1.1366051154815182e-06,8.035624234576265e-09,0
773,4.390243682467266e-07,1.1366051154815182e-06,-7.659636824672655e-08,0
774,2.169621176273549e-07,1.1366051154815182e-06,-4.3548117627354914e-08,0
775,1.1607206557792951e-07,1.1366051154815182e-06,3.703934422070486e-09,0
776,1.8908431474459511e-07,1.1366051154815182e-06,-3.7446314744595116e-08,0
777,4.656099796733444e-07,1.1366051154815182e-06,-1.863639796733444e-07,1
778,9.265975930285221e-07,1.1366051154815182e-06,-3.505875930285221e-07,1
779,1.5630039950835571e-06,1.1366051154815182e-06,-3.7892399508355725e-07,1
780,2.526857203054538e-06,1.1366051154815182e-06,-1.3780720305453808e-07,0
781,4.114184708459414e-06,1.1366051154815182e-06,4.4005529154058654e-07,0
782,6.105871303657769e-06,1.1366051154815182e-06,1.0903086963422307e-06,0
783,7.39642683221065e-06,1.1366051154815182e-06,1.049833167789351e-06,0
784,7.072741730306241e-06,1.1366051154815182e-06,1.439882696937593e-07,0
785,5.4246828298181874e-06,1.1366051154815182e-06,-6.748928298181866e-07,0
786,3.449416743845047e-06,1.1366051154815182e-06,-8.683267438450466e-07,1
787,1.8320270982699543e-06,1.1366051154815182e-06,-6.609470982699543e-07,1
788,7.8624429389409e-07,1.1366051154815182e-06,-3.3935229389409e-07,1
789,2.886500732587643e-07,1.1366051154815182e-06,-1.092210732587643e-07,0
790,1.1995917019015268e-07,1.1366051154815182e-06,3.117829809847331e-09,0
791,5.998379477966651e-08,1.1366051154815182e-06,7.31262052203335e-08,0
792,3.9161462320287236e-08,1.1366051154815182e-06,1.2759153767971277e-07,0
793,7.674016541998014e-08,1.1366051154815182e-06,1.4768183458001986e-07,0
794,2.0728050905580664e-07,1.1366051154815182e-06,1.1697049094419334e-07,0
795,4.577170506481408e-07,1.1366051154815182e-06,4.340894935185922e-08,0
796,7.736500621005669e-07,1.1366051154815182e-06,-4.078106210056686e-08,0
797,9.531232038265026e-07,1.1366051154815182e-06,-7.422320382650263e-08,0
798,8.292401371693721e-07,1.1366051154815182e-06,-3.7666137169372134e-08,0
799,4.919516731523211e-07,1.1366051154815182e-06,-7.0526731523211494e-09,0
800,5.452363267706208e-07,1.1366051154815182e-06,6.755067322937927e-08,0
801,8.490043944692573e-07,1.1366051154815182e-06,1.1726760553074273e-07,0
802,9.441884258880885e-07,1.1366051154815182e-06,8.687157411191166e-08,0
803,8.337441329952335e-07,1.1366051154815182e-06,-5.3731132995233507e-08,0
804,6.953287248500229e-07,1.1366051154815182e-06,-2.593027248500229e-07,0
805,5.481241595765036e-07,1.1366051154815182e-06,-3.509241595765036e-07,1
806,3.353990680931775e-07,1.1366051154815182e-06,-2.423889680931775e-07,1
807,1.6077478687672902e-07,1.1366051154815182e-06,-9.408718687672901e-08,1
808,1.3376250655279105e-07,1.1366051154815182e-06,-5.813570655279104e-08,0
809,2.579236109983973e-07,1.1366051154815182e-06,-1.389466109983973e-07,1
810,4.890333411496855e-07,1.1366051154815182e-06,-2.482043411496855e-07,1
811,8.364837687819509e-07,1.1366051154815182e-06,-2.8115476878195094e-07,1
812,1.4597560716728256e-06,1.1366051154815182e-06,-1.6974607167282557e-07,0
813,2.459375598915838e-06,1.1366051154815182e-06,1.0808440108416154e-07,0
814,3.4070629920190336e-06,1.1366051154815182e-06,3.867470079809662e-07,0
815,3.612852639499136e-06,1.1366051154815182e-06,3.0806736050086354e-07,0
816,2.985523932308102e-06,1.1366051154815182e-06,-9.641393230810206e-08,0
817,2.0592262557155516e-06,1.1366051154815182e-06,-4.1746625571555174e-07,0
818,1.2504557979263654e-06,1.1366051154815182e-06,-4.630697979263654e-07,1
819,6.401197700485803e-07,1.1366051154815182e-06,-3.047357700485802e-07,1
820,2.589574029843368e-07,1.1366051154815182e-06,-1.214824029843368e-07,1
821,9.277778241310169e-08,1.1366051154815182e-06,-2.415318241310169e-08,0
822,3.8595935571852966e-08,1.1366051154815182e-06,1.2958364428147037e-08,0
823,1.886486879017736e-08,1.1366051154815182e-06,3.3832031209822636e-08,0
824,2.2433947613831298e-08,1.1366051154815182e-06,4.4643852386168705e-08,0
825,7.116823103117237e-08,1.1366051154815182e-06,3.2786768968827636e-08,0
826,2.048932486821431e-07,1.1366051154815182e-06,-3.5882248682143085e-08,0
827,4.57262894557689e-07,1.1366051154815182e-06,-1.90634894557689e-07,0
828,7.534370197014135e-07,1.1366051154815182e-06,-3.686150197014135e-07,1
829,8.809839381210041e-07,1.1366051154815182e-06,-4.1293993812100414e-07,1
830,7.169716695302989e-07,1.1366051154815182e-06,-2.7153966953029887e-07,0
831,4.0353031909898465e-07,1.1366051154815182e-06,-1.0706131909898467e-07,0
832,2.9282804766126053e-07,1.1366051154815182e-06,2.2569795233873954e-07,0
833,4.6518398636866997e-07,1.1366051154815182e-06,3.297880136313301e-07,0
834,5.929830947250631e-07,1.1366051154815182e-06,2.0004490527493688e-07,0
835,7.487590604074803e-07,1.1366051154815182e-06,-2.0886106040748025e-07,0
836,9.116784691728205e-07,1.1366051154815182e-06,-6.485564691728205e-07,1
837,8.509979581708101e-07,1.1366051154815182e-06,-7.490159581708101e-07,1
838,5.446734118657538e-07,1.1366051154815182e-06,-5.016016118657538e-07,1
839,2.5011732017385657e-07,1.1366051154815182e-06,-2.1993682017385656e-07,1
840,1.3003449299324483e-07,1.1366051154815182e-06,-9.492739299324484e-08,1
841,1.6104734018723035e-07,1.1366051154815182e-06,-1.0274704018723033e-07,1
842,2.679756040248232e-07,1.1366051154815182e-06,-1.468536040248232e-07,1
843,4.504936412409669e-07,1.1366051154815182e-06,-1.6060664124096684e-07,1
844,8.009394374638371e-07,1.1366051154815182e-06,-1.351794374638372e-07,0
845,1.2921501550891443e-06,1.1366051154815182e-06,-9.717015508914444e-08,0
846,1.6158601003462558e-06,1.1366051154815182e-06,-1.0919010034625588e-07,0
847,1.5055675821120654e-06,1.1366051154815182e-06,-1.887075821120654e-07,0
848,1.0946780295176615e-06,1.1366051154815182e-06,-2.4568802951766156e-07,0
849,6.959106609270518e-07,1.1366051154815182e-06,-2.439576609270518e-07,0
850,3.9876899452128617e-07,1.1366051154815182e-06,-1.7583999452128617e-07,0
851,1.8453892910088434e-07,1.1366051154815182e-06,-7.338092910088434e-08,0
852,6.503358639146981e-08,1.1366051154815182e-06,-6.180986391469812e-09,0
853,1.826951803296738e-08,1.1366051154815182e-06,1.656508196703262e-08,0
854,5.066876223964689e-09,1.1366051154815182e-06,2.033422377603531e-08,0
855,4.996255860267762e-09,1.1366051154815182e-06,1.8327644139732242e-08,0
856,2.2986241806494853e-08,1.1366051154815182e-06,7.612258193505148e-09,0
857,9.706620853148725e-08,1.1366051154815182e-06,-4.7601508531487254e-08,0
858,3.073207776130064e-07,1.1366051154815182e-06,-2.283778776130064e-07,1
859,6.84127147933146e-07,1.1366051154815182e-06,-5.54417147933146e-07,1
860,1.026018679482985e-06,1.1366051154815182e-06,-8.19211679482985e-07,1
861,1.027181767360594e-06,1.1366051154815182e-06,-7.386897673605938e-07,1
862,7.102177638057025e-07,1.1366051154815182e-06,-3.953017638057025e-07,1
863,3.5743104347279396e-07,1.1366051154815182e-06,-1.2444304347279396e-07,0
864,1.711133295482176e-07,1.1366051154815182e-06,3.070436704517824e-07,0
865,3.017314541593947e-07,1.1366051154815182e-06,3.893515458406053e-07,0
866,5.030427556208174e-07,1.1366051154815182e-06,1.3242224437918256e-07,0
867,8.300785413422506e-07,1.1366051154815182e-06,-4.3469854134225065e-07,1
868,1.1346782421068413e-06,1.1366051154815182e-06,-9.540962421068414e-07,1
869,1.133246451303288e-06,1.1366051154815182e-06,-1.063285451303288e-06,1
870,7.982998554418554e-07,1.1366051154815182e-06,-7.692152554418554e-07,1
871,3.8613036522350847e-07,1.1366051154815182e-06,-3.6841836522350845e-07,1
872,1.4268054879081622e-07,1.1366051154815182e-06,-1.2189824879081621e-07,1
873,8.974937411054018e-08,1.1366051154815182e-06,-5.243287411054018e-08,1
874,1.277675569166492e-07,1.1366051154815182e-06,-4.402335691664921e-08,0
875,2.1535362865367347e-07,1.1366051154815182e-06,-8.196628653673488e-09,0
876,3.6831203102255967e-07,1.1366051154815182e-06,5.82859689774403e-08,0
877,5.365114843204114e-07,1.1366051154815182e-06,7.760751567958867e-08,0
878,5.942213075369722e-07,1.1366051154815182e-06,4.0146924630278286e-09,0
879,4.91973444231501e-07,1.1366051154815182e-06,-6.931044423150099e-08,0
880,3.243354872944561e-07,1.1366051154815182e-06,-7.321348729445613e-08,0
881,1.9482760914727961e-07,1.1366051154815182e-06,-4.972760914727962e-08,0
882,1.1705202668478839e-07,1.1366051154815182e-06,-3.14121266847884e-08,0
883,6.919407311394775e-08,1.1366051154815182e-06,-1.730087311394775e-08,0
884,3.3122317982525584e-08,1.1366051154815182e-06,-2.064617982525581e-09,0
885,9.9707840994879e-09,1.1366051154815182e-06,8.636815900512098e-09,0
886,2.1080318708836548e-09,1.1366051154815182e-06,1.2142368129116344e-08,0
887,4.999786133847182e-09,1.1366051154815182e-06,1.3548613866152817e-08,0
888,3.25469656306133e-08,1.1366051154815182e-06,-3.1012656306133004e-09,0
889,1.451186527557914e-07,1.1366051154815182e-06,-1.0493365275579139e-07,1
890,4.2543069008091047e-07,1.1366051154815182e-06,-3.697325900809105e-07,1
891,8.172073008424873e-07,1.1366051154815182e-06,-7.182082008424873e-07,1
892,1.046549043195669e-06,1.1366051154815182e-06,-8.61232043195669e-07,1
893,9.443733004286251e-07,1.1366051154815182e-06,-6.56164300428625e-07,1
894,6.557073344456848e-07,1.1366051154815182e-06,-3.257013344456848e-07,1
895,3.6359536017462786e-07,1.1366051154815182e-06,-1.1167136017462786e-07,0
896,1.8027557003114704e-07,1.1366051154815182e-06,2.6682142996885296e-07,0
897,3.211801567337076e-07,1.1366051154815182e-06,3.0898684326629233e-07,0
898,5.267314861292564e-07,1.1366051154815182e-06,4.744351387074356e-08,0
899,8.355413441483664e-07,1.1366051154815182e-06,-4.6923334414836643e-07,1
900,1.1260988463553392e-06,1.1366051154815182e-06,-9.486738463553391e-07,1
901,1.148844470273724e-06,1.1366051154815182e-06,-1.0762597702737241e-06,1
902,8.082652126970402e-07,1.1366051154815182e-06,-7.793736126970402e-07,1
903,3.594391869942857e-07,1.1366051154815182e-06,-3.441163869942857e-07,1
904,1.0466224247528324e-07,1.1366051154815182e-06,-8.942404247528324e-08,1
905,4.9166996506173156e-08,1.1366051154815182e-06,-2.1918496506173156e-08,0
906,7.491048691634788e-08,1.1366051154815182e-06,3.616213083652116e-09,0
907,1.2684855983549394e-07,1.1366051154815182e-06,8.759244016450604e-08,0
908,1.8810995409163078e-07,1.1366051154815182e-06,2.0442304590836923e-07,0
909,2.2665625117715072e-07,1.1366051154815182e-06,2.1674074882284926e-07,0
910,2.1192633848035696e-07,1.1366051154815182e-06,1.0915866151964303e-07,0
911,1.504885377969464e-07,1.1366051154815182e-06,2.8025462203053593e-08,0
912,8.540263917860029e-08,1.1366051154815182e-06,2.1107360821399706e-08,0
913,5.433476793520942e-08,1.1366051154815182e-06,2.2701832064790576e-08,0
914,4.8780706811012266e-08,1.1366051154815182e-06,8.39459318898773e-09,0
915,3.735972656678962e-08,1.1366051154815182e-06,1.47947343321038e-09,0
916,1.7076421573227107e-08,1.1366051154815182e-06,4.538778426772892e-09,0
917,4.321488985020429e-09,1.1366051154815182e-06,8.311711014979572e-09,0
918,2.4784935628570896e-09,1.1366051154815182e-06,1.382730643714291e-08,0
919,1.292147149456466e-08,1.1366051154815182e-06,2.1215528505435337e-08,0
920,5.773303998709652e-08,1.1366051154815182e-06,7.004760012903487e-09,0
921,1.8974522484200512e-07,1.1366051154815182e-06,-9.389582484200512e-08,0
922,4.5370726685042657e-07,1.1366051154815182e-06,-3.2392926685042653e-07,1
923,7.817605242115988e-07,1.1366051154815182e-06,-5.754905242115989e-07,1
924,1.005180230960233e-06,1.1366051154815182e-06,-6.54161230960233e-07,1
925,1.0116436319919226e-06,1.1366051154815182e-06,-5.037486319919225e-07,1
926,8.15742296290206e-07,1.1366051154815182e-06,-2.673402962902059e-07,1
927,4.991331817952306e-07,1.1366051154815182e-06,-9.630518179523062e-08,0
928,1.979052626260275e-07,1.1366051154815182e-06,3.2191673737397244e-07,0
929,3.399595438745493e-07,1.1366051154815182e-06,3.981654561254507e-07,0
930,5.30795702113975e-07,1.1366051154815182e-06,1.4428329788602506e-07,0
931,7.911603945960666e-07,1.1366051154815182e-06,-3.6007139459606656e-07,0
932,9.805162922265354e-07,1.1366051154815182e-06,-7.716992922265354e-07,1
933,8.893523054612351e-07,1.1366051154815182e-06,-8.071831054612351e-07,1
934,5.378433817606692e-07,1.1366051154815182e-06,-5.085408817606692e-07,1
935,2.0625197258522149e-07,1.1366051154815182e-06,-1.900092725852215e-07,1
936,5.721406152583934e-08,1.1366051154815182e-06,-3.3979061525839336e-08,0
937,3.15999560274925e-08,1.1366051154815182e-06,2.06062439725075e-08,0
938,4.538439540976494e-08,1.1366051154815182e-06,7.849160459023508e-08,0
939,6.559461209405639e-08,1.1366051154815182e-06,1.8414138790594362e-07,0
940,7.935483936921546e-08,1.1366051154815182e-06,2.7843816063078453e-07,0
941,7.754248401770271e-08,1.1366051154815182e-06,2.5750451598229727e-07,0
942,5.9586496912447344e-08,1.1366051154815182e-06,1.5236350308755268e-07,0
943,3.505223939326611e-08,1.1366051154815182e-06,7.642676060673389e-08,0
944,1.90903349333633e-08,1.1366051154815182e-06,4.95634650666367e-08,0
945,1.6128103368775464e-08,1.1366051154815182e-06,3.6544396631224536e-08,0
946,1.5310568099628626e-08,1.1366051154815182e-06,2.480383190037138e-08,0
947,9.346904781582945e-09,1.1366051154815182e-06,1.5684895218417055e-08,0
948,3.2640103417220197e-09,1.1366051154815182e-06,9.91518965827798e-09,0
949,2.5954458588288536e-09,1.1366051154815182e-06,8.756254141171147e-09,0
950,1.3122576316620922e-08,1.1366051154815182e-06,1.1579123683379077e-08,0
951,4.757902174494782e-08,1.1366051154815182e-06,1.965387825505218e-08,0
952,1.198450853495064e-07,1.1366051154815182e-06,3.07699146504936e-08,0
953,2.619969759094251e-07,1.1366051154815182e-06,-2.7889759094251043e-09,0
954,5.312186264781603e-07,1.1366051154815182e-06,-1.3641162647816027e-07,0
955,9.453156893962572e-07,1.1366051154815182e-06,-2.996246893962571e-07,0
956,1.3841923686798963e-06,1.1366051154815182e-06,-3.264223686798962e-07,0
957,1.5676946512749569e-06,1.1366051154815182e-06,-1.517946512749568e-07,0
958,1.3149802960225114e-06,1.1366051154815182e-06,6.308970397748883e-08,0
959,7.798418132356253e-07,1.1366051154815182e-06,1.3217418676437475e-07,0
960,3.0606946203328204e-07,1.1366051154815182e-06,4.25734537966718e-07,0
961,4.918366437389646e-07,1.1366051154815182e-06,4.877533562610354e-07,0
962,6.037950359730468e-07,1.1366051154815182e-06,2.2526896402695328e-07,0
963,6.737856058254785e-07,1.1366051154815182e-06,-1.7849860582547849e-07,0
964,6.740950506624824e-07,1.1366051154815182e-06,-4.4477705066248245e-07,1
965,5.270696847274711e-07,1.1366051154815182e-06,-4.406812847274711e-07,1
966,2.890274753244456e-07,1.1366051154815182e-06,-2.5587497532444556e-07,1
967,1.0611063676476084e-07,1.1366051154815182e-06,-7.351643676476085e-08,1
968,2.801699662166609e-08,1.1366051154815182e-06,3.960810337833391e-08,0
969,1.3764004011414402e-08,1.1366051154815182e-06,1.1831499598858559e-07,0
970,2.572761614239146e-08,1.1366051154815182e-06,1.8879538385760855e-07,0
971,4.900939829312024e-08,1.1366051154815182e-06,2.479676017068798e-07,0
972,7.081700489239856e-08,1.1366051154815182e-06,2.606259951076015e-07,0
973,7.516192744654988e-08,1.1366051154815182e-06,2.0651607255345013e-07,0
974,5.6653755883560525e-08,1.1366051154815182e-06,1.3321624411643945e-07,0
975,3.6257650883276276e-08,1.1366051154815182e-06,8.172534911672372e-08,0
976,2.985217097009735e-08,1.1366051154815182e-06,4.6277029029902656e-08,0
977,2.815149134270013e-08,1.1366051154815182e-06,2.1628608657299875e-08,0
978,2.0195377644732142e-08,1.1366051154815182e-06,1.196862235526786e-08,0
979,8.761666193406119e-09,1.1366051154815182e-06,1.3398033806593883e-08,0
980,3.5599352252159737e-09,1.1366051154815182e-06,1.4991264774784024e-08,0
981,1.2523086912381107e-08,1.1366051154815182e-06,8.358113087618894e-09,0
982,5.5392845635648323e-08,1.1366051154815182e-06,-1.4737845635648321e-08,0
983,1.5646734679748176e-07,1.1366051154815182e-06,-4.631834679748176e-08,0
984,3.1212143192002873e-07,1.1366051154815182e-06,-4.791543192002873e-08,0
985,5.273402192629617e-07,1.1366051154815182e-06,-1.3120219262961697e-08,0
986,9.089937835855828e-07,1.1366051154815182e-06,1.9973216414417175e-08,0
987,1.611225211080483e-06,1.1366051154815182e-06,8.661478891951717e-08,0
988,2.46162184813972e-06,1.1366051154815182e-06,3.0374815186028014e-07,0
989,2.839006669446865e-06,1.1366051154815182e-06,6.173633305531341e-07,0
990,2.3731865768114283e-06,1.1366051154815182e-06,6.886734231885713e-07,0
991,1.3974533497829617e-06,1.1366051154815182e-06,4.127866502170384e-07,0
992,4.1508651388092644e-07,1.1366051154815182e-06,2.3134848611907354e-07,0
993,5.10217040198544e-07,1.1366051154815182e-06,2.2546495980145606e-07,0
994,4.3105899661852014e-07,1.1366051154815182e-06,1.0874300338147992e-07,0
995,3.335758370677769e-07,1.1366051154815182e-06,-4.532583706777691e-08,0
996,2.795009608345289e-07,1.1366051154815182e-06,-1.5779296083452892e-07,1
997,2.0480945577961603e-07,1.1366051154815182e-06,-1.6044305577961602e-07,1
998,1.0397648112734324e-07,1.1366051154815182e-06,-7.868178112734324e-08,1
999,3.336823829143282e-08,1.1366051154815182e-06,1.0027761708567183e-08,0
1000,8.590523403635056e-09,1.1366051154815182e-06,7.931037659636494e-08,0
1001,1.2113707138429304e-08,1.1366051154815182e-06,1.310752928615707e-07,0
1002,3.249537867859863e-08,1.1366051154815182e-06,1.6128262132140136e-07,0
1003,5.8906717147574115e-08,1.1366051154815182e-06,1.6922928285242588e-07,0
1004,7.701691203631477e-08,1.1366051154815182e-06,1.4821208796368524e-07,0
1005,7.345093546750024e-08,1.1366051154815182e-06,1.0725606453249974e-07,0
1006,5.416736928890891e-08,1.1366051154815182e-06,6.806163071109109e-08,0
1007,4.330869147360179e-08,1.1366051154815182e-06,3.433710852639822e-08,0
1008,3.97935926862454e-08,1.1366051154815182e-06,8.2751073137546e-09,0
1009,2.935693159272864e-08,1.1366051154815182e-06,6.291684072713602e-10,0
1010,1.4391087530059844e-08,1.1366051154815182e-06,6.6268124699401574e-09,0
1011,4.78789058441824e-09,1.1366051154815182e-06,1.2585709415581758e-08,0
1012,6.323733728135781e-09,1.1366051154815182e-06,9.838266271864218e-09,0
1013,2.967939923890076e-08,1.1366051154815182e-06,-1.0251299238900762e-08,0
1014,9.740276921130511e-08,1.1366051154815182e-06,-5.622686921130511e-08,1
1015,2.1781076037416984e-07,1.1366051154815182e-06,-1.1018776037416984e-07,0
1016,3.6927382543710095e-07,1.1366051154815182e-06,-1.2123982543710097e-07,0
1017,5.748042763910293e-07,1.1366051154815182e-06,-5.6336276391029244e-08,0
1018,9.855890623165905e-07,1.1366051154815182e-06,7.453093768340945e-08,0
1019,1.7138139705719919e-06,1.1366051154815182e-06,2.8007602942800834e-07,0
1020,2.456846576843858e-06,1.1366051154815182e-06,5.68503423156142e-07,0
1021,2.632575793379687e-06,1.1366051154815182e-06,7.466642066203135e-07,0
1022,2.0497782596513292e-06,1.1366051154815182e-06,5.626917403486708e-07,0
1023,1.095870377672159e-06,1.1366051154815182e-06,2.093996223278413e-07,0
