,G245C,max,diff,True
0,1.1341612502373741e-06,1.1011668584101156e-06,2.808287497626258e-07,0
1,1.4786450391961725e-06,1.1011668584101156e-06,5.319949608038276e-07,0
2,1.0315152153437836e-06,1.1011668584101156e-06,6.095747846562164e-07,0
3,4.0776497878360685e-07,1.1011668584101156e-06,4.827900212163931e-07,0
4,9.852724574095367e-08,1.1011668584101156e-06,2.784807542590463e-07,0
5,1.6406564900775023e-08,1.1011668584101156e-06,1.2506643509922497e-07,0
6,4.011289917806114e-09,1.1011668584101156e-06,6.642311008219388e-08,1
7,7.753220007580572e-09,1.1011668584101156e-06,8.805087999241944e-08,0
8,1.774480360221557e-08,1.1011668584101156e-06,1.7273119639778442e-07,0
9,3.2095213934659123e-08,1.1011668584101156e-06,3.020487860653409e-07,0
10,5.1674720358919764e-08,1.1011668584101156e-06,4.574192796410802e-07,0
11,8.167318796145504e-08,1.1011668584101156e-06,6.03999812038545e-07,0
12,1.1799593065618364e-07,1.1011668584101156e-06,6.802830693438164e-07,0
13,1.5273205370527613e-07,1.1011668584101156e-06,6.375759462947239e-07,1
14,2.0195648640311555e-07,1.1011668584101156e-06,4.7217151359688454e-07,1
15,2.551058751574755e-07,1.1011668584101156e-06,2.543041248425245e-07,0
16,2.792253229644635e-07,1.1011668584101156e-06,7.487067703553648e-08,0
17,2.8050550278695343e-07,1.1011668584101156e-06,-4.764150278695342e-08,0
18,2.52107937685044e-07,1.1011668584101156e-06,-1.11234937685044e-07,1
19,1.900265577017836e-07,1.1011668584101156e-06,-1.020898577017836e-07,1
20,1.4761828695278654e-07,1.1011668584101156e-06,-6.496138695278655e-08,1
21,1.5587085031813874e-07,1.1011668584101156e-06,-3.928085031813874e-08,0
22,2.0595020824699079e-07,1.1011668584101156e-06,-1.8133208246990765e-08,0
23,3.362124152239502e-07,1.1011668584101156e-06,-1.7924415223950183e-08,0
24,7.05058360899596e-07,1.1011668584101156e-06,-9.228036089959596e-08,0
25,1.698784773757137e-06,1.1011668584101156e-06,-3.1838477375713705e-07,0
26,3.804058875105512e-06,1.1011668584101156e-06,-5.695288751055124e-07,0
27,7.2027389061675075e-06,1.1011668584101156e-06,-3.5225890616750734e-07,0
28,1.1036175421137708e-05,1.1011668584101156e-06,7.418245788622917e-07,0
29,1.3194477946319685e-05,1.1011668584101156e-06,2.0717220536803143e-06,0
30,1.2019284537321132e-05,1.1011668584101156e-06,2.1445154626788697e-06,0
31,7.892119282432776e-06,1.1011668584101156e-06,1.0295407175672243e-06,0
32,3.885864859027097e-06,1.1011668584101156e-06,-2.5148590270967803e-09,0
33,4.534755622485412e-06,1.1011668584101156e-06,2.442543775145881e-07,0
34,2.8934552868029387e-06,1.1011668584101156e-06,5.512247131970615e-07,0
35,1.072127942613433e-06,1.1011668584101156e-06,6.209820573865669e-07,0
36,2.503477804971293e-07,1.1011668584101156e-06,4.3655321950287065e-07,0
37,4.462883421188572e-08,1.1011668584101156e-06,2.408651657881143e-07,0
38,2.6009492387448424e-08,1.1011668584101156e-06,1.610595076125516e-07,1
39,5.1039215371710116e-08,1.1011668584101156e-06,2.094447846282899e-07,0
40,7.701796647145669e-08,1.1011668584101156e-06,4.022970335285433e-07,0
41,9.455160928189117e-08,1.1011668584101156e-06,7.346703907181088e-07,0
42,1.3834277648489464e-07,1.1011668584101156e-06,1.1098372235151055e-06,0
43,2.732068450035386e-07,1.1011668584101156e-06,1.3717731549964614e-06,0
44,5.286087827292362e-07,1.1011668584101156e-06,1.4057312172707638e-06,1
45,8.52466573476269e-07,1.1011668584101156e-06,1.1895634265237312e-06,0
46,1.1316090760921578e-06,1.1011668584101156e-06,7.977009239078419e-07,0
47,1.2443428902457194e-06,1.1011668584101156e-06,3.9493710975428057e-07,0
48,1.2071034355465759e-06,1.1011668584101156e-06,5.890656445342401e-08,0
49,1.0903505267547172e-06,1.1011668584101156e-06,-2.2120152675471718e-07,0
50,8.557376141779699e-07,1.1011668584101156e-06,-3.156946141779698e-07,1
51,5.98250442058079e-07,1.1011668584101156e-06,-2.2464444205807904e-07,1
52,5.230265276918971e-07,1.1011668584101156e-06,-1.5148552769189708e-07,0
53,6.390346384494928e-07,1.1011668584101156e-06,-1.3623363844949276e-07,0
54,8.977880879616012e-07,1.1011668584101156e-06,-1.6433708796160116e-07,0
55,1.4583590549191809e-06,1.1011668584101156e-06,-3.2355905491918076e-07,0
56,2.9224572993434983e-06,1.1011668584101156e-06,-7.828072993434984e-07,0
57,6.4953187320734565e-06,1.1011668584101156e-06,-1.614148732073457e-06,1
58,1.36959905653065e-05,1.1011668584101156e-06,-2.2995905653064992e-06,1
59,2.4574243491621812e-05,1.1011668584101156e-06,-1.4967434916218119e-06,0
60,3.475828694155464e-05,1.1011668584101156e-06,1.7889130584453628e-06,0
61,3.766110782302056e-05,1.1011668584101156e-06,5.108492176979435e-06,1
62,3.096197694735686e-05,1.1011668584101156e-06,4.6250230526431385e-06,1
63,1.8360865692348058e-05,1.1011668584101156e-06,1.7046343076519416e-06,0
64,6.620180259647393e-06,1.1011668584101156e-06,-1.4258002596473925e-06,0
65,7.264895443881455e-06,1.1011668584101156e-06,-1.4102854438814544e-06,0
66,4.431355231347035e-06,1.1011668584101156e-06,-5.249752313470342e-07,0
67,1.6006886792097583e-06,1.1011668584101156e-06,2.2310132079024188e-07,0
68,3.8208411817487313e-07,1.1011668584101156e-06,3.8172388182512677e-07,0
69,9.617035052910779e-08,1.1011668584101156e-06,2.852316494708922e-07,0
70,6.988205728676852e-08,1.1011668584101156e-06,2.0986394271323147e-07,0
71,8.721389317428061e-08,1.1011668584101156e-06,2.4588010682571936e-07,0
72,1.1046466863419831e-07,1.1011668584101156e-06,4.5575433136580164e-07,0
73,1.7379086905813761e-07,1.1011668584101156e-06,8.105831309418623e-07,0
74,3.8465886201323844e-07,1.1011668584101156e-06,1.1296611379867617e-06,0
75,8.852550751975035e-07,1.1011668584101156e-06,1.2299849248024964e-06,0
76,1.7331803162279393e-06,1.1011668584101156e-06,1.0477796837720606e-06,0
77,2.737406566225629e-06,1.1011668584101156e-06,6.568134337743708e-07,0
78,3.4489963769750695e-06,1.1011668584101156e-06,2.9972362302493e-07,0
79,3.5589406599363265e-06,1.1011668584101156e-06,1.5691934006367358e-07,0
80,3.193156155736124e-06,1.1011668584101156e-06,2.6023844263876106e-08,0
81,2.6401019635820183e-06,1.1011668584101156e-06,-2.867319635820181e-07,0
82,2.09653730411168e-06,1.1011668584101156e-06,-5.725473041116799e-07,1
83,1.666684412327829e-06,1.1011668584101156e-06,-6.12234412327829e-07,1
84,1.4771527632885387e-06,1.1011668584101156e-06,-4.807437632885387e-07,1
85,1.657829205577294e-06,1.1011668584101156e-06,-3.99439205577294e-07,0
86,2.2669827793953644e-06,1.1011668584101156e-06,-5.677927793953643e-07,0
87,3.484736923890568e-06,1.1011668584101156e-06,-1.0340969238905678e-06,1
88,6.195191755796852e-06,1.1011668584101156e-06,-1.6788917557968513e-06,1
89,1.29150404510916e-05,1.1011668584101156e-06,-2.5137404510915978e-06,1
90,2.6901019737623457e-05,1.1011668584101156e-06,-3.2697197376234553e-06,0
91,4.673522996814011e-05,1.1011668584101156e-06,-2.2780299681401055e-06,0
92,6.231135831943759e-05,1.1011668584101156e-06,1.5187416805624061e-06,0
93,6.252047487270139e-05,1.1011668584101156e-06,4.666225127298611e-06,0
94,4.6975816747938064e-05,1.1011668584101156e-06,3.4013832520619393e-06,0
95,2.5355586834587187e-05,1.1011668584101156e-06,3.8771316541281073e-07,0
96,6.549252200331348e-06,1.1011668584101156e-06,-1.9993522003313475e-06,1
97,6.837755276152136e-06,1.1011668584101156e-06,-1.9450252761521362e-06,1
98,4.092305875477645e-06,1.1011668584101156e-06,-9.552058754776453e-07,1
99,1.537617018366519e-06,1.1011668584101156e-06,-1.0044701836651879e-07,0
100,4.554673072690281e-07,1.1011668584101156e-06,1.9935669273097188e-07,0
101,1.6673181548829406e-07,1.1011668584101156e-06,2.3014618451170598e-07,0
102,8.331301520001643e-08,1.1011668584101156e-06,2.1557698479998357e-07,0
103,5.969154384859858e-08,1.1011668584101156e-06,2.341924561514014e-07,0
104,9.934309282685666e-08,1.1011668584101156e-06,3.3745490717314333e-07,0
105,2.9104360469014666e-07,1.1011668584101156e-06,4.774213953098534e-07,0
106,8.438121445752673e-07,1.1011668584101156e-06,4.939678554247327e-07,0
107,2.0281291733856083e-06,1.1011668584101156e-06,2.116708266143914e-07,0
108,3.969672625425136e-06,1.1011668584101156e-06,-4.757526254251366e-07,0
109,6.234513721062344e-06,1.1011668584101156e-06,-1.2796437210623443e-06,0
110,7.851476868363092e-06,1.1011668584101156e-06,-1.5162268683630921e-06,0
111,8.036860887861094e-06,1.1011668584101156e-06,-9.810708878610943e-07,0
112,6.934730460478845e-06,1.1011668584101156e-06,-4.50460460478845e-07,0
113,5.5837850635073096e-06,1.1011668584101156e-06,-7.481750635073098e-07,0
114,4.5135296973224685e-06,1.1011668584101156e-06,-1.3909696973224688e-06,1
115,3.4255500568426974e-06,1.1011668584101156e-06,-1.3152100568426972e-06,1
116,2.5920839458576452e-06,1.1011668584101156e-06,-6.534039458576452e-07,0
117,2.664372545418574e-06,1.1011668584101156e-06,-2.2016254541857404e-07,0
118,3.7690282807829286e-06,1.1011668584101156e-06,-4.579782807829283e-07,0
119,5.629483171019513e-06,1.1011668584101156e-06,-1.0031731710195133e-06,1
120,9.244747165785232e-06,1.1011668584101156e-06,-1.042717165785233e-06,0
121,1.8838842176674245e-05,1.1011668584101156e-06,-7.875421766742443e-07,0
122,3.8679670398330484e-05,1.1011668584101156e-06,-8.397703983304872e-07,0
123,6.496153568072314e-05,1.1011668584101156e-06,-8.710356807231455e-07,0
124,8.245734023252793e-05,1.1011668584101156e-06,-3.068402325279298e-07,0
125,7.732246599045772e-05,1.1011668584101156e-06,8.193400954227645e-08,0
126,5.318485446394605e-05,1.1011668584101156e-06,-6.858544639460547e-07,0
127,2.597597415804477e-05,1.1011668584101156e-06,-1.3586741580447706e-06,0
128,4.268479294002712e-06,1.1011668584101156e-06,-9.39359294002712e-07,1
129,4.432992645355775e-06,1.1011668584101156e-06,-9.386426453557752e-07,1
130,2.758390215496742e-06,1.1011668584101156e-06,-5.496502154967416e-07,0
131,1.1826262293313543e-06,1.1011668584101156e-06,-1.1389622933135448e-07,0
132,4.5219411032421256e-07,1.1011668584101156e-06,1.3446988967578743e-07,0
133,1.771829471613689e-07,1.1011668584101156e-06,2.2798905283863112e-07,0
134,6.193051895828649e-08,1.1011668584101156e-06,2.2775648104171348e-07,0
135,3.083776303768113e-08,1.1011668584101156e-06,1.9827623696231887e-07,0
136,8.777133277316668e-08,1.1011668584101156e-06,2.0247366722683333e-07,1
137,3.812443425979496e-07,1.1011668584101156e-06,2.0150865740205044e-07,0
138,1.3001599920794642e-06,1.1011668584101156e-06,1.2080007920535778e-08,0
139,3.3314595292918027e-06,1.1011668584101156e-06,-6.258395292918026e-07,0
140,6.58323929070559e-06,1.1011668584101156e-06,-1.7428692907055904e-06,1
141,1.0366546516684123e-05,1.1011668584101156e-06,-2.751366516684123e-06,1
142,1.3205232571102345e-05,1.1011668584101156e-06,-2.771332571102345e-06,0
143,1.3534185955668676e-05,1.1011668584101156e-06,-1.733485955668677e-06,0
144,1.1385868820683514e-05,1.1011668584101156e-06,-8.399688206835153e-07,0
145,8.596419448072618e-06,1.1011668584101156e-06,-1.124189448072617e-06,0
146,6.15535368280786e-06,1.1011668584101156e-06,-1.6095436828078605e-06,1
147,3.977028857215422e-06,1.1011668584101156e-06,-1.0422288572154216e-06,1
148,2.649064883481393e-06,1.1011668584101156e-06,1.2162511651860723e-07,0
149,2.88459546316081e-06,1.1011668584101156e-06,8.963045368391896e-07,0
150,4.5813561086457046e-06,1.1011668584101156e-06,7.331538913542958e-07,0
151,7.402950411437841e-06,1.1011668584101156e-06,9.393958856215808e-08,0
152,1.3093773412258772e-05,1.1011668584101156e-06,-2.9373412258771735e-08,0
153,2.630721943814443e-05,1.1011668584101156e-06,4.321805618555693e-07,0
154,4.998472604905202e-05,1.1011668584101156e-06,3.78973950947983e-07,0
155,7.743994290767067e-05,1.1011668584101156e-06,-1.7099429076706775e-06,0
156,9.123719058171882e-05,1.1011668584101156e-06,-4.883890581718818e-06,0
157,7.940660863150302e-05,1.1011668584101156e-06,-5.964908631503018e-06,0
158,5.0275649247281624e-05,1.1011668584101156e-06,-4.3805492472816235e-06,1
159,2.2454041110913067e-05,1.1011668584101156e-06,-2.2518411109130655e-06,1
160,2.5611038124119216e-06,1.1011668584101156e-06,-1.0286381241192135e-07,0
161,2.81135029646748e-06,1.1011668584101156e-06,-1.4887029646748023e-07,0
162,1.9881752383299795e-06,1.1011668584101156e-06,-1.5723523832997935e-07,0
163,1.1380918639479016e-06,1.1011668584101156e-06,-7.664186394790161e-08,0
164,6.354296924606253e-07,1.1011668584101156e-06,6.517330753937467e-08,0
165,3.173172805287951e-07,1.1011668584101156e-06,1.910537194712049e-07,0
166,1.2054729094523206e-07,1.1011668584101156e-06,2.2298370905476792e-07,0
167,5.096550970012772e-08,1.1011668584101156e-06,1.8369649029987228e-07,1
168,1.2994305504227632e-07,1.1011668584101156e-06,1.3938094495772372e-07,1
169,5.446189816051531e-07,1.1011668584101156e-06,9.670001839484687e-08,0
170,1.8203608374065067e-06,1.1011668584101156e-06,-7.610083740650675e-08,0
171,4.595479709312252e-06,1.1011668584101156e-06,-5.406097093122527e-07,0
172,8.965995068546514e-06,1.1011668584101156e-06,-1.165885068546513e-06,0
173,1.4045695026119248e-05,1.1011668584101156e-06,-1.4625950261192484e-06,0
174,1.7788700182695586e-05,1.1011668584101156e-06,-9.826001826955874e-07,0
175,1.783188937444067e-05,1.1011668584101156e-06,9.810625559332486e-09,0
176,1.4279343988568272e-05,1.1011668584101156e-06,3.5155601143172755e-07,0
177,9.737589083559585e-06,1.1011668584101156e-06,-3.0360908355958465e-07,0
178,5.881947968099516e-06,1.1011668584101156e-06,-6.337579680995168e-07,0
179,3.147228109937045e-06,1.1011668584101156e-06,2.4918900629548683e-09,0
180,1.91854847520695e-06,1.1011668584101156e-06,1.0300515247930499e-06,0
181,2.3803485598546355e-06,1.1011668584101156e-06,1.7344514401453645e-06,1
182,4.4659338335569e-06,1.1011668584101156e-06,1.5336061664431013e-06,0
183,8.776636673715586e-06,1.1011668584101156e-06,4.042833262844137e-07,0
184,1.7548381333573993e-05,1.1011668584101156e-06,-9.330813335739931e-07,0
185,3.4243345208566645e-05,1.1011668584101156e-06,-2.143045208566643e-06,0
186,5.919373196535952e-05,1.1011668584101156e-06,-4.1378319653595174e-06,0
187,8.265979665715765e-05,1.1011668584101156e-06,-7.496496657157645e-06,1
188,8.864871037258401e-05,1.1011668584101156e-06,-1.0344510372584006e-05,1
189,7.174493062329538e-05,1.1011668584101156e-06,-1.0014030623295379e-05,1
190,4.30345129273796e-05,1.1011668584101156e-06,-6.487912927379601e-06,1
191,1.8354457663618887e-05,1.1011668584101156e-06,-2.7218576636188867e-06,1
192,2.090808729919633e-06,1.1011668584101156e-06,1.9966127008036678e-07,0
193,2.5951132687162885e-06,1.1011668584101156e-06,1.822467312837115e-07,0
194,2.259420645989072e-06,1.1011668584101156e-06,-4.552064598907239e-08,0
195,1.663933089311536e-06,1.1011668584101156e-06,-1.897830893115362e-07,0
196,1.1064709963446958e-06,1.1011668584101156e-06,-9.54509963446957e-08,0
197,6.010119108412616e-07,1.1011668584101156e-06,9.709508915873838e-08,0
198,2.391137539073942e-07,1.1011668584101156e-06,2.054302460926058e-07,0
199,1.135311278880792e-07,1.1011668584101156e-06,1.8357987211192076e-07,0
200,2.535077881256641e-07,1.1011668584101156e-06,1.2716521187433593e-07,0
201,8.990256457079345e-07,1.1011668584101156e-06,1.3326435429206547e-07,0
202,2.7789337065229127e-06,1.1011668584101156e-06,1.8615629347708767e-07,0
203,6.803078410220876e-06,1.1011668584101156e-06,2.2716158977912253e-07,0
204,1.2963852018672889e-05,1.1011668584101156e-06,4.527479813271125e-07,0
205,1.95652066524643e-05,1.1011668584101156e-06,1.2476933475356997e-06,0
206,2.3713629718595223e-05,1.1011668584101156e-06,2.3239702814047803e-06,0
207,2.284367106999663e-05,1.1011668584101156e-06,2.6325289300033673e-06,0
208,1.7436569983336053e-05,1.1011668584101156e-06,1.7447300166639494e-06,0
209,1.0779438945888138e-05,1.1011668584101156e-06,6.931610541118617e-07,0
210,5.655444699019005e-06,1.1011668584101156e-06,3.640653009809958e-07,0
211,2.855656405891495e-06,1.1011668584101156e-06,5.154635941085043e-07,0
212,2.037858674838556e-06,1.1011668584101156e-06,7.06761325161444e-07,0
213,2.5925023042082766e-06,1.1011668584101156e-06,8.791576957917233e-07,0
214,4.473866242516957e-06,1.1011668584101156e-06,8.640437574830425e-07,0
215,8.993285709987919e-06,1.1011668584101156e-06,2.92194290012081e-07,0
216,1.866039960409449e-05,1.1011668584101156e-06,-9.66799604094492e-07,0
217,3.62083464497669e-05,1.1011668584101156e-06,-3.1957464497668985e-06,0
218,6.032647599732258e-05,1.1011668584101156e-06,-6.551675997322584e-06,1
219,8.029923389026535e-05,1.1011668584101156e-06,-1.0224433890265353e-05,1
220,8.251981317371122e-05,1.1011668584101156e-06,-1.2603613173711216e-05,1
221,6.470253564857234e-05,1.1011668584101156e-06,-1.1416035648572338e-05,1
222,3.790738007543115e-05,1.1011668584101156e-06,-6.601080075431149e-06,1
223,1.5932464383571418e-05,1.1011668584101156e-06,-2.128964383571419e-06,1
224,2.685555614820266e-06,1.1011668584101156e-06,4.59774385179734e-07,0
225,3.6486379284425608e-06,1.1011668584101156e-06,4.355320715574386e-07,0
226,3.3635943638235577e-06,1.1011668584101156e-06,2.3995636176442417e-08,0
227,2.507380426035176e-06,1.1011668584101156e-06,-2.7345042603517597e-07,0
228,1.6660093932589804e-06,1.1011668584101156e-06,-2.431993932589804e-07,0
229,8.992710718173418e-07,1.1011668584101156e-06,-1.1727071817341772e-08,0
230,3.612609382408233e-07,1.1011668584101156e-06,1.6892306175917672e-07,0
231,1.6690393894495698e-07,1.1011668584101156e-06,2.22987061055043e-07,0
232,3.432621486963557e-07,1.1011668584101156e-06,3.0076385130364437e-07,0
233,1.3704206043025742e-06,1.1011668584101156e-06,4.972893956974256e-07,0
234,4.674369581263943e-06,1.1011668584101156e-06,6.410004187360563e-07,0
235,1.1791446319321566e-05,1.1011668584101156e-06,6.214536806784332e-07,0
236,2.2014197474958284e-05,1.1011668584101156e-06,9.861025250417167e-07,0
237,3.185613389659573e-05,1.1011668584101156e-06,2.0912661034042695e-06,0
238,3.687489540341539e-05,1.1011668584101156e-06,2.9684045965846115e-06,0
239,3.4061041874994315e-05,1.1011668584101156e-06,2.5257581250056853e-06,0
240,2.46171425694938e-05,1.1011668584101156e-06,1.5303574305062002e-06,0
241,1.4010292138435025e-05,1.1011668584101156e-06,1.1083078615649749e-06,0
242,7.1654016885077635e-06,1.1011668584101156e-06,7.936383114922372e-07,0
243,4.739112555387383e-06,1.1011668584101156e-06,-7.140255538738366e-08,0
244,4.895767150144797e-06,1.1011668584101156e-06,-1.1924971501447974e-06,0
245,5.5850207987930864e-06,1.1011668584101156e-06,-1.5384007987930864e-06,0
246,6.270342012461637e-06,1.1011668584101156e-06,-7.637720124616371e-07,0
247,8.848574057720261e-06,1.1011668584101156e-06,3.2445594227973907e-07,0
248,1.667767950162171e-05,1.1011668584101156e-06,7.268204983782883e-07,0
249,3.3265662593303644e-05,1.1011668584101156e-06,-5.780625933036416e-07,0
250,5.772028286792472e-05,1.1011668584101156e-06,-4.081082867924718e-06,0
251,7.870639246677884e-05,1.1011668584101156e-06,-8.483492466778843e-06,1
252,8.169688418194035e-05,1.1011668584101156e-06,-1.0810384181940356e-05,1
253,6.483275155831254e-05,1.1011668584101156e-06,-8.601351558312532e-06,1
254,3.958327403168545e-05,1.1011668584101156e-06,-3.82827403168545e-06,1
255,1.8169186388985407e-05,1.1011668584101156e-06,-7.399863889854083e-07,0
256,3.6905948432922652e-06,1.1011668584101156e-06,9.293951567077347e-07,0
257,4.727025907459116e-06,1.1011668584101156e-06,9.489040925408843e-07,0
258,4.019118092521907e-06,1.1011668584101156e-06,3.3787190747809295e-07,0
259,2.7816204696204607e-06,1.1011668584101156e-06,-1.6470046962046073e-07,0
260,1.6928483587609397e-06,1.1011668584101156e-06,-2.0165835876093972e-07,0
261,8.253479375643391e-07,1.1011668584101156e-06,9.57806243566083e-09,0
262,3.063473508928341e-07,1.1011668584101156e-06,1.8376964910716593e-07,0
263,1.4682243411328965e-07,1.1011668584101156e-06,2.995235658867103e-07,0
264,4.834841160658601e-07,1.1011668584101156e-06,4.959668839341399e-07,0
265,2.38046030380719e-06,1.1011668584101156e-06,7.659796961928101e-07,0
266,8.547044306385193e-06,1.1011668584101156e-06,7.907456936148065e-07,0
267,2.171872011519322e-05,1.1011668584101156e-06,4.158798848067811e-07,0
268,4.027404851370618e-05,1.1011668584101156e-06,-1.0648513706184562e-08,0
269,5.667168509926338e-05,1.1011668584101156e-06,-1.2648509926337624e-07,0
270,6.22320578280229e-05,1.1011668584101156e-06,-1.7265782802290035e-07,0
271,5.3346585676349046e-05,1.1011668584101156e-06,-2.992856763490504e-07,0
272,3.5136915884217606e-05,1.1011668584101156e-06,2.129841157823929e-07,0
273,1.8661693436744484e-05,1.1011668584101156e-06,7.971065632555165e-07,0
274,1.0405642073127601e-05,1.1011668584101156e-06,1.0095792687239949e-07,0
275,8.878676634862508e-06,1.1011668584101156e-06,-1.922396634862508e-06,1
276,9.856214054889259e-06,1.1011668584101156e-06,-3.949714054889258e-06,1
277,9.91638126363914e-06,1.1011668584101156e-06,-4.139671263639141e-06,1
278,8.5330835302957e-06,1.1011668584101156e-06,-2.0389235302957006e-06,0
279,8.770926941288182e-06,1.1011668584101156e-06,8.370130587118172e-07,0
280,1.5443416659186575e-05,1.1011668584101156e-06,2.9263833408134267e-06,1
281,3.349623646708957e-05,1.1011668584101156e-06,3.0222635329104318e-06,0
282,6.202009869368126e-05,1.1011668584101156e-06,4.770013063187437e-07,0
283,8.735477166259526e-05,1.1011668584101156e-06,-3.121771662595272e-06,0
284,9.369740027455071e-05,1.1011668584101156e-06,-4.757300274550703e-06,0
285,7.928614635522568e-05,1.1011668584101156e-06,-3.2943463552256814e-06,0
286,5.3033479727906487e-05,1.1011668584101156e-06,-7.42079727906481e-07,0
287,2.613342261352263e-05,1.1011668584101156e-06,5.091773864773717e-07,0
288,3.574465592499624e-06,1.1011668584101156e-06,1.187604407500376e-06,0
289,4.0454241143530114e-06,1.1011668584101156e-06,1.1486958856469874e-06,0
290,3.0183036101941693e-06,1.1011668584101156e-06,5.015163898058305e-07,0
291,1.7752691287953557e-06,1.1011668584101156e-06,7.041087120464416e-08,0
292,8.906286991995061e-07,1.1011668584101156e-06,9.083300800493813e-09,0
293,3.695962397348613e-07,1.1011668584101156e-06,7.783676026513864e-08,0
294,1.2661888731457355e-07,1.1011668584101156e-06,1.5798111268542645e-07,0
295,1.300045794597039e-07,1.1011668584101156e-06,2.6475542054029606e-07,1
296,7.84630823373368e-07,1.1011668584101156e-06,4.95859176626632e-07,0
297,4.0777715921102985e-06,1.1011668584101156e-06,8.39698407889701e-07,0
298,1.4723682414026825e-05,1.1011668584101156e-06,1.0958175859731751e-06,0
299,3.6944688249265194e-05,1.1011668584101156e-06,1.0237117507348067e-06,0
300,6.612509637868239e-05,1.1011668584101156e-06,1.839036213176047e-07,0
301,8.726216563803094e-05,1.1011668584101156e-06,-1.1929656380309331e-06,0
302,8.669671160539813e-05,1.1011668584101156e-06,-1.7829116053981334e-06,0
303,6.469759883233697e-05,1.1011668584101156e-06,-9.14598832336974e-07,0
304,3.644820968949959e-05,1.1011668584101156e-06,5.111903105004068e-07,0
305,1.7264685238142093e-05,1.1011668584101156e-06,9.31014761857906e-07,0
306,9.798030880216561e-06,1.1011668584101156e-06,-1.6547088021656068e-07,0
307,8.763809151183408e-06,1.1011668584101156e-06,-2.066469151183408e-06,1
308,9.182662764889652e-06,1.1011668584101156e-06,-3.4980727648896517e-06,1
309,8.394430329813431e-06,1.1011668584101156e-06,-3.086680329813431e-06,1
310,6.816671345495955e-06,1.1011668584101156e-06,-8.497413454959548e-07,0
311,7.754000900031411e-06,1.1011668584101156e-06,1.9842590999685887e-06,0
312,1.6407317197170555e-05,1.1011668584101156e-06,4.783782802829446e-06,1
313,3.851267467635037e-05,1.1011668584101156e-06,7.057325323649628e-06,1
314,7.178473201938821e-05,1.1011668584101156e-06,8.096167980611786e-06,0
315,0.00010065561133958713,1.1011668584101156e-06,7.381388660412884e-06,0
316,0.00011011668584101155,1.1011668584101156e-06,5.100314158988458e-06,0
317,9.639767999359003e-05,1.1011668584101156e-06,3.1580200064099665e-06,0
318,6.431086327219796e-05,1.1011668584101156e-06,2.8251367278020413e-06,0
319,2.9721099727933728e-05,1.1011668584101156e-06,2.1823002720662757e-06,1
320,1.9494027092369167e-06,1.1011668584101156e-06,8.023972907630834e-07,0
321,1.873263994192971e-06,1.1011668584101156e-06,8.009660058070291e-07,0
322,1.1761523099824002e-06,1.1011668584101156e-06,4.485476900175999e-07,0
323,5.657976098597653e-07,1.1011668584101156e-06,1.814553901402347e-07,0
324,2.270226915914001e-07,1.1011668584101156e-06,7.742630840859993e-08,0
325,7.499786015022949e-08,1.1011668584101156e-06,5.862013984977051e-08,0
326,3.4821182902187944e-08,1.1011668584101156e-06,7.527381709781204e-08,0
327,1.7662680469323086e-07,1.1011668584101156e-06,1.2792619530676912e-07,0
328,1.2483348364971454e-06,1.1011668584101156e-06,2.616051635028546e-07,0
329,6.225368407641944e-06,1.1011668584101156e-06,5.63241592358057e-07,0
330,2.1106600407611704e-05,1.1011668584101156e-06,1.254699592388298e-06,0
331,4.904865619689904e-05,1.1011668584101156e-06,1.8694438031009638e-06,0
332,8.010877978153002e-05,1.1011668584101156e-06,6.460202184699717e-07,0
333,9.39224431650254e-05,1.1011668584101156e-06,-1.7669431650254057e-06,0
334,7.914374722314004e-05,1.1011668584101156e-06,-1.9658472231400313e-06,0
335,4.760830670565784e-05,1.1011668584101156e-06,2.869329434215627e-08,0
336,2.1041107535040067e-05,1.1011668584101156e-06,1.3877924649599309e-06,0
337,8.109816250888506e-06,1.1011668584101156e-06,1.1882137491114938e-06,0
338,4.228966652688984e-06,1.1011668584101156e-06,3.008933473110166e-07,0
339,3.6350943988188034e-06,1.1011668584101156e-06,-5.817443988188037e-07,0
340,3.558976413410923e-06,1.1011668584101156e-06,-1.0271864134109226e-06,1
341,3.1363030482561834e-06,1.1011668584101156e-06,-6.376630482561835e-07,0
342,3.038263991104932e-06,1.1011668584101156e-06,4.979060088950679e-07,0
343,5.731001054279098e-06,1.1011668584101156e-06,2.1602989457209023e-06,1
344,1.6275993563022582e-05,1.1011668584101156e-06,4.4219064369774184e-06,1
345,3.932275825619859e-05,1.1011668584101156e-06,7.592541743801408e-06,1
346,6.991365401128193e-05,1.1011668584101156e-06,1.114004598871806e-05,1
347,9.368172515742906e-05,1.1011668584101156e-06,1.2246274842570934e-05,1
348,9.919912271442514e-05,1.1011668584101156e-06,9.547877285574869e-06,1
349,8.209318607252242e-05,1.1011668584101156e-06,6.411713927477578e-06,0
350,4.924770924704661e-05,1.1011668584101156e-06,4.607290752953389e-06,1
351,1.9710006546696483e-05,1.1011668584101156e-06,2.564193453303518e-06,1
352,4.881736715349755e-07,1.1011668584101156e-06,4.026333284650244e-07,0
353,4.0501698384089796e-07,1.1011668584101156e-06,3.9248701615910203e-07,0
354,2.286491849710275e-07,1.1011668584101156e-06,2.2311781502897243e-07,0
355,9.7372367849602e-08,1.1011668584101156e-06,9.322163215039799e-08,0
356,3.1873443529176736e-08,1.1011668584101156e-06,3.858705647082326e-08,0
357,8.954712254565018e-09,1.1011668584101156e-06,2.339718774543499e-08,0
358,2.3901341837270836e-08,1.1011668584101156e-06,2.341035816272916e-08,0
359,2.2018361593272525e-07,1.1011668584101156e-06,2.8370384067274743e-08,0
360,1.472006241748475e-06,1.1011668584101156e-06,4.34537582515248e-08,0
361,6.645495560470708e-06,1.1011668584101156e-06,2.1565443952929216e-07,0
362,2.0118293839380907e-05,1.1011668584101156e-06,7.313061606190943e-07,0
363,4.138592791583226e-05,1.1011668584101156e-06,6.385720841677406e-07,0
364,5.8850168952806566e-05,1.1011668584101156e-06,-1.2884689528065647e-06,0
365,5.8065223546677894e-05,1.1011668584101156e-06,-3.003423546677892e-06,0
366,3.937280222787273e-05,1.1011668584101156e-06,-2.140902227872731e-06,0
367,1.8281513891333235e-05,1.1011668584101156e-06,-2.683138913332356e-07,0
368,6.068933311439589e-06,1.1011668584101156e-06,5.451566885604113e-07,0
369,1.7918476457773948e-06,1.1011668584101156e-06,4.351423542226053e-07,0
370,7.841862203680797e-07,1.1011668584101156e-06,1.7253577963192038e-07,0
371,6.283235008433096e-07,1.1011668584101156e-06,-2.7909500843309525e-08,0
372,6.081594227463364e-07,1.1011668584101156e-06,-9.633142274633639e-08,0
373,6.096500637994806e-07,1.1011668584101156e-06,5.121293620051933e-08,0
374,1.1306204998268934e-06,1.1011668584101156e-06,3.8674950017310646e-07,0
375,3.912655854714076e-06,1.1011668584101156e-06,9.083641452859239e-07,0
376,1.2275314377842068e-05,1.1011668584101156e-06,1.9365856221579326e-06,0
377,2.7784938465194733e-05,1.1011668584101156e-06,4.181761534805267e-06,1
378,4.528395993763605e-05,1.1011668584101156e-06,7.087040062363957e-06,1
379,5.584906638257206e-05,1.1011668584101156e-06,8.259433617427937e-06,1
380,5.364540877486398e-05,1.1011668584101156e-06,7.07999122513602e-06,1
381,3.875686479668351e-05,1.1011668584101156e-06,5.306235203316492e-06,1
382,1.958727985901416e-05,1.1011668584101156e-06,3.46732014098584e-06,1
383,6.4803864489097996e-06,1.1011668584101156e-06,1.5920135510902013e-06,1
384,5.0908080261974546e-08,1.1011668584101156e-06,1.2411291973802544e-07,0
385,3.80481087689412e-08,1.1011668584101156e-06,1.075248912310588e-07,0
386,1.9136097306488394e-08,1.1011668584101156e-06,5.83471026935116e-08,0
387,6.648149609881861e-09,1.1011668584101156e-06,2.5499350390118138e-08,0
388,1.6747389248697648e-09,1.1011668584101156e-06,1.2151961075130235e-08,0
389,1.6177433443454091e-09,1.1011668584101156e-06,8.414256655654592e-09,0
390,1.9138483752086213e-08,1.1011668584101156e-06,6.6505162479137876e-09,0
391,1.7355879646927468e-07,1.1011668584101156e-06,-8.203796469274689e-09,0
392,1.029149064240331e-06,1.1011668584101156e-06,-4.084306424033081e-08,0
393,4.022073023379116e-06,1.1011668584101156e-06,-8.55302337911645e-09,0
394,1.0485469167975427e-05,1.1011668584101156e-06,6.533083202457165e-08,0
395,1.8416242593232426e-05,1.1011668584101156e-06,-3.0364259323242644e-07,0
396,2.192015440497239e-05,1.1011668584101156e-06,-1.1794544049723867e-06,0
397,1.7644428441808773e-05,1.1011668584101156e-06,-1.5464284418087728e-06,0
398,9.508676330540933e-06,1.1011668584101156e-06,-9.50926330540934e-07,0
399,3.4176147489711536e-06,1.1011668584101156e-06,-2.2850474897115364e-07,0
400,8.652736780943691e-07,1.1011668584101156e-06,3.663832190563078e-08,0
401,1.97552569026863e-07,1.1011668584101156e-06,4.593243097313703e-08,0
402,6.774836686973408e-08,1.1011668584101156e-06,2.3258133130265926e-08,0
403,5.1890109213340344e-08,1.1011668584101156e-06,3.3850907866596573e-09,0
404,5.674783119401487e-08,1.1011668584101156e-06,4.00466880598513e-09,0
405,1.066106885977481e-07,1.1011668584101156e-06,3.9702311402251894e-08,0
406,4.5606674063016913e-07,1.1011668584101156e-06,1.1280425936983089e-07,0
407,1.90744740197143e-06,1.1011668584101156e-06,2.629225980285701e-07,0
408,5.671988191946565e-06,1.1011668584101156e-06,6.884918080534344e-07,0
409,1.1587132217940062e-05,1.1011668584101156e-06,1.6932677820599375e-06,0
410,1.6885712035842927e-05,1.1011668584101156e-06,2.9077879641570724e-06,1
411,1.840928174919288e-05,1.1011668584101156e-06,3.40141825080712e-06,1
412,1.5144203207580814e-05,1.1011668584101156e-06,3.0505967924191867e-06,1
413,9.056509011282564e-06,1.1011668584101156e-06,2.234690988717436e-06,1
414,3.723959125517753e-06,1.1011668584101156e-06,1.2421208744822473e-06,1
415,9.994005693012729e-07,1.1011668584101156e-06,4.71579430698727e-07,0
416,1.7714428397924849e-09,1.1011668584101156e-06,1.6646157160207513e-08,0
417,1.0812316991279524e-09,1.1011668584101156e-06,1.2309168300872047e-08,0
418,4.2029793301986123e-10,1.1011668584101156e-06,6.1586320669801395e-09,0
419,1.0472094547817584e-10,1.1011668584101156e-06,2.891339054521824e-09,0
420,4.6791097668373717e-11,1.1011668584101156e-06,2.033128902331626e-09,0
421,6.699020183732332e-10,1.1011668584101156e-06,2.6458079816267666e-09,0
422,9.020879961200691e-09,1.1011668584101156e-06,2.2007200387993097e-09,0
423,7.400600028596857e-08,1.1011668584101156e-06,-5.277900285968577e-09,0
424,3.7675633538316286e-07,1.1011668584101156e-06,-1.839333538316284e-08,0
425,1.235960804140773e-06,1.1011668584101156e-06,-3.3008041407730522e-09,0
426,2.6938587068541807e-06,1.1011668584101156e-06,3.1371293145819026e-08,0
427,3.950615496085696e-06,1.1011668584101156e-06,-5.268549608569628e-08,0
428,3.904154193723206e-06,1.1011668584101156e-06,-2.48314193723206e-07,0
429,2.567169717407127e-06,1.1011668584101156e-06,-2.9062971740712674e-07,0
430,1.0973687301993464e-06,1.1011668584101156e-06,-1.4300773019934648e-07,0
431,3.035623626694699e-07,1.1011668584101156e-06,-2.4956362669469872e-08,0
432,5.965864986711705e-08,1.1011668584101156e-06,1.6364501328829457e-09,0
433,1.1102582740517855e-08,1.1011668584101156e-06,1.963817259482144e-09,0
434,2.862107059776927e-09,1.1011668584101156e-06,2.044382940223073e-09,0
435,2.141351467227047e-09,1.1011668584101156e-06,1.7349085327729535e-09,0
436,5.0088797845195854e-09,1.1011668584101156e-06,3.0425502154804147e-09,0
437,3.1385879438972434e-08,1.1011668584101156e-06,7.445620561027565e-09,0
438,1.7972952584126545e-07,1.1011668584101156e-06,1.1770474158734535e-08,0
439,6.867617765638341e-07,1.1011668584101156e-06,2.4235223436165845e-08,0
440,1.7254999939164716e-06,1.1011668584101156e-06,1.2464000608352857e-07,0
441,2.9681764729947674e-06,1.1011668584101156e-06,3.883235270052326e-07,0
442,3.6859767989772383e-06,1.1011668584101156e-06,6.546232010227621e-07,0
443,3.36887587888756e-06,1.1011668584101156e-06,7.523941211124393e-07,1
444,2.2307500497092946e-06,1.1011668584101156e-06,6.775199502907051e-07,1
445,1.0443757580247804e-06,1.1011668584101156e-06,4.5535424197521936e-07,1
446,3.3479141778956033e-07,1.1011668584101156e-06,2.122175822104396e-07,0
447,7.030012297006654e-08,1.1011668584101156e-06,6.711087702993344e-08,0
448,1.3734671267912831e-11,1.1011668584101156e-06,7.017053287320872e-10,0
449,6.315279517123818e-12,1.1011668584101156e-06,4.177997204828762e-10,0
450,1.7765562185683659e-12,1.1011668584101156e-06,1.8999144378143165e-10,0
451,4.948824921859809e-13,1.1011668584101156e-06,1.1931011750781402e-10,0
452,7.956945963957872e-12,1.1011668584101156e-06,2.3019005403604215e-10,0
453,1.7829255332695982e-10,1.1011668584101156e-06,5.622204466730402e-10,0
454,2.1993253767602807e-09,1.1011668584101156e-06,1.2197346232397192e-09,0
455,1.511910410504963e-08,1.1011668584101156e-06,3.24669589495037e-09,0
456,6.186265446887414e-08,1.1011668584101156e-06,1.3104545531125856e-08,0
457,1.6475796209252707e-07,1.1011668584101156e-06,4.4439037907472924e-08,0
458,3.0132026903826145e-07,1.1011668584101156e-06,8.27047309617386e-08,0
459,3.780790690139918e-07,1.1011668584101156e-06,7.96789309860082e-08,0
460,3.170084662624161e-07,1.1011668584101156e-06,3.8927533737583945e-08,0
461,1.716634405220357e-07,1.1011668584101156e-06,9.934559477964312e-09,0
462,5.81342753505824e-08,1.1011668584101156e-06,3.810524649417607e-09,0
463,1.2143998993419686e-08,1.1011668584101156e-06,2.624201006580313e-09,0
464,1.7062634843227014e-09,1.1011668584101156e-06,8.547665156772988e-10,0
465,2.1883717466572625e-10,1.1011668584101156e-06,2.434798253342737e-10,0
466,4.207637643064769e-11,1.1011668584101156e-06,2.016436235693523e-10,0
467,1.1724939551713634e-10,1.1011668584101156e-06,1.9250160448286366e-10,0
468,1.4237123989786025e-09,1.1011668584101156e-06,2.897976010213975e-10,0
469,1.2114390246707546e-08,1.1011668584101156e-06,-6.169902467075457e-10,0
470,6.179009569031559e-08,1.1011668584101156e-06,-7.794895690315587e-09,0
471,1.9308349746833318e-07,1.1011668584101156e-06,-2.226149746833319e-08,0
472,3.889873576474215e-07,1.1011668584101156e-06,-2.1845357647421526e-08,0
473,5.386354359914429e-07,1.1011668584101156e-06,1.0608564008557143e-08,0
474,5.330432194164341e-07,1.1011668584101156e-06,5.6744780583565935e-08,0
475,3.7168496805109845e-07,1.1011668584101156e-06,9.241003194890155e-08,0
476,1.771263215810211e-07,1.1011668584101156e-06,9.02596784189789e-08,1
477,5.7375979529913626e-08,1.1011668584101156e-06,5.365502047008637e-08,1
478,1.2661051752475446e-08,1.1011668584101156e-06,2.0266148247524552e-08,0
479,1.8492003203690633e-09,1.1011668584101156e-06,5.082749679630937e-09,0
480,2.1649073922939697e-14,1.1011668584101156e-06,7.242810926077061e-12,0
481,5.335702193384633e-14,1.1011668584101156e-06,3.353472978066154e-12,0
482,4.1715028169559535e-13,1.1011668584101156e-06,1.3945597183044044e-12,0
483,1.8186767283355192e-12,1.1011668584101156e-06,2.4155032716644812e-12,0
484,4.892702567514217e-12,1.1011668584101156e-06,1.814489743248578e-11,0
485,2.405377858278966e-11,1.1011668584101156e-06,1.3545822141721032e-10,0
486,1.9486292026360669e-10,1.1011668584101156e-06,7.823860797363931e-10,0
487,1.0172351007102772e-09,1.1011668584101156e-06,3.034654899289722e-09,0
488,3.298902624823341e-09,1.1011668584101156e-06,8.52189737517666e-09,1
489,7.48552726740198e-09,1.1011668584101156e-06,1.853767273259802e-08,0
490,1.216821759815657e-08,1.1011668584101156e-06,2.8640382401843428e-08,0
491,1.3432812525297954e-08,1.1011668584101156e-06,2.871228747470204e-08,0
492,9.661415604654305e-09,1.1011668584101156e-06,1.8641884395345698e-08,0
493,4.402863841459035e-09,1.1011668584101156e-06,8.493236158540968e-09,0
494,1.2120350910878485e-09,1.1011668584101156e-06,3.0731149089121513e-09,0
495,1.8980027455559863e-10,1.1011668584101156e-06,8.315097254444014e-10,0
496,1.724076255993399e-11,1.1011668584101156e-06,1.3565023744006602e-10,0
497,5.5750396995720304e-12,1.1011668584101156e-06,1.4022660300427969e-11,0
498,5.852507655341032e-11,1.1011668584101156e-06,-4.351727655341031e-11,1
499,4.3632837935523577e-10,1.1011668584101156e-06,-3.5163427935523576e-10,1
500,2.179161608700013e-09,1.1011668584101156e-06,-1.4832036087000128e-09,1
501,8.270764081377831e-09,1.1011668584101156e-06,-4.399054081377831e-09,1
502,2.3615087364943108e-08,1.1011668584101156e-06,-9.502887364943106e-09,1
503,4.6643275005833636e-08,1.1011668584101156e-06,-1.2345175005833637e-08,0
504,6.229646245608669e-08,1.1011668584101156e-06,-5.2490624560866866e-09,0
505,6.017581494874089e-08,1.1011668584101156e-06,6.77388505125911e-09,0
506,4.321705233002665e-08,1.1011668584101156e-06,1.4083147669973347e-08,0
507,2.110233429183709e-08,1.1011668584101156e-06,1.490976570816291e-08,1
508,6.403786953995701e-09,1.1011668584101156e-06,9.7149130460043e-09,1
509,1.207332758274596e-09,1.1011668584101156e-06,3.869587241725405e-09,1
510,1.5150843538850304e-10,1.1011668584101156e-06,1.031651564611497e-09,0
511,1.3131748635438794e-11,1.1011668584101156e-06,1.9411825136456122e-10,0
512,1.536846260642339e-12,1.1011668584101156e-06,1.6051037393576609e-12,0
513,1.9937909703053466e-11,1.1011668584101156e-06,-3.0622097030534657e-12,0
514,1.2631971885592893e-10,1.1011668584101156e-06,-6.905291885592893e-11,0
515,4.0282744787685676e-10,1.1011668584101156e-06,-2.6407944787685677e-10,1
516,6.809733205797636e-10,1.1011668584101156e-06,-4.1898032057976367e-10,0
517,6.614963381494741e-10,1.1011668584101156e-06,-1.8064433814947414e-10,0
518,4.0190829329834034e-10,1.1011668584101156e-06,1.0982617067016598e-09,0
519,1.6557936372666738e-10,1.1011668584101156e-06,4.701460636273332e-09,0
520,7.918992295396025e-11,1.1011668584101156e-06,9.80385007704604e-09,0
521,1.0251766266904692e-10,1.1011668584101156e-06,1.2727982337330953e-08,0
522,1.4531606161321943e-10,1.1011668584101156e-06,1.098398393838678e-08,0
523,1.4014175708665045e-10,1.1011668584101156e-06,6.1486782429133495e-09,0
524,8.793708858387215e-11,1.1011668584101156e-06,2.4583029114161274e-09,0
525,3.4351407554610623e-11,1.1011668584101156e-06,9.282335924453894e-10,0
526,7.824824993891026e-12,1.1011668584101156e-06,3.2823317500610903e-10,0
527,2.216974388955769e-12,1.1011668584101156e-06,1.0075002561104423e-10,0
528,3.127322796748041e-11,1.1011668584101156e-06,8.950577203251957e-11,0
529,5.230100804522419e-10,1.1011668584101156e-06,-2.5651808045224186e-10,0
530,4.477028597246296e-09,1.1011668584101156e-06,-3.995180597246296e-09,1
531,1.9976583040502624e-08,1.1011668584101156e-06,-1.8612223040502624e-08,1
532,4.893135535953847e-08,1.1011668584101156e-06,-4.4202855359538466e-08,1
533,6.950071718594492e-08,1.1011668584101156e-06,-5.850131718594492e-08,1
534,6.068772820628258e-08,1.1011668584101156e-06,-4.4507228206282575e-08,1
535,3.74309337852187e-08,1.1011668584101156e-06,-1.99620337852187e-08,1
536,2.0004939212410833e-08,1.1011668584101156e-06,-4.452439212410833e-09,0
537,8.7130659105831e-09,1.1011668584101156e-06,2.6340340894169006e-09,0
538,2.6141223219859263e-09,1.1011668584101156e-06,3.7510276780140726e-09,0
539,5.583946748903475e-10,1.1011668584101156e-06,1.9642253251096524e-09,1
540,8.584217255840141e-11,1.1011668584101156e-06,6.085478274415986e-10,1
541,8.443311515988247e-12,1.1011668584101156e-06,1.3491668848401177e-10,1
542,5.177921971019312e-13,1.1011668584101156e-06,2.496850780289807e-11,0
543,2.2142465623544998e-14,1.1011668584101156e-06,4.896807534376455e-12,0
544,1.7266083468257008e-10,1.1011668584101156e-06,1.1911316531742991e-10,0
545,1.553292136726933e-09,1.1011668584101156e-06,-4.5735213672693286e-10,0
546,7.205793879127919e-09,1.1011668584101156e-06,-4.5337238791279195e-09,1
547,1.80689904740576e-08,1.1011668584101156e-06,-1.3555800474057601e-08,1
548,2.6184996405339032e-08,1.1011668584101156e-06,-2.081279640533903e-08,1
549,2.3327152651579684e-08,1.1011668584101156e-06,-1.8156032651579685e-08,1
550,1.2874460756941358e-08,1.1011668584101156e-06,-6.021430756941358e-09,0
551,4.174594221942657e-09,1.1011668584101156e-06,8.306305778057342e-09,0
552,7.497837852855553e-10,1.1011668584101156e-06,1.6311416214714445e-08,0
553,7.317063232572648e-11,1.1011668584101156e-06,1.4984929367674274e-08,0
554,4.335872458058856e-12,1.1011668584101156e-06,8.53208412754194e-09,0
555,1.3266276889846673e-12,1.1011668584101156e-06,3.0403833723110154e-09,0
556,8.288680209041866e-12,1.1011668584101156e-06,7.596413197909581e-10,0
557,3.681504978251037e-11,1.1011668584101156e-06,3.512319502174896e-10,0
558,8.708729785939237e-11,1.1011668584101156e-06,6.381897021406075e-10,0
559,2.0807071816772516e-10,1.1011668584101156e-06,1.8048492818322749e-09,0
560,1.7712715884911616e-09,1.1011668584101156e-06,3.164708411508838e-09,0
561,1.6791052087445618e-08,1.1011668584101156e-06,-7.968812087445618e-09,0
562,9.230549471691278e-08,1.1011668584101156e-06,-7.750669471691277e-08,1
563,2.7346265998240906e-07,1.1011668584101156e-06,-2.4137045998240906e-07,1
564,4.4299573127600315e-07,1.1011668584101156e-06,-3.7823583127600314e-07,1
565,4.0985389998998256e-07,1.1011668584101156e-06,-3.2258879998998253e-07,1
566,2.326377051142103e-07,1.1011668584101156e-06,-1.573482051142103e-07,1
567,9.226956983760423e-08,1.1011668584101156e-06,-4.4704269837604224e-08,1
568,2.967095476687969e-08,1.1011668584101156e-06,-3.0035547668796836e-09,0
569,7.20352940461521e-09,1.1011668584101156e-06,7.014170595384789e-09,0
570,1.0366767065707108e-09,1.1011668584101156e-06,5.541343293429289e-09,0
571,7.606073396273594e-11,1.1011668584101156e-06,2.4253792660372643e-09,0
572,2.778468562407545e-12,1.1011668584101156e-06,8.198225314375926e-10,0
573,9.855963295828752e-14,1.1011668584101156e-06,2.567204403670417e-10,0
574,1.355337370830998e-13,1.1011668584101156e-06,1.6040246626291685e-10,0
575,2.6009690967888644e-13,1.1011668584101156e-06,1.652639030903211e-10,0
576,5.357594674268534e-09,1.1011668584101156e-06,1.6370253257314661e-09,0
577,3.2037804883494105e-08,1.1011668584101156e-06,-1.0948804883494104e-08,0
578,1.0999405388233152e-07,1.1011668584101156e-06,-6.805785388233152e-08,1
579,2.2778242558331903e-07,1.1011668584101156e-06,-1.7076782558331902e-07,1
580,2.943900148360314e-07,1.1011668584101156e-06,-2.399424148360314e-07,1
581,2.377686015978213e-07,1.1011668584101156e-06,-1.9629990159782128e-07,1
582,1.1601382997624614e-07,1.1011668584101156e-06,-8.303002997624614e-08,1
583,3.281616770773236e-08,1.1011668584101156e-06,-1.147367707732362e-09,0
584,5.279248827939779e-09,1.1011668584101156e-06,2.3934351172060222e-08,0
585,4.842654035099458e-10,1.1011668584101156e-06,2.0956634596490054e-08,0
586,3.531749183757001e-11,1.1011668584101156e-06,1.217658250816243e-08,0
587,1.2732986466042207e-10,1.1011668584101156e-06,6.015440135339579e-09,0
588,8.120694303335396e-10,1.1011668584101156e-06,4.1487005696664616e-09,0
589,2.644289866219348e-09,1.1011668584101156e-06,6.140030133780652e-09,0
590,5.230032645942348e-09,1.1011668584101156e-06,1.5447567354057652e-08,0
591,1.2339067314813488e-08,1.1011668584101156e-06,3.475873268518652e-08,0
592,5.3818285734370327e-08,1.1011668584101156e-06,3.461321426562967e-08,0
593,2.4506243035782274e-07,1.1011668584101156e-06,-1.0652643035782275e-07,0
594,7.871662762521484e-07,1.1011668584101156e-06,-5.640612762521483e-07,1
595,1.5402703025875911e-06,1.1011668584101156e-06,-1.1606833025875912e-06,1
596,1.7659804106795398e-06,1.1011668584101156e-06,-1.2447054106795399e-06,1
597,1.208402177537498e-06,1.1011668584101156e-06,-7.201411775374981e-07,1
598,5.187571299706515e-07,1.1011668584101156e-06,-2.1086112997065152e-07,0
599,1.4697802278732846e-07,1.1011668584101156e-06,7.079772126715283e-10,0
600,2.7895664409147065e-08,1.1011668584101156e-06,4.0708335590852935e-08,0
601,3.4456060482989155e-09,1.1011668584101156e-06,3.198239395170109e-08,0
602,2.789626790540961e-10,1.1011668584101156e-06,1.8601637320945902e-08,0
603,2.010671863002924e-11,1.1011668584101156e-06,9.21165328136997e-09,0
604,6.831892694065228e-12,1.1011668584101156e-06,4.078758107305935e-09,0
605,2.2390962880638904e-11,1.1011668584101156e-06,2.9320390371193613e-09,0
606,5.140782127488808e-11,1.1011668584101156e-06,4.024012178725112e-09,0
607,7.735121640449561e-11,1.1011668584101156e-06,4.423558783595504e-09,0
608,7.232437634789315e-08,1.1011668584101156e-06,1.0011423652106839e-08,0
609,2.911914998530213e-07,1.1011668584101156e-06,-7.182149985302129e-08,1
610,7.32023298218821e-07,1.1011668584101156e-06,-3.56201298218821e-07,1
611,1.2110506567800152e-06,1.1011668584101156e-06,-7.774486567800151e-07,1
612,1.3245473188232753e-06,1.1011668584101156e-06,-9.663793188232753e-07,1
613,9.285781342092441e-07,1.1011668584101156e-06,-6.939941342092441e-07,1
614,4.010388693479725e-07,1.1011668584101156e-06,-2.618168693479725e-07,1
615,1.0394750707331458e-07,1.1011668584101156e-06,-1.875020707331457e-08,0
616,1.5980368329716352e-08,1.1011668584101156e-06,3.8374031670283644e-08,0
617,1.503442181200068e-09,1.1011668584101156e-06,3.3816457818799936e-08,0
618,7.359627762174558e-10,1.1011668584101156e-06,2.7325837223782545e-08,0
619,4.400169623810506e-09,1.1011668584101156e-06,3.092903037618949e-08,0
620,1.7908071441708128e-08,1.1011668584101156e-06,4.6364628558291875e-08,0
621,4.5059545395648876e-08,1.1011668584101156e-06,8.914045460435112e-08,1
622,9.797865717572634e-08,1.1011668584101156e-06,1.7642634282427367e-07,0
623,2.7137902094210877e-07,1.1011668584101156e-06,2.3153397905789125e-07,0
624,8.181102787811431e-07,1.1011668584101156e-06,-1.960827878114305e-08,0
625,2.079341185367601e-06,1.1011668584101156e-06,-9.308111853676009e-07,1
626,3.861971694797265e-06,1.1011668584101156e-06,-2.2269816947972654e-06,1
627,4.7952192030885486e-06,1.1011668584101156e-06,-2.6532792030885485e-06,1
628,3.8006512848376967e-06,1.1011668584101156e-06,-1.6395812848376968e-06,1
629,1.9272938079982866e-06,1.1011668584101156e-06,-4.0671380799828663e-07,0
630,6.490157950556464e-07,1.1011668584101156e-06,1.1511220494435362e-07,0
631,1.5079094260228608e-07,1.1011668584101156e-06,1.8400005739771395e-07,0
632,2.591294651199975e-08,1.1011668584101156e-06,1.4335805348800023e-07,0
633,4.7499532424579305e-09,1.1011668584101156e-06,9.771404675754207e-08,0
634,1.2589840655326435e-09,1.1011668584101156e-06,6.266181593446735e-08,0
635,3.7472681738838366e-10,1.1011668584101156e-06,3.6646873182611614e-08,0
636,6.586007528135483e-10,1.1011668584101156e-06,2.5991799247186453e-08,0
637,1.909784966451158e-09,1.1011668584101156e-06,3.5472115033548846e-08,0
638,3.391290810271105e-09,1.1011668584101156e-06,5.3989109189728895e-08,0
639,4.192247220222635e-09,1.1011668584101156e-06,5.579845277977736e-08,0
640,4.555006844236557e-07,1.1011668584101156e-06,8.971131557634428e-08,0
641,1.300587166516856e-06,1.1011668584101156e-06,-6.922716651685589e-08,0
642,2.429887861094429e-06,1.1011668584101156e-06,-6.685278610944291e-07,1
643,3.179565137895002e-06,1.1011668584101156e-06,-1.4706751378950022e-06,1
644,2.90504916855552e-06,1.1011668584101156e-06,-1.6922191685555201e-06,1
645,1.767993665193765e-06,1.1011668584101156e-06,-1.080793665193765e-06,1
646,6.87985227353593e-07,1.1011668584101156e-06,-3.4317422735359295e-07,0
647,1.6696783403245091e-07,1.1011668584101156e-06,5.2411659675490895e-09,0
648,2.4835692569289682e-08,1.1011668584101156e-06,7.286440743071033e-08,0
649,5.288155176095936e-09,1.1011668584101156e-06,7.613444482390407e-08,0
650,1.806645539215332e-08,1.1011668584101156e-06,1.087645446078467e-07,0
651,6.467215223826723e-08,1.1011668584101156e-06,1.9887384776173277e-07,0
652,1.6507237824219756e-07,1.1011668584101156e-06,3.7633062175780243e-07,1
653,3.6609794940280927e-07,1.1011668584101156e-06,6.696020505971906e-07,1
654,9.086955380751533e-07,1.1011668584101156e-06,8.958244619248467e-07,1
655,2.3363689917359853e-06,1.1011668584101156e-06,4.899710082640149e-07,0
656,5.175077583350638e-06,1.1011668584101156e-06,-1.246487583350638e-06,0
657,8.820023266666932e-06,1.1011668584101156e-06,-3.907033266666932e-06,1
658,1.0735578609186722e-05,1.1011668584101156e-06,-5.060898609186721e-06,1
659,8.955357695266322e-06,1.1011668584101156e-06,-3.2495376952663216e-06,1
660,5.061175756085936e-06,1.1011668584101156e-06,-6.275357560859358e-07,0
661,1.9715392537390338e-06,1.1011668584101156e-06,5.32910746260966e-07,0
662,5.623451354224695e-07,1.1011668584101156e-06,5.659548645775306e-07,0
663,1.4058686988555449e-07,1.1011668584101156e-06,4.0794113011444554e-07,0
664,4.846528980931151e-08,1.1011668584101156e-06,3.003667101906885e-07,0
665,2.346539297907564e-08,1.1011668584101156e-06,2.3153860702092436e-07,0
666,8.902454251882844e-09,1.1011668584101156e-06,1.7772154574811718e-07,0
667,5.051886878394974e-09,1.1011668584101156e-06,1.37914113121605e-07,0
668,1.3355569189841056e-08,1.1011668584101156e-06,1.5814343081015894e-07,0
669,3.0580783335275044e-08,1.1011668584101156e-06,2.6566621666472494e-07,0
670,4.7358440231259835e-08,1.1011668584101156e-06,3.673185597687402e-07,0
671,5.2248296844915855e-08,1.1011668584101156e-06,3.1459870315508414e-07,0
672,1.42767296856143e-06,1.1011668584101156e-06,2.716670314385702e-07,0
673,2.979982459334008e-06,1.1011668584101156e-06,2.3571754066599217e-07,0
674,4.134936718635154e-06,1.1011668584101156e-06,-2.4617671863515433e-07,0
675,4.180888708449497e-06,1.1011668584101156e-06,-9.186987084494968e-07,0
676,3.136794224008318e-06,1.1011668584101156e-06,-1.093594224008318e-06,1
677,1.6719539138234188e-06,1.1011668584101156e-06,-6.359039138234188e-07,0
678,5.975343345224802e-07,1.1011668584101156e-06,-1.2895833452248026e-07,0
679,1.3455689286034408e-07,1.1011668584101156e-06,8.526610713965592e-08,0
680,2.3580845069501106e-08,1.1011668584101156e-06,1.2876915493049887e-07,0
681,4.284541282679296e-08,1.1011668584101156e-06,1.8366758717320703e-07,0
682,1.669235917759897e-07,1.1011668584101156e-06,3.3753240822401023e-07,0
683,4.284024771858239e-07,1.1011668584101156e-06,6.709775228141759e-07,0
684,8.48345594167068e-07,1.1011668584101156e-06,1.3091744058329323e-06,1
685,1.7542628487587075e-06,1.1011668584101156e-06,2.0372071512412925e-06,1
686,4.027980540800018e-06,1.1011668584101156e-06,1.9344994591999825e-06,1
687,8.392509569983203e-06,1.1011668584101156e-06,-6.724956998320249e-08,0
688,1.4024002987859234e-05,1.1011668584101156e-06,-3.968002987859234e-06,1
689,1.7748808735547643e-05,1.1011668584101156e-06,-7.256708735547643e-06,1
690,1.6256732606176436e-05,1.1011668584101156e-06,-6.606462606176436e-06,1
691,1.0541605487902514e-05,1.1011668584101156e-06,-2.9729954879025123e-06,1
692,4.880135225106869e-06,1.1011668584101156e-06,-1.9675522510686852e-07,0
693,1.6802410344983006e-06,1.1011668584101156e-06,5.927389655016994e-07,0
694,4.847642610071457e-07,1.1011668584101156e-06,5.735857389928543e-07,0
695,1.6807107145518062e-07,1.1011668584101156e-06,4.896899285448194e-07,0
696,9.547909828402815e-08,1.1011668584101156e-06,4.3685390171597187e-07,0
697,5.206692694331594e-08,1.1011668584101156e-06,4.1061907305668406e-07,0
698,2.4870869236063205e-08,1.1011668584101156e-06,3.7387213076393673e-07,0
699,3.0365374813399765e-08,1.1011668584101156e-06,3.768896251866002e-07,0
700,7.014761501907512e-08,1.1011668584101156e-06,5.75988384980925e-07,1
701,1.4164067218669246e-07,1.1011668584101156e-06,9.361793278133078e-07,0
702,2.2233018432215886e-07,1.1011668584101156e-06,1.0662998156778412e-06,0
703,2.3363689299310174e-07,1.1011668584101156e-06,7.363251070068983e-07,1
704,2.256584248228282e-06,1.1011668584101156e-06,1.5290575177171822e-07,0
705,3.7215008360250962e-06,1.1011668584101156e-06,2.3235916397490303e-07,0
706,3.950093832412255e-06,1.1011668584101156e-06,3.32446167587745e-07,0
707,3.0219430530240524e-06,1.1011668584101156e-06,3.0909694697594784e-07,0
708,1.8276653198792363e-06,1.1011668584101156e-06,1.4698468012076397e-07,0
709,8.537085121037866e-07,1.1011668584101156e-06,9.102248789621348e-08,0
710,2.6960124293586075e-07,1.1011668584101156e-06,1.3603575706413925e-07,0
711,5.383444936556803e-08,1.1011668584101156e-06,1.5771755063443198e-07,0
712,3.5846133737517386e-08,1.1011668584101156e-06,1.891538662624826e-07,0
713,1.5779419048977744e-07,1.1011668584101156e-06,3.019858095102226e-07,0
714,4.995124043525989e-07,1.1011668584101156e-06,5.48837595647401e-07,0
715,1.093502983213502e-06,1.1011668584101156e-06,1.0889970167864979e-06,1
716,2.031759286995999e-06,1.1011668584101156e-06,2.0025207130040018e-06,1
717,3.965592653617448e-06,1.1011668584101156e-06,2.701667346382553e-06,1
718,7.84896817852679e-06,1.1011668584101156e-06,2.088471821473209e-06,1
719,1.3434783024215275e-05,1.1011668584101156e-06,-5.678830242152746e-07,0
720,1.823710169604108e-05,1.1011668584101156e-06,-4.465201696041078e-06,1
721,1.880008655176464e-05,1.1011668584101156e-06,-6.60258655176464e-06,1
722,1.424145825588855e-05,1.1011668584101156e-06,-5.026248255888549e-06,1
723,7.91291493354179e-06,1.1011668584101156e-06,-2.0654449335417894e-06,1
724,3.346194594589348e-06,1.1011668584101156e-06,-3.615745945893482e-07,0
725,1.1550216622461435e-06,1.1011668584101156e-06,1.5509833775385658e-07,0
726,3.7965344339134e-07,1.1011668584101156e-06,3.0609155660866e-07,0
727,1.673966316425868e-07,1.1011668584101156e-06,3.849343683574132e-07,0
728,1.0456259328125172e-07,1.1011668584101156e-06,4.3848640671874826e-07,0
729,7.570414112981449e-08,1.1011668584101156e-06,4.589288588701855e-07,0
730,6.809703407372851e-08,1.1011668584101156e-06,4.661649659262715e-07,0
731,9.068675127862287e-08,1.1011668584101156e-06,6.053542487213772e-07,1
732,1.6727483939737473e-07,1.1011668584101156e-06,9.983651606026253e-07,1
733,3.157692381704025e-07,1.1011668584101156e-06,1.3872407618295974e-06,1
734,4.6837496462665865e-07,1.1011668584101156e-06,1.2957650353733415e-06,1
735,4.365254330373459e-07,1.1011668584101156e-06,7.455345669626541e-07,1
736,1.8349109248646042e-06,1.1011668584101156e-06,-4.132092486460424e-08,0
737,2.557786662117686e-06,1.1011668584101156e-06,1.7179333788231363e-07,0
738,2.244720012173094e-06,1.1011668584101156e-06,6.306899878269057e-07,0
739,1.430304332089906e-06,1.1011668584101156e-06,8.14505667910094e-07,0
740,7.756075766254472e-07,1.1011668584101156e-06,5.553924233745528e-07,0
741,3.3849847251444174e-07,1.1011668584101156e-06,2.850215274855582e-07,0
742,9.772465636893405e-08,1.1011668584101156e-06,1.7793934363106598e-07,0
743,2.276634351937226e-08,1.1011668584101156e-06,1.5415265648062774e-07,0
744,4.816606883650433e-08,1.1011668584101156e-06,1.9064893116349564e-07,0
745,2.0098699699486988e-07,1.1011668584101156e-06,2.944280030051301e-07,0
746,5.699955683728116e-07,1.1011668584101156e-06,5.005044316271884e-07,1
747,1.207149201998768e-06,1.1011668584101156e-06,9.254807980012321e-07,1
748,2.2561541808614638e-06,1.1011668584101156e-06,1.5930158191385362e-06,1
749,4.241227143433557e-06,1.1011668584101156e-06,2.257292856566442e-06,1
750,7.713777226599575e-06,1.1011668584101156e-06,2.2292927734004263e-06,1
751,1.1890222691913964e-05,1.1011668584101156e-06,5.741773080860363e-07,0
752,1.4236836329855359e-05,1.1011668584101156e-06,-2.1707363298553595e-06,1
753,1.2709310415017646e-05,1.1011668584101156e-06,-3.4683404150176463e-06,1
754,8.418138011207342e-06,1.1011668584101156e-06,-2.518098011207342e-06,1
755,4.273084028850572e-06,1.1011668584101156e-06,-1.1431440288505716e-06,1
756,1.753980214070573e-06,1.1011668584101156e-06,-4.06590214070573e-07,1
757,6.386981903904629e-07,1.1011668584101156e-06,-9.741919039046298e-08,0
758,2.59981543024675e-07,1.1011668584101156e-06,6.088945697532503e-08,0
759,1.6290692177252475e-07,1.1011668584101156e-06,1.5151807822747526e-07,0
760,1.6061154371790512e-07,1.1011668584101156e-06,1.9332845628209488e-07,0
761,1.555996256038064e-07,1.1011668584101156e-06,2.4287337439619353e-07,0
762,1.2033611489938823e-07,1.1011668584101156e-06,3.6272088510061183e-07,0
763,1.2145164080473542e-07,1.1011668584101156e-06,5.938843591952647e-07,1
764,2.001034502304069e-07,1.1011668584101156e-06,9.19156549769593e-07,1
765,3.2620673761891885e-07,1.1011668584101156e-06,1.120783262381081e-06,1
766,4.00167453304381e-07,1.1011668584101156e-06,9.62162546695619e-07,1
767,3.0981464745920966e-07,1.1011668584101156e-06,5.423133525407903e-07,1
768,8.275950800280224e-07,1.1011668584101156e-06,1.4235091997197766e-07,0
769,1.0837214720344106e-06,1.1011668584101156e-06,4.091685279655893e-07,0
770,9.628368974105664e-07,1.1011668584101156e-06,6.531731025894335e-07,0
771,7.173491399015502e-07,1.1011668584101156e-06,5.651408600984498e-07,0
772,4.574863461048422e-07,1.1011668584101156e-06,3.021816538951579e-07,0
773,2.0498778780363906e-07,1.1011668584101156e-06,1.57440212196361e-07,0
774,5.6280469156156386e-08,1.1011668584101156e-06,1.1713353084384361e-07,0
775,1.3447026719354385e-08,1.1011668584101156e-06,1.0632897328064562e-07,0
776,3.0728166997260906e-08,1.1011668584101156e-06,1.2090983300273908e-07,0
777,1.1603987424980302e-07,1.1011668584101156e-06,1.6320612575019698e-07,1
778,3.048716137654804e-07,1.1011668584101156e-06,2.7113838623451965e-07,1
779,6.531901531814145e-07,1.1011668584101156e-06,5.308898468185854e-07,1
780,1.3365484173238868e-06,1.1011668584101156e-06,1.0525015826761132e-06,1
781,2.7449491131976856e-06,1.1011668584101156e-06,1.809290886802315e-06,1
782,5.075869652139635e-06,1.1011668584101156e-06,2.1203103478603655e-06,1
783,7.414844089546568e-06,1.1011668584101156e-06,1.0314159104534331e-06,0
784,8.093816381938283e-06,1.1011668584101156e-06,-8.77086381938283e-07,0
785,6.569944964230864e-06,1.1011668584101156e-06,-1.8201549642308636e-06,1
786,4.041816220825522e-06,1.1011668584101156e-06,-1.4607262208255214e-06,1
787,1.9749072774751583e-06,1.1011668584101156e-06,-8.038272774751584e-07,1
788,8.402223930925297e-07,1.1011668584101156e-06,-3.933303930925297e-07,1
789,3.73005417205754e-07,1.1011668584101156e-06,-1.93576417205754e-07,1
790,2.3632066260204445e-07,1.1011668584101156e-06,-1.1324366260204444e-07,0
791,2.346379135636175e-07,1.1011668584101156e-06,-1.015279135636175e-07,0
792,2.408146256588392e-07,1.1011668584101156e-06,-7.40616256588392e-08,0
793,1.869123908034741e-07,1.1011668584101156e-06,3.750960919652589e-08,0
794,1.402334238959859e-07,1.1011668584101156e-06,1.8401757610401408e-07,0
795,1.8133240017545554e-07,1.1011668584101156e-06,3.197935998245445e-07,0
796,2.785023745359982e-07,1.1011668584101156e-06,4.543666254640018e-07,0
797,3.354577547011526e-07,1.1011668584101156e-06,5.434422452988474e-07,0
798,3.0002635087164223e-07,1.1011668584101156e-06,4.915476491283577e-07,1
799,1.8631728562898122e-07,1.1011668584101156e-06,2.985817143710188e-07,1
800,3.286083495029789e-07,1.1011668584101156e-06,2.8417865049702117e-07,0
801,5.090056925685812e-07,1.1011668584101156e-06,4.572663074314189e-07,0
802,6.146371597861675e-07,1.1011668584101156e-06,4.164228402138326e-07,0
803,5.799705024281466e-07,1.1011668584101156e-06,2.0004249757185342e-07,0
804,3.762636663301745e-07,1.1011668584101156e-06,5.97623336698255e-08,0
805,1.5566150808400073e-07,1.1011668584101156e-06,4.153849191599926e-08,0
806,4.096046477248697e-08,1.1011668584101156e-06,5.2049635227513035e-08,0
807,8.185096184214478e-09,1.1011668584101156e-06,5.850250381578553e-08,0
808,8.566299180540295e-09,1.1011668584101156e-06,6.706050081945972e-08,0
809,2.6514380888581985e-08,1.1011668584101156e-06,9.246261911141802e-08,1
810,7.51643388953524e-08,1.1011668584101156e-06,1.656646611046476e-07,1
811,2.1702495971594963e-07,1.1011668584101156e-06,3.383040402840503e-07,1
812,5.985161107478082e-07,1.1011668584101156e-06,6.914938892521918e-07,1
813,1.4215982691246848e-06,1.1011668584101156e-06,1.145861730875315e-06,1
814,2.6399658236507817e-06,1.1011668584101156e-06,1.1538441763492182e-06,1
815,3.6460404931710716e-06,1.1011668584101156e-06,2.7487950682892814e-07,0
816,3.7708208476348845e-06,1.1011668584101156e-06,-8.817108476348847e-07,1
817,2.986815228077398e-06,1.1011668584101156e-06,-1.3450552280773983e-06,1
818,1.9005642921956283e-06,1.1011668584101156e-06,-1.1131782921956284e-06,1
819,1.0639227755755413e-06,1.1011668584101156e-06,-7.285387755755414e-07,1
820,5.652212517219533e-07,1.1011668584101156e-06,-4.277462517219533e-07,1
821,3.1687031425801103e-07,1.1011668584101156e-06,-2.4824571425801103e-07,1
822,2.4429025095464873e-07,1.1011668584101156e-06,-1.9273595095464874e-07,1
823,2.3746506975361263e-07,1.1011668584101156e-06,-1.8476816975361263e-07,1
824,2.088248952788896e-07,1.1011668584101156e-06,-1.417470952788896e-07,1
825,1.806775346793021e-07,1.1011668584101156e-06,-7.67225346793021e-08,0
826,2.3098447294766283e-07,1.1011668584101156e-06,-6.197347294766283e-08,0
827,3.8086094094282523e-07,1.1011668584101156e-06,-1.1423294094282524e-07,0
828,5.094498150073924e-07,1.1011668584101156e-06,-1.2462781500739241e-07,0
829,4.783164964610818e-07,1.1011668584101156e-06,-1.0272496461081803e-08,0
830,3.33001839355411e-07,1.1011668584101156e-06,1.1243016064458901e-07,0
831,1.7726440074679074e-07,1.1011668584101156e-06,1.1920459925320924e-07,0
832,2.5399249409901e-07,1.1011668584101156e-06,2.6453350590099007e-07,0
833,4.5864457346874465e-07,1.1011668584101156e-06,3.3632742653125544e-07,0
834,5.819525917606808e-07,1.1011668584101156e-06,2.1107540823931923e-07,0
835,5.020971891289918e-07,1.1011668584101156e-06,3.7800810871008275e-08,0
836,2.8692964652934485e-07,1.1011668584101156e-06,-2.380764652934486e-08,0
837,1.0942307228572004e-07,1.1011668584101156e-06,-7.441072285720045e-09,0
838,2.7546083441863645e-08,1.1011668584101156e-06,1.552571655813636e-08,0
839,4.383137947412184e-09,1.1011668584101156e-06,2.579736205258782e-08,0
840,1.0376816737622454e-09,1.1011668584101156e-06,3.406941832623775e-08,0
841,3.613024930387193e-09,1.1011668584101156e-06,5.468727506961282e-08,0
842,1.9150603759344116e-08,1.1011668584101156e-06,1.0197139624065588e-07,1
843,7.883032079450401e-08,1.1011668584101156e-06,2.1105667920549603e-07,1
844,2.472253648734621e-07,1.1011668584101156e-06,4.185346351265378e-07,1
845,5.825231194959824e-07,1.1011668584101156e-06,6.124568805040175e-07,1
846,1.0154942027469331e-06,1.1011668584101156e-06,4.911757972530668e-07,1
847,1.3708375841353114e-06,1.1011668584101156e-06,-5.397758413531143e-08,0
848,1.4874070374493069e-06,1.1011668584101156e-06,-6.384170374493069e-07,1
849,1.3179378302169875e-06,1.1011668584101156e-06,-8.659848302169875e-07,1
850,9.975051839879606e-07,1.1011668584101156e-06,-7.745761839879607e-07,1
851,6.662454468901601e-07,1.1011668584101156e-06,-5.550874468901601e-07,1
852,3.883402847692965e-07,1.1011668584101156e-06,-3.2948768476929654e-07,1
853,2.1720935848540406e-07,1.1011668584101156e-06,-1.8237475848540405e-07,1
854,1.5589864464209332e-07,1.1011668584101156e-06,-1.3049754464209332e-07,1
855,1.4649737863092346e-07,1.1011668584101156e-06,-1.2317347863092345e-07,1
856,1.4850165717558055e-07,1.1011668584101156e-06,-1.1790315717558054e-07,1
857,1.918143979634709e-07,1.1011668584101156e-06,-1.423496979634709e-07,1
858,3.5909424425576526e-07,1.1011668584101156e-06,-2.801513442557653e-07,1
859,6.393405811802927e-07,1.1011668584101156e-06,-5.096305811802927e-07,1
860,7.796573127758545e-07,1.1011668584101156e-06,-5.728503127758545e-07,1
861,6.467244387017665e-07,1.1011668584101156e-06,-3.582324387017665e-07,1
862,4.037863830977225e-07,1.1011668584101156e-06,-8.887038309772255e-08,0
863,1.9226212629455665e-07,1.1011668584101156e-06,4.072587370544335e-08,0
864,2.1518381213280636e-07,1.1011668584101156e-06,2.6297318786719365e-07,0
865,4.111634780160461e-07,1.1011668584101156e-06,2.799195219839539e-07,0
866,5.400162122985794e-07,1.1011668584101156e-06,9.544878770142059e-08,0
867,4.7593773343532506e-07,1.1011668584101156e-06,-8.055773343532508e-08,0
868,2.7509043117747086e-07,1.1011668584101156e-06,-9.450843117747086e-08,0
869,1.0367096891785065e-07,1.1011668584101156e-06,-3.370996891785065e-08,0
870,2.5432104881859566e-08,1.1011668584101156e-06,3.6524951181404307e-09,0
871,4.0799709525607285e-09,1.1011668584101156e-06,1.3632029047439272e-08,0
872,5.571964248685324e-10,1.1011668584101156e-06,2.0225103575131467e-08,0
873,1.0936444111464289e-09,1.1011668584101156e-06,3.6222855588853576e-08,0
874,7.237266648146667e-09,1.1011668584101156e-06,7.650693335185331e-08,1
875,3.3950890418744914e-08,1.1011668584101156e-06,1.7320610958125507e-07,0
876,1.0585132877025057e-07,1.1011668584101156e-06,3.207466712297494e-07,0
877,2.2691568742926602e-07,1.1011668584101156e-06,3.8720331257073405e-07,0
878,3.8434276151583975e-07,1.1011668584101156e-06,2.1389323848416023e-07,0
879,5.536009126182364e-07,1.1011668584101156e-06,-1.309379126182364e-07,0
880,6.405295272378804e-07,1.1011668584101156e-06,-3.8940752723788044e-07,1
881,5.82375663601648e-07,1.1011668584101156e-06,-4.37275663601648e-07,1
882,4.3165028454745524e-07,1.1011668584101156e-06,-3.4601038454745526e-07,1
883,2.7935037341622103e-07,1.1011668584101156e-06,-2.2745717341622105e-07,1
884,1.8433389780796047e-07,1.1011668584101156e-06,-1.5327619780796046e-07,1
885,1.2817878003240626e-07,1.1011668584101156e-06,-1.0957118003240626e-07,1
886,1.0042874495699293e-07,1.1011668584101156e-06,-8.617834495699293e-08,1
887,1.0924230922356208e-07,1.1011668584101156e-06,-9.069390922356208e-08,1
888,1.4311737521410664e-07,1.1011668584101156e-06,-1.1367167521410664e-07,1
889,2.2671287631489996e-07,1.1011668584101156e-06,-1.8652787631489994e-07,1
890,4.452390249613418e-07,1.1011668584101156e-06,-3.895409249613418e-07,1
891,7.308341564923865e-07,1.1011668584101156e-06,-6.318350564923864e-07,1
892,8.351385570035072e-07,1.1011668584101156e-06,-6.498215570035072e-07,1
893,6.781330727387529e-07,1.1011668584101156e-06,-3.899240727387529e-07,1
894,4.076276787292542e-07,1.1011668584101156e-06,-7.762167872925421e-08,0
895,1.8181340040679079e-07,1.1011668584101156e-06,7.011059959320921e-08,0
896,2.131915598641993e-07,1.1011668584101156e-06,2.339054401358007e-07,0
897,3.6607566065423886e-07,1.1011668584101156e-06,2.640913393457611e-07,0
898,4.3760805574950134e-07,1.1011668584101156e-06,1.3656694425049866e-07,0
899,3.6256730694573306e-07,1.1011668584101156e-06,3.740693054266944e-09,0
900,2.0744749554642385e-07,1.1011668584101156e-06,-3.0022495546423864e-08,0
901,8.647788725432065e-08,1.1011668584101156e-06,-1.3893187254320657e-08,0
902,2.8110445278372807e-08,1.1011668584101156e-06,7.811547216271932e-10,0
903,6.9865874702350405e-09,1.1011668584101156e-06,8.336212529764959e-09,0
904,1.159760703722897e-09,1.1011668584101156e-06,1.4078439296277105e-08,0
905,6.762711506751382e-10,1.1011668584101156e-06,2.6572228849324864e-08,1
906,5.410820082699573e-09,1.1011668584101156e-06,7.311587991730042e-08,0
907,2.8142553700660134e-08,1.1011668584101156e-06,1.8629844629933985e-07,0
908,8.695778453454918e-08,1.1011668584101156e-06,3.055752154654508e-07,0
909,1.7646746613843264e-07,1.1011668584101156e-06,2.669295338615673e-07,0
910,2.595418045875842e-07,1.1011668584101156e-06,6.154319541241579e-08,0
911,2.9816957547698164e-07,1.1011668584101156e-06,-1.1965557547698163e-07,0
912,2.734460422412316e-07,1.1011668584101156e-06,-1.669360422412316e-07,1
913,1.9699168281174585e-07,1.1011668584101156e-06,-1.1995508281174584e-07,0
914,1.1454546833451385e-07,1.1011668584101156e-06,-5.7370168334513856e-08,0
915,7.283676493981103e-08,1.1011668584101156e-06,-3.399756493981103e-08,0
916,6.592843267711144e-08,1.1011668584101156e-06,-4.4313232677111443e-08,0
917,6.105656686062795e-08,1.1011668584101156e-06,-4.8423366860627946e-08,1
918,5.965735662535784e-08,1.1011668584101156e-06,-4.335155662535784e-08,1
919,7.631371894957938e-08,1.1011668584101156e-06,-4.217671894957938e-08,0
920,1.1173873014333546e-07,1.1011668584101156e-06,-4.7000930143335454e-08,0
921,2.0206960577448172e-07,1.1011668584101156e-06,-1.0622020577448173e-07,0
922,3.823919168236508e-07,1.1011668584101156e-06,-2.526139168236508e-07,1
923,5.929888698245063e-07,1.1011668584101156e-06,-3.867188698245063e-07,1
924,7.187053674345143e-07,1.1011668584101156e-06,-3.6768636743451433e-07,1
925,6.970827078812315e-07,1.1011668584101156e-06,-1.891877078812315e-07,0
926,5.426004033815581e-07,1.1011668584101156e-06,5.801596618441921e-09,0
927,3.1642027802731557e-07,1.1011668584101156e-06,8.640772197268444e-08,0
928,1.9991379349906736e-07,1.1011668584101156e-06,3.199082065009326e-07,0
929,2.94733537460785e-07,1.1011668584101156e-06,4.4339146253921504e-07,0
930,2.876779149727003e-07,1.1011668584101156e-06,3.8740108502729977e-07,0
931,2.026464208663756e-07,1.1011668584101156e-06,2.284425791336244e-07,0
932,1.2365378001502652e-07,1.1011668584101156e-06,8.516321998497346e-08,0
933,6.981021737665888e-08,1.1011668584101156e-06,1.2358982623341114e-08,0
934,2.9322356851658638e-08,1.1011668584101156e-06,-1.985685165863713e-11,0
935,7.24852978638292e-09,1.1011668584101156e-06,8.994170213617083e-09,0
936,9.555853052770034e-10,1.1011668584101156e-06,2.2279414694723e-08,0
937,6.37659477354627e-10,1.1011668584101156e-06,5.156854052264537e-08,0
938,5.1794293521996296e-09,1.1011668584101156e-06,1.1869657064780039e-07,0
939,2.602147790810373e-08,1.1011668584101156e-06,2.2371452209189627e-07,0
940,7.587494806654331e-08,1.1011668584101156e-06,2.819180519334567e-07,0
941,1.3076903514238223e-07,1.1011668584101156e-06,2.0427796485761776e-07,0
942,1.450805197300033e-07,1.1011668584101156e-06,6.686948026999671e-08,0
943,1.2268290374166311e-07,1.1011668584101156e-06,-1.1203903741663112e-08,0
944,8.582759057435696e-08,1.1011668584101156e-06,-1.717379057435696e-08,0
945,4.653226354135109e-08,1.1011668584101156e-06,6.140236458648909e-09,0
946,2.1466594319228827e-08,1.1011668584101156e-06,1.864780568077118e-08,0
947,1.3729966100546947e-08,1.1011668584101156e-06,1.1301833899453054e-08,0
948,1.3648246151203904e-08,1.1011668584101156e-06,-4.690461512039049e-10,0
949,1.3047068875325664e-08,1.1011668584101156e-06,-1.6953688753256637e-09,0
950,1.3804026464693398e-08,1.1011668584101156e-06,1.0897673535306601e-08,0
951,2.361147802367213e-08,1.1011668584101156e-06,4.3621421976327864e-08,0
952,5.1804033462046705e-08,1.1011668584101156e-06,9.88109665379533e-08,0
953,1.1521309711395195e-07,1.1011668584101156e-06,1.4399490288604805e-07,0
954,2.43235694399495e-07,1.1011668584101156e-06,1.51571305600505e-07,0
955,4.938077114032517e-07,1.1011668584101156e-06,1.518832885967484e-07,0
956,9.156224803216992e-07,1.1011668584101156e-06,1.421475196783009e-07,0
957,1.3358930822304149e-06,1.1011668584101156e-06,8.00069177695852e-08,0
958,1.3506334357809022e-06,1.1011668584101156e-06,2.7436564219098005e-08,0
959,8.854320381420404e-07,1.1011668584101156e-06,2.6583961857959605e-08,0
960,2.7140125364656725e-07,1.1011668584101156e-06,4.604027463534328e-07,0
961,3.291720479682648e-07,1.1011668584101156e-06,6.504179520317352e-07,0
962,2.3148789790488115e-07,1.1011668584101156e-06,5.97576102095119e-07,0
963,1.1667405506488993e-07,1.1011668584101156e-06,3.786129449351101e-07,0
964,6.560860477082968e-08,1.1011668584101156e-06,1.6370939522917033e-07,0
965,3.7484973292599315e-08,1.1011668584101156e-06,4.8903426707400686e-08,0
966,1.3306214716563123e-08,1.1011668584101156e-06,1.9846285283436877e-08,0
967,2.3827190230259445e-09,1.1011668584101156e-06,3.0211480976974054e-08,0
968,2.1843892804366704e-10,1.1011668584101156e-06,6.740666107195634e-08,0
969,2.60270904349417e-10,1.1011668584101156e-06,1.3181872909565058e-07,0
970,2.2504863757733872e-09,1.1011668584101156e-06,2.1227251362422664e-07,0
971,1.1070556334954136e-08,1.1011668584101156e-06,2.8590644366504587e-07,0
972,3.1121566270601946e-08,1.1011668584101156e-06,3.003214337293981e-07,0
973,5.5425754785293414e-08,1.1011668584101156e-06,2.262522452147066e-07,0
974,6.637885057097686e-08,1.1011668584101156e-06,1.2349114942902313e-07,0
975,5.119580206733794e-08,1.1011668584101156e-06,6.678719793266205e-08,0
976,3.104802871541144e-08,1.1011668584101156e-06,4.508117128458856e-08,0
977,2.8403906784330447e-08,1.1011668584101156e-06,2.1376193215669558e-08,0
978,2.5947892447480293e-08,1.1011668584101156e-06,6.216107552519709e-09,0
979,1.3006748685577232e-08,1.1011668584101156e-06,9.15295131442277e-09,0
980,3.655327261495915e-09,1.1011668584101156e-06,1.4895872738504084e-08,0
981,1.7635768722345035e-09,1.1011668584101156e-06,1.91176231277655e-08,0
982,6.4710018191764085e-09,1.1011668584101156e-06,3.418399818082359e-08,0
983,2.381246083949721e-08,1.1011668584101156e-06,8.63365391605028e-08,0
984,6.404179241195384e-08,1.1011668584101156e-06,2.0016420758804617e-07,0
985,1.6322615844986145e-07,1.1011668584101156e-06,3.509938415501386e-07,0
986,4.101407620026012e-07,1.1011668584101156e-06,5.188262379973988e-07,0
987,9.717494208814374e-07,1.1011668584101156e-06,7.260905791185627e-07,0
988,1.963647041929629e-06,1.1011668584101156e-06,8.017229580703714e-07,0
989,2.8824770268480907e-06,1.1011668584101156e-06,5.738929731519085e-07,0
990,2.7768349661663643e-06,1.1011668584101156e-06,2.850250338336353e-07,0
991,1.6660476785111528e-06,1.1011668584101156e-06,1.441923214888473e-07,0
992,2.4773233480830645e-07,1.1011668584101156e-06,3.9870266519169353e-07,0
993,2.2717788257191267e-07,1.1011668584101156e-06,5.085041174280874e-07,0
994,1.1775785724446226e-07,1.1011668584101156e-06,4.220441427555378e-07,0
995,4.8479825227808137e-08,1.1011668584101156e-06,2.3977017477219185e-07,0
996,2.7951268757245833e-08,1.1011668584101156e-06,9.375673124275416e-08,0
997,1.4120074560016841e-08,1.1011668584101156e-06,3.0246325439983164e-08,0
998,3.7199989212926493e-09,1.1011668584101156e-06,2.157470107870735e-08,0
999,4.5740562386720937e-10,1.1011668584101156e-06,4.293859437613279e-08,0
1000,2.8500215861577803e-11,1.1011668584101156e-06,8.787239978413842e-08,0
1001,4.8116518247144136e-11,1.1011668584101156e-06,1.4314088348175284e-07,0
1002,5.232656980207846e-10,1.1011668584101156e-06,1.9325473430197922e-07,0
1003,3.939971315914891e-09,1.1011668584101156e-06,2.2419602868408512e-07,0
1004,1.8238518981425267e-08,1.1011668584101156e-06,2.0699048101857474e-07,1
1005,4.430436943135324e-08,1.1011668584101156e-06,1.3640263056864674e-07,1
1006,5.24521433706805e-08,1.1011668584101156e-06,6.97768566293195e-08,0
1007,3.3832746463077215e-08,1.1011668584101156e-06,4.3813053536922794e-08,0
1008,2.6733488265638008e-08,1.1011668584101156e-06,2.1335211734361994e-08,0
1009,3.2298305243330805e-08,1.1011668584101156e-06,-2.3122052433308046e-09,0
1010,2.3134501666508053e-08,1.1011668584101156e-06,-2.1166016665080514e-09,0
1011,7.739489660549855e-09,1.1011668584101156e-06,9.634110339450143e-09,0
1012,1.2893342972388687e-09,1.1011668584101156e-06,1.487266570276113e-08,0
1013,1.303980723827778e-09,1.1011668584101156e-06,1.812411927617222e-08,0
1014,7.84803778702514e-09,1.1011668584101156e-06,3.332786221297486e-08,0
1015,3.14620323324988e-08,1.1011668584101156e-06,7.616096766750119e-08,0
1016,9.748972522552221e-08,1.1011668584101156e-06,1.5054427477447776e-07,0
1017,2.627068890357428e-07,1.1011668584101156e-06,2.5576111096425724e-07,0
1018,6.168744719941655e-07,1.1011668584101156e-06,4.432455280058344e-07,0
1019,1.294232318516321e-06,1.1011668584101156e-06,6.996576814836793e-07,0
1020,2.276096829129373e-06,1.1011668584101156e-06,7.49253170870627e-07,0
1021,2.8833330273301133e-06,1.1011668584101156e-06,4.959069726698871e-07,0
1022,2.3599961179454773e-06,1.1011668584101156e-06,2.524738820545227e-07,0
1023,1.177564454707654e-06,1.1011668584101156e-06,1.2770554529234618e-07,0
