,G245D,max,diff,True
0,1.4559592191745497e-06,1.1716413275046049e-06,-4.096921917454972e-08,0
1,1.9950195404060173e-06,1.1716413275046049e-06,1.5620459593982808e-08,0
2,1.5936809269996142e-06,1.1716413275046049e-06,4.740907300038577e-08,0
3,8.545559028333745e-07,1.1716413275046049e-06,3.599909716662542e-08,0
4,3.634870217201594e-07,1.1716413275046049e-06,1.3520978279840606e-08,0
5,1.3822274919414596e-07,1.1716413275046049e-06,3.25025080585403e-09,0
6,4.9884372334419544e-08,1.1716413275046049e-06,2.0550027665580445e-08,0
7,2.117739789865679e-08,1.1716413275046049e-06,7.462670210134322e-08,0
8,3.537794968438139e-08,1.1716413275046049e-06,1.550980503156186e-07,0
9,1.14596379725561e-07,1.1716413275046049e-06,2.1954762027443902e-07,0
10,3.000935598029593e-07,1.1716413275046049e-06,2.0900044019704066e-07,0
11,5.750822278903726e-07,1.1716413275046049e-06,1.1059077210962748e-07,0
12,7.805079358665962e-07,1.1716413275046049e-06,1.77710641334038e-08,0
13,7.793196985763044e-07,1.1716413275046049e-06,1.098830142369562e-08,0
14,6.13848384392586e-07,1.1716413275046049e-06,6.027961560741404e-08,0
15,4.655429733524689e-07,1.1716413275046049e-06,4.386702664753111e-08,0
16,5.383148338080025e-07,1.1716413275046049e-06,-1.8421883380800256e-07,0
17,8.182188345893601e-07,1.1716413275046049e-06,-5.853548345893601e-07,1
18,1.0767928995147495e-06,1.1716413275046049e-06,-9.359198995147495e-07,1
19,1.0872544000518229e-06,1.1716413275046049e-06,-9.99317700051823e-07,1
20,8.18332757128897e-07,1.1716413275046049e-06,-7.35675857128897e-07,1
21,5.00226477864424e-07,1.1716413275046049e-06,-3.83636477864424e-07,1
22,3.9095023423126026e-07,1.1716413275046049e-06,-2.0313323423126024e-07,1
23,6.656743945156418e-07,1.1716413275046049e-06,-3.4738639451564177e-07,1
24,1.7607453224306682e-06,1.1716413275046049e-06,-1.147967322430668e-06,1
25,4.620531056516332e-06,1.1716413275046049e-06,-3.240131056516332e-06,1
26,1.0014234188258054e-05,1.1716413275046049e-06,-6.7797041882580545e-06,1
27,1.7000025018481132e-05,1.1716413275046049e-06,-1.0149545018481132e-05,1
28,2.244797585851246e-05,1.1716413275046049e-06,-1.066997585851246e-05,1
29,2.308925775020861e-05,1.1716413275046049e-06,-7.82305775020861e-06,1
30,1.8178099684687484e-05,1.1716413275046049e-06,-4.014299684687482e-06,1
31,1.0346800382720313e-05,1.1716413275046049e-06,-1.4251403827203129e-06,0
32,3.288852057709745e-06,1.1716413275046049e-06,5.944979422902548e-07,0
33,4.000115785002351e-06,1.1716413275046049e-06,7.788942149976488e-07,0
34,2.9660166064376094e-06,1.1716413275046049e-06,4.786633935623908e-07,0
35,1.5520459412734909e-06,1.1716413275046049e-06,1.4106405872650892e-07,0
36,6.434243939084901e-07,1.1716413275046049e-06,4.347660609150988e-08,0
37,2.1406348569800032e-07,1.1716413275046049e-06,7.143051430199968e-08,0
38,6.182299324645802e-08,1.1716413275046049e-06,1.25246006753542e-07,0
39,3.8091816331443233e-08,1.1716413275046049e-06,2.2239218366855678e-07,0
40,1.140442491819032e-07,1.1716413275046049e-06,3.6527075081809683e-07,0
41,3.731884537244213e-07,1.1716413275046049e-06,4.560335462755787e-07,0
42,9.238623723669608e-07,1.1716413275046049e-06,3.243176276330393e-07,0
43,1.6305600511793797e-06,1.1716413275046049e-06,1.4419948820620305e-08,0
44,2.005283569461841e-06,1.1716413275046049e-06,-7.09435694618409e-08,0
45,1.8438253359967212e-06,1.1716413275046049e-06,1.982046640032789e-07,0
46,1.5358414428441799e-06,1.1716413275046049e-06,3.9346855715581986e-07,0
47,1.5589380928652225e-06,1.1716413275046049e-06,8.034190713477753e-08,0
48,2.132072493171679e-06,1.1716413275046049e-06,-8.660624931716792e-07,1
49,2.9858671122824404e-06,1.1716413275046049e-06,-2.1167181122824402e-06,1
50,3.4491652648566795e-06,1.1716413275046049e-06,-2.9091222648566795e-06,1
51,2.9859955002489896e-06,1.1716413275046049e-06,-2.6123895002489898e-06,1
52,1.86234559502713e-06,1.1716413275046049e-06,-1.49080459502713e-06,1
53,9.689126664476778e-07,1.1716413275046049e-06,-4.661116664476778e-07,1
54,8.458101163682987e-07,1.1716413275046049e-06,-1.1235911636829861e-07,0
55,1.840918234428268e-06,1.1716413275046049e-06,-7.061182344282679e-07,0
56,5.1994646672069545e-06,1.1716413275046049e-06,-3.0598146672069546e-06,1
57,1.3290097395732914e-05,1.1716413275046049e-06,-8.408927395732914e-06,1
58,2.7443603401944273e-05,1.1716413275046049e-06,-1.6047203401944272e-05,1
59,4.474148547991345e-05,1.1716413275046049e-06,-2.166398547991345e-05,1
60,5.737892241883401e-05,1.1716413275046049e-06,-2.0831722418834007e-05,1
61,5.657556405240069e-05,1.1716413275046049e-06,-1.3805964052400695e-05,1
62,4.11746953304836e-05,1.1716413275046049e-06,-5.587695330483606e-06,1
63,2.0969469160244253e-05,1.1716413275046049e-06,-9.03969160244253e-07,0
64,4.33142612599374e-06,1.1716413275046049e-06,8.629538740062598e-07,0
65,5.026967318769702e-06,1.1716413275046049e-06,8.276426812302986e-07,0
66,3.5763483764465178e-06,1.1716413275046049e-06,3.3003162355348294e-07,0
67,1.7973358599824588e-06,1.1716413275046049e-06,2.6454140017541376e-08,0
68,7.19822489030271e-07,1.1716413275046049e-06,4.398551096972893e-08,0
69,2.5010811479228936e-07,1.1716413275046049e-06,1.3129388520771065e-07,0
70,9.500709471651012e-08,1.1716413275046049e-06,1.8473890528348988e-07,0
71,8.608383966326686e-08,1.1716413275046049e-06,2.470101603367331e-07,0
72,2.361949317490964e-07,1.1716413275046049e-06,3.3002406825090357e-07,0
73,7.306285218931653e-07,1.1716413275046049e-06,2.537454781068347e-07,0
74,1.7824005033260517e-06,1.1716413275046049e-06,-2.680805033260515e-07,0
75,3.0657609161450887e-06,1.1716413275046049e-06,-9.505209161450888e-07,0
76,3.629972794422509e-06,1.1716413275046049e-06,-8.490127944225092e-07,0
77,3.330006507409132e-06,1.1716413275046049e-06,6.421349259086772e-08,0
78,3.073008039681341e-06,1.1716413275046049e-06,6.757119603186584e-07,0
79,3.462972262159228e-06,1.1716413275046049e-06,2.5288773784077214e-07,0
80,4.443872307370428e-06,1.1716413275046049e-06,-1.2246923073704283e-06,0
81,5.301276944872207e-06,1.1716413275046049e-06,-2.947906944872207e-06,1
82,5.097856352291404e-06,1.1716413275046049e-06,-3.5738663522914036e-06,1
83,3.648170543546477e-06,1.1716413275046049e-06,-2.5937205435464768e-06,1
84,1.9255317482213212e-06,1.1716413275046049e-06,-9.291227482213213e-07,1
85,9.992657908051922e-07,1.1716413275046049e-06,2.5912420919480787e-07,0
86,1.195448129319711e-06,1.1716413275046049e-06,5.037418706802892e-07,0
87,2.9990065651565194e-06,1.1716413275046049e-06,-5.483665651565193e-07,0
88,8.309371289855931e-06,1.1716413275046049e-06,-3.7930712898559307e-06,1
89,2.0350385901899252e-05,1.1716413275046049e-06,-9.94908590189925e-06,1
90,4.0884744450802914e-05,1.1716413275046049e-06,-1.7253444450802912e-05,1
91,6.607102096338204e-05,1.1716413275046049e-06,-2.1613820963382038e-05,1
92,8.376037949930858e-05,1.1716413275046049e-06,-1.993027949930858e-05,1
93,8.012516957758285e-05,1.1716413275046049e-06,-1.293846957758285e-05,1
94,5.576600505435917e-05,1.1716413275046049e-06,-5.388805054359165e-06,1
95,2.712498829794777e-05,1.1716413275046049e-06,-1.3816882979477706e-06,0
96,4.606572734257399e-06,1.1716413275046049e-06,-5.6672734257399133e-08,0
97,5.186005488983348e-06,1.1716413275046049e-06,-2.932754889833479e-07,0
98,3.6266210800305617e-06,1.1716413275046049e-06,-4.895210800305617e-07,0
99,1.8643476199587013e-06,1.1716413275046049e-06,-4.2717761995870104e-07,0
100,8.265825622590379e-07,1.1716413275046049e-06,-1.7175856225903794e-07,0
101,3.367392023981096e-07,1.1716413275046049e-06,6.013879760189043e-08,0
102,1.4141210401628654e-07,1.1716413275046049e-06,1.5747789598371346e-07,0
103,1.3309303809291744e-07,1.1716413275046049e-06,1.6079096190708255e-07,0
104,3.5188525225498655e-07,1.1716413275046049e-06,8.491274774501344e-08,0
105,1.0691652743861302e-06,1.1716413275046049e-06,-3.007002743861302e-07,0
106,2.563387454682066e-06,1.1716413275046049e-06,-1.225607454682066e-06,1
107,4.279186859509771e-06,1.1716413275046049e-06,-2.0393868595097713e-06,1
108,5.0785549539404034e-06,1.1716413275046049e-06,-1.5846349539404036e-06,1
109,5.1263342640086865e-06,1.1716413275046049e-06,-1.714642640086871e-07,0
110,5.3765037371791055e-06,1.1716413275046049e-06,9.587462628208945e-07,0
111,5.962139648404141e-06,1.1716413275046049e-06,1.0936503515958582e-06,0
112,6.35906438354139e-06,1.1716413275046049e-06,1.2520561645861003e-07,0
113,5.9009496857650734e-06,1.1716413275046049e-06,-1.0653396857650737e-06,0
114,4.46983952894592e-06,1.1716413275046049e-06,-1.3472795289459203e-06,1
115,2.700783346806897e-06,1.1716413275046049e-06,-5.904433468068969e-07,1
116,1.3900441528295598e-06,1.1716413275046049e-06,5.486358471704402e-07,0
117,1.0071766968305285e-06,1.1716413275046049e-06,1.4370333031694716e-06,1
118,1.878098998892574e-06,1.1716413275046049e-06,1.4329510011074263e-06,1
119,4.597349635802663e-06,1.1716413275046049e-06,2.8960364197336508e-08,0
120,1.0725343184207712e-05,1.1716413275046049e-06,-2.5233131842077132e-06,1
121,2.325773359437507e-05,1.1716413275046049e-06,-5.206433594375069e-06,1
122,4.4631749456976005e-05,1.1716413275046049e-06,-6.791849456976009e-06,1
123,7.125359709716702e-05,1.1716413275046049e-06,-7.163097097167016e-06,1
124,8.937342001043646e-05,1.1716413275046049e-06,-7.222920010436465e-06,1
125,8.438674251960025e-05,1.1716413275046049e-06,-6.9823425196002565e-06,1
126,5.824557871163005e-05,1.1716413275046049e-06,-5.746578711630058e-06,1
127,2.817878451497724e-05,1.1716413275046049e-06,-3.5614845149772406e-06,1
128,4.142814841268498e-06,1.1716413275046049e-06,-8.136948412684982e-07,1
129,4.712006658973409e-06,1.1716413275046049e-06,-1.217656658973409e-06,1
130,3.4473432387417776e-06,1.1716413275046049e-06,-1.2386032387417772e-06,1
131,1.909420963340739e-06,1.1716413275046049e-06,-8.406909633407393e-07,1
132,8.876797704592438e-07,1.1716413275046049e-06,-3.010157704592438e-07,0
133,3.439895706754671e-07,1.1716413275046049e-06,6.118242932453294e-08,0
134,1.417812771998006e-07,1.1716413275046049e-06,1.4790572280019936e-07,0
135,1.5069060339124928e-07,1.1716413275046049e-06,7.842339660875071e-08,0
136,3.558150664950922e-07,1.1716413275046049e-06,-6.557006649509219e-08,0
137,9.920899894118662e-07,1.1716413275046049e-06,-4.0933698941186614e-07,1
138,2.32131807826516e-06,1.1716413275046049e-06,-1.0090780782651602e-06,1
139,4.032555988989016e-06,1.1716413275046049e-06,-1.326935988989016e-06,1
140,5.628218021483897e-06,1.1716413275046049e-06,-7.878480214838971e-07,0
141,7.243008235839057e-06,1.1716413275046049e-06,3.7217176416094396e-07,0
142,8.73084163595686e-06,1.1716413275046049e-06,1.7030583640431402e-06,0
143,9.252123711075205e-06,1.1716413275046049e-06,2.548576288924794e-06,0
144,8.167555264770244e-06,1.1716413275046049e-06,2.3783447352297542e-06,0
145,5.89200040557158e-06,1.1716413275046049e-06,1.580229594428421e-06,0
146,3.579959237163836e-06,1.1716413275046049e-06,9.658507628361637e-07,1
147,1.932322986907392e-06,1.1716413275046049e-06,1.0024770130926083e-06,1
148,1.1069772352772742e-06,1.1716413275046049e-06,1.663712764722726e-06,1
149,1.4160795731820924e-06,1.1716413275046049e-06,2.3648204268179073e-06,1
150,3.422454460593702e-06,1.1716413275046049e-06,1.8920555394062982e-06,1
151,7.4083698090002475e-06,1.1716413275046049e-06,8.852019099975198e-08,0
152,1.3871381322424786e-05,1.1716413275046049e-06,-8.06981322424786e-07,0
153,2.532202978283332e-05,1.1716413275046049e-06,1.41737021716668e-06,0
154,4.458661505728938e-05,1.1716413275046049e-06,5.777084942710623e-06,1
155,6.773352932816256e-05,1.1716413275046049e-06,7.996470671837438e-06,1
156,8.148831463765317e-05,1.1716413275046049e-06,4.8649853623468245e-06,0
157,7.45625692375024e-05,1.1716413275046049e-06,-1.1208692375024005e-06,0
158,5.0487683590966215e-05,1.1716413275046049e-06,-4.5925835909662146e-06,1
159,2.407188822232411e-05,1.1716413275046049e-06,-3.869688222324107e-06,1
160,3.442447232183898e-06,1.1716413275046049e-06,-9.842072321838979e-07,1
161,4.032018401726194e-06,1.1716413275046049e-06,-1.3695384017261944e-06,1
162,3.06518667413738e-06,1.1716413275046049e-06,-1.2342466741373797e-06,1
163,1.778828842315199e-06,1.1716413275046049e-06,-7.17378842315199e-07,1
164,8.705920726593618e-07,1.1716413275046049e-06,-1.699890726593618e-07,0
165,3.786893928066183e-07,1.1716413275046049e-06,1.2968160719338174e-07,0
166,1.9024363690262867e-07,1.1716413275046049e-06,1.5328736309737132e-07,0
167,1.5694704770000912e-07,1.1716413275046049e-06,7.77149522999909e-08,0
168,2.319912425870029e-07,1.1716413275046049e-06,3.7332757412997144e-08,0
169,6.16195926466689e-07,1.1716413275046049e-06,2.5123073533311034e-08,0
170,1.6996183819165664e-06,1.1716413275046049e-06,4.464161808343354e-08,0
171,3.811525675983062e-06,1.1716413275046049e-06,2.433443240169374e-07,0
172,7.117280918239662e-06,1.1716413275046049e-06,6.828290817603387e-07,0
173,1.1024839134407074e-05,1.1716413275046049e-06,1.5582608655929254e-06,0
174,1.369122025040457e-05,1.1716413275046049e-06,3.1148797495954275e-06,0
175,1.3485032069128645e-05,1.1716413275046049e-06,4.356667930871357e-06,1
176,1.0528684708476666e-05,1.1716413275046049e-06,4.102215291523333e-06,1
177,6.664015050227074e-06,1.1716413275046049e-06,2.7699649497729264e-06,1
178,3.6540576994692286e-06,1.1716413275046049e-06,1.5941323005307707e-06,1
179,1.8886808293611389e-06,1.1716413275046049e-06,1.261039170638861e-06,1
180,1.2265741319404894e-06,1.1716413275046049e-06,1.7220258680595106e-06,1
181,1.9966098156087704e-06,1.1716413275046049e-06,2.1181901843912296e-06,1
182,4.7918636497548855e-06,1.1716413275046049e-06,1.2076763502451155e-06,0
183,9.451318536916834e-06,1.1716413275046049e-06,-2.7039853691683415e-07,0
184,1.5767928955647293e-05,1.1716413275046049e-06,8.473710443527072e-07,0
185,2.621622902202473e-05,1.1716413275046049e-06,5.8840709779752705e-06,1
186,4.3307375826159334e-05,1.1716413275046049e-06,1.1748524173840668e-05,1
187,6.193015642618925e-05,1.1716413275046049e-06,1.3233143573810759e-05,1
188,6.99993269219169e-05,1.1716413275046049e-06,8.304873078083104e-06,1
189,6.06206511413814e-05,1.1716413275046049e-06,1.1102488586186025e-06,0
190,3.9608108404194297e-05,1.1716413275046049e-06,-3.0615084041942965e-06,0
191,1.8679206664792225e-05,1.1716413275046049e-06,-3.046606664792225e-06,1
192,3.0794451337333266e-06,1.1716413275046049e-06,-7.889751337333267e-07,1
193,3.749101374866371e-06,1.1716413275046049e-06,-9.71741374866371e-07,1
194,3.0863093247355223e-06,1.1716413275046049e-06,-8.724093247355226e-07,1
195,2.047017882701542e-06,1.1716413275046049e-06,-5.728678827015419e-07,0
196,1.1852826256516875e-06,1.1716413275046049e-06,-1.7426262565168748e-07,0
197,6.031846642388454e-07,1.1716413275046049e-06,9.492233576115466e-08,0
198,2.914442832999022e-07,1.1716413275046049e-06,1.5309971670009776e-07,0
199,1.7039716529738742e-07,1.1716413275046049e-06,1.2671383470261254e-07,0
200,1.8877598589781122e-07,1.1716413275046049e-06,1.918970141021888e-07,0
201,5.500921710835014e-07,1.1716413275046049e-06,4.821978289164986e-07,1
202,1.937371190788418e-06,1.1716413275046049e-06,1.0277188092115823e-06,1
203,5.452071202662348e-06,1.1716413275046049e-06,1.5781687973376508e-06,1
204,1.1430268924001754e-05,1.1716413275046049e-06,1.986331075998247e-06,0
205,1.7722480039079512e-05,1.1716413275046049e-06,3.0904199609204864e-06,1
206,2.0921577020540146e-05,1.1716413275046049e-06,5.116022979459857e-06,1
207,1.94891148762971e-05,1.1716413275046049e-06,5.987085123702899e-06,1
208,1.4605198044329764e-05,1.1716413275046049e-06,4.576101955670238e-06,1
209,9.119237974156579e-06,1.1716413275046049e-06,2.3533620258434203e-06,1
210,5.215527806703298e-06,1.1716413275046049e-06,8.039821932967025e-07,0
211,3.038228909144506e-06,1.1716413275046049e-06,3.328910908554934e-07,0
212,2.1184822320463272e-06,1.1716413275046049e-06,6.261377679536728e-07,0
213,2.6376640320593844e-06,1.1716413275046049e-06,8.339959679406155e-07,0
214,4.987522510767202e-06,1.1716413275046049e-06,3.503874892327976e-07,0
215,8.991471934419814e-06,1.1716413275046049e-06,2.940080655801854e-07,0
216,1.5020776893881977e-05,1.1716413275046049e-06,2.672823106118023e-06,0
217,2.591217128762362e-05,1.1716413275046049e-06,7.100428712376383e-06,1
218,4.327112633370047e-05,1.1716413275046049e-06,1.0503673666299527e-05,1
219,6.047835843078629e-05,1.1716413275046049e-06,9.596441569213704e-06,1
220,6.557213159413979e-05,1.1716413275046049e-06,4.344068405860211e-06,0
221,5.500403555120172e-05,1.1716413275046049e-06,-1.7175355512017243e-06,0
222,3.623481999925502e-05,1.1716413275046049e-06,-4.928519999255018e-06,1
223,1.7921918993093924e-05,1.1716413275046049e-06,-4.118418993093925e-06,1
224,3.5168650413225077e-06,1.1716413275046049e-06,-3.715350413225075e-07,0
225,4.5463734872123235e-06,1.1716413275046049e-06,-4.622034872123241e-07,0
226,3.994358645536484e-06,1.1716413275046049e-06,-6.067686455364835e-07,0
227,2.8064954609127527e-06,1.1716413275046049e-06,-5.725654609127529e-07,0
228,1.7105122113728443e-06,1.1716413275046049e-06,-2.877022113728443e-07,0
229,9.035154639523784e-07,1.1716413275046049e-06,-1.59714639523784e-08,0
230,4.416516268821496e-07,1.1716413275046049e-06,8.853237311785039e-08,0
231,2.5080187877274125e-07,1.1716413275046049e-06,1.3908912122725873e-07,0
232,2.5950842522578164e-07,1.1716413275046049e-06,3.8451757477421844e-07,0
233,8.758633639507325e-07,1.1716413275046049e-06,9.918466360492674e-07,1
234,3.4209298974016495e-06,1.1716413275046049e-06,1.89444010259835e-06,1
235,9.655824272553807e-06,1.1716413275046049e-06,2.7570757274461924e-06,1
236,1.9317694555378382e-05,1.1716413275046049e-06,3.682605444621619e-06,1
237,2.871949301743275e-05,1.1716413275046049e-06,5.227906982567249e-06,1
238,3.345216023588767e-05,1.1716413275046049e-06,6.391139764112325e-06,1
239,3.1496323485220745e-05,1.1716413275046049e-06,5.090476514779255e-06,1
240,2.4223789572379776e-05,1.1716413275046049e-06,1.9237104276202235e-06,0
241,1.5781569221476405e-05,1.1716413275046049e-06,-6.629692214764055e-07,0
242,9.706992970973624e-06,1.1716413275046049e-06,-1.7479529709736232e-06,1
243,6.395409076306964e-06,1.1716413275046049e-06,-1.7276990763069648e-06,1
244,4.892374193648915e-06,1.1716413275046049e-06,-1.1891041936489154e-06,0
245,4.7057314762850375e-06,1.1716413275046049e-06,-6.591114762850375e-07,0
246,5.643181237554016e-06,1.1716413275046049e-06,-1.3661123755401682e-07,0
247,8.132531819195903e-06,1.1716413275046049e-06,1.040498180804098e-06,0
248,1.4432366163839506e-05,1.1716413275046049e-06,2.9721338361604935e-06,1
249,2.7984375952445897e-05,1.1716413275046049e-06,4.703224047554105e-06,1
250,4.864644823910557e-05,1.1716413275046049e-06,4.99275176089443e-06,0
251,6.772725173313271e-05,1.1716413275046049e-06,2.495648266867293e-06,0
252,7.34738792771304e-05,1.1716413275046049e-06,-2.5873792771304076e-06,0
253,6.364545512304773e-05,1.1716413275046049e-06,-7.4140551230477284e-06,1
254,4.403165572332203e-05,1.1716413275046049e-06,-8.276655723322029e-06,1
255,2.239450979897236e-05,1.1716413275046049e-06,-4.9653097989723615e-06,1
256,4.394290597958863e-06,1.1716413275046049e-06,2.2569940204113654e-07,0
257,5.6531297522154814e-06,1.1716413275046049e-06,2.2800247784519125e-08,0
258,4.881822696727517e-06,1.1716413275046049e-06,-5.248326967275171e-07,0
259,3.334313065897317e-06,1.1716413275046049e-06,-7.173930658973169e-07,0
260,1.9792743004185742e-06,1.1716413275046049e-06,-4.880843004185743e-07,0
261,1.021165655375906e-06,1.1716413275046049e-06,-1.86239655375906e-07,0
262,4.859177171702297e-07,1.1716413275046049e-06,4.19928282977035e-09,0
263,2.7332139790990804e-07,1.1716413275046049e-06,1.7302460209009192e-07,0
264,4.27273197246244e-07,1.1716413275046049e-06,5.52177802753756e-07,0
265,1.7651546296603222e-06,1.1716413275046049e-06,1.3812853703396777e-06,0
266,6.490836114679368e-06,1.1716413275046049e-06,2.846953885320632e-06,1
267,1.721846202990686e-05,1.1716413275046049e-06,4.9161379700931394e-06,1
268,3.345981382034271e-05,1.1716413275046049e-06,6.803586179657286e-06,1
269,4.9643509461274076e-05,1.1716413275046049e-06,6.9016905387259256e-06,1
270,5.8142214040592664e-05,1.1716413275046049e-06,3.917185959407334e-06,1
271,5.4443303944249354e-05,1.1716413275046049e-06,-1.3960039442493578e-06,0
272,4.0951828329248666e-05,1.1716413275046049e-06,-5.601928329248667e-06,1
273,2.5976489242362985e-05,1.1716413275046049e-06,-6.517689242362984e-06,1
274,1.5941603215848425e-05,1.1716413275046049e-06,-5.435003215848425e-06,1
275,1.0956624153245633e-05,1.1716413275046049e-06,-4.000344153245633e-06,1
276,8.706604787802903e-06,1.1716413275046049e-06,-2.8001047878029027e-06,1
277,7.566364305271923e-06,1.1716413275046049e-06,-1.7896543052719236e-06,0
278,6.962830717190538e-06,1.1716413275046049e-06,-4.6867071719053904e-07,0
279,8.607460338075624e-06,1.1716413275046049e-06,1.0004796619243753e-06,0
280,1.6648572493061408e-05,1.1716413275046049e-06,1.721227506938594e-06,0
281,3.4920959670906094e-05,1.1716413275046049e-06,1.597540329093905e-06,0
282,6.19875610873052e-05,1.1716413275046049e-06,5.095389126948021e-07,0
283,8.71150665543119e-05,1.1716413275046049e-06,-2.882066554311911e-06,0
284,9.657870738504466e-05,1.1716413275046049e-06,-7.638607385044655e-06,0
285,8.544707078976646e-05,1.1716413275046049e-06,-9.455270789766461e-06,1
286,5.8523813527775746e-05,1.1716413275046049e-06,-6.23241352777574e-06,1
287,2.8545695403315307e-05,1.1716413275046049e-06,-1.9030954033153055e-06,1
288,4.4077316763680116e-06,1.1716413275046049e-06,3.543383236319886e-07,0
289,5.265945373202773e-06,1.1716413275046049e-06,-7.18253732027741e-08,0
290,4.124795008815441e-06,1.1716413275046049e-06,-6.049750088154408e-07,0
291,2.51864462373547e-06,1.1716413275046049e-06,-6.729646237354701e-07,0
292,1.3465695497798905e-06,1.1716413275046049e-06,-4.468575497798905e-07,0
293,6.379690591030198e-07,1.1716413275046049e-06,-1.9053605910301986e-07,0
294,2.968208016190657e-07,1.1716413275046049e-06,-1.222080161906571e-08,0
295,2.3212770084522252e-07,1.1716413275046049e-06,1.6263229915477745e-07,0
296,7.13804559574692e-07,1.1716413275046049e-06,5.66685440425308e-07,0
297,3.1790734517303564e-06,1.1716413275046049e-06,1.7383965482696431e-06,1
298,1.1125241967110142e-05,1.1716413275046049e-06,4.6942580328898576e-06,1
299,2.8468001082258448e-05,1.1716413275046049e-06,9.500398917741553e-06,1
300,5.375272032832138e-05,1.1716413275046049e-06,1.255627967167861e-05,1
301,7.660533325992335e-05,1.1716413275046049e-06,9.463866740076657e-06,1
302,8.384640138021374e-05,1.1716413275046049e-06,1.0673986197862493e-06,0
303,7.090939622219532e-05,1.1716413275046049e-06,-7.126396222195325e-06,1
304,4.735803894364434e-05,1.1716413275046049e-06,-1.0398638943644342e-05,1
305,2.7233028352044194e-05,1.1716413275046049e-06,-9.037328352044195e-06,1
306,1.582975520380754e-05,1.1716413275046049e-06,-6.19719520380754e-06,1
307,1.0463185420698243e-05,1.1716413275046049e-06,-3.7658454206982436e-06,1
308,7.807851087453509e-06,1.1716413275046049e-06,-2.123261087453508e-06,1
309,6.2486326178995674e-06,1.1716413275046049e-06,-9.408826178995673e-07,0
310,5.767528947073594e-06,1.1716413275046049e-06,1.9940105292640603e-07,0
311,8.637347006148773e-06,1.1716413275046049e-06,1.1009129938512274e-06,0
312,1.946926307333559e-05,1.1716413275046049e-06,1.7218369266644115e-06,0
313,4.2733355580587136e-05,1.1716413275046049e-06,2.836644419412863e-06,0
314,7.647804570776751e-05,1.1716413275046049e-06,3.4028542922324875e-06,0
315,0.00010705890246725668,1.1716413275046049e-06,9.780975327433323e-07,0
316,0.00011716413275046048,1.1716413275046049e-06,-1.9471327504604725e-06,0
317,0.0001000825301664047,1.1716413275046049e-06,-5.268301664046964e-07,0
318,6.418446227881719e-05,1.1716413275046049e-06,2.951537721182813e-06,0
319,2.869812168698761e-05,1.1716413275046049e-06,3.205278313012394e-06,1
320,2.7128019158586152e-06,1.1716413275046049e-06,3.899808414138484e-08,0
321,2.747367376407556e-06,1.1716413275046049e-06,-7.313737640755566e-08,0
322,1.7940050439644227e-06,1.1716413275046049e-06,-1.693050439644226e-07,0
323,9.309811755171942e-07,1.1716413275046049e-06,-1.8372817551719415e-07,0
324,4.4480489132539646e-07,1.1716413275046049e-06,-1.4035589132539643e-07,0
325,2.0143083438391335e-07,1.1716413275046049e-06,-6.781283438391335e-08,0
326,1.0934263076012315e-07,1.1716413275046049e-06,7.523692398768397e-10,0
327,2.0250778434983531e-07,1.1716413275046049e-06,1.0204521565016467e-07,0
328,1.01379583209275e-06,1.1716413275046049e-06,4.9614416790725e-07,1
329,4.526323627444777e-06,1.1716413275046049e-06,2.2622863725552246e-06,1
330,1.4997173153013653e-05,1.1716413275046049e-06,7.364126846986349e-06,1
331,3.5972926179503365e-05,1.1716413275046049e-06,1.4945173820496638e-05,1
332,6.244307600659227e-05,1.1716413275046049e-06,1.8311723993407727e-05,1
333,7.94672243105414e-05,1.1716413275046049e-06,1.2688275689458592e-05,1
334,7.499100169688551e-05,1.1716413275046049e-06,2.186898303114493e-06,0
335,5.309715889380072e-05,1.1716413275046049e-06,-5.460158893800724e-06,1
336,2.958859095848324e-05,1.1716413275046049e-06,-7.159690958483243e-06,1
337,1.471873769695976e-05,1.1716413275046049e-06,-5.420707696959759e-06,1
338,7.737948940049336e-06,1.1716413275046049e-06,-3.2080889400493354e-06,1
339,4.6400819519282855e-06,1.1716413275046049e-06,-1.5867319519282858e-06,1
340,3.140423460444639e-06,1.1716413275046049e-06,-6.086334604446387e-07,0
341,2.524074107435265e-06,1.1716413275046049e-06,-2.5434107435265197e-08,0
342,3.0571537723575323e-06,1.1716413275046049e-06,4.790162276424674e-07,0
343,6.744897440185652e-06,1.1716413275046049e-06,1.1464025598143479e-06,0
344,1.8029150928431445e-05,1.1716413275046049e-06,2.668749071568556e-06,0
345,4.1311755178373324e-05,1.1716413275046049e-06,5.60354482162667e-06,1
346,7.323519732386631e-05,1.1716413275046049e-06,7.818502676133681e-06,1
347,9.90896139435979e-05,1.1716413275046049e-06,6.838386056402088e-06,0
348,0.0001034096043105588,1.1716413275046049e-06,5.3373956894412075e-06,0
349,8.257109849064508e-05,1.1716413275046049e-06,5.933801509354925e-06,0
350,4.815940504797966e-05,1.1716413275046049e-06,5.69559495202034e-06,1
351,1.9114341933785506e-05,1.1716413275046049e-06,3.159858066214495e-06,1
352,7.999938856809511e-07,1.1716413275046049e-06,9.08131143190488e-08,0
353,6.595441668037657e-07,1.1716413275046049e-06,1.3795983319623432e-07,0
354,3.512509076787149e-07,1.1716413275046049e-06,1.0051609232128506e-07,0
355,1.5293592416703921e-07,1.1716413275046049e-06,3.765807583296078e-08,0
356,6.455102486479298e-08,1.1716413275046049e-06,5.909475135207018e-09,0
357,2.8766136840437765e-08,1.1716413275046049e-06,3.5857631595622406e-09,0
358,3.622219775257983e-08,1.1716413275046049e-06,1.1089502247420166e-08,0
359,2.03282718751227e-07,1.1716413275046049e-06,4.527128124877299e-08,0
360,1.1148782414791492e-06,1.1716413275046049e-06,4.0058175852085065e-07,1
361,4.6079901517156235e-06,1.1716413275046049e-06,2.253159848284377e-06,1
362,1.3815808959023755e-05,1.1716413275046049e-06,7.033791040976246e-06,1
363,2.927851991934755e-05,1.1716413275046049e-06,1.2745980080652446e-05,1
364,4.384906022673152e-05,1.1716413275046049e-06,1.3712639773268481e-05,1
365,4.689851188790545e-05,1.1716413275046049e-06,8.163288112094549e-06,1
366,3.606184199665645e-05,1.1716413275046049e-06,1.1700580033435467e-06,0
367,2.0279331648918066e-05,1.1716413275046049e-06,-2.2661316489180666e-06,0
368,9.0143908045172e-06,1.1716413275046049e-06,-2.4003008045171997e-06,1
369,3.769580570352908e-06,1.1716413275046049e-06,-1.542590570352908e-06,1
370,1.7757976704200591e-06,1.1716413275046049e-06,-8.190756704200591e-07,1
371,9.70456604164693e-07,1.1716413275046049e-06,-3.70042604164693e-07,1
372,6.27872214862966e-07,1.1716413275046049e-06,-1.1604421486296597e-07,0
373,6.111134344203006e-07,1.1716413275046049e-06,4.974956557969933e-08,0
374,1.247533871386291e-06,1.1716413275046049e-06,2.6983612861370896e-07,0
375,4.07003736953982e-06,1.1716413275046049e-06,7.509826304601794e-07,0
376,1.2327610580580053e-05,1.1716413275046049e-06,1.8842894194199477e-06,0
377,2.83393257233956e-05,1.1716413275046049e-06,3.6273742766044e-06,1
378,4.787484480251089e-05,1.1716413275046049e-06,4.496155197489116e-06,1
379,6.08980016051231e-05,1.1716413275046049e-06,3.210498394876901e-06,0
380,5.9609727158899254e-05,1.1716413275046049e-06,1.1156728411007455e-06,0
381,4.3907420138065504e-05,1.1716413275046049e-06,1.5567986193449815e-07,0
382,2.2850841378851268e-05,1.1716413275046049e-06,2.0375862114873326e-07,0
383,7.807769263266819e-06,1.1716413275046049e-06,2.6463073673318206e-07,0
384,9.95077234409072e-08,1.1716413275046049e-06,7.551327655909278e-08,0
385,6.923586541819798e-08,1.1716413275046049e-06,7.633713458180202e-08,0
386,2.9924820069711335e-08,1.1716413275046049e-06,4.7558379930288656e-08,0
387,9.927939461301604e-09,1.1716413275046049e-06,2.221956053869839e-08,0
388,3.3697933842715106e-09,1.1716413275046049e-06,1.0456906615728491e-08,0
389,3.8613175302623705e-09,1.1716413275046049e-06,6.1706824697376296e-09,0
390,2.8656904006169618e-08,1.1716413275046049e-06,-2.867904006169618e-09,0
391,1.8347830772980433e-07,1.1716413275046049e-06,-1.812330772980434e-08,0
392,8.729068896847418e-07,1.1716413275046049e-06,1.1539911031525829e-07,0
393,3.1151415068117037e-06,1.1716413275046049e-06,8.983784931882958e-07,1
394,7.903473182876249e-06,1.1716413275046049e-06,2.64732681712375e-06,1
395,1.3938427844363065e-05,1.1716413275046049e-06,4.174172155636935e-06,1
396,1.7173239549330804e-05,1.1716413275046049e-06,3.567460450669199e-06,1
397,1.4811515275986514e-05,1.1716413275046049e-06,1.2864847240134868e-06,0
398,8.89108498743907e-06,1.1716413275046049e-06,-3.3333498743907035e-07,0
399,3.788187275774949e-06,1.1716413275046049e-06,-5.990772757749489e-07,0
400,1.3019651914921586e-06,1.1716413275046049e-06,-4.0005319149215867e-07,1
401,4.870487478376294e-07,1.1716413275046049e-06,-2.435637478376293e-07,1
402,2.347873149076571e-07,1.1716413275046049e-06,-1.437808149076571e-07,1
403,1.2063432413781645e-07,1.1716413275046049e-06,-6.535912413781644e-08,1
404,7.626599946030202e-08,1.1716413275046049e-06,-1.5513499460302014e-08,0
405,1.2140817402362755e-07,1.1716413275046049e-06,2.490482597637244e-08,0
406,4.891916738537911e-07,1.1716413275046049e-06,7.967932614620892e-08,0
407,2.071224632077829e-06,1.1716413275046049e-06,9.914536792217108e-08,0
408,6.403967763256777e-06,1.1716413275046049e-06,-4.348776325677747e-08,0
409,1.3700971408551137e-05,1.1716413275046049e-06,-4.2057140855113754e-07,0
410,2.091320229127702e-05,1.1716413275046049e-06,-1.11970229127702e-06,0
411,2.4031562893850056e-05,1.1716413275046049e-06,-2.2208628938500545e-06,0
412,2.1168701493819147e-05,1.1716413275046049e-06,-2.973901493819146e-06,1
413,1.3703473815147913e-05,1.1716413275046049e-06,-2.4122738151479133e-06,1
414,6.074483947010616e-06,1.1716413275046049e-06,-1.1084039470106162e-06,1
415,1.7252524010163861e-06,1.1716413275046049e-06,-2.5427240101638626e-07,0
416,4.951031268041286e-09,1.1716413275046049e-06,1.3466568731958712e-08,0
417,2.96279352628329e-09,1.1716413275046049e-06,1.042760647371671e-08,0
418,9.808948308540773e-10,1.1716413275046049e-06,5.598035169145923e-09,0
419,2.1675782955122808e-10,1.1716413275046049e-06,2.7793021704487716e-09,0
420,1.8757477899513104e-10,1.1716413275046049e-06,1.892345221004869e-09,0
421,2.10691360654432e-09,1.1716413275046049e-06,1.2087963934556798e-09,0
422,1.8149181960860802e-08,1.1716413275046049e-06,-6.927581960860801e-09,0
423,1.0854044199688146e-07,1.1716413275046049e-06,-3.981234199688146e-08,1
424,4.708503946580493e-07,1.1716413275046049e-06,-1.124873946580493e-07,0
425,1.4071269670746695e-06,1.1716413275046049e-06,-1.7446696707466946e-07,0
426,2.8075174553950194e-06,1.1716413275046049e-06,-8.22874553950197e-08,0
427,3.823496576654297e-06,1.1716413275046049e-06,7.443342334570325e-08,0
428,3.6555013476042334e-06,1.1716413275046049e-06,3.3865239576666396e-10,0
429,2.4376510648142404e-06,1.1716413275046049e-06,-1.6111106481424e-07,0
430,1.1019469092732194e-06,1.1716413275046049e-06,-1.4758590927321947e-07,0
431,3.4599997566887324e-07,1.1716413275046049e-06,-6.739397566887322e-08,0
432,1.0243523275323432e-07,1.1716413275046049e-06,-4.114013275323432e-08,1
433,4.975430942709477e-08,1.1716413275046049e-06,-3.668790942709477e-08,1
434,2.7424745111877578e-08,1.1716413275046049e-06,-2.2518255111877576e-08,1
435,1.1132058684172508e-08,1.1716413275046049e-06,-7.255798684172508e-09,1
436,7.1376417023809715e-09,1.1716413275046049e-06,9.137882976190287e-10,0
437,3.4341507262760535e-08,1.1716413275046049e-06,4.4899927372394645e-09,0
438,2.149230995254332e-07,1.1716413275046049e-06,-2.3423099525433224e-08,0
439,9.022210509704122e-07,1.1716413275046049e-06,-1.9122405097041226e-07,0
440,2.4564976804037037e-06,1.1716413275046049e-06,-6.063576804037036e-07,1
441,4.502440873974382e-06,1.1716413275046049e-06,-1.1459408739743816e-06,1
442,5.897660073913475e-06,1.1716413275046049e-06,-1.5570600739134744e-06,1
443,5.792914023507278e-06,1.1716413275046049e-06,-1.6716440235072782e-06,1
444,4.253210619367113e-06,1.1716413275046049e-06,-1.3449406193671135e-06,1
445,2.2341437731610957e-06,1.1716413275046049e-06,-7.344137731610959e-07,1
446,7.995526032830868e-07,1.1716413275046049e-06,-2.525436032830869e-07,1
447,1.8627892635959767e-07,1.1716413275046049e-06,-4.886792635959768e-08,0
448,8.535539480519868e-11,1.1716413275046049e-06,6.300846051948013e-10,0
449,4.087996842888287e-11,1.1716413275046049e-06,3.8323503157111713e-10,0
450,9.78788117381939e-12,1.1716413275046049e-06,1.819801188261806e-10,0
451,3.3206141599102032e-12,1.1716413275046049e-06,1.164843858400898e-10,0
452,5.168536440705864e-11,1.1716413275046049e-06,1.8646163559294138e-10,0
453,7.981339486821065e-10,1.1716413275046049e-06,-5.762094868210653e-11,0
454,7.884796035503777e-09,1.1716413275046049e-06,-4.465736035503777e-09,1
455,4.8950332305598236e-08,1.1716413275046049e-06,-3.058453230559824e-08,1
456,1.8619481919167663e-07,1.1716413275046049e-06,-1.1122761919167664e-07,1
457,4.3064262267826156e-07,1.1716413275046049e-06,-2.2144562267826157e-07,1
458,6.23461330621324e-07,1.1716413275046049e-06,-2.39436330621324e-07,1
459,6.054865641092557e-07,1.1716413275046049e-06,-1.4772856410925575e-07,0
460,4.1900134140605433e-07,1.1716413275046049e-06,-6.306534140605429e-08,0
461,2.0522395154124894e-07,1.1716413275046049e-06,-2.3625951541248928e-08,0
462,6.797589855667765e-08,1.1716413275046049e-06,-6.031098556677644e-09,0
463,1.65441814207205e-08,1.1716413275046049e-06,-1.7759814207205016e-09,0
464,5.739298551414568e-09,1.1716413275046049e-06,-3.178268551414568e-09,1
465,3.48722744231977e-09,1.1716413275046049e-06,-3.02491044231977e-09,1
466,1.6020360842967805e-09,1.1716413275046049e-06,-1.3583160842967804e-09,1
467,5.739141746291173e-10,1.1716413275046049e-06,-2.6416317462911726e-10,0
468,2.332500767401067e-09,1.1716413275046049e-06,-6.18990767401067e-10,0
469,2.0260650325644367e-08,1.1716413275046049e-06,-8.763250325644367e-09,0
470,1.0780520255249862e-07,1.1716413275046049e-06,-5.3810002552498625e-08,1
471,3.561080599770349e-07,1.1716413275046049e-06,-1.8528605997703491e-07,1
472,7.576561068656666e-07,1.1716413275046049e-06,-3.905141068656666e-07,1
473,1.0941473312919486e-06,1.1716413275046049e-06,-5.449033312919486e-07,1
474,1.1372873026493577e-06,1.1716413275046049e-06,-5.474993026493576e-07,1
475,8.72251105504223e-07,1.1716413275046049e-06,-4.08156105504223e-07,1
476,4.888941914813596e-07,1.1716413275046049e-06,-2.215081914813596e-07,1
477,1.9817263553573183e-07,1.1716413275046049e-06,-8.714163553573184e-08,1
478,5.710382747859717e-08,1.1716413275046049e-06,-2.417662747859717e-08,0
479,1.1188247645954982e-08,1.1716413275046049e-06,-4.256297645954982e-09,0
480,3.940529480565124e-13,1.1716413275046049e-06,6.870407051943488e-12,0
481,1.4123935178005081e-13,1.1716413275046049e-06,3.2655906482199497e-12,0
482,3.830031904590838e-14,1.1716413275046049e-06,1.7734096809540913e-12,0
483,4.767790159524399e-13,1.1716413275046049e-06,3.757400984047561e-12,0
484,1.3740655525979844e-11,1.1716413275046049e-06,9.296944474020155e-12,0
485,2.352942716369655e-10,1.1716413275046049e-06,-7.578227163696549e-11,0
486,2.2755560285872883e-09,1.1716413275046049e-06,-1.2983070285872885e-09,1
487,1.2660472829768401e-08,1.1716413275046049e-06,-8.608582829768401e-09,1
488,4.1134807051632295e-08,1.1716413275046049e-06,-2.9314007051632295e-08,1
489,7.923828242111928e-08,1.1716413275046049e-06,-5.3215082421119274e-08,1
490,9.319727987923599e-08,1.1716413275046049e-06,-5.2388679879235995e-08,0
491,6.864848910489262e-08,1.1716413275046049e-06,-2.6503389104892627e-08,0
492,3.207176931516133e-08,1.1716413275046049e-06,-3.768469315161331e-09,0
493,9.784276254005584e-09,1.1716413275046049e-06,3.1118237459944185e-09,0
494,2.0480818127328987e-09,1.1716413275046049e-06,2.237068187267101e-09,0
495,3.7423953595555686e-10,1.1716413275046049e-06,6.470704640444433e-10,0
496,1.4080614617392298e-10,1.1716413275046049e-06,1.2084853826077026e-11,0
497,7.399482707937116e-11,1.1716413275046049e-06,-5.4397127079371156e-11,1
498,3.286526383268134e-11,1.1716413275046049e-06,-1.785746383268134e-11,0
499,1.4591922327508687e-10,1.1716413275046049e-06,-6.122512327508687e-11,0
500,1.6139088287467192e-09,1.1716413275046049e-06,-9.179508287467191e-10,1
501,1.0564035292679044e-08,1.1716413275046049e-06,-6.692325292679044e-09,1
502,4.260650451008192e-08,1.1716413275046049e-06,-2.8494304510081915e-08,1
503,1.1142060012520466e-07,1.1716413275046049e-06,-7.712250012520466e-08,1
504,1.939985922986823e-07,1.1716413275046049e-06,-1.369511922986823e-07,1
505,2.3371301600981325e-07,1.1716413275046049e-06,-1.6676331600981325e-07,1
506,1.9540177367807072e-07,1.1716413275046049e-06,-1.3810157367807072e-07,1
507,1.0914051936791248e-07,1.1716413275046049e-06,-7.312841936791248e-08,1
508,4.20461218659832e-08,1.1716413275046049e-06,-2.5927421865983198e-08,1
509,1.2446153860780196e-08,1.1716413275046049e-06,-7.3692338607801955e-09,1
510,2.7652196472331028e-09,1.1716413275046049e-06,-1.5820596472331027e-09,1
511,3.99319711450476e-10,1.1716413275046049e-06,-1.92069711450476e-10,0
512,7.771169116245401e-14,1.1716413275046049e-06,3.064238308837546e-12,0
513,7.009541342393441e-13,1.1716413275046049e-06,1.6174745865760655e-11,0
514,4.104123915796052e-12,1.1716413275046049e-06,5.316267608420395e-11,0
515,1.4960593915239148e-11,1.1716413275046049e-06,1.2378740608476084e-10,0
516,3.685022781870208e-11,1.1716413275046049e-06,2.251427721812979e-10,0
517,8.287463600709494e-11,1.1716413275046049e-06,3.97977363992905e-10,0
518,3.106519718927109e-10,1.1716413275046049e-06,1.1895180281072893e-09,0
519,1.4453155722134367e-09,1.1716413275046049e-06,3.4217244277865624e-09,0
520,4.699305961382302e-09,1.1716413275046049e-06,5.183734038617699e-09,0
521,9.296465584059165e-09,1.1716413275046049e-06,3.5340344159408356e-09,0
522,1.0508259300764843e-08,1.1716413275046049e-06,6.210406992351565e-10,0
523,6.350940431667586e-09,1.1716413275046049e-06,-6.212043166758602e-11,0
524,1.980777264579063e-09,1.1716413275046049e-06,5.654627354209366e-10,0
525,3.285787730261594e-10,1.1716413275046049e-06,6.340062269738405e-10,0
526,3.685172626286765e-11,1.1716413275046049e-06,2.992062737371324e-10,0
527,1.3891849784698506e-11,1.1716413275046049e-06,8.90751502153015e-11,0
528,4.393871916846449e-11,1.1716413275046049e-06,7.68402808315355e-11,0
529,1.739023955754958e-10,1.1716413275046049e-06,9.25896044245042e-11,0
530,3.8631516043138313e-10,1.1716413275046049e-06,9.55328395686169e-11,0
531,4.787594370360825e-10,1.1716413275046049e-06,8.856005629639175e-10,0
532,6.459459190000421e-10,1.1716413275046049e-06,4.082554080999958e-09,0
533,2.1286990309167667e-09,1.1716413275046049e-06,8.870700969083232e-09,0
534,7.65271758055129e-09,1.1716413275046049e-06,8.52778241944871e-09,0
535,2.1024808073081542e-08,1.1716413275046049e-06,-3.555908073081542e-09,0
536,4.191407887291835e-08,1.1716413275046049e-06,-2.6361578872918353e-08,1
537,5.458791871259036e-08,1.1716413275046049e-06,-4.324081871259036e-08,1
538,4.0380237785470316e-08,1.1716413275046049e-06,-3.4015087785470316e-08,1
539,1.5858377833699444e-08,1.1716413275046049e-06,-1.3335757833699444e-08,1
540,3.509953759687714e-09,1.1716413275046049e-06,-2.815563759687714e-09,1
541,5.532318774568062e-10,1.1716413275046049e-06,-4.0987187745680617e-10,1
542,7.267594813634312e-11,1.1716413275046049e-06,-4.718964813634312e-11,1
543,6.478199498099448e-12,1.1716413275046049e-06,-1.5592494980994479e-12,0
544,2.7471874028425977e-11,1.1716413275046049e-06,2.6430212597157405e-10,0
545,1.5398587302412353e-10,1.1716413275046049e-06,9.419541269758765e-10,0
546,5.794182055800099e-10,1.1716413275046049e-06,2.0926517944199905e-09,0
547,1.469091601823491e-09,1.1716413275046049e-06,3.044098398176509e-09,0
548,2.5686163800589385e-09,1.1716413275046049e-06,2.8035836199410617e-09,0
549,3.080206614606396e-09,1.1716413275046049e-06,2.090913385393604e-09,0
550,2.5399144290891627e-09,1.1716413275046049e-06,4.313115570910837e-09,0
551,1.6953144431184843e-09,1.1716413275046049e-06,1.0785585556881515e-08,0
552,1.1262228780330394e-09,1.1716413275046049e-06,1.593497712196696e-08,0
553,8.106093038185443e-10,1.1716413275046049e-06,1.4247490696181456e-08,0
554,5.312632584869002e-10,1.1716413275046049e-06,8.0051567415131e-09,0
555,2.2618705403229493e-10,1.1716413275046049e-06,2.8155229459677054e-09,0
556,9.892386819970464e-11,1.1716413275046049e-06,6.690061318002953e-10,0
557,2.194195589443822e-10,1.1716413275046049e-06,1.686274410556178e-10,0
558,5.280366674238792e-10,1.1716413275046049e-06,1.972403325761207e-10,0
559,9.476079026377548e-10,1.1716413275046049e-06,1.0653120973622453e-09,0
560,2.530785968410401e-09,1.1716413275046049e-06,2.4051940315895988e-09,0
561,7.4299553224657804e-09,1.1716413275046049e-06,1.3922846775342195e-09,0
562,1.333894609152417e-08,1.1716413275046049e-06,1.4598539084758278e-09,0
563,1.3621939392582911e-08,1.1716413275046049e-06,1.8470260607417093e-08,0
564,9.140571757009324e-09,1.1716413275046049e-06,5.561932824299067e-08,1
565,5.775142967051365e-09,1.1716413275046049e-06,8.148995703294864e-08,1
566,5.497286627685111e-09,1.1716413275046049e-06,6.979221337231488e-08,1
567,9.94460928449374e-09,1.1716413275046049e-06,3.7620690715506264e-08,1
568,1.880853764774284e-08,1.1716413275046049e-06,7.858862352257164e-09,0
569,2.0908033038647716e-08,1.1716413275046049e-06,-6.690333038647717e-09,0
570,1.1393454348902687e-08,1.1716413275046049e-06,-4.815434348902687e-09,0
571,2.921617847338374e-09,1.1716413275046049e-06,-4.2017784733837373e-10,0
572,3.566240819050769e-10,1.1716413275046049e-06,4.659769180949232e-10,0
573,2.458722453889745e-11,1.1716413275046049e-06,2.3223177546110253e-10,0
574,4.4095734438024916e-12,1.1716413275046049e-06,1.5612842655619745e-10,0
575,4.769219510342855e-12,1.1716413275046049e-06,1.6075478048965714e-10,0
576,2.14598543139862e-09,1.1716413275046049e-06,4.848634568601381e-09,0
577,8.070098632669064e-09,1.1716413275046049e-06,1.3018901367330937e-08,1
578,2.076163197324432e-08,1.1716413275046049e-06,2.1174568026755684e-08,0
579,3.831922542041845e-08,1.1716413275046049e-06,1.8695374579581556e-08,0
580,5.147091187969277e-08,1.1716413275046049e-06,2.9766881203072268e-09,0
581,5.004064545789548e-08,1.1716413275046049e-06,-8.571945457895481e-09,0
582,3.6794145475745824e-08,1.1716413275046049e-06,-3.810345475745822e-09,0
583,2.2204446073683143e-08,1.1716413275046049e-06,9.464353926316857e-09,0
584,1.0581137885982101e-08,1.1716413275046049e-06,1.86324621140179e-08,0
585,3.6178844800628298e-09,1.1716413275046049e-06,1.782301551993717e-08,0
586,1.0738415130322526e-09,1.1716413275046049e-06,1.1138058486967747e-08,0
587,1.2067369962895126e-09,1.1716413275046049e-06,4.936033003710488e-09,0
588,3.444113009571846e-09,1.1716413275046049e-06,1.516656990428155e-09,0
589,8.949946977905321e-09,1.1716413275046049e-06,-1.6562697790532078e-10,0
590,1.6834269951073663e-08,1.1716413275046049e-06,3.843330048926336e-09,0
591,2.6747654090899825e-08,1.1716413275046049e-06,2.035014590910018e-08,0
592,5.481908025418422e-08,1.1716413275046049e-06,3.3612419745815774e-08,0
593,1.1569179267251188e-07,1.1716413275046049e-06,2.284420732748811e-08,0
594,1.6860576936926868e-07,1.1716413275046049e-06,5.4499230630731336e-08,0
595,1.58473641001494e-07,1.1716413275046049e-06,2.21113358998506e-07,1
596,1.1112467188781235e-07,1.1716413275046049e-06,4.101503281121876e-07,1
597,7.149037625757597e-08,1.1716413275046049e-06,4.16770623742424e-07,1
598,4.442293544457408e-08,1.1716413275046049e-06,2.6347306455542593e-07,1
599,2.641736470258101e-08,1.1716413275046049e-06,1.21268635297419e-07,0
600,1.5394505033520804e-08,1.1716413275046049e-06,5.320949496647919e-08,0
601,8.192706359766373e-09,1.1716413275046049e-06,2.723529364023363e-08,0
602,3.1426120889471287e-09,1.1716413275046049e-06,1.573798791105287e-08,0
603,8.543118385348231e-10,1.1716413275046049e-06,8.377448161465176e-09,0
604,3.1843316442098726e-10,1.1716413275046049e-06,3.767156835579013e-09,0
605,2.6123511047369873e-10,1.1716413275046049e-06,2.6931948895263013e-09,0
606,3.3450370278909935e-10,1.1716413275046049e-06,3.740916297210901e-09,0
607,3.8772036677086967e-10,1.1716413275046049e-06,4.11318963322913e-09,0
608,4.059883101848321e-08,1.1716413275046049e-06,4.173696898151678e-08,1
609,1.1639644321911788e-07,1.1716413275046049e-06,1.0297355678088213e-07,1
610,2.3222636769533171e-07,1.1716413275046049e-06,1.4359563230466827e-07,1
611,3.3928336449312864e-07,1.1716413275046049e-06,9.431863550687133e-08,0
612,3.683572966749181e-07,1.1716413275046049e-06,-1.018929667491813e-08,0
613,3.0234973731206923e-07,1.1716413275046049e-06,-6.776573731206922e-08,0
614,1.922403839914021e-07,1.1716413275046049e-06,-5.301838399140211e-08,0
615,9.701912503267381e-08,1.1716413275046049e-06,-1.1821825032673805e-08,0
616,4.0283334361199695e-08,1.1716413275046049e-06,1.4071065638800305e-08,0
617,1.5397824500107535e-08,1.1716413275046049e-06,1.9922075499892467e-08,0
618,1.3596653059416449e-08,1.1716413275046049e-06,1.446514694058355e-08,0
619,3.098615980342797e-08,1.1716413275046049e-06,4.343040196572029e-09,0
620,6.75636268582967e-08,1.1716413275046049e-06,-3.2909268582966945e-09,0
621,1.2992271364786078e-07,1.1716413275046049e-06,4.277286352139215e-09,0
622,2.1551491566804905e-07,1.1716413275046049e-06,5.889008433195095e-08,0
623,3.4230546989652675e-07,1.1716413275046049e-06,1.6060753010347327e-07,0
624,5.724854591189404e-07,1.1716413275046049e-06,2.2601654088105964e-07,0
625,8.725217147099585e-07,1.1716413275046049e-06,2.760082852900414e-07,0
626,1.0035069574458315e-06,1.1716413275046049e-06,6.314830425541685e-07,1
627,8.316297586282891e-07,1.1716413275046049e-06,1.3103102413717108e-06,1
628,5.410252799382315e-07,1.1716413275046049e-06,1.6200447200617684e-06,1
629,3.030177407215419e-07,1.1716413275046049e-06,1.217562259278458e-06,1
630,1.4694263942614154e-07,1.1716413275046049e-06,6.171853605738585e-07,1
631,6.462032772882602e-08,1.1716413275046049e-06,2.70170672271174e-07,0
632,3.107371880274595e-08,1.1716413275046049e-06,1.3819728119725403e-07,0
633,1.8041673416994428e-08,1.1716413275046049e-06,8.442232658300557e-08,0
634,1.1507829042783816e-08,1.1716413275046049e-06,5.241297095721618e-08,0
635,7.884405569004591e-09,1.1716413275046049e-06,2.9137194430995404e-08,0
636,6.020355283712147e-09,1.1716413275046049e-06,2.0630044716287854e-08,0
637,5.885392505101959e-09,1.1716413275046049e-06,3.1496507494898044e-08,0
638,7.779295576195229e-09,1.1716413275046049e-06,4.960110442380477e-08,0
639,8.273668916271843e-09,1.1716413275046049e-06,5.1717031083728154e-08,0
640,2.412517102878925e-07,1.1716413275046049e-06,3.039602897121075e-07,1
641,5.954052294828067e-07,1.1716413275046049e-06,6.359547705171934e-07,1
642,1.0151730435308993e-06,1.1716413275046049e-06,7.461869564691007e-07,1
643,1.2451552631324857e-06,1.1716413275046049e-06,4.637347368675143e-07,0
644,1.130146636012803e-06,1.1716413275046049e-06,8.268336398719675e-08,0
645,7.799379655240799e-07,1.1716413275046049e-06,-9.273796552407998e-08,0
646,4.1049773350776656e-07,1.1716413275046049e-06,-6.568673350776656e-08,0
647,1.741376732681075e-07,1.1716413275046049e-06,-1.928673268107496e-09,0
648,7.368485557603318e-08,1.1716413275046049e-06,2.4015244423966836e-08,0
649,5.854004996820215e-08,1.1716413275046049e-06,2.2882550031797858e-08,0
650,1.2624088578056689e-07,1.1716413275046049e-06,5.901142194331202e-10,0
651,2.8702784602598784e-07,1.1716413275046049e-06,-2.348184602598784e-08,0
652,5.475886788081225e-07,1.1716413275046049e-06,-6.185678808122553e-09,0
653,9.231246588556177e-07,1.1716413275046049e-06,1.1257534114438217e-07,0
654,1.432332436919264e-06,1.1716413275046049e-06,3.721875630807359e-07,0
655,2.141815581313144e-06,1.1716413275046049e-06,6.845244186868563e-07,0
656,3.0021041227525874e-06,1.1716413275046049e-06,9.264858772474127e-07,0
657,3.574656518370153e-06,1.1716413275046049e-06,1.3383334816298475e-06,0
658,3.2699423759028684e-06,1.1716413275046049e-06,2.404737624097132e-06,1
659,2.2269666891654897e-06,1.1716413275046049e-06,3.4788533108345105e-06,1
660,1.1849268515194368e-06,1.1716413275046049e-06,3.248713148480564e-06,1
661,5.317599511668037e-07,1.1716413275046049e-06,1.972690048833196e-06,1
662,2.0982470809293075e-07,1.1716413275046049e-06,9.184752919070693e-07,1
663,8.229427713840753e-08,1.1716413275046049e-06,4.662337228615925e-07,0
664,5.115067454430059e-08,1.1716413275046049e-06,2.9768132545569943e-07,0
665,5.454985867140821e-08,1.1716413275046049e-06,2.0045414132859178e-07,0
666,5.703972268815447e-08,1.1716413275046049e-06,1.2958427731184553e-07,0
667,4.7977057395802444e-08,1.1716413275046049e-06,9.498894260419754e-08,0
668,3.757427496302781e-08,1.1716413275046049e-06,1.3392472503697218e-07,0
669,4.102023940783096e-08,1.1716413275046049e-06,2.5522676059216903e-07,0
670,5.915675132387362e-08,1.1716413275046049e-06,3.555202486761264e-07,0
671,6.216164094238905e-08,1.1716413275046049e-06,3.0468535905761096e-07,0
672,6.359150691192438e-07,1.1716413275046049e-06,1.0634249308807566e-06,1
673,1.3836871481749364e-06,1.1716413275046049e-06,1.8320128518250636e-06,1
674,2.047146573692376e-06,1.1716413275046049e-06,1.8416134263076238e-06,1
675,2.1631392388616327e-06,1.1716413275046049e-06,1.0990507611383673e-06,1
676,1.6972837298774863e-06,1.1716413275046049e-06,3.4591627012251345e-07,0
677,1.0157467069201195e-06,1.1716413275046049e-06,2.0303293079880525e-08,0
678,4.7654530886832544e-07,1.1716413275046049e-06,-7.969308868325465e-09,0
679,2.0791653950847503e-07,1.1716413275046049e-06,1.1906460491524963e-08,0
680,1.3281433750439162e-07,1.1716413275046049e-06,1.9535662495608363e-08,0
681,2.101299836017823e-07,1.1716413275046049e-06,1.638301639821769e-08,0
682,5.156843978736924e-07,1.1716413275046049e-06,-1.1228397873692446e-08,0
683,1.1196976059659995e-06,1.1716413275046049e-06,-2.031760596599963e-08,0
684,2.0247753384904653e-06,1.1716413275046049e-06,1.3274466150953492e-07,0
685,3.1510795054243244e-06,1.1716413275046049e-06,6.403904945756756e-07,0
686,4.524986809315221e-06,1.1716413275046049e-06,1.437493190684779e-06,0
687,6.224835616552688e-06,1.1716413275046049e-06,2.1004243834473125e-06,0
688,7.705848202312698e-06,1.1716413275046049e-06,2.3501517976873024e-06,0
689,7.722470265774655e-06,1.1716413275046049e-06,2.7696297342253457e-06,1
690,5.7756557911147576e-06,1.1716413275046049e-06,3.874614208885242e-06,1
691,3.1662395081065106e-06,1.1716413275046049e-06,4.402370491893491e-06,1
692,1.346653567428974e-06,1.1716413275046049e-06,3.3367264325710263e-06,1
693,4.961000630656734e-07,1.1716413275046049e-06,1.7768799369343264e-06,1
694,1.7426866147222926e-07,1.1716413275046049e-06,8.840813385277708e-07,1
695,8.081114051962573e-08,1.1716413275046049e-06,5.769498594803743e-07,0
696,8.635171992722312e-08,1.1716413275046049e-06,4.459812800727769e-07,0
697,1.2840082308060652e-07,1.1716413275046049e-06,3.342851769193935e-07,0
698,1.5210397712225726e-07,1.1716413275046049e-06,2.466390228777427e-07,0
699,1.2909556990705035e-07,1.1716413275046049e-06,2.7815943009294963e-07,0
700,1.0225790076151564e-07,1.1716413275046049e-06,5.438780992384844e-07,1
701,1.3126221282837898e-07,1.1716413275046049e-06,9.465577871716212e-07,0
702,1.9264655533647602e-07,1.1716413275046049e-06,1.095983444663524e-06,1
703,1.9040219586578947e-07,1.1716413275046049e-06,7.795598041342106e-07,1
704,9.27517061039724e-07,1.1716413275046049e-06,1.481972938960276e-06,1
705,1.740448266495234e-06,1.1716413275046049e-06,2.2134117335047655e-06,1
706,2.211287445813305e-06,1.1716413275046049e-06,2.0712525541866954e-06,1
707,2.034735706162554e-06,1.1716413275046049e-06,1.2963042938374462e-06,1
708,1.4386607467126455e-06,1.1716413275046049e-06,5.359892532873548e-07,0
709,8.266720605745077e-07,1.1716413275046049e-06,1.1805893942549239e-07,0
710,4.2681722045183393e-07,1.1716413275046049e-06,-2.1180220451833936e-08,0
711,2.3825670522561112e-07,1.1716413275046049e-06,-2.6704705225611105e-08,0
712,2.0462410602289115e-07,1.1716413275046049e-06,2.0375893977108838e-08,0
713,3.886432204365895e-07,1.1716413275046049e-06,7.113677956341048e-08,0
714,9.309920385710188e-07,1.1716413275046049e-06,1.1735796142898111e-07,0
715,1.936373353446517e-06,1.1716413275046049e-06,2.4612664655348304e-07,0
716,3.3359416783048233e-06,1.1716413275046049e-06,6.983383216951775e-07,0
717,4.975518604514531e-06,1.1716413275046049e-06,1.69174139548547e-06,1
718,7.093679556301753e-06,1.1716413275046049e-06,2.8437604436982452e-06,1
719,9.604748580555617e-06,1.1716413275046049e-06,3.262151419444383e-06,1
720,1.0978187129532378e-05,1.1716413275046049e-06,2.7937128704676227e-06,1
721,9.59537256968141e-06,1.1716413275046049e-06,2.6021274303185892e-06,1
722,6.178093264430576e-06,1.1716413275046049e-06,3.037116735569424e-06,1
723,2.9691920003495274e-06,1.1716413275046049e-06,2.8782779996504726e-06,1
724,1.1309295913967243e-06,1.1716413275046049e-06,1.8536904086032756e-06,1
725,3.747579391511751e-07,1.1716413275046049e-06,9.35362060848825e-07,1
726,1.3582811504843788e-07,1.1716413275046049e-06,5.499168849515622e-07,0
727,9.183061969267576e-08,1.1716413275046049e-06,4.6050038030732423e-07,0
728,1.2609394981846154e-07,1.1716413275046049e-06,4.1695505018153847e-07,0
729,2.1060920976866548e-07,1.1716413275046049e-06,3.2402379023133454e-07,0
730,2.545425728337155e-07,1.1716413275046049e-06,2.7971942716628454e-07,0
731,2.0300900954320426e-07,1.1716413275046049e-06,4.930319904567957e-07,1
732,1.5828885028377936e-07,1.1716413275046049e-06,1.0073511497162206e-06,1
733,2.0958863107826825e-07,1.1716413275046049e-06,1.4934213689217317e-06,1
734,3.038786740309215e-07,1.1716413275046049e-06,1.4602613259690788e-06,1
735,2.9593444950832863e-07,1.1716413275046049e-06,8.861255504916714e-07,1
736,8.439456478915227e-07,1.1716413275046049e-06,9.496443521084773e-07,1
737,1.3686494951788669e-06,1.1716413275046049e-06,1.3609305048211327e-06,1
738,1.475515715918258e-06,1.1716413275046049e-06,1.3998942840817418e-06,1
739,1.1879967946322132e-06,1.1716413275046049e-06,1.0568132053677867e-06,0
740,8.427637072983062e-07,1.1716413275046049e-06,4.882362927016938e-07,0
741,6.094385775870045e-07,1.1716413275046049e-06,1.4081422412995425e-08,0
742,4.3536501072620213e-07,1.1716413275046049e-06,-1.597010107262021e-07,0
743,2.8067585343838025e-07,1.1716413275046049e-06,-1.0375685343838025e-07,0
744,2.0906704578593268e-07,1.1716413275046049e-06,2.9747954214067303e-08,0
745,3.3230917061735647e-07,1.1716413275046049e-06,1.6310582938264347e-07,0
746,7.577240966238776e-07,1.1716413275046049e-06,3.1277590337612237e-07,0
747,1.5476314904454662e-06,1.1716413275046049e-06,5.849985095545339e-07,0
748,2.6996587255198706e-06,1.1716413275046049e-06,1.1495112744801294e-06,1
749,4.480331535046535e-06,1.1716413275046049e-06,2.0181884649534644e-06,1
750,7.298834635269085e-06,1.1716413275046049e-06,2.6442353647309157e-06,1
751,1.0208471716103397e-05,1.1716413275046049e-06,2.255928283896604e-06,1
752,1.0957672977127306e-05,1.1716413275046049e-06,1.1084270228726932e-06,0
753,8.819564894925738e-06,1.1716413275046049e-06,4.21405105074262e-07,0
754,5.40397722891881e-06,1.1716413275046049e-06,4.960627710811906e-07,0
755,2.5498190669944748e-06,1.1716413275046049e-06,5.801209330055254e-07,1
756,9.399265998108429e-07,1.1716413275046049e-06,4.074634001891571e-07,1
757,2.910061681580585e-07,1.1716413275046049e-06,2.5027283184194146e-07,0
758,1.1656459612149515e-07,1.1716413275046049e-06,2.0430640387850486e-07,0
759,1.0384383811047494e-07,1.1716413275046049e-06,2.1058116188952507e-07,0
760,1.6567175493450528e-07,1.1716413275046049e-06,1.8826824506549472e-07,0
761,2.657843381707148e-07,1.1716413275046049e-06,1.326886618292852e-07,0
762,2.865742094820595e-07,1.1716413275046049e-06,1.9648279051794056e-07,0
763,2.0079207500531407e-07,1.1716413275046049e-06,5.14543924994686e-07,1
764,1.429714408290037e-07,1.1716413275046049e-06,9.762885591709962e-07,1
765,2.1588494593290315e-07,1.1716413275046049e-06,1.2311050540670967e-06,1
766,3.545417765045271e-07,1.1716413275046049e-06,1.0077882234954728e-06,1
767,3.478185444373683e-07,1.1716413275046049e-06,5.043094555626318e-07,1
768,5.793220369014902e-07,1.1716413275046049e-06,3.9062396309850984e-07,0
769,8.527397312716971e-07,1.1716413275046049e-06,6.401502687283028e-07,0
770,8.364783025498494e-07,1.1716413275046049e-06,7.795316974501505e-07,0
771,7.019165490006782e-07,1.1716413275046049e-06,5.805734509993218e-07,0
772,6.54353362044779e-07,1.1716413275046049e-06,1.053146379552211e-07,0
773,6.440206489648165e-07,1.1716413275046049e-06,-2.8159264896481647e-07,0
774,5.370042297356356e-07,1.1716413275046049e-06,-3.6359022973563565e-07,1
775,3.412701018811246e-07,1.1716413275046049e-06,-2.2149410188112457e-07,1
776,1.7921646268678015e-07,1.1716413275046049e-06,-2.7578462686780156e-08,0
777,1.6918738334756955e-07,1.1716413275046049e-06,1.1005861665243047e-07,0
778,3.603150998180466e-07,1.1716413275046049e-06,2.1569490018195346e-07,1
779,7.723996656191788e-07,1.1716413275046049e-06,4.116803343808211e-07,1
780,1.6159734374152432e-06,1.1716413275046049e-06,7.730765625847568e-07,1
781,3.4359141491033435e-06,1.1716413275046049e-06,1.1183258508966571e-06,1
782,6.280105356539373e-06,1.1716413275046049e-06,9.160746434606267e-07,0
783,8.620958661487025e-06,1.1716413275046049e-06,-1.7469866148702394e-07,0
784,8.740967314967473e-06,1.1716413275046049e-06,-1.5242373149674728e-06,1
785,6.7992453367112275e-06,1.1716413275046049e-06,-2.0494553367112267e-06,1
786,4.114588148276761e-06,1.1716413275046049e-06,-1.533498148276761e-06,1
787,1.8794601011799271e-06,1.1716413275046049e-06,-7.083801011799272e-07,1
788,6.363649790274394e-07,1.1716413275046049e-06,-1.894729790274394e-07,1
789,1.900744538372268e-07,1.1716413275046049e-06,-1.0645453837226796e-08,0
790,8.870050131052873e-08,1.1716413275046049e-06,3.4376498689471276e-08,0
791,9.689929628693184e-08,1.1716413275046049e-06,3.621070371306816e-08,0
792,1.72399007181271e-07,1.1716413275046049e-06,-5.646007181271002e-09,0
793,2.557354097590376e-07,1.1716413275046049e-06,-3.131340975903762e-08,0
794,2.4807073304133556e-07,1.1716413275046049e-06,7.618026695866442e-08,0
795,1.6590239850581204e-07,1.1716413275046049e-06,3.3522360149418797e-07,0
796,1.2514406561448894e-07,1.1716413275046049e-06,6.077249343855111e-07,0
797,1.964733630513341e-07,1.1716413275046049e-06,6.824266369486659e-07,1
798,2.8706747363825545e-07,1.1716413275046049e-06,5.045065263617445e-07,1
799,2.403116329588673e-07,1.1716413275046049e-06,2.445873670411327e-07,0
800,3.530072909280173e-07,1.1716413275046049e-06,2.5977970907198273e-07,0
801,5.158375366787436e-07,1.1716413275046049e-06,4.5043446332125644e-07,0
802,5.639496002731991e-07,1.1716413275046049e-06,4.6711039972680104e-07,0
803,5.695967576695354e-07,1.1716413275046049e-06,2.1041624233046458e-07,0
804,6.171306009867777e-07,1.1716413275046049e-06,-1.8110460098677772e-07,0
805,6.466011299041519e-07,1.1716413275046049e-06,-4.4940112990415193e-07,1
806,5.280492778899791e-07,1.1716413275046049e-06,-4.350391778899791e-07,1
807,2.999864923568659e-07,1.1716413275046049e-06,-2.332988923568659e-07,1
808,1.2136582944352386e-07,1.1716413275046049e-06,-4.573902944352385e-08,0
809,7.421485115328949e-08,1.1716413275046049e-06,4.4762148846710514e-08,0
810,1.5077596219648856e-07,1.1716413275046049e-06,9.005303780351144e-08,0
811,4.040956069287281e-07,1.1716413275046049e-06,1.5123339307127188e-07,0
812,1.113376271254598e-06,1.1716413275046049e-06,1.76633728745402e-07,0
813,2.64126900461593e-06,1.1716413275046049e-06,-7.380900461593026e-08,0
814,4.632176587676749e-06,1.1716413275046049e-06,-8.383665876767492e-07,1
815,5.8559345402046724e-06,1.1716413275046049e-06,-1.9350145402046727e-06,1
816,5.635476523553352e-06,1.1716413275046049e-06,-2.7463665235533525e-06,1
817,4.286856870463868e-06,1.1716413275046049e-06,-2.6450968704638685e-06,1
818,2.465910392308029e-06,1.1716413275046049e-06,-1.6785243923080291e-06,1
819,9.939256583525567e-07,1.1716413275046049e-06,-6.585416583525568e-07,1
820,2.854704237676319e-07,1.1716413275046049e-06,-1.479954237676319e-07,1
821,8.5957403270091e-08,1.1716413275046049e-06,-1.7332803270091e-08,0
822,5.5104242283281017e-08,1.1716413275046049e-06,-3.549942283281014e-09,0
823,7.66868712810962e-08,1.1716413275046049e-06,-2.3989971281096194e-08,0
824,1.3902110808635814e-07,1.1716413275046049e-06,-7.194330808635814e-08,0
825,2.1071560063662715e-07,1.1716413275046049e-06,-1.0676060063662715e-07,0
826,2.222120845638273e-07,1.1716413275046049e-06,-5.3201084563827284e-08,0
827,1.5962159959592455e-07,1.1716413275046049e-06,1.0700640040407545e-07,0
828,1.0141439046260516e-07,1.1716413275046049e-06,2.8340760953739484e-07,0
829,1.0522044949553684e-07,1.1716413275046049e-06,3.6282355050446315e-07,0
830,1.2762596719958015e-07,1.1716413275046049e-06,3.1780603280041984e-07,0
831,1.0271828333640717e-07,1.1716413275046049e-06,1.9375071666359282e-07,0
832,2.0556579776139843e-07,1.1716413275046049e-06,3.129602022386016e-07,0
833,3.6246439016974685e-07,1.1716413275046049e-06,4.3250760983025323e-07,0
834,4.530515337526821e-07,1.1716413275046049e-06,3.399764662473179e-07,0
835,4.672907464227547e-07,1.1716413275046049e-06,7.260725357724538e-08,0
836,4.890698211686461e-07,1.1716413275046049e-06,-2.2594782116864608e-07,1
837,4.750089606926242e-07,1.1716413275046049e-06,-3.7302696069262417e-07,1
838,3.42326311093922e-07,1.1716413275046049e-06,-2.99254511093922e-07,1
839,1.7127023069436504e-07,1.1716413275046049e-06,-1.4108973069436503e-07,1
840,7.6444668439137e-08,1.1716413275046049e-06,-4.1337568439137e-08,1
841,6.4155124445088e-08,1.1716413275046049e-06,-5.854824445087993e-09,0
842,1.0800994214664726e-07,1.1716413275046049e-06,1.3112057853352726e-08,0
843,2.818425658930528e-07,1.1716413275046049e-06,8.044434106947229e-09,0
844,7.836076743626684e-07,1.1716413275046049e-06,-1.1784767436266848e-07,0
845,1.6788188020587919e-06,1.1716413275046049e-06,-4.83838802058792e-07,1
846,2.56797748180407e-06,1.1716413275046049e-06,-1.06130748180407e-06,1
847,2.9622106118704634e-06,1.1716413275046049e-06,-1.6453506118704634e-06,1
848,2.747793123549313e-06,1.1716413275046049e-06,-1.898803123549313e-06,1
849,1.968523255865495e-06,1.1716413275046049e-06,-1.5165702558654949e-06,1
850,9.844259341169758e-07,1.1716413275046049e-06,-7.614969341169758e-07,1
851,3.264784041616911e-07,1.1716413275046049e-06,-2.153204041616911e-07,1
852,7.859224045594258e-08,1.1716413275046049e-06,-1.9739640455942583e-08,0
853,2.4522876002227807e-08,1.1716413275046049e-06,1.0311723997772192e-08,0
854,2.4924024662326802e-08,1.1716413275046049e-06,4.770753376731973e-10,0
855,4.5660450983904536e-08,1.1716413275046049e-06,-2.2336550983904534e-08,0
856,9.337496990067141e-08,1.1716413275046049e-06,-6.27764699006714e-08,1
857,1.6299085166717873e-07,1.1716413275046049e-06,-1.1352615166717873e-07,1
858,1.925331951478084e-07,1.1716413275046049e-06,-1.135902951478084e-07,1
859,1.4466925778441984e-07,1.1716413275046049e-06,-1.495925778441985e-08,0
860,7.71253973849496e-08,1.1716413275046049e-06,1.296816026150504e-07,0
861,5.1116829755923895e-08,1.1716413275046049e-06,2.3737517024407612e-07,1
862,5.918019782509314e-08,1.1716413275046049e-06,2.557358021749068e-07,1
863,5.434803578995509e-08,1.1716413275046049e-06,1.786399642100449e-07,1
864,3.3973491781915443e-07,1.1716413275046049e-06,1.3842208218084558e-07,0
865,5.893484300883149e-07,1.1716413275046049e-06,1.0173456991168512e-07,0
866,6.2197041707932e-07,1.1716413275046049e-06,1.3494582920680022e-08,0
867,4.517970418723152e-07,1.1716413275046049e-06,-5.6417041872315224e-08,0
868,2.970115822881371e-07,1.1716413275046049e-06,-1.1642958228813711e-07,0
869,2.141939005797712e-07,1.1716413275046049e-06,-1.442329005797712e-07,1
870,1.3929021486984188e-07,1.1716413275046049e-06,-1.1020561486984188e-07,1
871,7.748305919594799e-08,1.1716413275046049e-06,-5.977105919594798e-08,1
872,5.316832413363559e-08,1.1716413275046049e-06,-3.2386024133635585e-08,1
873,5.419879635139032e-08,1.1716413275046049e-06,-1.6882296351390315e-08,0
874,8.064749788397465e-08,1.1716413275046049e-06,3.096702116025338e-09,0
875,1.891111363248234e-07,1.1716413275046049e-06,1.8045863675176587e-08,0
876,4.481318757344365e-07,1.1716413275046049e-06,-2.1533875734436523e-08,0
877,8.178455034859808e-07,1.1716413275046049e-06,-2.0372650348598076e-07,0
878,1.1061431412752692e-06,1.1716413275046049e-06,-5.079071412752692e-07,1
879,1.1524382649221816e-06,1.1716413275046049e-06,-7.297752649221815e-07,1
880,9.432734526189945e-07,1.1716413275046049e-06,-6.921514526189945e-07,1
881,5.69677610862199e-07,1.1716413275046049e-06,-4.24577610862199e-07,1
882,2.33972685446462e-07,1.1716413275046049e-06,-1.48332785446462e-07,0
883,6.624817252358001e-08,1.1716413275046049e-06,-1.4354972523580012e-08,0
884,1.5029864680921593e-08,1.1716413275046049e-06,1.602783531907841e-08,0
885,6.9355472700864744e-09,1.1716413275046049e-06,1.1672052729913523e-08,0
886,1.4979036678880833e-08,1.1716413275046049e-06,-7.286366788808343e-10,0
887,3.137305995882321e-08,1.1716413275046049e-06,-1.2824659958823212e-08,0
888,6.23686999074453e-08,1.1716413275046049e-06,-3.2922999907445295e-08,0
889,1.1191635495005622e-07,1.1716413275046049e-06,-7.173135495005622e-08,1
890,1.3933399515967117e-07,1.1716413275046049e-06,-8.363589515967117e-08,1
891,1.1160706190024743e-07,1.1716413275046049e-06,-1.2607961900247428e-08,0
892,6.923427996583415e-08,1.1716413275046049e-06,1.1608272003416587e-07,1
893,7.000933124534576e-08,1.1716413275046049e-06,2.1819966875465426e-07,1
894,1.1834619343211725e-07,1.1716413275046049e-06,2.1165980656788272e-07,1
895,1.4616987655499596e-07,1.1716413275046049e-06,1.0575412344500404e-07,0
896,7.659589111162991e-07,1.1716413275046049e-06,-3.188619111162991e-07,0
897,1.1678107190032237e-06,1.1716413275046049e-06,-5.376437190032237e-07,1
898,1.0415079559123212e-06,1.1716413275046049e-06,-4.6733295591232126e-07,1
899,5.783495096640012e-07,1.1716413275046049e-06,-2.1204150966400115e-07,0
900,2.3754478397369127e-07,1.1716413275046049e-06,-6.011978397369128e-08,0
901,9.890413633288862e-08,1.1716413275046049e-06,-2.6319436332888626e-08,0
902,4.873065268206898e-08,1.1716413275046049e-06,-1.9839052682068983e-08,0
903,2.9056885843713802e-08,1.1716413275046049e-06,-1.3734085843713802e-08,0
904,2.0776549762498867e-08,1.1716413275046049e-06,-5.538349762498866e-09,0
905,2.5469525565033573e-08,1.1716413275046049e-06,1.7789744349664273e-09,0
906,6.208570371218019e-08,1.1716413275046049e-06,1.6440996287819804e-08,0
907,1.4995700774367759e-07,1.1716413275046049e-06,6.44839922563224e-08,0
908,2.803111769839008e-07,1.1716413275046049e-06,1.1222182301609921e-07,0
909,4.052369329559767e-07,1.1716413275046049e-06,3.8160067044023264e-08,0
910,4.4694829632241687e-07,1.1716413275046049e-06,-1.2586329632241688e-07,0
911,3.6654692036191786e-07,1.1716413275046049e-06,-1.8803292036191786e-07,0
912,2.293752965502258e-07,1.1716413275046049e-06,-1.228652965502258e-07,0
913,1.1571972348144565e-07,1.1716413275046049e-06,-3.868312348144565e-08,0
914,5.2114045664966786e-08,1.1716413275046049e-06,5.061254335033211e-09,0
915,2.1576093919514262e-08,1.1716413275046049e-06,1.7263106080485737e-08,0
916,7.08520423504294e-09,1.1716413275046049e-06,1.452999576495706e-08,0
917,3.946270534134185e-09,1.1716413275046049e-06,8.686929465865816e-09,0
918,7.239495408558459e-09,1.1716413275046049e-06,9.06630459144154e-09,0
919,1.839142402776528e-08,1.1716413275046049e-06,1.5745575972234718e-08,0
920,5.590468792180729e-08,1.1716413275046049e-06,8.833112078192721e-09,0
921,1.3563515911516435e-07,1.1716413275046049e-06,-3.9785759115164355e-08,0
922,2.1810652473297935e-07,1.1716413275046049e-06,-8.832852473297934e-08,0
923,2.5300912649507664e-07,1.1716413275046049e-06,-4.673912649507666e-08,0
924,2.907926945975789e-07,1.1716413275046049e-06,6.022630540242111e-08,0
925,4.298885180883752e-07,1.1716413275046049e-06,7.800648191162481e-08,0
926,6.3516595543086e-07,1.1716413275046049e-06,-8.67639554308599e-08,0
927,6.358463528144527e-07,1.1716413275046049e-06,-2.3301835281445268e-07,0
928,1.420313721443612e-06,1.1716413275046049e-06,-9.00491721443612e-07,1
929,2.0018274189171586e-06,1.1716413275046049e-06,-1.2637024189171585e-06,1
930,1.6422239178228946e-06,1.1716413275046049e-06,-9.671449178228944e-07,1
931,8.241312568252319e-07,1.1716413275046049e-06,-3.9304225682523186e-07,0
932,2.804720312226248e-07,1.1716413275046049e-06,-7.165503122262482e-08,0
933,8.38827352620813e-08,1.1716413275046049e-06,-1.7135352620813033e-09,0
934,2.8686557788500888e-08,1.1716413275046049e-06,6.159422114991126e-10,0
935,1.0774781823605528e-08,1.1716413275046049e-06,5.467918176394474e-09,0
936,8.443033134822576e-09,1.1716413275046049e-06,1.4791966865177427e-08,0
937,2.1564113089158145e-08,1.1716413275046049e-06,3.064208691084185e-08,0
938,5.401097559517928e-08,1.1716413275046049e-06,6.986502440482074e-08,0
939,1.0866586997919015e-07,1.1716413275046049e-06,1.4107013002080985e-07,0
940,1.7539873152830967e-07,1.1716413275046049e-06,1.8239426847169034e-07,0
941,2.2879053237226682e-07,1.1716413275046049e-06,1.0625646762773317e-07,0
942,2.322550330057042e-07,1.1716413275046049e-06,-2.0305033005704194e-08,0
943,1.7203852548962673e-07,1.1716413275046049e-06,-6.055952548962673e-08,0
944,9.5785812862621e-08,1.1716413275046049e-06,-2.7132012862621e-08,0
945,5.118643684996792e-08,1.1716413275046049e-06,1.486063150032075e-09,0
946,3.3194549958259384e-08,1.1716413275046049e-06,6.9198500417406225e-09,0
947,2.6276302943158895e-08,1.1716413275046049e-06,-1.2445029431588938e-09,0
948,2.3501034638895936e-08,1.1716413275046049e-06,-1.0321834638895937e-08,0
949,1.949325900298463e-08,1.1716413275046049e-06,-8.141559002984631e-09,0
950,2.2505333324008683e-08,1.1716413275046049e-06,2.1963666759913157e-09,0
951,5.9168613659644667e-08,1.1716413275046049e-06,8.064286340355332e-09,0
952,1.783467117969324e-07,1.1716413275046049e-06,-2.7731711796932388e-08,0
953,4.2727088184821467e-07,1.1716413275046049e-06,-1.6806288184821467e-07,0
954,7.656116744881087e-07,1.1716413275046049e-06,-3.708046744881087e-07,0
955,1.1203964319536983e-06,1.1716413275046049e-06,-4.747054319536982e-07,1
956,1.4809452544497469e-06,1.1716413275046049e-06,-4.231752544497468e-07,0
957,1.849446107694677e-06,1.1716413275046049e-06,-4.3354610769467695e-07,0
958,2.0409510607685028e-06,1.1716413275046049e-06,-6.628810607685026e-07,1
959,1.6265477435890876e-06,1.1716413275046049e-06,-7.145317435890875e-07,1
960,2.0421179509874503e-06,1.1716413275046049e-06,-1.3103139509874502e-06,1
961,2.5669933615522656e-06,1.1716413275046049e-06,-1.5874033615522655e-06,1
962,1.8356174197114747e-06,1.1716413275046049e-06,-1.0065534197114746e-06,1
963,8.075303257070974e-07,1.1716413275046049e-06,-3.122433257070974e-07,0
964,2.721474409669369e-07,1.1716413275046049e-06,-4.282944096693692e-08,0
965,1.0006371700699109e-07,1.1716413275046049e-06,-1.3675317006991086e-08,0
966,3.608783752525883e-08,1.1716413275046049e-06,-2.935337525258833e-09,0
967,1.099524438504872e-08,1.1716413275046049e-06,2.1598955614951276e-08,0
968,1.2952489329938159e-08,1.1716413275046049e-06,5.467261067006184e-08,0
969,3.209460754341324e-08,1.1716413275046049e-06,9.998439245658675e-08,0
970,6.310798341858706e-08,1.1716413275046049e-06,1.5141501658141296e-07,0
971,1.1326292462004356e-07,1.1716413275046049e-06,1.8371407537995646e-07,0
972,1.8733237604694012e-07,1.1716413275046049e-06,1.4411062395305992e-07,0
973,2.583976705689416e-07,1.1716413275046049e-06,2.328032943105841e-08,0
974,2.6866234948596194e-07,1.1716413275046049e-06,-7.879234948596194e-08,0
975,1.8985651460507067e-07,1.1716413275046049e-06,-7.187351460507068e-08,0
976,9.222812509498068e-08,1.1716413275046049e-06,-1.6098925094980673e-08,0
977,5.266639847594328e-08,1.1716413275046049e-06,-2.8862984759432727e-09,0
978,7.327052250038913e-08,1.1716413275046049e-06,-4.1106522500389126e-08,0
979,1.0828734711884137e-07,1.1716413275046049e-06,-8.612764711884136e-08,1
980,1.1033680555396083e-07,1.1716413275046049e-06,-9.178560555396083e-08,1
981,8.719395721054111e-08,1.1716413275046049e-06,-6.631275721054111e-08,1
982,9.095920684433034e-08,1.1716413275046049e-06,-5.0304206844330334e-08,0
983,1.8965621744966928e-07,1.1716413275046049e-06,-7.950721744966928e-08,0
984,5.013253384086357e-07,1.1716413275046049e-06,-2.3711933840863567e-07,0
985,1.1736925632369629e-06,1.1716413275046049e-06,-6.594725632369629e-07,0
986,2.2189383165801724e-06,1.1716413275046049e-06,-1.2899713165801723e-06,1
987,3.405090997506615e-06,1.1716413275046049e-06,-1.707250997506615e-06,1
988,4.2863286105795604e-06,1.1716413275046049e-06,-1.5209586105795602e-06,1
989,4.627707139939832e-06,1.1716413275046049e-06,-1.1713371399398325e-06,1
990,4.261793475281463e-06,1.1716413275046049e-06,-1.1999334752814633e-06,1
991,2.849517288985176e-06,1.1716413275046049e-06,-1.039277288985176e-06,1
992,1.5551557096522341e-06,1.1716413275046049e-06,-9.087207096522341e-07,1
993,1.5992899847220725e-06,1.1716413275046049e-06,-8.636079847220724e-07,1
994,9.70074551278053e-07,1.1716413275046049e-06,-4.3027255127805285e-07,0
995,4.0995726907028573e-07,1.1716413275046049e-06,-1.2170726907028572e-07,0
996,1.5923047381812297e-07,1.1716413275046049e-06,-3.752247381812298e-08,0
997,6.083253868878888e-08,1.1716413275046049e-06,-1.6466138688788877e-08,0
998,1.7307959034675933e-08,1.1716413275046049e-06,7.986740965324067e-09,0
999,5.029492930111228e-09,1.1716413275046049e-06,3.8366507069888775e-08,0
1000,1.0455078287473976e-08,1.1716413275046049e-06,7.744582171252602e-08,0
1001,2.8819560118810027e-08,1.1716413275046049e-06,1.1436943988118998e-07,0
1002,5.748387811218665e-08,1.1716413275046049e-06,1.3629412188781335e-07,0
1003,1.0314911582247156e-07,1.1716413275046049e-06,1.2498688417752845e-07,0
1004,1.7065656296458054e-07,1.1716413275046049e-06,5.457243703541947e-08,0
1005,2.136898205825427e-07,1.1716413275046049e-06,-3.2982820582542734e-08,0
1006,1.8007178186125648e-07,1.1716413275046049e-06,-5.784278186125648e-08,0
1007,9.75773451776343e-08,1.1716413275046049e-06,-1.9931545177634297e-08,0
1008,4.48686467293424e-08,1.1716413275046049e-06,3.2000532706576018e-09,0
1009,5.934309073530042e-08,1.1716413275046049e-06,-2.935699073530042e-08,0
1010,1.1622029305749653e-07,1.1716413275046049e-06,-9.520239305749652e-08,1
1011,1.5187860930195556e-07,1.1716413275046049e-06,-1.3450500930195555e-07,1
1012,1.355636045655592e-07,1.1716413275046049e-06,-1.1940160456555918e-07,1
1013,1.0486091197880573e-07,1.1716413275046049e-06,-8.543281197880573e-08,1
1014,1.1771983433371156e-07,1.1716413275046049e-06,-7.654393433371155e-08,1
1015,2.514368039550713e-07,1.1716413275046049e-06,-1.438138039550713e-07,1
1016,6.59969300196885e-07,1.1716413275046049e-06,-4.1193530019688505e-07,1
1017,1.4894703484127247e-06,1.1716413275046049e-06,-9.710023484127246e-07,1
1018,2.704053864133286e-06,1.1716413275046049e-06,-1.6439338641332862e-06,1
1019,3.941903948412538e-06,1.1716413275046049e-06,-1.9480139484125377e-06,1
1020,4.6162115538170215e-06,1.1716413275046049e-06,-1.5908615538170214e-06,1
1021,4.50718318672379e-06,1.1716413275046049e-06,-1.1279431867237896e-06,1
1022,3.547412425165867e-06,1.1716413275046049e-06,-9.34942425165867e-07,1
1023,1.922685969379245e-06,1.1716413275046049e-06,-6.174159693792448e-07,1
