,G245S,max,diff,True
0,1.8501746562163143e-06,1.158350152607181e-06,-4.3518465621631433e-07,0
1,2.460995721181199e-06,1.158350152607181e-06,-4.503557211811987e-07,0
2,2.0026136660047365e-06,1.158350152607181e-06,-3.6152366600473654e-07,0
3,1.178044448358113e-06,1.158350152607181e-06,-2.87489448358113e-07,0
4,6.541530724663468e-07,1.158350152607181e-06,-2.7714507246634683e-07,0
5,4.233521536790624e-07,1.158350152607181e-06,-2.8187915367906243e-07,1
6,3.396771643219937e-07,1.158350152607181e-06,-2.692427643219937e-07,1
7,4.363294067420686e-07,1.158350152607181e-06,-3.405253067420686e-07,1
8,8.851769746815365e-07,1.158350152607181e-06,-6.947009746815365e-07,1
9,1.6161370531679447e-06,1.158350152607181e-06,-1.2819930531679447e-06,1
10,2.1647082192716537e-06,1.158350152607181e-06,-1.6556142192716537e-06,1
11,2.1749941112658073e-06,1.158350152607181e-06,-1.4893211112658073e-06,1
12,1.8025452670775498e-06,1.158350152607181e-06,-1.0042662670775497e-06,1
13,1.402346927726553e-06,1.158350152607181e-06,-6.120389277265531e-07,1
14,1.066112461436314e-06,1.158350152607181e-06,-3.9198446143631385e-07,0
15,7.391403876987921e-07,1.158350152607181e-06,-2.2973038769879213e-07,0
16,4.5389369316669645e-07,1.158350152607181e-06,-9.979769316669648e-08,0
17,2.7610722509173324e-07,1.158350152607181e-06,-4.3243225091733226e-08,0
18,2.3016899426289968e-07,1.158350152607181e-06,-8.929599426289966e-08,0
19,2.746788897989891e-07,1.158350152607181e-06,-1.867421897989891e-07,1
20,3.0111903955710357e-07,1.158350152607181e-06,-2.1846213955710356e-07,1
21,2.981252571200004e-07,1.158350152607181e-06,-1.815352571200004e-07,1
22,3.9335927246015894e-07,1.158350152607181e-06,-2.0554227246015892e-07,1
23,7.709166201615844e-07,1.158350152607181e-06,-4.5262862016158437e-07,1
24,1.8519977714365691e-06,1.158350152607181e-06,-1.239219771436569e-06,1
25,4.408301600149288e-06,1.158350152607181e-06,-3.0279016001492884e-06,1
26,9.00272508358067e-06,1.158350152607181e-06,-5.768195083580671e-06,1
27,1.4787496834386004e-05,1.158350152607181e-06,-7.937016834386004e-06,1
28,1.9130446257604964e-05,1.158350152607181e-06,-7.352446257604964e-06,1
29,1.9409404917902285e-05,1.158350152607181e-06,-4.143204917902285e-06,1
30,1.5187856964699067e-05,1.158350152607181e-06,-1.024056964699065e-06,0
31,8.742068571201038e-06,1.158350152607181e-06,1.795914287989619e-07,0
32,3.9731605021369275e-06,1.158350152607181e-06,-8.98105021369277e-08,0
33,4.9096381383070965e-06,1.158350152607181e-06,-1.3062813830709632e-07,0
34,3.837046231797055e-06,1.158350152607181e-06,-3.923662317970549e-07,0
35,2.261426078610246e-06,1.158350152607181e-06,-5.683160786102464e-07,0
36,1.295575001232075e-06,1.158350152607181e-06,-6.08674001232075e-07,0
37,8.712380098528464e-07,1.158350152607181e-06,-5.857440098528464e-07,1
38,7.243890882350365e-07,1.158350152607181e-06,-5.373200882350366e-07,1
39,9.235109378677372e-07,1.158350152607181e-06,-6.630269378677372e-07,1
40,1.7042059757002511e-06,1.158350152607181e-06,-1.2248909757002511e-06,1
41,2.9184397705009293e-06,1.158350152607181e-06,-2.0892177705009295e-06,1
42,3.895238229706163e-06,1.158350152607181e-06,-2.647058229706163e-06,1
43,4.1473326280115665e-06,1.158350152607181e-06,-2.5023526280115667e-06,1
44,3.880171735162221e-06,1.158350152607181e-06,-1.9458317351622213e-06,1
45,3.434318374493054e-06,1.158350152607181e-06,-1.3922883744930538e-06,1
46,2.7887654524762607e-06,1.158350152607181e-06,-8.59455452476261e-07,0
47,1.957927111749477e-06,1.158350152607181e-06,-3.186471117494769e-07,0
48,1.2035344541903156e-06,1.158350152607181e-06,6.247554580968425e-08,0
49,7.415099288488531e-07,1.158350152607181e-06,1.276390711511469e-07,0
50,5.91925740414325e-07,1.158350152607181e-06,-5.188274041432495e-08,0
51,5.977970381155593e-07,1.158350152607181e-06,-2.2419103811555933e-07,1
52,6.010996983892443e-07,1.158350152607181e-06,-2.295586983892443e-07,0
53,6.695319323730846e-07,1.158350152607181e-06,-1.6673093237308456e-07,0
54,1.019154843181577e-06,1.158350152607181e-06,-2.85703843181577e-07,0
55,2.145986847775729e-06,1.158350152607181e-06,-1.0111868477757289e-06,1
56,5.3606765044649886e-06,1.158350152607181e-06,-3.2210265044649886e-06,1
57,1.265947736734654e-05,1.158350152607181e-06,-7.77830736734654e-06,1
58,2.508987160592811e-05,1.158350152607181e-06,-1.369347160592811e-05,1
59,4.000510005172115e-05,1.158350152607181e-06,-1.6927600051721147e-05,1
60,5.035388901234813e-05,1.158350152607181e-06,-1.3806689012348129e-05,1
61,4.9111314517007454e-05,1.158350152607181e-06,-6.341714517007456e-06,1
62,3.606380419712768e-05,1.158350152607181e-06,-4.7680419712768017e-07,0
63,1.8985096681443635e-05,1.158350152607181e-06,1.0804033185563645e-06,0
64,4.990127252144644e-06,1.158350152607181e-06,2.0425274785535643e-07,0
65,5.968550493399822e-06,1.158350152607181e-06,-1.139404933998217e-07,0
66,4.565981010492733e-06,1.158350152607181e-06,-6.596010104927323e-07,0
67,2.6088472627650216e-06,1.158350152607181e-06,-7.850572627650214e-07,0
68,1.4198722346668894e-06,1.158350152607181e-06,-6.560642346668895e-07,1
69,9.345052605524792e-07,1.158350152607181e-06,-5.531032605524792e-07,1
70,8.394014661382294e-07,1.158350152607181e-06,-5.596554661382294e-07,1
71,1.1441797957433102e-06,1.158350152607181e-06,-8.110857957433103e-07,1
72,1.9873904314096827e-06,1.158350152607181e-06,-1.4211714314096826e-06,1
73,3.2055597958636918e-06,1.158350152607181e-06,-2.221185795863692e-06,1
74,4.320061060230083e-06,1.158350152607181e-06,-2.805741060230083e-06,1
75,5.032244899043842e-06,1.158350152607181e-06,-2.917004899043842e-06,1
76,5.3548637365863195e-06,1.158350152607181e-06,-2.5739037365863196e-06,1
77,5.2075310782160866e-06,1.158350152607181e-06,-1.8133110782160868e-06,1
78,4.420579445017865e-06,1.158350152607181e-06,-6.718594450178657e-07,0
79,3.2036704670860933e-06,1.158350152607181e-06,5.121895329139067e-07,0
80,2.064382162600826e-06,1.158350152607181e-06,1.154797837399174e-06,0
81,1.3488343357984199e-06,1.158350152607181e-06,1.0045356642015804e-06,1
82,1.0373358841500014e-06,1.158350152607181e-06,4.866541158499987e-07,0
83,9.34309105351474e-07,1.158350152607181e-06,1.2014089464852593e-07,0
84,9.485432749851929e-07,1.158350152607181e-06,4.786572501480706e-08,0
85,1.1365659390672657e-06,1.158350152607181e-06,1.2182406093273434e-07,0
86,1.714161458588266e-06,1.158350152607181e-06,-1.4971458588265946e-08,0
87,3.562347663148901e-06,1.158350152607181e-06,-1.111707663148901e-06,1
88,8.848089355192457e-06,1.158350152607181e-06,-4.331789355192457e-06,1
89,2.0411515379602874e-05,1.158350152607181e-06,-1.0010215379602873e-05,1
90,3.9328128070926856e-05,1.158350152607181e-06,-1.5696828070926855e-05,1
91,6.16046819441502e-05,1.158350152607181e-06,-1.7147481944150194e-05,1
92,7.654623637615855e-05,1.158350152607181e-06,-1.2716136376158553e-05,1
93,7.280491732724925e-05,1.158350152607181e-06,-5.618217327249254e-06,0
94,5.091968166937178e-05,1.158350152607181e-06,-5.424816693717761e-07,0
95,2.497432317206857e-05,1.158350152607181e-06,7.689768279314293e-07,0
96,4.514649736702711e-06,1.158350152607181e-06,3.5250263297289085e-08,0
97,5.330439096340527e-06,1.158350152607181e-06,-4.3770909634052675e-07,0
98,3.9556479260332014e-06,1.158350152607181e-06,-8.185479260332014e-07,0
99,2.080435861314845e-06,1.158350152607181e-06,-6.432658613148449e-07,1
100,9.93606110544493e-07,1.158350152607181e-06,-3.3878211054449295e-07,0
101,6.495814201051537e-07,1.158350152607181e-06,-2.5270342010515363e-07,0
102,7.556588971372582e-07,1.158350152607181e-06,-4.567688971372582e-07,1
103,1.2772908228528186e-06,1.158350152607181e-06,-9.834068228528186e-07,1
104,2.1536347164040747e-06,1.158350152607181e-06,-1.7168367164040747e-06,1
105,3.095403631553723e-06,1.158350152607181e-06,-2.326938631553723e-06,1
106,3.983303345769653e-06,1.158350152607181e-06,-2.6455233457696533e-06,1
107,4.903809226278074e-06,1.158350152607181e-06,-2.664009226278074e-06,1
108,5.6172614404858135e-06,1.158350152607181e-06,-2.1233414404858137e-06,1
109,5.707259693265997e-06,1.158350152607181e-06,-7.523896932659975e-07,0
110,5.101323393013794e-06,1.158350152607181e-06,1.2339266069862059e-06,0
111,4.0929059926446505e-06,1.158350152607181e-06,2.962884007355349e-06,1
112,3.0727856306020285e-06,1.158350152607181e-06,3.411484369397972e-06,1
113,2.3102895970460443e-06,1.158350152607181e-06,2.5253204029539555e-06,1
114,1.8542079065879794e-06,1.158350152607181e-06,1.2683520934120203e-06,1
115,1.6559783286830764e-06,1.158350152607181e-06,4.5436167131692376e-07,0
116,1.7335343996167945e-06,1.158350152607181e-06,2.0514560038320552e-07,0
117,2.0610659075918598e-06,1.158350152607181e-06,3.8314409240814033e-07,0
118,2.655760739816796e-06,1.158350152607181e-06,6.552892601832042e-07,0
119,4.4577893888651255e-06,1.158350152607181e-06,1.685206111348744e-07,0
120,9.989018143178803e-06,1.158350152607181e-06,-1.7869881431788043e-06,1
121,2.2390818770650587e-05,1.158350152607181e-06,-4.339518770650586e-06,1
122,4.292206817131239e-05,1.158350152607181e-06,-5.082168171312396e-06,1
123,6.727058947177857e-05,1.158350152607181e-06,-3.1800894717785714e-06,0
124,8.313775909443874e-05,1.158350152607181e-06,-9.872590944387435e-07,0
125,7.78760887570938e-05,1.158350152607181e-06,-4.716887570938011e-07,0
126,5.3109704775571164e-05,1.158350152607181e-06,-6.107047755711712e-07,0
127,2.5201550553148896e-05,1.158350152607181e-06,-5.842505531488967e-07,0
128,3.492981343022152e-06,1.158350152607181e-06,-1.6386134302215233e-07,0
129,4.063542336025465e-06,1.158350152607181e-06,-5.691923360254649e-07,0
130,2.8744863966705523e-06,1.158350152607181e-06,-6.657463966705519e-07,1
131,1.3646898966742732e-06,1.158350152607181e-06,-2.959598966742734e-07,0
132,5.660267528244325e-07,1.158350152607181e-06,2.0637247175567455e-08,0
133,3.8713313153928314e-07,1.158350152607181e-06,1.803886846071688e-08,0
134,6.593638351195351e-07,1.158350152607181e-06,-3.696768351195351e-07,1
135,1.3707290871086085e-06,1.158350152607181e-06,-1.1416150871086085e-06,1
136,2.2145243659433058e-06,1.158350152607181e-06,-1.924279365943306e-06,1
137,2.8243675445834647e-06,1.158350152607181e-06,-2.2416145445834648e-06,1
138,3.468632549059442e-06,1.158350152607181e-06,-2.1563925490594424e-06,1
139,4.479093805945989e-06,1.158350152607181e-06,-1.7734738059459886e-06,1
140,5.541163586984618e-06,1.158350152607181e-06,-7.007935869846177e-07,0
141,6.2750173955285305e-06,1.158350152607181e-06,1.3401626044714702e-06,0
142,6.510001596362245e-06,1.158350152607181e-06,3.923898403637755e-06,1
143,6.150973309671797e-06,1.158350152607181e-06,5.649726690328202e-06,1
144,5.279168030820836e-06,1.158350152607181e-06,5.266731969179162e-06,1
145,4.199071589104556e-06,1.158350152607181e-06,3.2731584108954442e-06,1
146,3.3131091012672698e-06,1.158350152607181e-06,1.2327008987327298e-06,1
147,2.971647130318841e-06,1.158350152607181e-06,-3.6847130318840864e-08,0
148,3.2664621363052637e-06,1.158350152607181e-06,-4.957721363052636e-07,0
149,3.7614850046857262e-06,1.158350152607181e-06,1.9414995314273417e-08,0
150,4.083256211725361e-06,1.158350152607181e-06,1.2312537882746395e-06,0
151,5.258453476574264e-06,1.158350152607181e-06,2.2384365234257358e-06,1
152,9.869616110225388e-06,1.158350152607181e-06,3.1947838897746114e-06,1
153,2.0911928021792544e-05,1.158350152607181e-06,5.8274719782074565e-06,1
154,3.94334049903288e-05,1.158350152607181e-06,1.0930295009671198e-05,1
155,6.0686148106994274e-05,1.158350152607181e-06,1.504385189300572e-05,1
156,7.326083519675874e-05,1.158350152607181e-06,1.3092464803241254e-05,1
157,6.707601457176128e-05,1.158350152607181e-06,6.365685428238714e-06,1
158,4.4791999187797224e-05,1.158350152607181e-06,1.103100812202776e-06,0
159,2.0855044177990506e-05,1.158350152607181e-06,-6.528441779905046e-07,0
160,2.8006808823104503e-06,1.158350152607181e-06,-3.4244088231045003e-07,0
161,3.2848173835496663e-06,1.158350152607181e-06,-6.223373835496665e-07,1
162,2.3680438469147817e-06,1.158350152607181e-06,-5.371038469147815e-07,1
163,1.1483311885953957e-06,1.158350152607181e-06,-8.688118859539567e-08,0
164,4.544252632050939e-07,1.158350152607181e-06,2.461777367949061e-07,0
165,3.028620010515072e-07,1.158350152607181e-06,2.0550899894849284e-07,0
166,6.317501493043572e-07,1.158350152607181e-06,-2.882191493043572e-07,0
167,1.3938566192507522e-06,1.158350152607181e-06,-1.1591946192507522e-06,1
168,2.1837155555279486e-06,1.158350152607181e-06,-1.9143915555279487e-06,1
169,2.6366610073391984e-06,1.158350152607181e-06,-1.9953420073391984e-06,1
170,3.2420599520488787e-06,1.158350152607181e-06,-1.4977999520488788e-06,1
171,4.7453569419947715e-06,1.158350152607181e-06,-6.90486941994772e-07,0
172,7.117982591718947e-06,1.158350152607181e-06,6.821274082810541e-07,0
173,9.512134591018584e-06,1.158350152607181e-06,3.070965408981416e-06,1
174,1.0840082060313974e-05,1.158350152607181e-06,5.966017939686024e-06,1
175,1.0701165510787436e-05,1.158350152607181e-06,7.140534489212566e-06,1
176,9.398094590096415e-06,1.158350152607181e-06,5.232805409903584e-06,1
177,7.3990265239011935e-06,1.158350152607181e-06,2.0349534760988066e-06,1
178,5.479696326408698e-06,1.158350152607181e-06,-2.31506326408699e-07,0
179,4.5026318415644124e-06,1.158350152607181e-06,-1.3529118415644126e-06,1
180,4.58799206836196e-06,1.158350152607181e-06,-1.6393920683619596e-06,1
181,4.934897538459843e-06,1.158350152607181e-06,-8.200975384598433e-07,0
182,5.158126101692079e-06,1.158350152607181e-06,8.414138983079222e-07,0
183,6.468595644159432e-06,1.158350152607181e-06,2.712324355840568e-06,1
184,1.0880201353728723e-05,1.158350152607181e-06,5.735098646271277e-06,1
185,2.02511049644992e-05,1.158350152607181e-06,1.1849195035500802e-05,1
186,3.4987382825496044e-05,1.158350152607181e-06,2.006851717450396e-05,1
187,5.087050790544182e-05,1.158350152607181e-06,2.4292792094558188e-05,1
188,5.8842783072472924e-05,1.158350152607181e-06,1.9461416927527078e-05,1
189,5.210109665952386e-05,1.158350152607181e-06,9.629803340476144e-06,1
190,3.41396668095568e-05,1.158350152607181e-06,2.4069331904431974e-06,0
191,1.597435056013554e-05,1.158350152607181e-06,-3.4175056013553974e-07,0
192,2.997620788885144e-06,1.158350152607181e-06,-7.071507888851439e-07,1
193,3.86948577374158e-06,1.158350152607181e-06,-1.0921257737415798e-06,1
194,3.0885468821969603e-06,1.158350152607181e-06,-8.746468821969607e-07,1
195,1.6217860858492476e-06,1.158350152607181e-06,-1.4763608584924773e-07,0
196,6.225242144414554e-07,1.158350152607181e-06,3.8849578555854467e-07,0
197,3.1866984661324217e-07,1.158350152607181e-06,3.7943715338675785e-07,0
198,5.652920163717878e-07,1.158350152607181e-06,-1.2074801637178782e-07,0
199,1.2230150614581051e-06,1.158350152607181e-06,-9.259040614581052e-07,1
200,1.9608338175286287e-06,1.158350152607181e-06,-1.5801608175286288e-06,1
201,2.5979477706377912e-06,1.158350152607181e-06,-1.5656577706377913e-06,1
202,3.922351329882192e-06,1.158350152607181e-06,-9.57261329882192e-07,1
203,7.100959210668424e-06,1.158350152607181e-06,-7.071921066842507e-08,0
204,1.2064982704768198e-05,1.158350152607181e-06,1.351617295231803e-06,0
205,1.6882229507789474e-05,1.158350152607181e-06,3.9306704922105245e-06,1
206,1.931706156707901e-05,1.158350152607181e-06,6.720538432920994e-06,1
207,1.8883931870195672e-05,1.158350152607181e-06,6.592268129804327e-06,1
208,1.6290941156528215e-05,1.158350152607181e-06,2.8903588434717874e-06,1
209,1.2321248279026715e-05,1.158350152607181e-06,-8.486482790267155e-07,0
210,8.422795414552483e-06,1.158350152607181e-06,-2.4032854145524825e-06,1
211,5.944623476011576e-06,1.158350152607181e-06,-2.5735034760115767e-06,1
212,4.8969311874826565e-06,1.158350152607181e-06,-2.1523111874826565e-06,1
213,4.577835765120372e-06,1.158350152607181e-06,-1.1061757651203724e-06,0
214,4.988160792925242e-06,1.158350152607181e-06,3.497492070747571e-07,0
215,7.107279085428443e-06,1.158350152607181e-06,2.178200914571557e-06,1
216,1.2036207980018042e-05,1.158350152607181e-06,5.657392019981957e-06,1
217,2.095299385758941e-05,1.158350152607181e-06,1.2059606142410594e-05,1
218,3.4191617847445343e-05,1.158350152607181e-06,1.9583182152554655e-05,1
219,4.775641515935216e-05,1.158350152607181e-06,2.2318384840647833e-05,1
220,5.374954553304959e-05,1.158350152607181e-06,1.616665446695041e-05,1
221,4.7179446181888376e-05,1.158350152607181e-06,6.107053818111623e-06,1
222,3.1448227367075045e-05,1.158350152607181e-06,-1.4192736707504302e-07,0
223,1.534753104976333e-05,1.158350152607181e-06,-1.544031049763332e-06,0
224,5.386086330104107e-06,1.158350152607181e-06,-2.240756330104107e-06,1
225,7.080727929945413e-06,1.158350152607181e-06,-2.9965579299454137e-06,1
226,5.61580365060026e-06,1.158350152607181e-06,-2.22821365060026e-06,1
227,2.874232474839842e-06,1.158350152607181e-06,-6.40302474839842e-07,0
228,1.0535580443248208e-06,1.158350152607181e-06,3.6925195567517917e-07,0
229,4.112494514256871e-07,1.158350152607181e-06,4.762945485743129e-07,0
230,5.048746767204021e-07,1.158350152607181e-06,2.5309323279597885e-08,0
231,1.097563036644647e-06,1.158350152607181e-06,-7.076720366446469e-07,1
232,1.935755141702805e-06,1.158350152607181e-06,-1.2917291417028048e-06,1
233,3.1258811480987825e-06,1.158350152607181e-06,-1.2581711480987827e-06,1
234,5.954054595368009e-06,1.158350152607181e-06,-6.386845953680092e-07,0
235,1.204643880363745e-05,1.158350152607181e-06,3.6646119636254965e-07,0
236,2.1007586864293616e-05,1.158350152607181e-06,1.992713135706385e-06,0
237,2.9454793650363622e-05,1.158350152607181e-06,4.492606349636378e-06,1
238,3.382914229932379e-05,1.158350152607181e-06,6.014157700676208e-06,1
239,3.3265773461178515e-05,1.158350152607181e-06,3.321026538821485e-06,0
240,2.8421887654482545e-05,1.158350152607181e-06,-2.2743876544825454e-06,0
241,2.0876363274568743e-05,1.158350152607181e-06,-5.757763274568743e-06,1
242,1.3704251929946229e-05,1.158350152607181e-06,-5.745211929946228e-06,1
243,8.903101343435694e-06,1.158350152607181e-06,-4.235391343435695e-06,1
244,6.1455935114310304e-06,1.158350152607181e-06,-2.4423235114310307e-06,1
245,4.738528861074697e-06,1.158350152607181e-06,-6.919088610746972e-07,0
246,4.766415128752785e-06,1.158350152607181e-06,7.401548712472146e-07,0
247,6.951815271773651e-06,1.158350152607181e-06,2.2212147282263493e-06,1
248,1.2568059028123192e-05,1.158350152607181e-06,4.8364409718768075e-06,1
249,2.3278753516397048e-05,1.158350152607181e-06,9.408846483602954e-06,1
250,3.908208335101565e-05,1.158350152607181e-06,1.4557116648984352e-05,1
251,5.516393663448311e-05,1.158350152607181e-06,1.5058963365516894e-05,1
252,6.318348205559605e-05,1.158350152607181e-06,7.703017944403942e-06,1
253,5.756298936492397e-05,1.158350152607181e-06,-1.3315893649239682e-06,0
254,4.068604593524956e-05,1.158350152607181e-06,-4.931045935249559e-06,1
255,2.132012199887848e-05,1.158350152607181e-06,-3.8909219988784814e-06,1
256,8.968400069389571e-06,1.158350152607181e-06,-4.348410069389571e-06,1
257,1.0937437082767886e-05,1.158350152607181e-06,-5.261507082767886e-06,1
258,7.916739179966141e-06,1.158350152607181e-06,-3.559749179966141e-06,1
259,3.6659003575454573e-06,1.158350152607181e-06,-1.0489803575454573e-06,0
260,1.228782802227727e-06,1.158350152607181e-06,2.6240719777227295e-07,0
261,4.4263228114716007e-07,1.158350152607181e-06,3.9229371885283985e-07,0
262,4.958292794629672e-07,1.158350152607181e-06,-5.7122794629672165e-09,0
263,1.040452572875518e-06,1.158350152607181e-06,-5.94106572875518e-07,1
264,1.9881590252982752e-06,1.158350152607181e-06,-1.0087080252982752e-06,1
265,4.039317424128957e-06,1.158350152607181e-06,-8.928774241289568e-07,0
266,9.31562941495268e-06,1.158350152607181e-06,2.216058504732038e-08,0
267,1.9961616760258795e-05,1.158350152607181e-06,2.1729832397412047e-06,0
268,3.481820410364331e-05,1.158350152607181e-06,5.445195896356685e-06,1
269,4.871954119294881e-05,1.158350152607181e-06,7.82565880705119e-06,1
270,5.659186571198301e-05,1.158350152607181e-06,5.467534288016987e-06,1
271,5.581776793481647e-05,1.158350152607181e-06,-2.7704679348164736e-06,0
272,4.626127177992539e-05,1.158350152607181e-06,-1.0911371779925392e-05,1
273,3.234226652087185e-05,1.158350152607181e-06,-1.2883466520871849e-05,1
274,2.040331329774331e-05,1.158350152607181e-06,-9.89671329774331e-06,1
275,1.2792920644909289e-05,1.158350152607181e-06,-5.836640644909289e-06,1
276,8.375865271718068e-06,1.158350152607181e-06,-2.4693652717180675e-06,1
277,5.958857590868683e-06,1.158350152607181e-06,-1.821475908686835e-07,0
278,5.32305183587639e-06,1.158350152607181e-06,1.1711081641236093e-06,0
279,7.333712445715054e-06,1.158350152607181e-06,2.2742275542849452e-06,1
280,1.4166861652533317e-05,1.158350152607181e-06,4.202938347466685e-06,1
281,2.857999715657732e-05,1.158350152607181e-06,7.93850284342268e-06,1
282,5.0728313327687295e-05,1.158350152607181e-06,1.1768786672312707e-05,1
283,7.435516833404564e-05,1.158350152607181e-06,9.877831665954353e-06,1
284,8.810793237522907e-05,1.158350152607181e-06,8.321676247709378e-07,0
285,8.34091402426807e-05,1.158350152607181e-06,-7.417340242680696e-06,1
286,6.150041657476385e-05,1.158350152607181e-06,-9.209016574763845e-06,1
287,3.3302458722065786e-05,1.158350152607181e-06,-6.659858722065784e-06,1
288,9.229874674530468e-06,1.158350152607181e-06,-4.4678046745304676e-06,1
289,1.0156651608923032e-05,1.158350152607181e-06,-4.962531608923034e-06,1
290,6.539509896229613e-06,1.158350152607181e-06,-3.019689896229613e-06,1
291,2.6360307445554922e-06,1.158350152607181e-06,-7.903507445554924e-07,0
292,7.538483970543206e-07,1.158350152607181e-06,1.458636029456793e-07,0
293,2.726453340749267e-07,1.158350152607181e-06,1.7478766592507326e-07,0
294,3.934344884049683e-07,1.158350152607181e-06,-1.0883448840496828e-07,0
295,8.901246978636629e-07,1.158350152607181e-06,-4.95364697863663e-07,1
296,2.0217269124832288e-06,1.158350152607181e-06,-7.412369124832288e-07,1
297,5.224550507906814e-06,1.158350152607181e-06,-3.0708050790681453e-07,0
298,1.3567933684237333e-05,1.158350152607181e-06,2.2515663157626673e-06,0
299,2.9483072551520173e-05,1.158350152607181e-06,8.485327448479828e-06,1
300,5.061693193506854e-05,1.158350152607181e-06,1.569206806493145e-05,1
301,6.972024533872822e-05,1.158350152607181e-06,1.6348954661271788e-05,1
302,7.874553005664287e-05,1.158350152607181e-06,6.1682699433571224e-06,1
303,7.252836820026186e-05,1.158350152607181e-06,-8.745368200261864e-06,1
304,5.406426445512466e-05,1.158350152607181e-06,-1.710486445512466e-05,1
305,3.3861032421432475e-05,1.158350152607181e-06,-1.5665332421432476e-05,1
306,1.9509023777050755e-05,1.158350152607181e-06,-9.876463777050755e-06,1
307,1.1329323847548981e-05,1.158350152607181e-06,-4.631983847548982e-06,1
308,7.0031932502926135e-06,1.158350152607181e-06,-1.3186032502926127e-06,0
309,4.944393781827082e-06,1.158350152607181e-06,3.6335621817291837e-07,0
310,4.7633174798257015e-06,1.158350152607181e-06,1.2036125201742985e-06,0
311,7.626326164051512e-06,1.158350152607181e-06,2.111933835948488e-06,0
312,1.672587785338806e-05,1.158350152607181e-06,4.4652221466119395e-06,1
313,3.603108230175836e-05,1.158350152607181e-06,9.53891769824164e-06,1
314,6.589305984705079e-05,1.158350152607181e-06,1.3987840152949205e-05,1
315,9.77402686793604e-05,1.158350152607181e-06,1.029673132063961e-05,0
316,0.0001158350152607181,1.158350152607181e-06,-6.180152607180905e-07,0
317,0.00010854570957002872,1.158350152607181e-06,-8.990009570028723e-06,1
318,7.8087095609926e-05,1.158350152607181e-06,-1.0951095609925993e-05,1
319,4.03955459659302e-05,1.158350152607181e-06,-8.492145965930199e-06,1
320,5.238060019965163e-06,1.158350152607181e-06,-2.4862600199651633e-06,1
321,5.158440247293494e-06,1.158350152607181e-06,-2.484210247293494e-06,1
322,2.930250833064753e-06,1.158350152607181e-06,-1.305550833064753e-06,1
323,1.0151735072213585e-06,1.158350152607181e-06,-2.679205072213585e-07,0
324,2.4322588595787413e-07,1.158350152607181e-06,6.12231140421259e-08,0
325,1.057775964473492e-07,1.158350152607181e-06,2.7840403552650798e-08,0
326,2.333740133537305e-07,1.158350152607181e-06,-1.2327901335373048e-07,1
327,6.427388145447572e-07,1.158350152607181e-06,-3.3818581454475717e-07,1
328,1.90170465093834e-06,1.158350152607181e-06,-3.9176465093834e-07,0
329,5.961112356086358e-06,1.158350152607181e-06,8.274976439136429e-07,0
330,1.6251527257580272e-05,1.158350152607181e-06,6.10977274241973e-06,1
331,3.450210559451782e-05,1.158350152607181e-06,1.6415994405482184e-05,1
332,5.633007948430496e-05,1.158350152607181e-06,2.4424720515695036e-05,1
333,7.224067997369672e-05,1.158350152607181e-06,1.9914820026303276e-05,1
334,7.328433785323389e-05,1.158350152607181e-06,3.893562146766119e-06,0
335,5.8154024788885204e-05,1.158350152607181e-06,-1.0517024788885206e-05,1
336,3.649064215579762e-05,1.158350152607181e-06,-1.4061742155797619e-05,1
337,1.9295118545352094e-05,1.158350152607181e-06,-9.997088545352094e-06,1
338,9.531210307574716e-06,1.158350152607181e-06,-5.001350307574716e-06,1
339,4.862899126851695e-06,1.158350152607181e-06,-1.8095491268516953e-06,1
340,2.815807162005879e-06,1.158350152607181e-06,-2.840171620058788e-07,0
341,2.1773731656362696e-06,1.158350152607181e-06,3.212668343637303e-07,0
342,2.92300072635192e-06,1.158350152607181e-06,6.131692736480799e-07,0
343,6.64600365780083e-06,1.158350152607181e-06,1.2452963421991699e-06,0
344,1.6988257977633238e-05,1.158350152607181e-06,3.709642022366763e-06,1
345,3.798357072743482e-05,1.158350152607181e-06,8.931729272565174e-06,1
346,6.923646655390169e-05,1.158350152607181e-06,1.1817233446098307e-05,1
347,0.00010066545622843644,1.158350152607181e-06,5.2625437715635485e-06,0
348,0.00011488732433292234,1.158350152607181e-06,-6.1403243329223275e-06,0
349,0.00010094892989161447,1.158350152607181e-06,-1.244402989161447e-05,1
350,6.611790440417757e-05,1.158350152607181e-06,-1.2262904404177571e-05,1
351,3.0480846830552336e-05,1.158350152607181e-06,-8.206646830552335e-06,1
352,1.6068630527229109e-06,1.158350152607181e-06,-7.16056052722911e-07,1
353,1.391954064035167e-06,1.158350152607181e-06,-5.944500640351669e-07,0
354,6.854018560553997e-07,1.158350152607181e-06,-2.336348560553997e-07,0
355,2.0153804982386141e-07,1.158350152607181e-06,-1.0944049823861422e-08,0
356,4.16851377103346e-08,1.158350152607181e-06,2.8775362289665397e-08,0
357,3.0707589339968456e-08,1.158350152607181e-06,1.6443106600315488e-09,0
358,1.0276448484411429e-07,1.158350152607181e-06,-5.545278484411429e-08,1
359,3.685689916394346e-07,1.158350152607181e-06,-1.2001499163943462e-07,1
360,1.421439172024692e-06,1.158350152607181e-06,9.402082797530796e-08,0
361,5.015471968854386e-06,1.158350152607181e-06,1.8456780311456147e-06,1
362,1.3644744995895685e-05,1.158350152607181e-06,7.2048550041043164e-06,1
363,2.7200511447666025e-05,1.158350152607181e-06,1.4823988552333972e-05,1
364,4.0163437852376265e-05,1.158350152607181e-06,1.7398262147623736e-05,1
365,4.50141013441198e-05,1.158350152607181e-06,1.00476986558802e-05,1
366,3.847154033049726e-05,1.158350152607181e-06,-1.2396403304972637e-06,0
367,2.4928981762509423e-05,1.158350152607181e-06,-6.915781762509424e-06,1
368,1.2593627696480894e-05,1.158350152607181e-06,-5.979537696480894e-06,1
369,5.398433591503405e-06,1.158350152607181e-06,-3.1714435915034045e-06,1
370,2.209090246350433e-06,1.158350152607181e-06,-1.2523682463504329e-06,1
371,9.817094953388812e-07,1.158350152607181e-06,-3.812954953388812e-07,1
372,5.57565856483326e-07,1.158350152607181e-06,-4.5737856483325936e-08,0
373,5.808863221050117e-07,1.158350152607181e-06,7.997667789498822e-08,0
374,1.385214899775678e-06,1.158350152607181e-06,1.321551002243218e-07,0
375,4.451841304054933e-06,1.158350152607181e-06,3.6917869594506696e-07,0
376,1.2710447727362687e-05,1.158350152607181e-06,1.5014522726373131e-06,0
377,2.8877339506471833e-05,1.158350152607181e-06,3.0893604935281667e-06,1
378,5.14045536620978e-05,1.158350152607181e-06,9.664463379022023e-07,0
379,7.106033638709194e-05,1.158350152607181e-06,-6.951836387091945e-06,1
380,7.466175955770206e-05,1.158350152607181e-06,-1.3936359557702063e-05,1
381,5.818270320649192e-05,1.158350152607181e-06,-1.4119603206491916e-05,1
382,3.280195820595287e-05,1.158350152607181e-06,-9.747358205952869e-06,1
383,1.2852967236461353e-05,1.158350152607181e-06,-4.780567236461352e-06,1
384,2.5610889894157486e-07,1.158350152607181e-06,-8.108789894157487e-08,0
385,1.9259945882511333e-07,1.158350152607181e-06,-4.702645882511333e-08,0
386,8.124034821936951e-08,1.158350152607181e-06,-3.757148219369522e-09,0
387,2.030512725990004e-08,1.158350152607181e-06,1.1842372740099958e-08,0
388,5.191294291123768e-09,1.158350152607181e-06,8.635405708876233e-09,0
389,1.3034654128483418e-08,1.158350152607181e-06,-3.002654128483418e-09,0
390,4.8708986374501766e-08,1.158350152607181e-06,-2.2919986374501766e-08,1
391,1.7916829043564644e-07,1.158350152607181e-06,-1.3813290435646448e-08,0
392,7.507798308118287e-07,1.158350152607181e-06,2.3752616918817134e-07,0
393,2.6598581503026616e-06,1.158350152607181e-06,1.353661849697338e-06,1
394,6.746769171409056e-06,1.158350152607181e-06,3.8040308285909426e-06,1
395,1.204267139712827e-05,1.158350152607181e-06,6.06992860287173e-06,1
396,1.5476800028458183e-05,1.158350152607181e-06,5.2638999715418196e-06,1
397,1.460996977473603e-05,1.158350152607181e-06,1.4880302252639709e-06,0
398,1.0136490365126145e-05,1.158350152607181e-06,-1.5787403651261457e-06,0
399,5.184071462793545e-06,1.158350152607181e-06,-1.9949614627935446e-06,1
400,2.0516780564099603e-06,1.158350152607181e-06,-1.1497660564099604e-06,1
401,7.065818636056881e-07,1.158350152607181e-06,-4.63096863605688e-07,1
402,2.493757724867505e-07,1.158350152607181e-06,-1.583692724867505e-07,1
403,1.0676173492722489e-07,1.158350152607181e-06,-5.148653492722489e-08,1
404,6.927541353367241e-08,1.158350152607181e-06,-8.522913533672412e-09,0
405,1.4472653740090012e-07,1.158350152607181e-06,1.5864625990998723e-09,0
406,6.164366939509479e-07,1.158350152607181e-06,-4.756569395094784e-08,0
407,2.373596644552144e-06,1.158350152607181e-06,-2.0322664455214404e-07,0
408,6.935035751571068e-06,1.158350152607181e-06,-5.745557515710684e-07,0
409,1.5141783708482406e-05,1.158350152607181e-06,-1.8613837084824067e-06,0
410,2.4982005565027452e-05,1.158350152607181e-06,-5.1885055650274525e-06,1
411,3.10431358961593e-05,1.158350152607181e-06,-9.232435896159302e-06,1
412,2.841403370317889e-05,1.158350152607181e-06,-1.0219233703178888e-05,1
413,1.8743502948170904e-05,1.158350152607181e-06,-7.452302948170904e-06,1
414,8.778231835949167e-06,1.158350152607181e-06,-3.812151835949167e-06,1
415,2.8422280917612764e-06,1.158350152607181e-06,-1.3712480917612765e-06,1
416,1.9481482806838103e-08,1.158350152607181e-06,-1.0638828068381048e-09,0
417,1.256686598533448e-08,1.158350152607181e-06,8.235340146655202e-10,0
418,4.4896583571836156e-09,1.158350152607181e-06,2.089271642816385e-09,0
419,1.1000468650878914e-09,1.158350152607181e-06,1.8960131349121083e-09,0
420,1.6678969205427053e-09,1.158350152607181e-06,4.120230794572947e-10,0
421,7.138406975811735e-09,1.158350152607181e-06,-3.822696975811735e-09,0
422,2.0147409036409665e-08,1.158350152607181e-06,-8.925809036409664e-09,0
423,6.102616030966423e-08,1.158350152607181e-06,7.701939690335772e-09,0
424,2.4143403496289984e-07,1.158350152607181e-06,1.1692896503710018e-07,0
425,7.802390816954782e-07,1.158350152607181e-06,4.5242091830452186e-07,1
426,1.7347375737019816e-06,1.158350152607181e-06,9.90492426298018e-07,1
427,2.6709104016974936e-06,1.158350152607181e-06,1.2270195983025064e-06,1
428,2.914628124784492e-06,1.158350152607181e-06,7.412118752155082e-07,0
429,2.2607174978576463e-06,1.158350152607181e-06,1.5822502142354067e-08,0
430,1.2386242011902814e-06,1.158350152607181e-06,-2.842632011902815e-07,0
431,4.883627097913435e-07,1.158350152607181e-06,-2.0975670979134346e-07,1
432,1.5018128260522678e-07,1.158350152607181e-06,-8.888618260522678e-08,1
433,4.268715032119971e-08,1.158350152607181e-06,-2.962075032119971e-08,1
434,1.4752200347897618e-08,1.158350152607181e-06,-9.845710347897618e-09,1
435,7.674612515830994e-09,1.158350152607181e-06,-3.798352515830994e-09,0
436,1.1562413826205442e-08,1.158350152607181e-06,-3.5109838262054414e-09,0
437,6.212860248966683e-08,1.158350152607181e-06,-2.3297102489666835e-08,0
438,3.1083942911053943e-07,1.158350152607181e-06,-1.1933942911053944e-07,0
439,1.1126771967790838e-06,1.158350152607181e-06,-4.016801967790838e-07,1
440,2.834436310148084e-06,1.158350152607181e-06,-9.842963101480838e-07,1
441,5.291525781950378e-06,1.158350152607181e-06,-1.935025781950378e-06,1
442,7.446483677618622e-06,1.158350152607181e-06,-3.1058836776186214e-06,1
443,7.855095103676528e-06,1.158350152607181e-06,-3.7338251036765284e-06,1
444,6.006231777092265e-06,1.158350152607181e-06,-3.0979617770922656e-06,1
445,3.2463571180817993e-06,1.158350152607181e-06,-1.7466271180817995e-06,1
446,1.23308488935217e-06,1.158350152607181e-06,-6.860758893521701e-07,1
447,3.2503715716156594e-07,1.158350152607181e-06,-1.8762615716156595e-07,1
448,5.481526865608292e-10,1.158350152607181e-06,1.6728731343917086e-10,0
449,2.926671769537756e-10,1.158350152607181e-06,1.314478230462244e-10,0
450,8.871106590388995e-11,1.158350152607181e-06,1.0305693409611006e-10,0
451,6.917726236395609e-11,1.158350152607181e-06,5.0627737636043914e-11,0
452,3.8581944070086786e-10,1.158350152607181e-06,-1.4767244070086784e-10,0
453,1.3850723098153295e-09,1.158350152607181e-06,-6.445593098153295e-10,0
454,3.3283187474085527e-09,1.158350152607181e-06,9.074125259144728e-11,0
455,1.0839608328138491e-08,1.158350152607181e-06,7.526191671861508e-09,0
456,4.399223576957084e-08,1.158350152607181e-06,3.097496423042916e-08,0
457,1.2836260743140502e-07,1.158350152607181e-06,8.083439256859497e-08,0
458,2.444088385712877e-07,1.158350152607181e-06,1.3961616142871236e-07,0
459,3.154253075147911e-07,1.158350152607181e-06,1.423326924852089e-07,0
460,2.832881762116616e-07,1.158350152607181e-06,7.264782378833843e-08,0
461,1.7426097922259484e-07,1.158350152607181e-06,7.337020777405173e-09,0
462,7.221370867607487e-08,1.158350152607181e-06,-1.0268908676074866e-08,0
463,2.092145738777896e-08,1.158350152607181e-06,-6.153257387778959e-09,0
464,4.8129684077151265e-09,1.158350152607181e-06,-2.2519384077151263e-09,0
465,1.1288096559458541e-09,1.158350152607181e-06,-6.664926559458541e-10,1
466,4.261111432368512e-10,1.158350152607181e-06,-1.823911432368512e-10,0
467,6.267544131554314e-10,1.158350152607181e-06,-3.1700341315543144e-10,0
468,5.003981012963438e-09,1.158350152607181e-06,-3.2904710129634385e-09,1
469,3.485702614974622e-08,1.158350152607181e-06,-2.335962614974622e-08,1
470,1.5378009455286729e-07,1.158350152607181e-06,-9.978489455286729e-08,1
471,4.3873400129686797e-07,1.158350152607181e-06,-2.67912001296868e-07,1
472,8.480168562720831e-07,1.158350152607181e-06,-4.808748562720831e-07,1
473,1.1925610511729149e-06,1.158350152607181e-06,-6.433170511729149e-07,1
474,1.3078922620506622e-06,1.158350152607181e-06,-7.181042620506622e-07,1
475,1.1153150236824992e-06,1.158350152607181e-06,-6.512200236824992e-07,1
476,6.968276408244398e-07,1.158350152607181e-06,-4.2944164082443975e-07,1
477,3.0905672738363126e-07,1.158350152607181e-06,-1.9802572738363127e-07,1
478,9.792533575629794e-08,1.158350152607181e-06,-6.499813575629794e-08,1
479,2.181631005291565e-08,1.158350152607181e-06,-1.4884360052915652e-08,1
480,4.414427240093716e-12,1.158350152607181e-06,2.850032759906284e-12,0
481,1.9031326125128137e-12,1.158350152607181e-06,1.5036973874871866e-12,0
482,7.940881302229741e-13,1.158350152607181e-06,1.0176218697770256e-12,0
483,4.115964268452207e-12,1.158350152607181e-06,1.1821573154779313e-13,0
484,2.260916479478203e-11,1.158350152607181e-06,4.284352052179686e-13,0
485,6.865005195989374e-11,1.158350152607181e-06,9.086194804010625e-11,0
486,1.959447442624593e-10,1.158350152607181e-06,7.813042557375405e-10,0
487,9.645575591173639e-10,1.158350152607181e-06,3.0873324408826357e-09,1
488,4.178119758149381e-09,1.158350152607181e-06,7.642680241850619e-09,0
489,1.116614958041198e-08,1.158350152607181e-06,1.4857050419588022e-08,0
490,1.8346917822384297e-08,1.158350152607181e-06,2.24616821776157e-08,0
491,1.9680599207086917e-08,1.158350152607181e-06,2.246450079291308e-08,0
492,1.4275151981787777e-08,1.158350152607181e-06,1.4028148018212225e-08,0
493,6.809865644767772e-09,1.158350152607181e-06,6.08623435523223e-09,0
494,2.062646546232852e-09,1.158350152607181e-06,2.222503453767148e-09,0
495,4.0982332109954797e-10,1.158350152607181e-06,6.114866789004521e-10,0
496,6.297525262150523e-11,1.158350152607181e-06,8.991574737849478e-11,0
497,1.3525226035368199e-11,1.158350152607181e-06,6.0724739646318005e-12,0
498,3.2316734736922276e-11,1.158350152607181e-06,-1.7308934736922275e-11,0
499,3.675105263520828e-10,1.158350152607181e-06,-2.828164263520828e-10,1
500,3.3187085674041497e-09,1.158350152607181e-06,-2.6227505674041494e-09,1
501,1.7591351259702344e-08,1.158350152607181e-06,-1.3719641259702344e-08,1
502,5.612914982054279e-08,1.158350152607181e-06,-4.2016949820542785e-08,1
503,1.1543182955412865e-07,1.158350152607181e-06,-8.113372955412865e-08,1
504,1.6303784498656206e-07,1.158350152607181e-06,-1.0599044498656206e-07,1
505,1.6970259379612296e-07,1.158350152607181e-06,-1.0275289379612296e-07,1
506,1.3847377378676017e-07,1.158350152607181e-06,-8.117357378676017e-08,1
507,8.89177203948319e-08,1.158350152607181e-06,-5.29056203948319e-08,1
508,4.4926646052176186e-08,1.158350152607181e-06,-2.8807946052176186e-08,1
509,1.876459781169696e-08,1.158350152607181e-06,-1.3687677811696959e-08,1
510,6.197448637521614e-09,1.158350152607181e-06,-5.014288637521614e-09,1
511,1.3497501471124238e-09,1.158350152607181e-06,-1.1425001471124237e-09,1
512,8.870768235075078e-15,1.158350152607181e-06,3.1330792317649248e-12,0
513,3.3974526575727372e-15,1.158350152607181e-06,1.687230254734243e-11,0
514,7.93338081332433e-15,1.158350152607181e-06,5.725886661918668e-11,0
515,6.631281200402971e-14,1.158350152607181e-06,1.3868168718799595e-10,0
516,3.038643153889862e-13,1.158350152607181e-06,2.61689135684611e-10,0
517,9.841481440671552e-13,1.158350152607181e-06,4.798678518559328e-10,0
518,5.519441453234614e-12,1.158350152607181e-06,1.4946505585467657e-09,0
519,3.68308987348224e-11,1.158350152607181e-06,4.830209101265177e-09,0
520,1.5321763111790374e-10,1.158350152607181e-06,9.729822368882097e-09,0
521,3.640677327366422e-10,1.158350152607181e-06,1.2466432267263359e-08,0
522,5.124304305467081e-10,1.158350152607181e-06,1.0616869569453292e-08,0
523,4.583814981541932e-10,1.158350152607181e-06,5.830438501845806e-09,0
524,2.705661843572802e-10,1.158350152607181e-06,2.2756738156427193e-09,0
525,1.0146554208234395e-10,1.158350152607181e-06,8.61119457917656e-10,0
526,2.3311622848236622e-11,1.158350152607181e-06,3.1274637715176345e-10,0
527,6.228419710172958e-12,1.158350152607181e-06,9.673858028982705e-11,0
528,2.696373535567876e-11,1.158350152607181e-06,9.381526464432122e-11,0
529,1.6923718362039537e-10,1.158350152607181e-06,9.725481637960462e-11,0
530,6.765480404125262e-10,1.158350152607181e-06,-1.9470004041252617e-10,0
531,2.3103749891447687e-09,1.158350152607181e-06,-9.460149891447687e-10,0
532,7.965485404345763e-09,1.158350152607181e-06,-3.2369854043457635e-09,0
533,2.0143261413763588e-08,1.158350152607181e-06,-9.143861413763588e-09,0
534,3.174807056847922e-08,1.158350152607181e-06,-1.5567570568479217e-08,1
535,3.3113870695065535e-08,1.158350152607181e-06,-1.5644970695065535e-08,1
536,2.601607771279456e-08,1.158350152607181e-06,-1.0463577712794561e-08,1
537,1.7247280026971076e-08,1.158350152607181e-06,-5.900180026971075e-09,0
538,9.711027129341496e-09,1.158350152607181e-06,-3.345877129341497e-09,0
539,4.309441821215674e-09,1.158350152607181e-06,-1.7868218212156743e-09,1
540,1.7413154175654054e-09,1.158350152607181e-06,-1.0469254175654053e-09,1
541,7.760322803400596e-10,1.158350152607181e-06,-6.326722803400596e-10,1
542,2.7271237921506504e-10,1.158350152607181e-06,-2.4722607921506505e-10,1
543,5.44575730782899e-11,1.158350152607181e-06,-4.9538623078289896e-11,1
544,4.789639342571802e-18,1.158350152607181e-06,2.9177399521036064e-10,0
545,3.138892709938862e-17,1.158350152607181e-06,1.0959399686110729e-09,0
546,7.663979828448631e-16,1.158350152607181e-06,2.6720692336020175e-09,0
547,1.0223127831274245e-14,1.158350152607181e-06,4.513179776872169e-09,0
548,7.292072823123678e-14,1.158350152607181e-06,5.372127079271769e-09,0
549,2.9625775236990396e-13,1.158350152607181e-06,5.17082374224763e-09,1
550,7.906556396232188e-13,1.158350152607181e-06,6.852239344360377e-09,0
551,1.647987164708273e-12,1.158350152607181e-06,1.247925201283529e-08,0
552,2.8896655045158734e-12,1.158350152607181e-06,1.7058310334495484e-08,0
553,4.060285117965514e-12,1.158350152607181e-06,1.5054039714882036e-08,0
554,4.175482095630015e-12,1.158350152607181e-06,8.532244517904369e-09,0
555,3.09165403930016e-12,1.158350152607181e-06,3.0386183459607e-09,0
556,2.9038545160163805e-12,1.158350152607181e-06,7.650261454839836e-10,0
557,1.3593058924708609e-11,1.158350152607181e-06,3.744539410752914e-10,0
558,7.013576326258021e-11,1.158350152607181e-06,6.551412367374197e-10,0
559,2.575713377052511e-10,1.158350152607181e-06,1.7553486622947491e-09,0
560,9.736963376982702e-10,1.158350152607181e-06,3.9622836623017296e-09,0
561,3.780788254585811e-09,1.158350152607181e-06,5.041451745414189e-09,0
562,1.1180638756688385e-08,1.158350152607181e-06,3.6181612433116134e-09,0
563,2.567881152947229e-08,1.158350152607181e-06,6.413388470527716e-09,0
564,5.0469362869662256e-08,1.158350152607181e-06,1.4290537130337744e-08,0
565,7.407509039731621e-08,1.158350152607181e-06,1.3190009602683801e-08,0
566,7.013508653707218e-08,1.158350152607181e-06,5.154413462927815e-09,0
567,4.306739399767733e-08,1.158350152607181e-06,4.497906002322678e-09,0
568,1.8075565469451318e-08,1.158350152607181e-06,8.591834530548687e-09,0
569,5.086078806873853e-09,1.158350152607181e-06,9.131621193126146e-09,0
570,9.649921567131735e-10,1.158350152607181e-06,5.6130278432868265e-09,0
571,1.5345982376690152e-10,1.158350152607181e-06,2.347980176233099e-09,0
572,3.318853638092995e-11,1.158350152607181e-06,7.894124636190702e-10,0
573,1.224060022119983e-11,1.158350152607181e-06,2.4457839977880017e-10,0
574,3.7363934024458514e-12,1.158350152607181e-06,1.568016065975541e-10,0
575,6.186472335344399e-13,1.158350152607181e-06,1.6490535276646556e-10,0
576,4.548875228735646e-16,1.158350152607181e-06,6.994619545112478e-09,1
577,1.680668069409709e-14,1.158350152607181e-06,2.1088983193319308e-08,1
578,3.3129159281734564e-13,1.158350152607181e-06,4.193586870840719e-08,1
579,3.480435172176636e-12,1.158350152607181e-06,5.701111956482783e-08,1
580,1.9752571296986608e-11,1.158350152607181e-06,5.442784742870301e-08,1
581,6.346169448319243e-11,1.158350152607181e-06,4.1405238305516806e-08,1
582,1.255133313488973e-10,1.158350152607181e-06,3.2858286668651105e-08,0
583,1.622492269507108e-10,1.158350152607181e-06,3.1506550773049286e-08,0
584,1.319229089093825e-10,1.158350152607181e-06,2.908167709109062e-08,0
585,6.25396656813665e-11,1.158350152607181e-06,2.1378360334318634e-08,0
586,2.0331202740337952e-11,1.158350152607181e-06,1.2191568797259662e-08,0
587,2.730629084269934e-11,1.158350152607181e-06,6.1154637091573016e-09,0
588,1.612565714170845e-10,1.158350152607181e-06,4.799513428582916e-09,0
589,9.264093829784188e-10,1.158350152607181e-06,7.857910617021582e-09,0
590,3.7419579852189686e-09,1.158350152607181e-06,1.693564201478103e-08,0
591,1.0475090245762987e-08,1.158350152607181e-06,3.662270975423702e-08,0
592,2.4509949202413203e-08,1.158350152607181e-06,6.39215507975868e-08,0
593,5.706538804630289e-08,1.158350152607181e-06,8.14706119536971e-08,0
594,1.253942607619735e-07,1.158350152607181e-06,9.77107392380265e-08,0
595,2.2693197474312476e-07,1.158350152607181e-06,1.5265502525687523e-07,0
596,3.057435207253048e-07,1.158350152607181e-06,2.1553147927469516e-07,0
597,2.849800998755498e-07,1.158350152607181e-06,2.0328090012445014e-07,0
598,1.7393592481535886e-07,1.158350152607181e-06,1.3396007518464114e-07,0
599,6.752272353423487e-08,1.158350152607181e-06,8.016327646576512e-08,0
600,1.6635412893816075e-08,1.158350152607181e-06,5.196858710618392e-08,0
601,2.616333856763172e-09,1.158350152607181e-06,3.2811666143236834e-08,0
602,2.771407951917556e-10,1.158350152607181e-06,1.860345920480824e-08,0
603,2.7868630712235773e-11,1.158350152607181e-06,9.203891369287763e-09,0
604,4.05064589827834e-12,1.158350152607181e-06,4.081539354101722e-09,0
605,1.2048515399812924e-12,1.158350152607181e-06,2.9532251484600187e-09,0
606,7.421831056346563e-13,1.158350152607181e-06,4.074677816894365e-09,0
607,3.123234586700301e-13,1.158350152607181e-06,4.500597676541329e-09,0
608,9.934470813742787e-14,1.158350152607181e-06,8.233570065529186e-08,1
609,2.660888411405936e-12,1.158350152607181e-06,2.1936733911158862e-07,1
610,3.8844389886023526e-11,1.158350152607181e-06,3.7578315561011397e-07,1
611,3.1103623903419983e-10,1.158350152607181e-06,4.3329096376096575e-07,1
612,1.3851573749040413e-09,1.158350152607181e-06,3.5678284262509595e-07,1
613,3.5533408236085795e-09,1.158350152607181e-06,2.3103065917639141e-07,1
614,5.563757008030126e-09,1.158350152607181e-06,1.3365824299196986e-07,0
615,5.565010575965851e-09,1.158350152607181e-06,7.963228942403415e-08,0
616,3.5543083877827667e-09,1.158350152607181e-06,5.0800091612217234e-08,0
617,1.5216623765442038e-09,1.158350152607181e-06,3.37982376234558e-08,0
618,8.092134690017843e-10,1.158350152607181e-06,2.7252586530998214e-08,0
619,1.8236770727484877e-09,1.158350152607181e-06,3.350552292725151e-08,0
620,7.371557778947851e-09,1.158350152607181e-06,5.6901142221052154e-08,0
621,2.8078314738268996e-08,1.158350152607181e-06,1.0612168526173101e-07,1
622,8.406085182484917e-08,1.158350152607181e-06,1.9034414817515083e-07,0
623,1.9225719981419208e-07,1.158350152607181e-06,3.106558001858079e-07,0
624,3.6910161399714864e-07,1.158350152607181e-06,4.2940038600285137e-07,0
625,6.571738847536682e-07,1.158350152607181e-06,4.913561152463317e-07,0
626,1.073586452904001e-06,1.158350152607181e-06,5.61403547095999e-07,0
627,1.4424873789502692e-06,1.158350152607181e-06,6.994526210497308e-07,0
628,1.4205232014680789e-06,1.158350152607181e-06,7.405467985319211e-07,0
629,9.613226817235923e-07,1.158350152607181e-06,5.592573182764077e-07,0
630,4.3306974090481283e-07,1.158350152607181e-06,3.310582590951872e-07,0
631,1.2612160188166982e-07,1.158350152607181e-06,2.086693981183302e-07,0
632,2.3900508091942404e-08,1.158350152607181e-06,1.4537049190805759e-07,0
633,4.09450489168628e-09,1.158350152607181e-06,9.836949510831371e-08,0
634,1.227710531944192e-09,1.158350152607181e-06,6.26930894680558e-08,0
635,3.995983068899937e-10,1.158350152607181e-06,3.6622001693110007e-08,0
636,1.4408475377521168e-10,1.158350152607181e-06,2.6506315246224792e-08,0
637,1.1180079291935915e-10,1.158350152607181e-06,3.727009920708065e-08,0
638,7.358773372531074e-11,1.158350152607181e-06,5.7306812266274685e-08,0
639,2.54900626764314e-11,1.158350152607181e-06,5.996520993732356e-08,0
640,6.174596284819486e-12,1.158350152607181e-06,5.452058254037152e-07,1
641,1.1914557667877294e-10,1.158350152607181e-06,1.2312408544233214e-06,1
642,1.276811665129769e-09,1.158350152607181e-06,1.7600831883348701e-06,1
643,7.745051475495195e-09,1.158350152607181e-06,1.7011449485245047e-06,1
644,2.707657637839688e-08,1.158350152607181e-06,1.185753423621603e-06,1
645,5.588365278126287e-08,1.158350152607181e-06,6.31316347218737e-07,1
646,7.045627862671847e-08,1.158350152607181e-06,2.7435472137328153e-07,0
647,5.669556074766002e-08,1.158350152607181e-06,1.1551343925233998e-07,0
648,3.192227521917337e-08,1.158350152607181e-06,6.577782478082665e-08,0
649,1.6893601397854268e-08,1.158350152607181e-06,6.452899860214574e-08,0
650,1.6383304130217647e-08,1.158350152607181e-06,1.1044769586978236e-07,0
651,3.919684532378107e-08,1.158350152607181e-06,2.2434915467621893e-07,0
652,1.2434462146922578e-07,1.158350152607181e-06,4.1705837853077424e-07,1
653,3.617028145759753e-07,1.158350152607181e-06,6.739971854240246e-07,1
654,8.44714408058059e-07,1.158350152607181e-06,9.59805591941941e-07,1
655,1.5757207199335359e-06,1.158350152607181e-06,1.2506192800664643e-06,0
656,2.5255206964369385e-06,1.158350152607181e-06,1.4030693035630616e-06,0
657,3.6628953096711295e-06,1.158350152607181e-06,1.2500946903288708e-06,0
658,4.655200921403255e-06,1.158350152607181e-06,1.0194790785967456e-06,0
659,4.770104402546808e-06,1.158350152607181e-06,9.357155974531922e-07,0
660,3.638926326143445e-06,1.158350152607181e-06,7.947136738565554e-07,0
661,1.960246775153717e-06,1.158350152607181e-06,5.44203224846283e-07,0
662,7.225667186091608e-07,1.158350152607181e-06,4.057332813908392e-07,0
663,1.847571306127329e-07,1.158350152607181e-06,3.637708693872672e-07,0
664,4.3623624290666403e-08,1.158350152607181e-06,3.052083757093336e-07,0
665,1.771864515810577e-08,1.158350152607181e-06,2.3728535484189422e-07,0
666,8.501149017942349e-09,1.158350152607181e-06,1.7812285098205767e-07,0
667,3.833906537965301e-09,1.158350152607181e-06,1.3913209346203469e-07,0
668,3.1710096542673752e-09,1.158350152607181e-06,1.683279903457326e-07,1
669,3.002296245038747e-09,1.158350152607181e-06,2.9324470375496127e-07,0
670,1.6465452443137998e-09,1.158350152607181e-06,4.130304547556862e-07,0
671,4.5713937648584664e-10,1.158350152607181e-06,3.6638986062351414e-07,1
672,1.1372931399257114e-10,1.158350152607181e-06,1.6992262706860077e-06,1
673,1.622772977092667e-09,1.158350152607181e-06,3.214077227022907e-06,1
674,1.3060502402786157e-08,1.158350152607181e-06,3.8756994975972135e-06,1
675,6.12173924954986e-08,1.158350152607181e-06,3.2009726075045015e-06,1
676,1.7066313978882775e-07,1.158350152607181e-06,1.872536860211172e-06,1
677,2.870427667025561e-07,1.158350152607181e-06,7.490072332974439e-07,0
678,2.9910854132450784e-07,1.158350152607181e-06,1.6946745867549214e-07,0
679,2.099192902579953e-07,1.158350152607181e-06,9.903709742004684e-09,0
680,1.251182398478561e-07,1.158350152607181e-06,2.723176015214389e-08,0
681,9.369065202976589e-08,1.158350152607181e-06,1.3282234797023409e-07,0
682,1.2911207736350873e-07,1.158350152607181e-06,3.753439226364912e-07,0
683,3.0535871838449476e-07,1.158350152607181e-06,7.940212816155051e-07,1
684,8.150287205345e-07,1.158350152607181e-06,1.3424912794655002e-06,1
685,1.9503631002101416e-06,1.158350152607181e-06,1.8411068997898584e-06,1
686,3.7782574307858004e-06,1.158350152607181e-06,2.1842225692142e-06,1
687,5.9148044608690975e-06,1.158350152607181e-06,2.410455539130903e-06,0
688,7.915546609047385e-06,1.158350152607181e-06,2.1404533909526145e-06,0
689,9.373526036250664e-06,1.158350152607181e-06,1.1185739637493365e-06,0
690,9.506041977889008e-06,1.158350152607181e-06,1.4422802211099143e-07,0
691,7.733903439772671e-06,1.158350152607181e-06,-1.6529343977266976e-07,0
692,4.799756536706648e-06,1.158350152607181e-06,-1.1637653670664811e-07,0
693,2.2212776335136195e-06,1.158350152607181e-06,5.170236648638048e-08,0
694,7.733972823641919e-07,1.158350152607181e-06,2.8495271763580805e-07,0
695,2.2406296902221728e-07,1.158350152607181e-06,4.3369803097778267e-07,0
696,8.002289515890992e-08,1.158350152607181e-06,4.523101048410901e-07,0
697,4.3823177437960174e-08,1.158350152607181e-06,4.1886282256203987e-07,0
698,2.5752284807428293e-08,1.158350152607181e-06,3.729907151925717e-07,0
699,2.021987647345141e-08,1.158350152607181e-06,3.8703512352654855e-07,0
700,2.289270398315576e-08,1.158350152607181e-06,6.232432960168444e-07,1
701,1.9042948866085733e-08,1.158350152607181e-06,1.0587770511339144e-06,1
702,8.53185938356761e-09,1.158350152607181e-06,1.2800981406164323e-06,1
703,1.960061435542246e-09,1.158350152607181e-06,9.680019385644578e-07,1
704,6.555260884730643e-10,1.158350152607181e-06,2.408834473911527e-06,1
705,7.4108633355480045e-09,1.158350152607181e-06,3.946449136664451e-06,1
706,4.905509518930074e-08,1.158350152607181e-06,4.2334849048107e-06,1
707,1.9291382007727962e-07,1.158350152607181e-06,3.1381261799227207e-06,1
708,4.5232360492075596e-07,1.158350152607181e-06,1.5223263950792443e-06,1
709,6.364366325604057e-07,1.158350152607181e-06,3.082943674395943e-07,0
710,5.608474953207314e-07,1.158350152607181e-06,-1.5521049532073138e-07,0
711,3.5797801795669453e-07,1.158350152607181e-06,-1.4642601795669452e-07,0
712,2.309409097749488e-07,1.158350152607181e-06,-5.940909774948803e-09,0
713,2.2959130482436227e-07,1.158350152607181e-06,2.3018869517563774e-07,0
714,4.1311631866333963e-07,1.158350152607181e-06,6.352336813366602e-07,1
715,9.89525691626604e-07,1.158350152607181e-06,1.1929743083733959e-06,1
716,2.3534941171196893e-06,1.158350152607181e-06,1.6807858828803115e-06,1
717,4.826924180466739e-06,1.158350152607181e-06,1.8403358195332619e-06,1
718,8.042388282004863e-06,1.158350152607181e-06,1.8950517179951358e-06,0
719,1.0908259316409806e-05,1.158350152607181e-06,1.9586406835901944e-06,0
720,1.240289089509592e-05,1.158350152607181e-06,1.3690091049040814e-06,0
721,1.2015537475601295e-05,1.158350152607181e-06,1.8196252439870446e-07,0
722,9.73010295339962e-06,1.158350152607181e-06,-5.148929533996201e-07,0
723,6.379262965780149e-06,1.158350152607181e-06,-5.31792965780149e-07,0
724,3.376418393586897e-06,1.158350152607181e-06,-3.9179839358689705e-07,0
725,1.5041873464111049e-06,1.158350152607181e-06,-1.940673464111048e-07,0
726,5.962373925480512e-07,1.158350152607181e-06,8.950760745194884e-08,0
727,2.318158415262389e-07,1.158350152607181e-06,3.2051515847376106e-07,0
728,1.1547367607296741e-07,1.158350152607181e-06,4.275753239270326e-07,0
729,7.245700132638313e-08,1.158350152607181e-06,4.621759986736169e-07,0
730,4.8596631295963516e-08,1.158350152607181e-06,4.856653687040365e-07,0
731,4.7620478575870965e-08,1.158350152607181e-06,6.484205214241291e-07,1
732,5.400701115405798e-08,1.158350152607181e-06,1.111632988845942e-06,1
733,4.030285187543873e-08,1.158350152607181e-06,1.6627071481245611e-06,1
734,1.7076692058036943e-08,1.158350152607181e-06,1.7470633079419633e-06,1
735,4.232818717571541e-09,1.158350152607181e-06,1.1778271812824285e-06,1
736,2.2023314426296866e-09,1.158350152607181e-06,1.7913876685573704e-06,1
737,1.732704150977472e-08,1.158350152607181e-06,2.7122529584902246e-06,1
738,9.604133465753722e-08,1.158350152607181e-06,2.779368665342463e-06,1
739,3.343212381380972e-07,1.158350152607181e-06,1.9104887618619026e-06,1
740,6.923919412873111e-07,1.158350152607181e-06,6.38608058712689e-07,0
741,8.537277359577306e-07,1.158350152607181e-06,-2.3020773595773066e-07,0
742,6.575946391841277e-07,1.158350152607181e-06,-3.8193063918412767e-07,1
743,3.6841748743618814e-07,1.158350152607181e-06,-1.9149848743618814e-07,0
744,2.3011766695502147e-07,1.158350152607181e-06,8.697333044978514e-09,0
745,2.714583636646283e-07,1.158350152607181e-06,2.2395663633537166e-07,0
746,5.531781438135107e-07,1.158350152607181e-06,5.173218561864892e-07,1
747,1.3584669269115678e-06,1.158350152607181e-06,7.741630730884323e-07,1
748,3.123747756974824e-06,1.158350152607181e-06,7.254222430251761e-07,0
749,5.955740506516996e-06,1.158350152607181e-06,5.427794934830038e-07,0
750,9.144452891859778e-06,1.158350152607181e-06,7.98617108140223e-07,0
751,1.1269168977145852e-05,1.158350152607181e-06,1.1952310228541481e-06,0
752,1.121725013863202e-05,1.158350152607181e-06,8.488498613679788e-07,0
753,9.13742295221992e-06,1.158350152607181e-06,1.0354704778008011e-07,0
754,6.124630550183925e-06,1.158350152607181e-06,-2.2459055018392406e-07,0
755,3.4494562400137772e-06,1.158350152607181e-06,-3.195162400137771e-07,0
756,1.7465744679499931e-06,1.158350152607181e-06,-3.991844679499932e-07,1
757,8.755319031360388e-07,1.158350152607181e-06,-3.3425290313603885e-07,1
758,4.524478718909986e-07,1.158350152607181e-06,-1.3157687189099856e-07,0
759,2.432893294848571e-07,1.158350152607181e-06,7.113567051514289e-08,0
760,1.461598388091354e-07,1.158350152607181e-06,2.077801611908646e-07,0
761,9.009408637183825e-08,1.158350152607181e-06,3.0837891362816174e-07,0
762,6.571572058076316e-08,1.158350152607181e-06,4.173412794192369e-07,0
763,8.404331870850289e-08,1.158350152607181e-06,6.312926812914972e-07,1
764,1.0298492590570606e-07,1.158350152607181e-06,1.016275074094294e-06,1
765,7.965868096249398e-08,1.158350152607181e-06,1.3673313190375058e-06,1
766,3.678319029930341e-08,1.158350152607181e-06,1.3255468097006967e-06,1
767,1.0098496633390474e-08,1.158350152607181e-06,8.420295033666095e-07,1
768,8.663574887389515e-09,1.158350152607181e-06,9.612824251126106e-07,1
769,4.0242807392015967e-08,1.158350152607181e-06,1.452647192607984e-06,1
770,1.5332055478372234e-07,1.158350152607181e-06,1.4626894452162775e-06,1
771,4.216842393853413e-07,1.158350152607181e-06,8.608057606146586e-07,0
772,7.415684488855719e-07,1.158350152607181e-06,1.8099551114428165e-08,0
773,8.031789309590793e-07,1.158350152607181e-06,-4.4075093095907927e-07,1
774,5.457020969649559e-07,1.158350152607181e-06,-3.7228809696495596e-07,1
775,2.608604906593113e-07,1.158350152607181e-06,-1.4108449065931128e-07,0
776,1.351522376306648e-07,1.158350152607181e-06,1.6485762369335207e-08,0
777,1.5081829568861283e-07,1.158350152607181e-06,1.2842770431138718e-07,0
778,3.3260049210039525e-07,1.158350152607181e-06,2.434095078996048e-07,1
779,9.180184089412785e-07,1.158350152607181e-06,2.660615910587214e-07,0
780,2.273308532072486e-06,1.158350152607181e-06,1.1574146792751397e-07,0
781,4.456637895389748e-06,1.158350152607181e-06,9.760210461025223e-08,0
782,6.73965175844895e-06,1.158350152607181e-06,4.5652824155105004e-07,0
783,7.83253849016287e-06,1.158350152607181e-06,6.137215098371317e-07,0
784,7.131726222235753e-06,1.158350152607181e-06,8.500377776424699e-08,0
785,5.221119652120848e-06,1.158350152607181e-06,-4.713296521208475e-07,0
786,3.136798720490828e-06,1.158350152607181e-06,-5.557087204908275e-07,0
787,1.6406937532392442e-06,1.158350152607181e-06,-4.696137532392442e-07,1
788,8.355137332552656e-07,1.158350152607181e-06,-3.886217332552656e-07,1
789,4.763691239082589e-07,1.158350152607181e-06,-2.9694012390825885e-07,1
790,3.1327842297055963e-07,1.158350152607181e-06,-1.9020142297055962e-07,1
791,2.1269902176514295e-07,1.158350152607181e-06,-7.958902176514295e-08,0
792,1.3923473510206986e-07,1.158350152607181e-06,2.751826489793015e-08,0
793,8.623778639796825e-08,1.158350152607181e-06,1.3818421360203176e-07,0
794,8.344049449485358e-08,1.158350152607181e-06,2.408105055051464e-07,0
795,1.3045909605681277e-07,1.158350152607181e-06,3.706669039431873e-07,0
796,1.5457004942421597e-07,1.158350152607181e-06,5.78298950575784e-07,0
797,1.1127346536302166e-07,1.158350152607181e-06,7.676265346369783e-07,1
798,4.785932547273287e-08,1.158350152607181e-06,7.437146745272672e-07,1
799,1.2673518891618854e-08,1.158350152607181e-06,4.722254811083811e-07,1
800,1.6638452171225e-08,1.158350152607181e-06,5.961485478287751e-07,1
801,6.546335262051899e-08,1.158350152607181e-06,9.008086473794811e-07,1
802,2.0264300679105367e-07,1.158350152607181e-06,8.284169932089464e-07,1
803,4.491280781286509e-07,1.158350152607181e-06,3.3088492187134906e-07,0
804,6.604709264777231e-07,1.158350152607181e-06,-2.2444492647772313e-07,0
805,6.303301685921828e-07,1.158350152607181e-06,-4.3313016859218285e-07,1
806,4.009244201928225e-07,1.158350152607181e-06,-3.079143201928225e-07,1
807,1.828140578831089e-07,1.158350152607181e-06,-1.161264578831089e-07,1
808,7.019379815895845e-08,1.158350152607181e-06,5.433001841041562e-09,0
809,5.322150090380076e-08,1.158350152607181e-06,6.575549909619924e-08,0
810,1.5113059203250484e-07,1.158350152607181e-06,8.969840796749515e-08,0
811,5.163924417313315e-07,1.158350152607181e-06,3.8936558268668486e-08,0
812,1.3853419461758076e-06,1.158350152607181e-06,-9.533194617580763e-08,0
813,2.7312699177201915e-06,1.158350152607181e-06,-1.6380991772019177e-07,0
814,3.967300480252376e-06,1.158350152607181e-06,-1.7349048025237632e-07,0
815,4.359211709459717e-06,1.158350152607181e-06,-4.3829170945971696e-07,0
816,3.752067217455994e-06,1.158350152607181e-06,-8.62957217455994e-07,1
817,2.584906156351106e-06,1.158350152607181e-06,-9.431461563511062e-07,1
818,1.453246480229613e-06,1.158350152607181e-06,-6.65860480229613e-07,1
819,7.081497481866508e-07,1.158350152607181e-06,-3.7276574818665075e-07,1
820,3.47936159763027e-07,1.158350152607181e-06,-2.10461159763027e-07,1
821,2.242484762873758e-07,1.158350152607181e-06,-1.556238762873758e-07,1
822,1.8343618830941692e-07,1.158350152607181e-06,-1.318818883094169e-07,1
823,1.4065108777170607e-07,1.158350152607181e-06,-8.795418777170608e-08,1
824,9.098031210024744e-08,1.158350152607181e-06,-2.3902512100247437e-08,0
825,6.431464138111088e-08,1.158350152607181e-06,3.964035861888913e-08,0
826,8.821181323824622e-08,1.158350152607181e-06,8.079918676175378e-08,0
827,1.3237594368224695e-07,1.158350152607181e-06,1.3425205631775305e-07,0
828,1.3455907350036556e-07,1.158350152607181e-06,2.502629264996344e-07,0
829,9.164783275743453e-08,1.158350152607181e-06,3.763961672425655e-07,1
830,4.975664387100667e-08,1.158350152607181e-06,3.956753561289933e-07,1
831,2.680453342097272e-08,1.158350152607181e-06,2.6966446657902727e-07,1
832,3.3974739099705914e-08,1.158350152607181e-06,4.845512609002942e-07,1
833,1.1474582671174645e-07,1.158350152607181e-06,6.802261732882536e-07,1
834,2.977687229804905e-07,1.158350152607181e-06,4.952592770195095e-07,0
835,5.447946342989049e-07,1.158350152607181e-06,-4.8966342989048145e-09,0
836,6.799619681785426e-07,1.158350152607181e-06,-4.1683996817854264e-07,1
837,5.957108557629432e-07,1.158350152607181e-06,-4.937288557629432e-07,1
838,3.873301973421142e-07,1.158350152607181e-06,-3.442583973421142e-07,1
839,1.8801089269974663e-07,1.158350152607181e-06,-1.5783039269974662e-07,1
840,6.614479413099225e-08,1.158350152607181e-06,-3.1037694130992254e-08,0
841,3.442544603863697e-08,1.158350152607181e-06,2.3874853961363036e-08,0
842,8.876122799223949e-08,1.158350152607181e-06,3.2360772007760504e-08,0
843,2.8890512190735106e-07,1.158350152607181e-06,9.81878092648976e-10,0
844,7.565272984654776e-07,1.158350152607181e-06,-9.076729846547775e-08,0
845,1.4550801760344445e-06,1.158350152607181e-06,-2.6010017603444466e-07,0
846,2.013036247318216e-06,1.158350152607181e-06,-5.063662473182159e-07,1
847,2.0695908949386877e-06,1.158350152607181e-06,-7.527308949386877e-07,1
848,1.6693587628068437e-06,1.158350152607181e-06,-8.203687628068438e-07,1
849,1.1199602375310079e-06,1.158350152607181e-06,-6.680072375310078e-07,1
850,6.526469185338148e-07,1.158350152607181e-06,-4.2971791853381486e-07,1
851,3.433327966039186e-07,1.158350152607181e-06,-2.3217479660391858e-07,1
852,1.9319061629689146e-07,1.158350152607181e-06,-1.3433801629689148e-07,1
853,1.451107441939824e-07,1.158350152607181e-06,-1.1027614419398241e-07,1
854,1.1777713843725545e-07,1.158350152607181e-06,-9.237603843725545e-08,1
855,7.967751579471092e-08,1.158350152607181e-06,-5.6353615794710924e-08,1
856,5.3280281192082454e-08,1.158350152607181e-06,-2.2681781192082453e-08,0
857,6.672729616575687e-08,1.158350152607181e-06,-1.7262596165756874e-08,0
858,1.240922961357681e-07,1.158350152607181e-06,-4.514939613576809e-08,0
859,1.747931043336572e-07,1.158350152607181e-06,-4.5083104333657224e-08,0
860,1.7361238180653743e-07,1.158350152607181e-06,3.319461819346258e-08,0
861,1.5075222272832902e-07,1.158350152607181e-06,1.37739777271671e-07,0
862,1.3828604142765414e-07,1.158350152607181e-06,1.7662995857234582e-07,0
863,1.0741950737974882e-07,1.158350152607181e-06,1.2556849262025117e-07,0
864,8.474646465990844e-08,1.158350152607181e-06,3.9341053534009157e-07,1
865,2.0211013268697575e-07,1.158350152607181e-06,4.889728673130242e-07,0
866,4.0675330961282797e-07,1.158350152607181e-06,2.2871169038717201e-07,0
867,6.400519939890073e-07,1.158350152607181e-06,-2.4467199398900727e-07,0
868,7.317703534319701e-07,1.158350152607181e-06,-5.511883534319702e-07,1
869,6.184478642565182e-07,1.158350152607181e-06,-5.484868642565181e-07,1
870,4.041465631755187e-07,1.158350152607181e-06,-3.7506196317551867e-07,1
871,2.0526047222707764e-07,1.158350152607181e-06,-1.8754847222707765e-07,1
872,8.534150823796123e-08,1.158350152607181e-06,-6.455920823796123e-08,1
873,4.2778814193951496e-08,1.158350152607181e-06,-5.462314193951494e-09,0
874,5.2439326721343973e-08,1.158350152607181e-06,3.130487327865601e-08,0
875,1.3255082416601349e-07,1.158350152607181e-06,7.46061758339865e-08,0
876,3.418336593237509e-07,1.158350152607181e-06,8.476434067624908e-08,0
877,6.428810641176243e-07,1.158350152607181e-06,-2.876206411762426e-08,0
878,8.460764171224039e-07,1.158350152607181e-06,-2.4784041712240394e-07,0
879,8.266334073765126e-07,1.158350152607181e-06,-4.039704073765126e-07,1
880,6.541314694739018e-07,1.158350152607181e-06,-4.0300946947390184e-07,1
881,4.620610661959693e-07,1.158350152607181e-06,-3.169610661959693e-07,1
882,3.012782530434606e-07,1.158350152607181e-06,-2.1563835304346062e-07,1
883,1.80858203689872e-07,1.158350152607181e-06,-1.2896500368987202e-07,1
884,1.1389457129823749e-07,1.158350152607181e-06,-8.283687129823749e-08,1
885,8.926347740481742e-08,1.158350152607181e-06,-7.065587740481743e-08,1
886,7.457325412597178e-08,1.158350152607181e-06,-6.032285412597179e-08,1
887,6.063584155693625e-08,1.158350152607181e-06,-4.2087441556936256e-08,1
888,7.049049556494343e-08,1.158350152607181e-06,-4.104479556494343e-08,0
889,1.5570976507143993e-07,1.158350152607181e-06,-1.1552476507143992e-07,1
890,3.341725103282649e-07,1.158350152607181e-06,-2.784744103282649e-07,1
891,4.880316350543479e-07,1.158350152607181e-06,-3.890325350543479e-07,1
892,4.920155254979616e-07,1.158350152607181e-06,-3.066985254979616e-07,1
893,4.1359665511600215e-07,1.158350152607181e-06,-1.2538765511600212e-07,0
894,3.4102143252300237e-07,1.158350152607181e-06,-1.1015432523002401e-08,0
895,2.3084493094158825e-07,1.158350152607181e-06,2.1079069058411748e-08,0
896,2.0304638002603735e-07,1.158350152607181e-06,2.440506199739627e-07,0
897,3.45119962330999e-07,1.158350152607181e-06,2.8504703766900094e-07,0
898,5.216160538146039e-07,1.158350152607181e-06,5.2558946185396113e-08,0
899,7.28540386960796e-07,1.158350152607181e-06,-3.62232386960796e-07,1
900,8.051316129246603e-07,1.158350152607181e-06,-6.277066129246603e-07,1
901,6.549461449823085e-07,1.158350152607181e-06,-5.823614449823085e-07,1
902,4.0386485377349407e-07,1.158350152607181e-06,-3.7497325377349405e-07,1
903,2.148560237461362e-07,1.158350152607181e-06,-1.995332237461362e-07,1
904,1.316096210724683e-07,1.158350152607181e-06,-1.163714210724683e-07,1
905,1.1312290670035169e-07,1.158350152607181e-06,-8.587440670035168e-08,1
906,1.1396930325963268e-07,1.158350152607181e-06,-3.544260325963268e-08,0
907,1.2816752176555314e-07,1.158350152607181e-06,8.627347823444684e-08,0
908,1.8097778065285715e-07,1.158350152607181e-06,2.1155521934714287e-07,0
909,2.6717602570503033e-07,1.158350152607181e-06,1.7622097429496965e-07,0
910,3.3140992143309113e-07,1.158350152607181e-06,-1.0324921433091135e-08,0
911,3.3039672213946616e-07,1.158350152607181e-06,-1.5188272213946615e-07,0
912,2.8697712362387e-07,1.158350152607181e-06,-1.8046712362387e-07,1
913,2.434598786495234e-07,1.158350152607181e-06,-1.664232786495234e-07,0
914,1.896531634738782e-07,1.158350152607181e-06,-1.324778634738782e-07,0
915,1.2344088325825494e-07,1.158350152607181e-06,-8.460168325825494e-08,0
916,8.91803395609004e-08,1.158350152607181e-06,-6.75651395609004e-08,1
917,9.558467269276618e-08,1.158350152607181e-06,-8.295147269276618e-08,1
918,1.1034316843613672e-07,1.158350152607181e-06,-9.403736843613672e-08,1
919,1.2569973175439475e-07,1.158350152607181e-06,-9.156273175439475e-08,1
920,2.0329557547113512e-07,1.158350152607181e-06,-1.385577754711351e-07,0
921,4.909120835792679e-07,1.158350152607181e-06,-3.9506268357926787e-07,1
922,1.022053032369756e-06,1.158350152607181e-06,-8.922750323697559e-07,1
923,1.4260154818307944e-06,1.158350152607181e-06,-1.2197454818307943e-06,1
924,1.3421876845110523e-06,1.158350152607181e-06,-9.911686845110523e-07,1
925,1.0108974571638758e-06,1.158350152607181e-06,-5.030024571638758e-07,1
926,7.48875329864438e-07,1.158350152607181e-06,-2.0047332986443794e-07,0
927,4.892279922760214e-07,1.158350152607181e-06,-8.639999227602136e-08,0
928,5.534968165711217e-07,1.158350152607181e-06,-3.3674816571121715e-08,0
929,8.020656655331432e-07,1.158350152607181e-06,-6.394066553314314e-08,0
930,9.239310388211232e-07,1.158350152607181e-06,-2.488520388211231e-07,0
931,9.88659707170424e-07,1.158350152607181e-06,-5.575707071704241e-07,1
932,9.193522081850612e-07,1.158350152607181e-06,-7.105352081850613e-07,1
933,6.692990007719443e-07,1.158350152607181e-06,-5.871298007719443e-07,1
934,3.851477621989264e-07,1.158350152607181e-06,-3.558452621989264e-07,1
935,2.3234759404917822e-07,1.158350152607181e-06,-2.1610489404917823e-07,1
936,2.544762347474865e-07,1.158350152607181e-06,-2.3124123474748649e-07,1
937,3.641744068883604e-07,1.158350152607181e-06,-3.119682068883604e-07,1
938,4.065769043897751e-07,1.158350152607181e-06,-2.827009043897751e-07,1
939,3.3873617341649533e-07,1.158350152607181e-06,-8.900017341649532e-08,0
940,2.646316866679418e-07,1.158350152607181e-06,9.316131333205822e-08,0
941,2.50590043380297e-07,1.158350152607181e-06,8.445695661970299e-08,0
942,2.4663084157471033e-07,1.158350152607181e-06,-3.4680841574710316e-08,0
943,2.07380253533813e-07,1.158350152607181e-06,-9.590125353381299e-08,0
944,1.7714453029715489e-07,1.158350152607181e-06,-1.0849073029715488e-07,0
945,1.829882585714208e-07,1.158350152607181e-06,-1.303157585714208e-07,1
946,1.7854733868202812e-07,1.158350152607181e-06,-1.3843293868202812e-07,1
947,1.6467122314426225e-07,1.158350152607181e-06,-1.3963942314426225e-07,1
948,1.8582561306784087e-07,1.158350152607181e-06,-1.7264641306784087e-07,1
949,2.2450980746647765e-07,1.158350152607181e-06,-2.1315810746647764e-07,1
950,2.4491440150137745e-07,1.158350152607181e-06,-2.2021270150137745e-07,1
951,2.914436137130496e-07,1.158350152607181e-06,-2.242107137130496e-07,1
952,5.312686864974706e-07,1.158350152607181e-06,-3.8065368649747064e-07,0
953,1.236107018033404e-06,1.158350152607181e-06,-9.76899018033404e-07,1
954,2.3955378174681395e-06,1.158350152607181e-06,-2.0007308174681395e-06,1
955,3.2296091316512715e-06,1.158350152607181e-06,-2.5839181316512715e-06,1
956,3.08350360362985e-06,1.158350152607181e-06,-2.0257336036298503e-06,1
957,2.4815149459297082e-06,1.158350152607181e-06,-1.0656149459297081e-06,1
958,1.955222056856107e-06,1.158350152607181e-06,-5.771520568561069e-07,1
959,1.3037379746613072e-06,1.158350152607181e-06,-3.917219746613072e-07,0
960,1.0451514261298996e-06,1.158350152607181e-06,-3.133474261298996e-07,0
961,1.365048936455006e-06,1.158350152607181e-06,-3.8545893645500605e-07,0
962,1.2895726231470386e-06,1.158350152607181e-06,-4.605086231470385e-07,0
963,1.0716081681854422e-06,1.158350152607181e-06,-5.763211681854422e-07,1
964,8.358649254363017e-07,1.158350152607181e-06,-6.065469254363017e-07,1
965,5.735696174217343e-07,1.158350152607181e-06,-4.871812174217343e-07,1
966,3.493269732434113e-07,1.158350152607181e-06,-3.161744732434113e-07,1
967,3.029043641969277e-07,1.158350152607181e-06,-2.703101641969277e-07,1
968,5.153559047632162e-07,1.158350152607181e-06,-4.477308047632162e-07,1
969,8.211414205530852e-07,1.158350152607181e-06,-6.890624205530851e-07,1
970,9.077947200346909e-07,1.158350152607181e-06,-6.932717200346909e-07,1
971,7.329616299235841e-07,1.158350152607181e-06,-4.359846299235841e-07,1
972,5.121384406172569e-07,1.158350152607181e-06,-1.8069544061725684e-07,0
973,3.6603776510450285e-07,1.158350152607181e-06,-8.435976510450284e-08,0
974,2.612345895517962e-07,1.158350152607181e-06,-7.136458955179622e-08,0
975,1.6847168829478328e-07,1.158350152607181e-06,-5.0488688294783284e-08,0
976,1.2586128947071144e-07,1.158350152607181e-06,-4.973208947071143e-08,0
977,1.4804634089503932e-07,1.158350152607181e-06,-9.826624089503932e-08,1
978,1.9762219299597101e-07,1.158350152607181e-06,-1.6545819299597102e-07,1
979,2.52274758130893e-07,1.158350152607181e-06,-2.3011505813089297e-07,1
980,3.189416032716777e-07,1.158350152607181e-06,-3.003904032716777e-07,1
981,3.726812009977819e-07,1.158350152607181e-06,-3.5180000099778185e-07,1
982,3.910190078039704e-07,1.158350152607181e-06,-3.5036400780397037e-07,1
983,4.888961275800742e-07,1.158350152607181e-06,-3.7874712758007424e-07,1
984,9.282597207876067e-07,1.158350152607181e-06,-6.640537207876067e-07,1
985,2.043541538379752e-06,1.158350152607181e-06,-1.529321538379752e-06,1
986,3.797192933776664e-06,1.158350152607181e-06,-2.868225933776664e-06,1
987,5.206353884765425e-06,1.158350152607181e-06,-3.508513884765425e-06,1
988,5.4235783339127704e-06,1.158350152607181e-06,-2.65820833391277e-06,1
989,4.8820101087668814e-06,1.158350152607181e-06,-1.4256401087668822e-06,1
990,3.962019773862017e-06,1.158350152607181e-06,-9.001597738620173e-07,1
991,2.5110586315360685e-06,1.158350152607181e-06,-7.008186315360684e-07,1
992,9.307456880693012e-07,1.158350152607181e-06,-2.8431068806930126e-07,0
993,1.0508280968768845e-06,1.158350152607181e-06,-3.151460968768845e-07,0
994,8.348789958282293e-07,1.158350152607181e-06,-2.9507699582822926e-07,0
995,5.902893550756172e-07,1.158350152607181e-06,-3.020393550756172e-07,1
996,4.311894178532978e-07,1.158350152607181e-06,-3.094814178532978e-07,1
997,3.064017037630353e-07,1.158350152607181e-06,-2.6203530376303533e-07,1
998,2.1816591119344355e-07,1.158350152607181e-06,-1.9287121119344354e-07,1
999,2.685812578612205e-07,1.158350152607181e-06,-2.2518525786122048e-07,1
1000,5.158728690083409e-07,1.158350152607181e-06,-4.279719690083409e-07,1
1001,7.85336552740249e-07,1.158350152607181e-06,-6.421475527402491e-07,1
1002,8.306619002021936e-07,1.158350152607181e-06,-6.368839002021936e-07,1
1003,6.651412810406869e-07,1.158350152607181e-06,-4.370052810406869e-07,1
1004,4.5722046671467855e-07,1.158350152607181e-06,-2.3199146671467854e-07,1
1005,2.977443540832221e-07,1.158350152607181e-06,-1.170373540832221e-07,0
1006,1.848143432515596e-07,1.158350152607181e-06,-6.25853432515596e-08,0
1007,1.034790580887408e-07,1.158350152607181e-06,-2.5833258088740796e-08,0
1008,6.952814295658772e-08,1.158350152607181e-06,-2.145944295658772e-08,0
1009,8.722203385660827e-08,1.158350152607181e-06,-5.723593385660827e-08,1
1010,1.2936768453984617e-07,1.158350152607181e-06,-1.0834978453984616e-07,1
1011,1.7833486427446273e-07,1.158350152607181e-06,-1.6096126427446272e-07,1
1012,2.378317623066196e-07,1.158350152607181e-06,-2.2166976230661958e-07,1
1013,2.7809500953392217e-07,1.158350152607181e-06,-2.5866690953392217e-07,1
1014,2.9068319408610725e-07,1.158350152607181e-06,-2.4950729408610725e-07,1
1015,3.9250872783928477e-07,1.158350152607181e-06,-2.848857278392848e-07,1
1016,7.781871442847187e-07,1.158350152607181e-06,-5.301531442847187e-07,1
1017,1.6804978194562372e-06,1.158350152607181e-06,-1.1620298194562373e-06,1
1018,3.067284288432732e-06,1.158350152607181e-06,-2.0071642884327323e-06,1
1019,4.2640619949189456e-06,1.158350152607181e-06,-2.2701719949189453e-06,1
1020,4.661355763328834e-06,1.158350152607181e-06,-1.6360057633288338e-06,1
1021,4.326776728502348e-06,1.158350152607181e-06,-9.475367285023478e-07,0
1022,3.3754686333888078e-06,1.158350152607181e-06,-7.629986333888078e-07,1
1023,1.94332137934075e-06,1.158350152607181e-06,-6.380513793407499e-07,1
