,H179Y,max,diff,True
0,2.481978732973732e-06,1.0891314582338578e-06,-1.0669887329737322e-06,1
1,3.4330781503516757e-06,1.0891314582338578e-06,-1.4224381503516756e-06,1
2,2.7672725162893016e-06,1.0891314582338578e-06,-1.1261825162893016e-06,1
3,1.47667394906906e-06,1.0891314582338578e-06,-5.8611894906906e-07,0
4,6.274628339483007e-07,1.0891314582338578e-06,-2.504548339483007e-07,0
5,2.7781327105618484e-07,1.0891314582338578e-06,-1.3634027105618485e-07,0
6,1.854777698711268e-07,1.0891314582338578e-06,-1.1504336987112681e-07,1
7,2.0520123914977923e-07,1.0891314582338578e-06,-1.0939713914977922e-07,0
8,2.824752633041107e-07,1.0891314582338578e-06,-9.199926330411072e-08,0
9,3.766435159869472e-07,1.0891314582338578e-06,-4.249951598694718e-08,0
10,5.102226725823275e-07,1.0891314582338578e-06,-1.128672582327539e-09,0
11,8.239445644861245e-07,1.0891314582338578e-06,-1.3827156448612448e-07,0
12,1.348111075199769e-06,1.0891314582338578e-06,-5.49832075199769e-07,0
13,1.6940471773925931e-06,1.0891314582338578e-06,-9.037391773925932e-07,1
14,1.4594646871393753e-06,1.0891314582338578e-06,-7.853366871393753e-07,1
15,8.916415726847479e-07,1.0891314582338578e-06,-3.822315726847479e-07,1
16,4.69129158088081e-07,1.0891314582338578e-06,-1.1503315808808101e-07,0
17,2.8348455717973595e-07,1.0891314582338578e-06,-5.062055717973594e-08,0
18,1.9821050672849654e-07,1.0891314582338578e-06,-5.7337506728496525e-08,0
19,1.6488700425631127e-07,1.0891314582338578e-06,-7.695030425631127e-08,1
20,2.0467184987619095e-07,1.0891314582338578e-06,-1.2201494987619097e-07,1
21,3.4866522662822703e-07,1.0891314582338578e-06,-2.3207522662822702e-07,1
22,6.144491676581133e-07,1.0891314582338578e-06,-4.266321676581133e-07,1
23,9.466059571499935e-07,1.0891314582338578e-06,-6.283179571499934e-07,1
24,1.3874277585572096e-06,1.0891314582338578e-06,-7.746497585572095e-07,1
25,2.176384256494456e-06,1.0891314582338578e-06,-7.959842564944561e-07,1
26,3.757960058098192e-06,1.0891314582338578e-06,-5.234300580981922e-07,0
27,6.845964631199904e-06,1.0891314582338578e-06,4.5153688000958565e-09,0
28,1.1528020725116216e-05,1.0891314582338578e-06,2.4997927488378415e-07,0
29,1.5569695363794973e-05,1.0891314582338578e-06,-3.034953637949734e-07,0
30,1.5381340295500916e-05,1.0891314582338578e-06,-1.217540295500914e-06,0
31,1.036127778223514e-05,1.0891314582338578e-06,-1.439617782235139e-06,0
32,5.2095292182939346e-06,1.0891314582338578e-06,-1.3261792182939347e-06,0
33,6.2826048523551245e-06,1.0891314582338578e-06,-1.5035948523551243e-06,0
34,4.59119867984888e-06,1.0891314582338578e-06,-1.1465186798488795e-06,0
35,2.387661067067099e-06,1.0891314582338578e-06,-6.945510670670991e-07,0
36,1.1222615440540177e-06,1.0891314582338578e-06,-4.3536054405401774e-07,0
37,6.139663500087895e-07,1.0891314582338578e-06,-3.2847235000878953e-07,1
38,4.801735540161846e-07,1.0891314582338578e-06,-2.9310455401618463e-07,1
39,5.686189657718078e-07,1.0891314582338578e-06,-3.0813496577180774e-07,0
40,7.769430482861559e-07,1.0891314582338578e-06,-2.976280482861559e-07,0
41,1.03801889736501e-06,1.0891314582338578e-06,-2.087968973650101e-07,0
42,1.5181798852940252e-06,1.0891314582338578e-06,-2.699998852940251e-07,0
43,2.4754316650489484e-06,1.0891314582338578e-06,-8.304516650489484e-07,0
44,3.6297488674038497e-06,1.0891314582338578e-06,-1.6954088674038496e-06,1
45,3.974894295016421e-06,1.0891314582338578e-06,-1.9328642950164205e-06,1
46,3.142954419391099e-06,1.0891314582338578e-06,-1.2136444193910992e-06,1
47,2.059779774148333e-06,1.0891314582338578e-06,-4.204997741483331e-07,0
48,1.492071212714319e-06,1.0891314582338578e-06,-2.2606121271431914e-07,0
49,1.2579314069552273e-06,1.0891314582338578e-06,-3.8878240695522723e-07,0
50,9.958459249049857e-07,1.0891314582338578e-06,-4.5580292490498563e-07,1
51,7.623092235288341e-07,1.0891314582338578e-06,-3.8870322352883414e-07,1
52,8.44243582838187e-07,1.0891314582338578e-06,-4.72702582838187e-07,1
53,1.4940887648432566e-06,1.0891314582338578e-06,-9.912877648432567e-07,1
54,2.573992795402277e-06,1.0891314582338578e-06,-1.8405417954022772e-06,1
55,3.6154521701747703e-06,1.0891314582338578e-06,-2.48065217017477e-06,1
56,4.7325307333361395e-06,1.0891314582338578e-06,-2.5928807333361396e-06,1
57,7.044201954008424e-06,1.0891314582338578e-06,-2.1630319540084245e-06,1
58,1.2496767387390456e-05,1.0891314582338578e-06,-1.1003673873904543e-06,0
59,2.2987462750101074e-05,1.0891314582338578e-06,9.003724989892632e-08,0
60,3.638527218700462e-05,1.0891314582338578e-06,1.6192781299537867e-07,0
61,4.36340884093028e-05,1.0891314582338578e-06,-8.644884093027987e-07,0
62,3.711276650266705e-05,1.0891314582338578e-06,-1.5257665026670525e-06,0
63,2.1247594196243148e-05,1.0891314582338578e-06,-1.1820941962431482e-06,0
64,5.665489269784022e-06,1.0891314582338578e-06,-4.7110926978402226e-07,0
65,6.3402263329167515e-06,1.0891314582338578e-06,-4.85616332916751e-07,0
66,4.45671141434028e-06,1.0891314582338578e-06,-5.503314143402797e-07,0
67,2.364553815818844e-06,1.0891314582338578e-06,-5.40763815818844e-07,0
68,1.1937549607282078e-06,1.0891314582338578e-06,-4.299469607282079e-07,0
69,6.889766626132757e-07,1.0891314582338578e-06,-3.075746626132757e-07,0
70,5.498670186352151e-07,1.0891314582338578e-06,-2.7012101863521513e-07,0
71,6.560144960544319e-07,1.0891314582338578e-06,-3.2292049605443196e-07,0
72,8.979947100409453e-07,1.0891314582338578e-06,-3.317757100409453e-07,0
73,1.3001770073392274e-06,1.0891314582338578e-06,-3.158030073392274e-07,0
74,2.155930325819369e-06,1.0891314582338578e-06,-6.416103258193689e-07,0
75,3.649795784463658e-06,1.0891314582338578e-06,-1.534555784463658e-06,1
76,5.106435016836863e-06,1.0891314582338578e-06,-2.3254750168368635e-06,1
77,5.361755624050132e-06,1.0891314582338578e-06,-1.967535624050132e-06,1
78,4.615104473437755e-06,1.0891314582338578e-06,-8.663844734377553e-07,0
79,4.236787521088046e-06,1.0891314582338578e-06,-5.209275210880463e-07,0
80,4.4822977110535334e-06,1.0891314582338578e-06,-1.2631177110535335e-06,0
81,4.26244435882718e-06,1.0891314582338578e-06,-1.9090743588271794e-06,1
82,3.134784740634083e-06,1.0891314582338578e-06,-1.610794740634083e-06,1
83,1.9765308133874527e-06,1.0891314582338578e-06,-9.220808133874528e-07,1
84,1.8659402642961049e-06,1.0891314582338578e-06,-8.695312642961049e-07,1
85,3.2028582543210173e-06,1.0891314582338578e-06,-1.944468254321017e-06,1
86,5.2579455913847545e-06,1.0891314582338578e-06,-3.5587555913847546e-06,1
87,6.851828300975877e-06,1.0891314582338578e-06,-4.401188300975877e-06,1
88,8.522444771391684e-06,1.0891314582338578e-06,-4.006144771391684e-06,1
89,1.3179520459593993e-05,1.0891314582338578e-06,-2.7782204595939917e-06,1
90,2.4597438545146552e-05,1.0891314582338578e-06,-9.661385451465506e-07,0
91,4.4166358067744316e-05,1.0891314582338578e-06,2.908419322556895e-07,0
92,6.395900715071122e-05,1.0891314582338578e-06,-1.28907150711221e-07,0
93,6.816817000122271e-05,1.0891314582338578e-06,-9.81470001222711e-07,0
94,5.118946082155021e-05,1.0891314582338578e-06,-8.122608215502079e-07,0
95,2.6071983380525988e-05,1.0891314582338578e-06,-3.2868338052598987e-07,0
96,4.65759522324923e-06,1.0891314582338578e-06,-1.076952232492301e-07,0
97,5.0603512665046376e-06,1.0891314582338578e-06,-1.676212665046374e-07,0
98,3.5015434961161025e-06,1.0891314582338578e-06,-3.6444349611610246e-07,0
99,1.8339420864292144e-06,1.0891314582338578e-06,-3.9677208642921417e-07,0
100,8.917724327563345e-07,1.0891314582338578e-06,-2.369484327563345e-07,0
101,4.80123211746021e-07,1.0891314582338578e-06,-8.324521174602093e-08,0
102,3.4355790075882536e-07,1.0891314582338578e-06,-4.4667900758825366e-08,0
103,3.735587859202775e-07,1.0891314582338578e-06,-7.967478592027749e-08,0
104,5.311432664164015e-07,1.0891314582338578e-06,-9.434526641640153e-08,0
105,9.531963062247244e-07,1.0891314582338578e-06,-1.8473130622472437e-07,0
106,1.9994527845361332e-06,1.0891314582338578e-06,-6.616727845361332e-07,0
107,3.7908482423335e-06,1.0891314582338578e-06,-1.5510482423335e-06,1
108,5.639184235057645e-06,1.0891314582338578e-06,-2.145264235057645e-06,1
109,6.7188626784082086e-06,1.0891314582338578e-06,-1.7639926784082092e-06,1
110,7.5428998009113375e-06,1.0891314582338578e-06,-1.2076498009113375e-06,0
111,9.07423862646327e-06,1.0891314582338578e-06,-2.0184486264632703e-06,0
112,1.026400300922634e-05,1.0891314582338578e-06,-3.77973300922634e-06,1
113,9.035985160109598e-06,1.0891314582338578e-06,-4.200375160109599e-06,1
114,5.8075706317169075e-06,1.0891314582338578e-06,-2.6850106317169078e-06,1
115,3.058419773376767e-06,1.0891314582338578e-06,-9.480797733767667e-07,1
116,2.3509205504899057e-06,1.0891314582338578e-06,-4.122405504899056e-07,0
117,3.6278212375023804e-06,1.0891314582338578e-06,-1.1836112375023803e-06,1
118,5.623812243616109e-06,1.0891314582338578e-06,-2.3127622436161085e-06,1
119,7.2496277904924195e-06,1.0891314582338578e-06,-2.6233177904924195e-06,1
120,1.0128544185551154e-05,1.0891314582338578e-06,-1.9265141855511552e-06,1
121,1.8415818238243148e-05,1.0891314582338578e-06,-3.645182382431467e-07,0
122,3.601903460940529e-05,1.0891314582338578e-06,1.8208653905947076e-06,0
123,6.115095639293614e-05,1.0891314582338578e-06,2.939543607063857e-06,0
124,8.032687522437974e-05,1.0891314582338578e-06,1.8236247756202631e-06,0
125,7.757446029278903e-05,1.0891314582338578e-06,-1.700602927890381e-07,0
126,5.359561046563382e-05,1.0891314582338578e-06,-1.0966104656338246e-06,0
127,2.561004183743625e-05,1.0891314582338578e-06,-9.927418374362506e-07,0
128,3.495258043960291e-06,1.0891314582338578e-06,-1.6613804396029144e-07,0
129,3.8107814563210976e-06,1.0891314582338578e-06,-3.164314563210977e-07,0
130,2.689047239073689e-06,1.0891314582338578e-06,-4.803072390736885e-07,0
131,1.4356922398703812e-06,1.0891314582338578e-06,-3.669622398703814e-07,0
132,7.074029902495819e-07,1.0891314582338578e-06,-1.207389902495819e-07,0
133,3.746186348908728e-07,1.0891314582338578e-06,3.055336510912722e-08,0
134,2.1716212073890886e-07,1.0891314582338578e-06,7.252487926109111e-08,0
135,1.6893339515434677e-07,1.0891314582338578e-06,6.018060484565323e-08,0
136,2.476393296415961e-07,1.0891314582338578e-06,4.260567035840394e-08,0
137,6.428433154435998e-07,1.0891314582338578e-06,-6.009031544359982e-08,0
138,1.7993255504174545e-06,1.0891314582338578e-06,-4.870855504174545e-07,1
139,4.007479540575817e-06,1.0891314582338578e-06,-1.3018595405758172e-06,1
140,6.805309593657392e-06,1.0891314582338578e-06,-1.964939593657392e-06,1
141,9.450015228186953e-06,1.0891314582338578e-06,-1.8348352281869521e-06,0
142,1.206548537149033e-05,1.0891314582338578e-06,-1.6315853714903297e-06,0
143,1.4588900122228406e-05,1.0891314582338578e-06,-2.7882001222284076e-06,0
144,1.4928985382506824e-05,1.0891314582338578e-06,-4.383085382506826e-06,1
145,1.1493899845713076e-05,1.0891314582338578e-06,-4.021669845713075e-06,1
146,6.4080797336466476e-06,1.0891314582338578e-06,-1.862269733646648e-06,1
147,2.8850852339670243e-06,1.0891314582338578e-06,4.971476603297596e-08,0
148,1.805168250640176e-06,1.0891314582338578e-06,9.655217493598242e-07,0
149,2.4218814474328383e-06,1.0891314582338578e-06,1.3590185525671614e-06,0
150,3.809761013908495e-06,1.0891314582338578e-06,1.5047489860915052e-06,1
151,6.078080020349865e-06,1.0891314582338578e-06,1.4188099796501348e-06,1
152,1.1515777489766062e-05,1.0891314582338578e-06,1.5486225102339374e-06,0
153,2.4028091010592306e-05,1.0891314582338578e-06,2.711308989407694e-06,0
154,4.617531606819111e-05,1.0891314582338578e-06,4.188383931808893e-06,0
155,7.210572551164e-05,1.0891314582338578e-06,3.6242744883599974e-06,0
156,8.578049902142632e-05,1.0891314582338578e-06,5.728009785736766e-07,0
157,7.586400961737e-05,1.0891314582338578e-06,-2.4223096173700028e-06,0
158,4.916618492641352e-05,1.0891314582338578e-06,-3.2710849264135203e-06,0
159,2.2592950130224226e-05,1.0891314582338578e-06,-2.390750130224225e-06,1
160,2.763366957886671e-06,1.0891314582338578e-06,-3.051269578866708e-07,0
161,3.1697921831041883e-06,1.0891314582338578e-06,-5.073121831041885e-07,0
162,2.3857316640178063e-06,1.0891314582338578e-06,-5.547916640178061e-07,1
163,1.3755035580237385e-06,1.0891314582338578e-06,-3.140535580237385e-07,0
164,7.060035962164961e-07,1.0891314582338578e-06,-5.400596216496142e-09,0
165,3.272676082576341e-07,1.0891314582338578e-06,1.811033917423659e-07,0
166,1.3423041002603706e-07,1.0891314582338578e-06,2.0930058997396292e-07,0
167,7.935354708583217e-08,1.0891314582338578e-06,1.5530845291416785e-07,0
168,1.672677711490903e-07,1.0891314582338578e-06,1.0205622885090974e-07,0
169,6.447187307224071e-07,1.0891314582338578e-06,-3.399730722407101e-09,0
170,2.0872996881250717e-06,1.0891314582338578e-06,-3.4303968812507173e-07,0
171,4.96986492156429e-06,1.0891314582338578e-06,-9.149949215642902e-07,0
172,8.922717546720723e-06,1.0891314582338578e-06,-1.1226075467207218e-06,0
173,1.299670253699222e-05,1.0891314582338578e-06,-4.1360253699221994e-07,0
174,1.6514406282766007e-05,1.0891314582338578e-06,2.9169371723399123e-07,0
175,1.806432337855037e-05,1.0891314582338578e-06,-2.2262337855036738e-07,0
176,1.584153739765279e-05,1.0891314582338578e-06,-1.2106373976527896e-06,0
177,1.0479585014382485e-05,1.0891314582338578e-06,-1.045605014382485e-06,0
178,5.113362193035245e-06,1.0891314582338578e-06,1.3482780696475468e-07,0
179,2.0321887978082364e-06,1.0891314582338578e-06,1.1175312021917634e-06,1
180,1.1011420382839523e-06,1.0891314582338578e-06,1.8474579617160477e-06,1
181,1.4666762194423334e-06,1.0891314582338578e-06,2.6481237805576666e-06,1
182,2.9944201887897604e-06,1.0891314582338578e-06,3.0051198112102406e-06,1
183,6.516179215868632e-06,1.0891314582338578e-06,2.664740784131368e-06,1
184,1.394129472810538e-05,1.0891314582338578e-06,2.6740052718946204e-06,1
185,2.857092214077561e-05,1.0891314582338578e-06,3.5293778592243916e-06,0
186,5.166212224816693e-05,1.0891314582338578e-06,3.3937777518330695e-06,0
187,7.436634781909256e-05,1.0891314582338578e-06,7.969521809074416e-07,0
188,8.08442913448385e-05,1.0891314582338578e-06,-2.5400913448384986e-06,0
189,6.604975881577351e-05,1.0891314582338578e-06,-4.31885881577351e-06,0
190,4.05940951121222e-05,1.0891314582338578e-06,-4.047495112122203e-06,0
191,1.8117765190084675e-05,1.0891314582338578e-06,-2.485165190084675e-06,1
192,2.918110701593145e-06,1.0891314582338578e-06,-6.276407015931449e-07,1
193,3.5152197501795884e-06,1.0891314582338578e-06,-7.378597501795884e-07,1
194,2.712365643601577e-06,1.0891314582338578e-06,-4.984656436015772e-07,0
195,1.568639067073246e-06,1.0891314582338578e-06,-9.448906707324606e-08,0
196,7.624323375102289e-07,1.0891314582338578e-06,2.4858766248977115e-07,0
197,3.1215699170358194e-07,1.0891314582338578e-06,3.859500082964181e-07,0
198,1.3436576547066613e-07,1.0891314582338578e-06,3.1017823452933385e-07,0
199,1.1643319593317024e-07,1.0891314582338578e-06,1.806778040668297e-07,0
200,2.584348651845232e-07,1.0891314582338578e-06,1.222381348154768e-07,0
201,9.434270071013319e-07,1.0891314582338578e-06,8.886299289866809e-08,0
202,3.0333056059205e-06,1.0891314582338578e-06,-6.821560592049972e-08,0
203,7.255595550909006e-06,1.0891314582338578e-06,-2.2535555090900728e-07,0
204,1.3021167199993986e-05,1.0891314582338578e-06,3.9543280000601566e-07,0
205,1.873220366462753e-05,1.0891314582338578e-06,2.0806963353724677e-06,0
206,2.2534000301043297e-05,1.0891314582338578e-06,3.503599698956706e-06,1
207,2.2302594394570887e-05,1.0891314582338578e-06,3.1736056054291114e-06,1
208,1.7553696210074898e-05,1.0891314582338578e-06,1.6276037899251044e-06,0
209,1.060082224190858e-05,1.0891314582338578e-06,8.717777580914193e-07,0
210,4.8169853536940236e-06,1.0891314582338578e-06,1.2025246463059769e-06,0
211,1.7895880878137501e-06,1.0891314582338578e-06,1.5815319121862494e-06,1
212,9.130012304434599e-07,1.0891314582338578e-06,1.8316187695565402e-06,1
213,1.4025154830980757e-06,1.0891314582338578e-06,2.0691445169019244e-06,1
214,3.4046210089238194e-06,1.0891314582338578e-06,1.9332889910761798e-06,1
215,7.780359184801676e-06,1.0891314582338578e-06,1.5051208151983235e-06,0
216,1.6206399258036768e-05,1.0891314582338578e-06,1.4872007419632314e-06,0
217,3.141540110276186e-05,1.0891314582338578e-06,1.5971988972381419e-06,0
218,5.320545010874614e-05,1.0891314582338578e-06,5.693498912538562e-07,0
219,7.14972186105616e-05,1.0891314582338578e-06,-1.422418610561607e-06,0
220,7.2926909550125e-05,1.0891314582338578e-06,-3.010709550124995e-06,0
221,5.6859270192983044e-05,1.0891314582338578e-06,-3.5727701929830455e-06,0
222,3.427896912110309e-05,1.0891314582338578e-06,-2.972669121103087e-06,0
223,1.556088818272608e-05,1.0891314582338578e-06,-1.7573881827260809e-06,1
224,4.0771826857532176e-06,1.0891314582338578e-06,-9.318526857532174e-07,1
225,4.883383854538228e-06,1.0891314582338578e-06,-7.992138545382288e-07,0
226,3.6385705558050347e-06,1.0891314582338578e-06,-2.509805558050346e-07,0
227,1.9641281470675247e-06,1.0891314582338578e-06,2.6980185293247516e-07,0
228,8.90277124461417e-07,1.0891314582338578e-06,5.325328755385831e-07,0
229,3.8387332038116047e-07,1.0891314582338578e-06,5.036706796188395e-07,0
230,2.2426102952676677e-07,1.0891314582338578e-06,3.0592297047323323e-07,0
231,2.208431537231308e-07,1.0891314582338578e-06,1.6904784627686917e-07,0
232,4.402696664482968e-07,1.0891314582338578e-06,2.0375633355170327e-07,0
233,1.532831899369888e-06,1.0891314582338578e-06,3.3487810063011176e-07,0
234,4.806675987539842e-06,1.0891314582338578e-06,5.086940124601572e-07,0
235,1.1228650492723993e-05,1.0891314582338578e-06,1.1842495072760063e-06,0
236,1.981509703898728e-05,1.0891314582338578e-06,3.1852029610127195e-06,1
237,2.805812306079539e-05,1.0891314582338578e-06,5.889276939204608e-06,1
238,3.294802317801282e-05,1.0891314582338578e-06,6.895276821987182e-06,1
239,3.1626089578113385e-05,1.0891314582338578e-06,4.960710421886615e-06,1
240,2.397249591576454e-05,1.0891314582338578e-06,2.175004084235461e-06,0
241,1.3913753940022042e-05,1.0891314582338578e-06,1.2048460599779573e-06,0
242,6.210142576826777e-06,1.0891314582338578e-06,1.7488974231732233e-06,1
243,2.416019723583166e-06,1.0891314582338578e-06,2.2516902764168332e-06,1
244,1.3286614872337195e-06,1.0891314582338578e-06,2.3746085127662803e-06,1
245,1.8549106188649917e-06,1.0891314582338578e-06,2.1917093811350083e-06,1
246,4.122244667029407e-06,1.0891314582338578e-06,1.3843253329705926e-06,0
247,9.13762094045614e-06,1.0891314582338578e-06,3.540905954386085e-08,0
248,1.8617134835255006e-05,1.0891314582338578e-06,-1.2126348352550072e-06,0
249,3.456173923082056e-05,1.0891314582338578e-06,-1.8741392308205604e-06,0
250,5.49022963981665e-05,1.0891314582338578e-06,-1.2630963981664992e-06,0
251,6.987278139889158e-05,1.0891314582338578e-06,3.5011860110842135e-07,0
252,7.019803246508645e-05,1.0891314582338578e-06,6.88467534913539e-07,0
253,5.671505494907234e-05,1.0891314582338578e-06,-4.836549490723342e-07,0
254,3.709732331410752e-05,1.0891314582338578e-06,-1.3423233141075235e-06,0
255,1.878649965585073e-05,1.0891314582338578e-06,-1.3572996558507318e-06,0
256,5.126641038230942e-06,1.0891314582338578e-06,-5.066510382309421e-07,0
257,5.792455398498387e-06,1.0891314582338578e-06,-1.1652539849838623e-07,0
258,3.979491584509106e-06,1.0891314582338578e-06,3.7749841549089377e-07,0
259,1.958709669402656e-06,1.0891314582338578e-06,6.58210330597344e-07,0
260,8.387991449409248e-07,1.0891314582338578e-06,6.523908550590751e-07,0
261,3.7714123141445864e-07,1.0891314582338578e-06,4.577847685855413e-07,0
262,2.3132143273367976e-07,1.0891314582338578e-06,2.5879556726632026e-07,0
263,2.414809575872385e-07,1.0891314582338578e-06,2.0486504241276145e-07,0
264,6.354410057202636e-07,1.0891314582338578e-06,3.440099942797364e-07,0
265,2.443477075606821e-06,1.0891314582338578e-06,7.029629243931788e-07,0
266,7.773027552242609e-06,1.0891314582338578e-06,1.5647624477573911e-06,0
267,1.8293151101467238e-05,1.0891314582338578e-06,3.841448898532762e-06,1
268,3.2549326785977675e-05,1.0891314582338578e-06,7.714073214022323e-06,1
269,4.607661206942602e-05,1.0891314582338578e-06,1.0468587930573985e-05,1
270,5.2738209836290774e-05,1.0891314582338578e-06,9.321190163709223e-06,1
271,4.754851682354423e-05,1.0891314582338578e-06,5.498783176455763e-06,1
272,3.2866525472065945e-05,1.0891314582338578e-06,2.483374527934053e-06,0
273,1.746287746051634e-05,1.0891314582338578e-06,1.995922539483662e-06,0
274,7.563869424668155e-06,1.0891314582338578e-06,2.9427305753318458e-06,1
275,3.246124735326018e-06,1.0891314582338578e-06,3.710155264673982e-06,1
276,2.148627936676751e-06,1.0891314582338578e-06,3.757872063323249e-06,1
277,2.958313380319355e-06,1.0891314582338578e-06,2.818396619680644e-06,1
278,5.74371503021671e-06,1.0891314582338578e-06,7.504449697832891e-07,0
279,1.141044981213185e-05,1.0891314582338578e-06,-1.8025098121318505e-06,0
280,2.2336684323799176e-05,1.0891314582338578e-06,-3.966884323799175e-06,1
281,4.0632057388547134e-05,1.0891314582338578e-06,-4.113557388547135e-06,0
282,6.250308070382468e-05,1.0891314582338578e-06,-5.980703824678491e-09,0
283,7.881545589684722e-05,1.0891314582338578e-06,5.417544103152771e-06,0
284,8.286450166416138e-05,1.0891314582338578e-06,6.075598335838624e-06,0
285,7.31884460826879e-05,1.0891314582338578e-06,2.8033539173121034e-06,0
286,5.223731488813096e-05,1.0891314582338578e-06,5.408511186904641e-08,0
287,2.7574327075488757e-05,1.0891314582338578e-06,-9.317270754887558e-07,0
288,4.241625970091379e-06,1.0891314582338578e-06,5.204440299086212e-07,0
289,4.3261869512342e-06,1.0891314582338578e-06,8.679330487657985e-07,0
290,2.6657999967278617e-06,1.0891314582338578e-06,8.540200032721382e-07,0
291,1.1783749618358213e-06,1.0891314582338578e-06,6.673050381641785e-07,0
292,4.651027335568633e-07,1.0891314582338578e-06,4.3460926644313665e-07,0
293,1.967874014828796e-07,1.0891314582338578e-06,2.5064559851712034e-07,0
294,1.2398300454212384e-07,1.0891314582338578e-06,1.6061699545787615e-07,0
295,2.4178463142880604e-07,1.0891314582338578e-06,1.5297536857119393e-07,0
296,1.051323035624003e-06,1.0891314582338578e-06,2.2916696437599695e-07,0
297,4.393407456461655e-06,1.0891314582338578e-06,5.240625435383445e-07,0
298,1.393529766074595e-05,1.0891314582338578e-06,1.8842023392540495e-06,0
299,3.2266674331625626e-05,1.0891314582338578e-06,5.7017256683743745e-06,1
300,5.5714511980189515e-05,1.0891314582338578e-06,1.0594488019810476e-05,1
301,7.402475411027773e-05,1.0891314582338578e-06,1.2044445889722275e-05,1
302,7.600949767376248e-05,1.0891314582338578e-06,8.904302326237512e-06,1
303,5.919075573027333e-05,1.0891314582338578e-06,4.592244269726665e-06,1
304,3.4894997917170666e-05,1.0891314582338578e-06,2.0644020828293315e-06,0
305,1.6351775046503437e-05,1.0891314582338578e-06,1.8439249534965625e-06,0
306,6.908597984739589e-06,1.0891314582338578e-06,2.7239620152604114e-06,1
307,3.3399351694334555e-06,1.0891314582338578e-06,3.357404830566544e-06,1
308,2.6908899548374163e-06,1.0891314582338578e-06,2.9937000451625845e-06,1
309,4.02637069726526e-06,1.0891314582338578e-06,1.28137930273474e-06,0
310,7.155723522853921e-06,1.0891314582338578e-06,-1.1887935228539214e-06,0
311,1.2923397190881135e-05,1.0891314582338578e-06,-3.185137190881135e-06,1
312,2.515162203310347e-05,1.0891314582338578e-06,-3.960522033103468e-06,1
313,4.7429798450682113e-05,1.0891314582338578e-06,-1.8597984506821144e-06,0
314,7.57881415475837e-05,1.0891314582338578e-06,4.092758452416297e-06,0
315,9.96406919933833e-05,1.0891314582338578e-06,8.396308006616704e-06,0
316,0.00010891314582338578,1.0891314582338578e-06,6.30385417661423e-06,0
317,9.7060325825888e-05,1.0891314582338578e-06,2.4953741741120053e-06,0
318,6.631660907225375e-05,1.0891314582338578e-06,8.193909277462495e-07,0
319,3.188449865399447e-05,1.0891314582338578e-06,1.8901346005535734e-08,0
320,2.032981539887939e-06,1.0891314582338578e-06,7.18818460112061e-07,0
321,1.8334017860924003e-06,1.0891314582338578e-06,8.408282139075998e-07,0
322,9.853400421751127e-07,1.0891314582338578e-06,6.393599578248874e-07,0
323,3.821775578114957e-07,1.0891314582338578e-06,3.650754421885043e-07,0
324,1.3643447486936742e-07,1.0891314582338578e-06,1.680145251306326e-07,0
325,5.178849047448389e-08,1.0891314582338578e-06,8.18295095255161e-08,0
326,5.7312103709631505e-08,1.0891314582338578e-06,5.278289629036849e-08,0
327,2.9840959530047297e-07,1.0891314582338578e-06,6.143404699527017e-09,0
328,1.711789953118963e-06,1.0891314582338578e-06,-2.0184995311896298e-07,0
329,7.292853915036487e-06,1.0891314582338578e-06,-5.042439150364854e-07,0
330,2.187227442761303e-05,1.0891314582338578e-06,4.890255723869728e-07,0
331,4.673971578551888e-05,1.0891314582338578e-06,4.178384214481126e-06,0
332,7.326911054543303e-05,1.0891314582338578e-06,7.485689454566965e-06,1
333,8.593087676545929e-05,1.0891314582338578e-06,6.224623234540703e-06,0
334,7.500682700827108e-05,1.0891314582338578e-06,2.1710729917289297e-06,0
335,4.8132457499820206e-05,1.0891314582338578e-06,-4.954574998202081e-07,0
336,2.318232816437516e-05,1.0891314582338578e-06,-7.534281643751614e-07,0
337,9.201143953899882e-06,1.0891314582338578e-06,9.688604610011788e-08,0
338,3.664432938542743e-06,1.0891314582338578e-06,8.654270614572572e-07,0
339,1.885604470885572e-06,1.0891314582338578e-06,1.1677455291144277e-06,1
340,1.750580471520242e-06,1.0891314582338578e-06,7.812095284797583e-07,0
341,2.8292614457751143e-06,1.0891314582338578e-06,-3.306214457751144e-07,0
342,5.025223941668732e-06,1.0891314582338578e-06,-1.489053941668732e-06,1
343,9.89718679642708e-06,1.0891314582338578e-06,-2.0058867964270796e-06,0
344,2.2482379996453448e-05,1.0891314582338578e-06,-1.7844799964534475e-06,0
345,4.694070178873581e-05,1.0891314582338578e-06,-2.5401788735814057e-08,0
346,7.832074474001665e-05,1.0891314582338578e-06,2.7329552599833387e-06,0
347,0.00010304913856197936,1.0891314582338578e-06,2.8788614380206292e-06,0
348,0.00010762046384658089,1.0891314582338578e-06,1.1265361534191224e-06,0
349,8.735443628204606e-05,1.0891314582338578e-06,1.1504637179539427e-06,0
350,5.232641334929903e-05,1.0891314582338578e-06,1.5285866507009686e-06,0
351,2.1542849910689425e-05,1.0891314582338578e-06,7.313500893105756e-07,0
352,5.208240483541311e-07,1.0891314582338578e-06,3.699829516458688e-07,0
353,4.044032973725328e-07,1.0891314582338578e-06,3.931007026274672e-07,0
354,1.879313939288349e-07,1.0891314582338578e-06,2.6383560607116507e-07,0
355,6.844150299064088e-08,1.0891314582338578e-06,1.221524970093591e-07,0
356,2.3961494337045945e-08,1.0891314582338578e-06,4.6499005662954056e-08,0
357,9.800467188420453e-09,1.0891314582338578e-06,2.2551432811579553e-08,0
358,4.154074767364245e-08,1.0891314582338578e-06,5.77095232635755e-09,0
359,3.6119201419351703e-07,1.0891314582338578e-06,-1.1263801419351704e-07,1
360,2.1405427874816123e-06,1.0891314582338578e-06,-6.250827874816124e-07,1
361,8.338447016281359e-06,1.0891314582338578e-06,-1.4772970162813585e-06,1
362,2.2240828524410832e-05,1.0891314582338578e-06,-1.3912285244108314e-06,0
363,4.2345782205176826e-05,1.0891314582338578e-06,-3.2128220517682864e-07,0
364,5.881295063546499e-05,1.0891314582338578e-06,-1.2512506354649906e-06,0
365,5.935237451496904e-05,1.0891314582338578e-06,-4.29057451496904e-06,1
366,4.272641961930503e-05,1.0891314582338578e-06,-5.494519619305034e-06,1
367,2.1760717353861386e-05,1.0891314582338578e-06,-3.7475173538613875e-06,1
368,8.117220047451798e-06,1.0891314582338578e-06,-1.5031300474517975e-06,1
369,2.560505052663104e-06,1.0891314582338578e-06,-3.335150526631038e-07,0
370,9.160671154708388e-07,1.0891314582338578e-06,4.06548845291613e-08,0
371,4.7237051651446707e-07,1.0891314582338578e-06,1.28043483485533e-07,0
372,5.056803850217973e-07,1.0891314582338578e-06,6.147614978202735e-09,0
373,9.483498609701056e-07,1.0891314582338578e-06,-2.8748686097010565e-07,0
374,2.0902972730927e-06,1.0891314582338578e-06,-5.729272730927001e-07,0
375,5.716058805716929e-06,1.0891314582338578e-06,-8.950388057169295e-07,0
376,1.5598821253832143e-05,1.0891314582338578e-06,-1.386921253832143e-06,0
377,3.362565680176966e-05,1.0891314582338578e-06,-1.6589568017696599e-06,0
378,5.413184129762306e-05,1.0891314582338578e-06,-1.760841297623055e-06,0
379,6.561359382361797e-05,1.0891314582338578e-06,-1.5050938236179761e-06,0
380,6.0614906128073656e-05,1.0891314582338578e-06,1.1049387192634355e-07,0
381,4.230664368999071e-05,1.0891314582338578e-06,1.7564563100092904e-06,0
382,2.1404259337201366e-05,1.0891314582338578e-06,1.6503406627986356e-06,0
383,7.35780071642081e-06,1.0891314582338578e-06,7.145992835791909e-07,0
384,5.593763655517427e-08,1.0891314582338578e-06,1.1908336344482572e-07,0
385,3.742395335910314e-08,1.0891314582338578e-06,1.0814904664089687e-07,0
386,1.5719964722983794e-08,1.0891314582338578e-06,6.17632352770162e-08,0
387,5.574726431013515e-09,1.0891314582338578e-06,2.657277356898648e-08,0
388,1.8484886037357516e-09,1.0891314582338578e-06,1.1978211396264248e-08,0
389,2.902406885040915e-09,1.0891314582338578e-06,7.129593114959085e-09,0
390,3.614659032024018e-08,1.0891314582338578e-06,-1.0357590320240182e-08,0
391,3.035539508298648e-07,1.0891314582338578e-06,-1.381989508298648e-07,1
392,1.571460533445377e-06,1.0891314582338578e-06,-5.831545334453768e-07,1
393,5.34229226443191e-06,1.0891314582338578e-06,-1.3287722644319106e-06,1
394,1.2645702913649153e-05,1.0891314582338578e-06,-2.094902913649154e-06,1
395,2.1511015275265114e-05,1.0891314582338578e-06,-3.3984152752651137e-06,1
396,2.6232561310411568e-05,1.0891314582338578e-06,-5.491861310411565e-06,1
397,2.2336249616048115e-05,1.0891314582338578e-06,-6.238249616048114e-06,1
398,1.2928175605375168e-05,1.0891314582338578e-06,-4.370425605375169e-06,1
399,5.0659156291692684e-06,1.0891314582338578e-06,-1.8768056291692685e-06,1
400,1.4141659547323255e-06,1.0891314582338578e-06,-5.122539547323256e-07,1
401,3.47151491152585e-07,1.0891314582338578e-06,-1.0366649115258494e-07,0
402,1.0777943361440804e-07,1.0891314582338578e-06,-1.6772933614408036e-08,0
403,5.358030805199132e-08,1.0891314582338578e-06,1.6948919480086825e-09,0
404,8.1955794285987e-08,1.0891314582338578e-06,-2.1203294285987005e-08,0
405,2.3304835672261085e-07,1.0891314582338578e-06,-8.673535672261086e-08,0
406,8.053274720210224e-07,1.0891314582338578e-06,-2.3645647202102235e-07,0
407,2.8064317961797227e-06,1.0891314582338578e-06,-6.360617961797227e-07,0
408,7.752959714997736e-06,1.0891314582338578e-06,-1.3924797149977359e-06,0
409,1.546108792386905e-05,1.0891314582338578e-06,-2.1806879238690495e-06,1
410,2.2015015292010105e-05,1.0891314582338578e-06,-2.2215152920101058e-06,1
411,2.288347212651342e-05,1.0891314582338578e-06,-1.072772126513418e-06,0
412,1.7847338569155324e-05,1.0891314582338578e-06,3.4746143084467705e-07,0
413,1.04301428763929e-05,1.0891314582338578e-06,8.610571236070995e-07,0
414,4.364290281719973e-06,1.0891314582338578e-06,6.017897182800275e-07,0
415,1.2275309113524499e-06,1.0891314582338578e-06,2.4344908864754996e-07,0
416,2.005115548760698e-09,1.0891314582338578e-06,1.64124844512393e-08,0
417,1.1805574651895816e-09,1.0891314582338578e-06,1.2209842534810418e-08,0
418,4.4309437044654833e-10,1.0891314582338578e-06,6.135835629553452e-09,0
419,1.358646749843226e-10,1.0891314582338578e-06,2.860195325015677e-09,0
420,1.022296043102084e-10,1.0891314582338578e-06,1.9776903956897915e-09,0
421,1.5673378622630078e-09,1.0891314582338578e-06,1.748372137736992e-09,0
422,1.94437688411549e-08,1.0891314582338578e-06,-8.222168841154899e-09,0
423,1.4101414679436907e-07,1.0891314582338578e-06,-7.228604679436907e-08,1
424,6.345858764567968e-07,1.0891314582338578e-06,-2.7622287645679674e-07,1
425,1.8876781494064648e-06,1.0891314582338578e-06,-6.550181494064648e-07,1
426,3.910021175333185e-06,1.0891314582338578e-06,-1.184791175333185e-06,1
427,5.7941289755668115e-06,1.0891314582338578e-06,-1.8961989755668115e-06,1
428,6.050789702088985e-06,1.0891314582338578e-06,-2.394949702088985e-06,1
429,4.260507470511925e-06,1.0891314582338578e-06,-1.9839674705119246e-06,1
430,1.9560339646400447e-06,1.0891314582338578e-06,-1.0016729646400448e-06,1
431,5.917915736440885e-07,1.0891314582338578e-06,-3.131855736440885e-07,1
432,1.2933164119109527e-07,1.0891314582338578e-06,-6.803654119109527e-08,1
433,2.628840221068552e-08,1.0891314582338578e-06,-1.3222002210685519e-08,1
434,6.706112833402966e-09,1.0891314582338578e-06,-1.799622833402966e-09,0
435,3.8533702176522175e-09,1.0891314582338578e-06,2.2889782347782972e-11,0
436,1.2874801235203975e-08,1.0891314582338578e-06,-4.823371235203975e-09,0
437,6.767424095702723e-08,1.0891314582338578e-06,-2.884274095702723e-08,0
438,3.240378556383543e-07,1.0891314582338578e-06,-1.325378556383543e-07,0
439,1.1366090334176394e-06,1.0891314582338578e-06,-4.2561203341763947e-07,1
440,2.740857808796881e-06,1.0891314582338578e-06,-8.90717808796881e-07,1
441,4.521127063789065e-06,1.0891314582338578e-06,-1.1646270637890648e-06,1
442,5.21846928773999e-06,1.0891314582338578e-06,-8.778692877399898e-07,1
443,4.408578126749809e-06,1.0891314582338578e-06,-2.873081267498095e-07,0
444,2.8285624159511918e-06,1.0891314582338578e-06,7.970758404880799e-08,0
445,1.3570926141750237e-06,1.0891314582338578e-06,1.426373858249761e-07,0
446,4.6020752432518366e-07,1.0891314582338578e-06,8.680147567481629e-08,0
447,1.092635350047748e-07,1.0891314582338578e-06,2.8147464995225182e-08,0
448,2.088029502931708e-11,1.0891314582338578e-06,6.94559704970683e-10,0
449,1.0559071218796964e-11,1.0891314582338578e-06,4.13555928781203e-10,0
450,3.2542192136514728e-12,1.0891314582338578e-06,1.8851378078634854e-10,0
451,1.5775483447429117e-12,1.0891314582338578e-06,1.182274516552571e-10,0
452,3.213354403721714e-11,1.0891314582338578e-06,2.060134559627829e-10,0
453,6.474154639112594e-10,1.0891314582338578e-06,9.30975360887406e-11,0
454,7.132118368609776e-09,1.0891314582338578e-06,-3.7130583686097757e-09,1
455,4.452827401506144e-08,1.0891314582338578e-06,-2.616247401506144e-08,1
456,1.6652720113440574e-07,1.0891314582338578e-06,-9.156000113440574e-08,1
457,3.995666801979136e-07,1.0891314582338578e-06,-1.903696801979136e-07,1
458,6.608778737170703e-07,1.0891314582338578e-06,-2.768528737170703e-07,1
459,7.870768581751367e-07,1.0891314582338578e-06,-3.2931885817513674e-07,1
460,6.624736667638903e-07,1.0891314582338578e-06,-3.0653766676389025e-07,1
461,3.7171792781664076e-07,1.0891314582338578e-06,-1.9011992781664075e-07,1
462,1.3451967127787473e-07,1.0891314582338578e-06,-7.257487127787473e-08,1
463,3.272790884991319e-08,1.0891314582338578e-06,-1.7959708849913186e-08,1
464,6.0102761595947525e-09,1.0891314582338578e-06,-3.4492461595947523e-09,1
465,9.728955291053653e-10,1.0891314582338578e-06,-5.105785291053653e-10,0
466,1.8481514031006374e-10,1.0891314582338578e-06,5.890485968993627e-11,0
467,3.3178579990511257e-10,1.0891314582338578e-06,-2.2034799905112566e-11,0
468,3.460632623824132e-09,1.0891314582338578e-06,-1.747122623824132e-09,0
469,2.734474227288751e-08,1.0891314582338578e-06,-1.5847342272887512e-08,1
470,1.2998366002175132e-07,1.0891314582338578e-06,-7.598846002175132e-08,1
471,3.728435335989925e-07,1.0891314582338578e-06,-2.0202153359899249e-07,1
472,6.796183740357151e-07,1.0891314582338578e-06,-3.124763740357151e-07,1
473,8.345053535206743e-07,1.0891314582338578e-06,-2.8526135352067426e-07,1
474,7.307670043959207e-07,1.0891314582338578e-06,-1.4097900439592064e-07,0
475,4.851882665545549e-07,1.0891314582338578e-06,-2.1093266554554933e-08,0
476,2.5240676571768396e-07,1.0891314582338578e-06,1.4979234282316048e-08,0
477,9.78855796649753e-08,1.0891314582338578e-06,1.3145420335024696e-08,0
478,2.6838560923098777e-08,1.0891314582338578e-06,6.088639076901221e-09,0
479,5.936663571071575e-09,1.0891314582338578e-06,9.952864289284254e-10,0
480,5.5243488268856945e-14,1.0891314582338578e-06,7.2092165117311436e-12,0
481,2.294681048698255e-14,1.0891314582338578e-06,3.3838831895130177e-12,0
482,3.3734618484632236e-14,1.0891314582338578e-06,1.7779753815153675e-12,0
483,1.6896708297167911e-12,1.0891314582338578e-06,2.5445091702832093e-12,0
484,4.973998654573743e-11,1.0891314582338578e-06,-2.670238654573743e-11,1
485,7.153172068111456e-10,1.0891314582338578e-06,-5.558052068111456e-10,1
486,5.161345784405315e-09,1.0891314582338578e-06,-4.184096784405315e-09,1
487,1.9875439883272986e-08,1.0891314582338578e-06,-1.5823549883272986e-08,1
488,4.558920854001543e-08,1.0891314582338578e-06,-3.376840854001543e-08,1
489,7.004950385950031e-08,1.0891314582338578e-06,-4.4026303859500307e-08,1
490,7.545531133565228e-08,1.0891314582338578e-06,-3.464671133565228e-08,0
491,5.730273173446609e-08,1.0891314582338578e-06,-1.5157631734466094e-08,0
492,3.139922362605054e-08,1.0891314582338578e-06,-3.095923626050537e-09,0
493,1.2293632836698183e-08,1.0891314582338578e-06,6.024671633018189e-10,0
494,3.339488051459872e-09,1.0891314582338578e-06,9.45661948540128e-10,0
495,6.552595215536878e-10,1.0891314582338578e-06,3.660504784463123e-10,0
496,9.8588609051805e-11,1.0891314582338578e-06,5.430239094819501e-11,0
497,1.1544378854673686e-11,1.0891314582338578e-06,8.053321145326313e-12,0
498,6.9795680818431255e-12,1.0891314582338578e-06,8.028231918156877e-12,0
499,1.3685190021104868e-10,1.0891314582338578e-06,-5.2157800211048684e-11,0
500,1.7381038415510875e-09,1.0891314582338578e-06,-1.0421458415510874e-09,1
501,1.1687736479580908e-08,1.0891314582338578e-06,-7.816026479580908e-09,1
502,4.282183529616277e-08,1.0891314582338578e-06,-2.8709635296162767e-08,1
503,9.05752467109694e-08,1.0891314582338578e-06,-5.6277146710969395e-08,1
504,1.1800332675157485e-07,1.0891314582338578e-06,-6.095592675157485e-08,1
505,9.9978917716106e-08,1.0891314582338578e-06,-3.3029217716105996e-08,1
506,6.008483963136186e-08,1.0891314582338578e-06,-2.7846396313618704e-09,0
507,3.045958635922507e-08,1.0891314582338578e-06,5.552513640774929e-09,0
508,1.3905785540348563e-08,1.0891314582338578e-06,2.2129144596514372e-09,0
509,4.6366529476096795e-09,1.0891314582338578e-06,4.4026705239032125e-10,0
510,9.757862951749462e-10,1.0891314582338578e-06,2.0737370482505393e-10,0
511,1.5746535328372626e-10,1.0891314582338578e-06,4.978464671627375e-11,0
512,6.489064785632262e-14,1.0891314582338578e-06,3.077059352143677e-12,0
513,3.115514650459048e-13,1.0891314582338578e-06,1.6564148534954096e-11,0
514,9.987336856651309e-13,1.0891314582338578e-06,5.626806631433487e-11,0
515,9.144773168387887e-12,1.0891314582338578e-06,1.2960322683161211e-10,0
516,1.6003597576005814e-10,1.0891314582338578e-06,1.0195702423994182e-10,0
517,1.5365491849545568e-09,1.0891314582338578e-06,-1.055697184954557e-09,1
518,7.1384441551502e-09,1.0891314582338578e-06,-5.6382741551502e-09,1
519,1.6460992884989667e-08,1.0891314582338578e-06,-1.1593952884989667e-08,1
520,2.0635189087754522e-08,1.0891314582338578e-06,-1.0752149087754521e-08,0
521,1.6603800773020578e-08,1.0891314582338578e-06,-3.773300773020578e-09,0
522,9.485305546063457e-09,1.0891314582338578e-06,1.643994453936543e-09,0
523,3.5781772406766026e-09,1.0891314582338578e-06,2.7106427593233972e-09,0
524,8.613066382885401e-10,1.0891314582338578e-06,1.6849333617114596e-09,0
525,1.5330692815372296e-10,1.0891314582338578e-06,8.09278071846277e-10,0
526,2.4453837111895318e-11,1.0891314582338578e-06,3.1160416288810474e-10,0
527,4.350727495096473e-12,1.0891314582338578e-06,9.861627250490353e-11,0
528,4.844826608220507e-12,1.0891314582338578e-06,1.1593417339177948e-10,0
529,1.6638346839032335e-11,1.0891314582338578e-06,2.4985365316096767e-10,0
530,6.407712019001279e-11,1.0891314582338578e-06,4.1777087980998724e-10,0
531,3.3851461980477163e-10,1.0891314582338578e-06,1.0258453801952285e-09,0
532,1.4323704203282932e-09,1.0891314582338578e-06,3.2961295796717066e-09,0
533,4.016142960128885e-09,1.0891314582338578e-06,6.983257039871115e-09,0
534,8.095472277938187e-09,1.0891314582338578e-06,8.085027722061813e-09,0
535,1.2067661174243677e-08,1.0891314582338578e-06,5.401238825756323e-09,0
536,1.2045088166747576e-08,1.0891314582338578e-06,3.507411833252424e-09,0
537,7.283793663703899e-09,1.0891314582338578e-06,4.063306336296102e-09,0
538,2.8491424183225807e-09,1.0891314582338578e-06,3.5160075816774186e-09,0
539,1.0782399704910126e-09,1.0891314582338578e-06,1.444380029508987e-09,0
540,4.4850574649547663e-10,1.0891314582338578e-06,2.458842535045234e-10,0
541,1.2562661352556284e-10,1.0891314582338578e-06,1.7733386474437172e-11,0
542,1.8800244955122865e-11,1.0891314582338578e-06,6.6860550448771354e-12,0
543,1.6631187706423301e-12,1.0891314582338578e-06,3.2558312293576696e-12,0
544,1.9624254842237147e-11,1.0891314582338578e-06,2.7214974515776287e-10,0
545,7.072910761451693e-11,1.0891314582338578e-06,1.025210892385483e-09,0
546,1.4767092967162297e-10,1.0891314582338578e-06,2.5243990703283773e-09,0
547,2.141928413741475e-10,1.0891314582338578e-06,4.298997158625852e-09,0
548,3.200793975606766e-10,1.0891314582338578e-06,5.052120602439323e-09,0
549,9.649819625590025e-10,1.0891314582338578e-06,4.206138037440998e-09,0
550,2.836353135906152e-09,1.0891314582338578e-06,4.016676864093848e-09,0
551,4.48782079753136e-09,1.0891314582338578e-06,7.993079202468639e-09,0
552,3.6734808278036363e-09,1.0891314582338578e-06,1.3387719172196364e-08,0
553,1.7527607302352599e-09,1.0891314582338578e-06,1.330533926976474e-08,0
554,5.687085108883296e-10,1.0891314582338578e-06,7.967711489111669e-09,0
555,1.2426483229693177e-10,1.0891314582338578e-06,2.9174451677030686e-09,0
556,1.9346123818165915e-11,1.0891314582338578e-06,7.48583876181834e-10,0
557,1.560612968713914e-11,1.0891314582338578e-06,3.7244087031286086e-10,0
558,4.642777790178728e-11,1.0891314582338578e-06,6.788492220982126e-10,0
559,1.6360267328981503e-10,1.0891314582338578e-06,1.8493173267101851e-09,0
560,5.795810314033572e-10,1.0891314582338578e-06,4.356398968596642e-09,0
561,1.5444243125526125e-09,1.0891314582338578e-06,7.277815687447388e-09,0
562,3.3603001365550114e-09,1.0891314582338578e-06,1.1438499863444986e-08,0
563,7.41296773821827e-09,1.0891314582338578e-06,2.4679232261781733e-08,1
564,1.3717297289225706e-08,1.0891314582338578e-06,5.104260271077429e-08,1
565,1.586218525134975e-08,1.0891314582338578e-06,7.140291474865026e-08,1
566,1.045315384896308e-08,1.0891314582338578e-06,6.483634615103692e-08,1
567,4.325581816721643e-09,1.0891314582338578e-06,4.323971818327836e-08,1
568,1.4079634778992735e-09,1.0891314582338578e-06,2.525943652210073e-08,1
569,3.722453777658445e-10,1.0891314582338578e-06,1.3845454622234155e-08,0
570,7.151434094441126e-11,1.0891314582338578e-06,6.506505659055589e-09,0
571,1.5023915798308802e-11,1.0891314582338578e-06,2.4864160842016917e-09,0
572,4.645063214692702e-12,1.0891314582338578e-06,8.179559367853075e-10,0
573,1.073770889364938e-12,1.0891314582338578e-06,2.5574522911063507e-10,0
574,1.7314268441731934e-13,1.0891314582338578e-06,1.6036485731558262e-10,0
575,3.1629108251900664e-14,1.0891314582338578e-06,1.654923708917481e-10,0
576,1.3746775897447793e-09,1.0891314582338578e-06,5.619942410255221e-09,1
577,3.861411841430365e-09,1.0891314582338578e-06,1.7227588158569635e-08,1
578,6.641411591103612e-09,1.0891314582338578e-06,3.529478840889639e-08,1
579,8.139073607859294e-09,1.0891314582338578e-06,4.887552639214071e-08,1
580,7.168414102563959e-09,1.0891314582338578e-06,4.727918589743604e-08,1
581,4.1649176839939904e-09,1.0891314582338578e-06,3.730378231600601e-08,1
582,1.603514591539888e-09,1.0891314582338578e-06,3.1380285408460114e-08,0
583,5.165562744914637e-10,1.0891314582338578e-06,3.1152243725508536e-08,0
584,1.6943413510609234e-10,1.0891314582338578e-06,2.904416586489391e-08,0
585,4.6967831817172854e-11,1.0891314582338578e-06,2.139393216818283e-08,0
586,3.181619664677609e-11,1.0891314582338578e-06,1.2180083803353224e-08,0
587,1.3493223348044486e-10,1.0891314582338578e-06,6.0078377665195565e-09,0
588,5.002101121351537e-10,1.0891314582338578e-06,4.460559887864847e-09,0
589,1.3993327557108872e-09,1.0891314582338578e-06,7.384987244289113e-09,0
590,3.450477458039677e-09,1.0891314582338578e-06,1.7227122541960322e-08,0
591,8.932855220713676e-09,1.0891314582338578e-06,3.816494477928633e-08,0
592,2.2794129369269883e-08,1.0891314582338578e-06,6.563737063073011e-08,0
593,4.869639954003464e-08,1.0891314582338578e-06,8.983960045996535e-08,0
594,8.246159466711554e-08,1.0891314582338578e-06,1.4064340533288446e-07,1
595,1.0960142364439301e-07,1.0891314582338578e-06,2.69985576355607e-07,1
596,1.1038974623607216e-07,1.0891314582338578e-06,4.1088525376392777e-07,1
597,8.358383057451894e-08,1.0891314582338578e-06,4.04677169425481e-07,1
598,4.980803010820322e-08,1.0891314582338578e-06,2.580879698917968e-07,1
599,2.3077287799216655e-08,1.0891314582338578e-06,1.2460871220078333e-07,1
600,7.216481719529542e-09,1.0891314582338578e-06,6.138751828047045e-08,0
601,1.3063855636082896e-09,1.0891314582338578e-06,3.4121614436391714e-08,0
602,1.2762935435933202e-10,1.0891314582338578e-06,1.8752970645640666e-08,0
603,1.608900189589641e-11,1.0891314582338578e-06,9.215670998104103e-09,0
604,2.039321259255989e-11,1.0891314582338578e-06,4.06519678740744e-09,0
605,1.9888849301774315e-11,1.0891314582338578e-06,2.9345411506982257e-09,0
606,1.0710626515473713e-11,1.0891314582338578e-06,4.0647093734845265e-09,0
607,5.653844763885765e-12,1.0891314582338578e-06,4.495256155236114e-09,0
608,2.8356209857896442e-08,1.0891314582338578e-06,5.397959014210355e-08,1
609,6.649983133046472e-08,1.0891314582338578e-06,1.5287016866953528e-07,1
610,1.0151277312018184e-07,1.0891314582338578e-06,2.743092268798182e-07,1
611,1.1297266560429962e-07,1.0891314582338578e-06,3.2062933439570033e-07,1
612,8.824496774023739e-08,1.0891314582338578e-06,2.699230322597626e-07,1
613,4.363575389362648e-08,1.0891314582338578e-06,1.909482461063735e-07,0
614,1.2977401679969056e-08,1.0891314582338578e-06,1.2624459832003094e-07,0
615,2.411020153982089e-09,1.0891314582338578e-06,8.278627984601791e-08,0
616,3.295798550294335e-10,1.0891314582338578e-06,5.402482014497057e-08,0
617,2.533040751507382e-10,1.0891314582338578e-06,3.506659592484927e-08,0
618,1.6078738922317762e-09,1.0891314582338578e-06,2.6453926107768223e-08,0
619,6.55061982423266e-09,1.0891314582338578e-06,2.8778580175767335e-08,0
620,1.7722938570212607e-08,1.0891314582338578e-06,4.65497614297874e-08,0
621,3.880337348852073e-08,1.0891314582338578e-06,9.539662651147927e-08,1
622,8.229571106901411e-08,1.0891314582338578e-06,1.9210928893098588e-07,0
623,1.7843621554104432e-07,1.0891314582338578e-06,3.244767844589557e-07,0
624,3.6964524949252854e-07,1.0891314582338578e-06,4.288567505074715e-07,0
625,6.679649858322535e-07,1.0891314582338578e-06,4.805650141677463e-07,0
626,9.600613913906691e-07,1.0891314582338578e-06,6.749286086093308e-07,1
627,1.037522506947977e-06,1.0891314582338578e-06,1.104417493052023e-06,1
628,8.429503249792775e-07,1.0891314582338578e-06,1.3181196750207225e-06,1
629,5.329693633247858e-07,1.0891314582338578e-06,9.876106366752141e-07,1
630,2.649222367116051e-07,1.0891314582338578e-06,4.992057632883949e-07,0
631,9.733106353714327e-08,1.0891314582338578e-06,2.3745993646285675e-07,0
632,2.3573127601838167e-08,1.0891314582338578e-06,1.456978723981618e-07,0
633,3.40003367455871e-09,1.0891314582338578e-06,9.906396632544128e-08,0
634,4.774988870294417e-10,1.0891314582338578e-06,6.344330111297056e-08,0
635,6.635726266561789e-10,1.0891314582338578e-06,3.635802737334382e-08,0
636,9.736397383360086e-10,1.0891314582338578e-06,2.5676760261663994e-08,0
637,7.776856114031906e-10,1.0891314582338578e-06,3.6604214388596816e-08,0
638,5.372878327967741e-10,1.0891314582338578e-06,5.684311216720322e-08,0
639,5.313860604400279e-10,1.0891314582338578e-06,5.945931393955997e-08,0
640,2.2058600447967767e-07,1.0891314582338578e-06,3.2462599552032233e-07,1
641,4.677078113078719e-07,1.0891314582338578e-06,7.636521886921282e-07,1
642,6.56200347051377e-07,1.0891314582338578e-06,1.1051596529486229e-06,1
643,6.420742470683393e-07,1.0891314582338578e-06,1.0668157529316607e-06,1
644,4.247543846395247e-07,1.0891314582338578e-06,7.880756153604751e-07,1
645,1.8316147517133453e-07,1.0891314582338578e-06,5.040385248286654e-07,0
646,5.295722939660896e-08,1.0891314582338578e-06,2.9185377060339104e-07,0
647,1.1046791152794014e-08,1.0891314582338578e-06,1.61162208847206e-07,0
648,2.242867240902824e-09,1.0891314582338578e-06,9.545723275909719e-08,0
649,5.771802049600397e-09,1.0891314582338578e-06,7.56507979503996e-08,0
650,2.8919048770751507e-08,1.0891314582338578e-06,9.79119512292485e-08,0
651,9.198595716417757e-08,1.0891314582338578e-06,1.7156004283582244e-07,0
652,2.1147784605612695e-07,1.0891314582338578e-06,3.2992515394387304e-07,0
653,4.1768502544532533e-07,1.0891314582338578e-06,6.180149745546746e-07,1
654,8.016245187949873e-07,1.0891314582338578e-06,1.0028954812050127e-06,1
655,1.529983404603106e-06,1.0891314582338578e-06,1.2963565953968942e-06,0
656,2.7125606671858105e-06,1.0891314582338578e-06,1.2160293328141896e-06,0
657,4.100559020028054e-06,1.0891314582338578e-06,8.124309799719465e-07,0
658,4.932851552941399e-06,1.0891314582338578e-06,7.418284470586018e-07,0
659,4.569164219295948e-06,1.0891314582338578e-06,1.1366557807040518e-06,0
660,3.2278965686135994e-06,1.0891314582338578e-06,1.205743431386401e-06,0
661,1.7161298679966503e-06,1.0891314582338578e-06,7.883201320033495e-07,0
662,6.772928871605168e-07,1.0891314582338578e-06,4.510071128394833e-07,0
663,1.9461595129676644e-07,1.0891314582338578e-06,3.5391204870323363e-07,0
664,3.827307828744682e-08,1.0891314582338578e-06,3.1055892171255323e-07,0
665,5.805677832345874e-09,1.0891314582338578e-06,2.491983221676541e-07,0
666,4.658339085480635e-09,1.0891314582338578e-06,1.8196566091451938e-07,0
667,8.997090649940121e-09,1.0891314582338578e-06,1.3396890935005986e-07,0
668,1.0574546606270884e-08,1.0891314582338578e-06,1.609244533937291e-07,0
669,1.0022234545947865e-08,1.0891314582338578e-06,2.862247654540521e-07,0
670,1.2741430880020104e-08,1.0891314582338578e-06,4.019355691199799e-07,0
671,1.5204507275787014e-08,1.0891314582338578e-06,3.51642492724213e-07,0
672,8.069639239427565e-07,1.0891314582338578e-06,8.923760760572437e-07,1
673,1.568399991327402e-06,1.0891314582338578e-06,1.647300008672598e-06,1
674,1.997064165365633e-06,1.0891314582338578e-06,1.8916958346343666e-06,1
675,1.7503957865186387e-06,1.0891314582338578e-06,1.5117942134813614e-06,1
676,1.0713822867472515e-06,1.0891314582338578e-06,9.718177132527482e-07,0
677,4.614341477742898e-07,1.0891314582338578e-06,5.746158522257102e-07,0
678,1.4086530395315508e-07,1.0891314582338578e-06,3.277106960468449e-07,0
679,3.0834484968679556e-08,1.0891314582338578e-06,1.8898851503132043e-07,0
680,1.469530094134532e-08,1.0891314582338578e-06,1.3765469905865467e-07,0
681,5.7065898591578064e-08,1.0891314582338578e-06,1.6944710140842191e-07,0
682,2.054888276758255e-07,1.0891314582338578e-06,2.989671723241745e-07,0
683,5.395136118031365e-07,1.0891314582338578e-06,5.598663881968633e-07,0
684,1.1291069891487184e-06,1.0891314582338578e-06,1.0284130108512818e-06,1
685,2.056070841615975e-06,1.0891314582338578e-06,1.7353991583840249e-06,1
686,3.5751334868863785e-06,1.0891314582338578e-06,2.387346513113622e-06,1
687,6.053040662341432e-06,1.0891314582338578e-06,2.2722193376585683e-06,0
688,9.193888803651407e-06,1.0891314582338578e-06,8.621111963485932e-07,0
689,1.1611279483454893e-05,1.0891314582338578e-06,-1.1191794834548919e-06,0
690,1.1784787438904845e-05,1.0891314582338578e-06,-2.134517438904846e-06,1
691,9.451205946773126e-06,1.0891314582338578e-06,-1.8825959467731241e-06,1
692,5.784756382350205e-06,1.0891314582338578e-06,-1.1013763823502052e-06,0
693,2.604044749605721e-06,1.0891314582338578e-06,-3.310647496057209e-07,0
694,8.677103778479088e-07,1.0891314582338578e-06,1.906396221520912e-07,0
695,2.173882860791214e-07,1.0891314582338578e-06,4.4037271392087856e-07,0
696,4.266530787221576e-08,1.0891314582338578e-06,4.896676921277843e-07,0
697,1.7573692568837106e-08,1.0891314582338578e-06,4.451123074311629e-07,0
698,2.684227422044532e-08,1.0891314582338578e-06,3.719007257795546e-07,0
699,3.898965443005253e-08,1.0891314582338578e-06,3.6826534556994746e-07,0
700,4.8026501857634875e-08,1.0891314582338578e-06,5.981094981423653e-07,1
701,6.895700489014442e-08,1.0891314582338578e-06,1.0088629951098558e-06,1
702,1.0389496324545133e-07,1.0891314582338578e-06,1.1847350367545487e-06,1
703,1.128863133405426e-07,1.0891314582338578e-06,8.570756866594574e-07,1
704,1.6387305895990058e-06,1.0891314582338578e-06,7.707594104009943e-07,0
705,2.8576718832228852e-06,1.0891314582338578e-06,1.096188116777114e-06,0
706,3.428814250207096e-06,1.0891314582338578e-06,8.537257497929043e-07,0
707,2.991261623859652e-06,1.0891314582338578e-06,3.397783761403483e-07,0
708,1.8961380823769185e-06,1.0891314582338578e-06,7.851191762308178e-08,0
709,8.482623268309833e-07,1.0891314582338578e-06,9.646867316901676e-08,0
710,2.6059340401067e-07,1.0891314582338578e-06,1.4504359598932998e-07,0
711,6.677725139889945e-08,1.0891314582338578e-06,1.4477474860110057e-07,0
712,7.902606209011235e-08,1.0891314582338578e-06,1.4597393790988763e-07,0
713,2.575739713212813e-07,1.0891314582338578e-06,2.022060286787187e-07,0
714,6.99357149831546e-07,1.0891314582338578e-06,3.4899285016845385e-07,0
715,1.535448900505554e-06,1.0891314582338578e-06,6.470510994944458e-07,0
716,2.8852300337539287e-06,1.0891314582338578e-06,1.149049966246072e-06,1
717,4.9322424713988445e-06,1.0891314582338578e-06,1.7350175286011566e-06,1
718,8.113016593991379e-06,1.0891314582338578e-06,1.8244234060086197e-06,0
719,1.23678186944345e-05,1.0891314582338578e-06,4.990813055655007e-07,0
720,1.6014700101615915e-05,1.0891314582338578e-06,-2.2428001016159134e-06,0
721,1.7010659031114387e-05,1.0891314582338578e-06,-4.813159031114388e-06,1
722,1.4878451964863012e-05,1.0891314582338578e-06,-5.663241964863012e-06,1
723,1.0459317983576588e-05,1.0891314582338578e-06,-4.611847983576588e-06,1
724,5.525176177334391e-06,1.0891314582338578e-06,-2.5405561773343913e-06,1
725,2.1142611058971037e-06,1.0891314582338578e-06,-8.041411058971036e-07,1
726,6.099128794883595e-07,1.0891314582338578e-06,7.583212051164054e-08,0
727,1.4328451857436158e-07,1.0891314582338578e-06,4.090464814256384e-07,0
728,4.5965288798893584e-08,1.0891314582338578e-06,4.970837112011064e-07,0
729,5.4149744830042925e-08,1.0891314582338578e-06,4.804832551699571e-07,0
730,8.485015017386509e-08,1.0891314582338578e-06,4.4941184982613493e-07,0
731,1.1598368895104758e-07,1.0891314582338578e-06,5.800573110489525e-07,1
732,1.453468926311112e-07,1.0891314582338578e-06,1.0202931073688887e-06,1
733,1.941517028758887e-07,1.0891314582338578e-06,1.5088582971241112e-06,1
734,2.5672913232980077e-07,1.0891314582338578e-06,1.5074108676701995e-06,1
735,2.40883209074969e-07,1.0891314582338578e-06,9.41176790925031e-07,1
736,1.7320664469355339e-06,1.0891314582338578e-06,6.152355306446615e-08,0
737,2.925449884459888e-06,1.0891314582338578e-06,-1.9586988445988862e-07,0
738,3.6653205203408966e-06,1.0891314582338578e-06,-7.899105203408968e-07,0
739,3.4480438475440177e-06,1.0891314582338578e-06,-1.2032338475440178e-06,1
740,2.3128476209091857e-06,1.0891314582338578e-06,-9.818476209091857e-07,1
741,1.0442444335100142e-06,1.0891314582338578e-06,-4.2072443351001427e-07,1
742,3.1500780563411824e-07,1.0891314582338578e-06,-3.934380563411821e-08,0
743,1.0372078776929515e-07,1.0891314582338578e-06,7.319821223070485e-08,0
744,1.6246943081553266e-07,1.0891314582338578e-06,7.634556918446732e-08,0
745,4.2992751514504547e-07,1.0891314582338578e-06,6.548748485495447e-08,0
746,1.0061307466966631e-06,1.0891314582338578e-06,6.436925330333682e-08,0
747,2.036946751494601e-06,1.0891314582338578e-06,9.568324850539915e-08,0
748,3.722203273186059e-06,1.0891314582338578e-06,1.2696672681394108e-07,0
749,6.416919537354066e-06,1.0891314582338578e-06,8.160046264593332e-08,0
750,1.0378324663915704e-05,1.0891314582338578e-06,-4.3525466391570303e-07,0
751,1.4398208522495346e-05,1.0891314582338578e-06,-1.933808522495345e-06,1
752,1.6008350814785106e-05,1.0891314582338578e-06,-3.942250814785106e-06,1
753,1.4512913441145432e-05,1.0891314582338578e-06,-5.271943441145432e-06,1
754,1.104974480898936e-05,1.0891314582338578e-06,-5.149704808989359e-06,1
755,6.761953554571967e-06,1.0891314582338578e-06,-3.632013554571967e-06,1
756,3.0699424604143405e-06,1.0891314582338578e-06,-1.7225524604143405e-06,1
757,1.0132258713886499e-06,1.0891314582338578e-06,-4.719468713886499e-07,1
758,2.5978271049317196e-07,1.0891314582338578e-06,6.108828950682805e-08,0
759,6.388387394128706e-08,1.0891314582338578e-06,2.5054112605871296e-07,0
760,4.755091293756059e-08,1.0891314582338578e-06,3.063890870624394e-07,0
761,9.772295696191912e-08,1.0891314582338578e-06,3.0075004303808084e-07,0
762,1.7097230265333572e-07,1.0891314582338578e-06,3.1208469734666434e-07,0
763,2.1785720825896765e-07,1.0891314582338578e-06,4.974787917410324e-07,0
764,2.2342178408844386e-07,1.0891314582338578e-06,8.958382159115561e-07,1
765,2.472859083254957e-07,1.0891314582338578e-06,1.199704091674504e-06,1
766,2.847836487831915e-07,1.0891314582338578e-06,1.0775463512168086e-06,1
767,2.3159856074556232e-07,1.0891314582338578e-06,6.205294392544377e-07,1
768,1.0804056221551785e-06,1.0891314582338578e-06,-1.1045962215517845e-07,0
769,2.044263644670409e-06,1.0891314582338578e-06,-5.513736446704092e-07,0
770,2.8512436953094687e-06,1.0891314582338578e-06,-1.2352336953094688e-06,1
771,2.813240893823205e-06,1.0891314582338578e-06,-1.5307508938232051e-06,1
772,1.8426343193540933e-06,1.0891314582338578e-06,-1.0829663193540932e-06,1
773,7.628756628937577e-07,1.0891314582338578e-06,-4.004476628937576e-07,1
774,2.07652511446518e-07,1.0891314582338578e-06,-3.4238511446518017e-08,0
775,7.822280700765138e-08,1.0891314582338578e-06,4.155319299234862e-08,0
776,1.3260751223051938e-07,1.0891314582338578e-06,1.903048776948062e-08,0
777,3.301919192622148e-07,1.0891314582338578e-06,-5.094591926221481e-08,0
778,7.524105744665379e-07,1.0891314582338578e-06,-1.764005744665379e-07,0
779,1.5204651683931401e-06,1.0891314582338578e-06,-3.3638516839314024e-07,1
780,2.8911883331773787e-06,1.0891314582338578e-06,-5.021383331773787e-07,0
781,5.217819810324064e-06,1.0891314582338578e-06,-6.635798103240631e-07,0
782,8.208271012338796e-06,1.0891314582338578e-06,-1.0120910123387963e-06,0
783,1.0195642621115151e-05,1.0891314582338578e-06,-1.74938262111515e-06,1
784,9.823560871827817e-06,1.0891314582338578e-06,-2.6068308718278164e-06,1
785,7.734494622663032e-06,1.0891314582338578e-06,-2.9847046226630316e-06,1
786,5.111887064620673e-06,1.0891314582338578e-06,-2.530797064620673e-06,1
787,2.721373730289242e-06,1.0891314582338578e-06,-1.550293730289242e-06,1
788,1.109993891133953e-06,1.0891314582338578e-06,-6.631018911339529e-07,1
789,3.489171704659732e-07,1.0891314582338578e-06,-1.6948817046597318e-07,1
790,8.984926754500023e-08,1.0891314582338578e-06,3.322773245499978e-08,0
791,2.8784429472061956e-08,1.0891314582338578e-06,1.0432557052793805e-07,0
792,4.766817669956962e-08,1.0891314582338578e-06,1.1908482330043039e-07,0
793,1.1554545969601915e-07,1.0891314582338578e-06,1.0887654030398084e-07,0
794,1.8959761007525e-07,1.0891314582338578e-06,1.3465338992474998e-07,0
795,2.184066420652238e-07,1.0891314582338578e-06,2.827193579347762e-07,0
796,2.187366773260045e-07,1.0891314582338578e-06,5.141323226739955e-07,0
797,2.3704617368597547e-07,1.0891314582338578e-06,6.418538263140245e-07,1
798,2.3206202387277685e-07,1.0891314582338578e-06,5.595119761272231e-07,1
799,1.5359172807281305e-07,1.0891314582338578e-06,3.3130727192718695e-07,1
800,5.96555944492608e-07,1.0891314582338578e-06,1.6231055507392054e-08,0
801,1.2632220861053162e-06,1.0891314582338578e-06,-2.969500861053161e-07,0
802,1.7868589938656448e-06,1.0891314582338578e-06,-7.557989938656447e-07,1
803,1.6712189251183349e-06,1.0891314582338578e-06,-8.912059251183349e-07,1
804,1.0034529778490542e-06,1.0891314582338578e-06,-5.674269778490542e-07,1
805,3.752744072402183e-07,1.0891314582338578e-06,-1.7807440724021828e-07,1
806,9.127405315849008e-08,1.0891314582338578e-06,1.7360468415099264e-09,0
807,3.794399503744645e-08,1.0891314582338578e-06,2.8743604962553566e-08,0
808,8.922752928077212e-08,1.0891314582338578e-06,-1.3600729280772112e-08,0
809,2.283571643993991e-07,1.0891314582338578e-06,-1.0938016439939908e-07,1
810,4.646124128637728e-07,1.0891314582338578e-06,-2.237834128637728e-07,1
811,8.696653813965689e-07,1.0891314582338578e-06,-3.143363813965689e-07,1
812,1.6865602543497997e-06,1.0891314582338578e-06,-3.9655025434979973e-07,1
813,3.0599033638425184e-06,1.0891314582338578e-06,-4.924433638425187e-07,0
814,4.456240089409878e-06,1.0891314582338578e-06,-6.624300894098784e-07,1
815,4.892026939401592e-06,1.0891314582338578e-06,-9.711069394015925e-07,1
816,4.117874831991363e-06,1.0891314582338578e-06,-1.2287648319913631e-06,1
817,2.8022252671273047e-06,1.0891314582338578e-06,-1.1604652671273049e-06,1
818,1.5925776591143215e-06,1.0891314582338578e-06,-8.051916591143215e-07,1
819,7.55964689281378e-07,1.0891314582338578e-06,-4.205806892813779e-07,1
820,3.041158580816029e-07,1.0891314582338578e-06,-1.666408580816029e-07,1
821,1.0842435093682568e-07,1.0891314582338578e-06,-3.9799750936825685e-08,0
822,3.709951147280413e-08,1.0891314582338578e-06,1.4454788527195872e-08,0
823,2.5177760251272623e-08,1.0891314582338578e-06,2.7519139748727377e-08,0
824,5.416782772008981e-08,1.0891314582338578e-06,1.2909972279910196e-08,0
825,1.099409942868932e-07,1.0891314582338578e-06,-5.985994286893199e-09,0
826,1.7323463142895513e-07,1.0891314582338578e-06,-4.2236314289551234e-09,0
827,2.119071465556492e-07,1.0891314582338578e-06,5.4720853444350784e-08,0
828,2.1057087298886602e-07,1.0891314582338578e-06,1.7425112701113396e-07,0
829,1.9255009651563307e-07,1.0891314582338578e-06,2.7549390348436696e-07,0
830,1.582106362577541e-07,1.0891314582338578e-06,2.872213637422459e-07,0
831,9.721066619183671e-08,1.0891314582338578e-06,1.9925833380816328e-07,0
832,2.738712607874964e-07,1.0891314582338578e-06,2.446547392125037e-07,0
833,5.738744629765346e-07,1.0891314582338578e-06,2.210975370234655e-07,0
834,7.833057206842387e-07,1.0891314582338578e-06,9.722279315761302e-09,0
835,7.059388276542888e-07,1.0891314582338578e-06,-1.6604082765428875e-07,0
836,4.1058083231110225e-07,1.0891314582338578e-06,-1.4745883231110225e-07,0
837,1.4705580414647698e-07,1.0891314582338578e-06,-4.5073804146476985e-08,0
838,3.3648021883826875e-08,1.0891314582338578e-06,9.42377811617313e-09,0
839,2.0365495555487648e-08,1.0891314582338578e-06,9.815004444512356e-09,0
840,5.723249908268638e-08,1.0891314582338578e-06,-2.2125399082686383e-08,0
841,1.30403840412979e-07,1.0891314582338578e-06,-7.210354041297898e-08,1
842,2.3665513358559785e-07,1.0891314582338578e-06,-1.1553313358559785e-07,1
843,4.2371428669949205e-07,1.0891314582338578e-06,-1.3382728669949201e-07,1
844,8.067557547004672e-07,1.0891314582338578e-06,-1.409957547004673e-07,0
845,1.3740878044677745e-06,1.0891314582338578e-06,-1.7910780446777463e-07,0
846,1.7989397261608674e-06,1.0891314582338578e-06,-2.9226972616086746e-07,0
847,1.706702418444685e-06,1.0891314582338578e-06,-3.898424184446851e-07,1
848,1.207480140238682e-06,1.0891314582338578e-06,-3.584901402386821e-07,1
849,7.011684739893623e-07,1.0891314582338578e-06,-2.492154739893622e-07,1
850,3.516439463249867e-07,1.0891314582338578e-06,-1.287149463249867e-07,0
851,1.510224954591296e-07,1.0891314582338578e-06,-3.986449545912962e-08,0
852,5.970907258845731e-08,1.0891314582338578e-06,-8.564725884573162e-10,0
853,2.490527461387485e-08,1.0891314582338578e-06,9.929325386125147e-09,0
854,1.5327258210889762e-08,1.0891314582338578e-06,1.0073841789110237e-08,0
855,2.8182859000634123e-08,1.0891314582338578e-06,-4.858959000634121e-09,0
856,6.057926678741596e-08,1.0891314582338578e-06,-2.998076678741596e-08,0
857,1.0791935037523672e-07,1.0891314582338578e-06,-5.8454650375236724e-08,0
858,1.6888300665932133e-07,1.0891314582338578e-06,-8.994010665932132e-08,1
859,2.034511636341333e-07,1.0891314582338578e-06,-7.374116363413331e-08,0
860,1.9969427954978475e-07,1.0891314582338578e-06,7.112720450215252e-09,0
861,1.9281114378818746e-07,1.0891314582338578e-06,9.568085621181255e-08,0
862,1.696860955642441e-07,1.0891314582338578e-06,1.4522990443575587e-07,0
863,1.0820823442712543e-07,1.0891314582338578e-06,1.2477976557287456e-07,0
864,8.517947700558987e-08,1.0891314582338578e-06,3.9297752299441014e-07,1
865,1.8035092833120976e-07,1.0891314582338578e-06,5.107320716687902e-07,0
866,2.497735239047025e-07,1.0891314582338578e-06,3.8569147609529747e-07,0
867,2.2295519198263316e-07,1.0891314582338578e-06,1.7242480801736682e-07,0
868,1.215141390375126e-07,1.0891314582338578e-06,5.906786096248741e-08,0
869,3.947468434943512e-08,1.0891314582338578e-06,3.048631565056488e-08,0
870,8.757415543823728e-09,1.0891314582338578e-06,2.032718445617627e-08,0
871,5.956375219463791e-09,1.0891314582338578e-06,1.175562478053621e-08,0
872,1.6973603275604155e-08,1.0891314582338578e-06,3.808696724395845e-09,0
873,4.185199253350938e-08,1.0891314582338578e-06,-4.535492533509378e-09,0
874,8.14272631972874e-08,1.0891314582338578e-06,2.316936802712583e-09,0
875,1.5077424156355696e-07,1.0891314582338578e-06,5.638275843644302e-08,0
876,2.8262141385502096e-07,1.0891314582338578e-06,1.43976586144979e-07,0
877,4.5335864998317497e-07,1.0891314582338578e-06,1.607603500168251e-07,0
878,5.398099424288527e-07,1.0891314582338578e-06,5.842605757114724e-08,0
879,4.537994890120003e-07,1.0891314582338578e-06,-3.1136489012000255e-08,0
880,2.8923387662282844e-07,1.0891314582338578e-06,-3.811187662282845e-08,0
881,1.541348303354376e-07,1.0891314582338578e-06,-9.034830335437614e-09,0
882,6.543064592627146e-08,1.0891314582338578e-06,2.0209254073728528e-08,0
883,2.0725475430724298e-08,1.0891314582338578e-06,3.11677245692757e-08,0
884,6.2734145413011445e-09,1.0891314582338578e-06,2.4784285458698858e-08,0
885,5.648038673902643e-09,1.0891314582338578e-06,1.2959561326097355e-08,0
886,1.6411943205055582e-08,1.0891314582338578e-06,-2.1615432050555837e-09,0
887,3.820263408001281e-08,1.0891314582338578e-06,-1.9654234080012807e-08,0
888,6.102535073392562e-08,1.0891314582338578e-06,-3.1579650733925623e-08,0
889,9.394093382266582e-08,1.0891314582338578e-06,-5.375593382266582e-08,0
890,1.4510597002972966e-07,1.0891314582338578e-06,-8.940787002972967e-08,1
891,1.9103943568775492e-07,1.0891314582338578e-06,-9.204033568775492e-08,1
892,2.4104005100873277e-07,1.0891314582338578e-06,-5.572305100873275e-08,0
893,2.8459196673683033e-07,1.0891314582338578e-06,3.617033263169708e-09,0
894,2.601851271692545e-07,1.0891314582338578e-06,6.982087283074547e-08,0
895,1.6502124271820615e-07,1.0891314582338578e-06,8.690275728179385e-08,0
896,7.105508318014921e-08,1.0891314582338578e-06,3.760419168198508e-07,0
897,1.1878042585306466e-07,1.0891314582338578e-06,5.113865741469353e-07,0
898,1.2697549249859615e-07,1.0891314582338578e-06,4.4719950750140385e-07,0
899,9.506737063389314e-08,1.0891314582338578e-06,2.7124062936610685e-07,0
900,5.324677168579631e-08,1.0891314582338578e-06,1.2417822831420366e-07,0
901,2.254372098188677e-08,1.0891314582338578e-06,5.0040979018113225e-08,0
902,8.581277707604182e-09,1.0891314582338578e-06,2.0310322292395818e-08,0
903,7.53205213902487e-09,1.0891314582338578e-06,7.79074786097513e-09,0
904,1.2135446142832574e-08,1.0891314582338578e-06,3.1027538571674272e-09,0
905,2.0004990594593693e-08,1.0891314582338578e-06,7.243509405406308e-09,0
906,3.0279606287334524e-08,1.0891314582338578e-06,4.824709371266547e-08,0
907,5.0903847890530185e-08,1.0891314582338578e-06,1.6353715210946978e-07,0
908,8.592348497163774e-08,1.0891314582338578e-06,3.0660951502836227e-07,0
909,1.1972153872760306e-07,1.0891314582338578e-06,3.236754612723969e-07,0
910,1.3125498462170126e-07,1.0891314582338578e-06,1.8983001537829873e-07,0
911,1.1080652530511923e-07,1.0891314582338578e-06,6.770747469488077e-08,0
912,7.345970838328716e-08,1.0891314582338578e-06,3.3050291616712835e-08,0
913,3.6282622106110914e-08,1.0891314582338578e-06,4.075397789388908e-08,0
914,1.286459709426199e-08,1.0891314582338578e-06,4.4310702905738005e-08,0
915,4.251490783704986e-09,1.0891314582338578e-06,3.458770921629501e-08,0
916,3.5402207403791883e-09,1.0891314582338578e-06,1.807497925962081e-08,0
917,1.2244748386404219e-08,1.0891314582338578e-06,3.88451613595782e-10,0
918,3.2593520081251364e-08,1.0891314582338578e-06,-1.6287720081251364e-08,0
919,5.206791956251545e-08,1.0891314582338578e-06,-1.7930919562515455e-08,0
920,6.721394473826913e-08,1.0891314582338578e-06,-2.4761447382691205e-09,0
921,1.0229669625083527e-07,1.0891314582338578e-06,-6.4472962508352745e-09,0
922,1.5796539435179565e-07,1.0891314582338578e-06,-2.818739435179564e-08,0
923,2.353582246624158e-07,1.0891314582338578e-06,-2.908822466241581e-08,0
924,3.7206287739475655e-07,1.0891314582338578e-06,-2.1043877394756545e-08,0
925,5.457186839809685e-07,1.0891314582338578e-06,-3.782368398096847e-08,0
926,6.01467511295689e-07,1.0891314582338578e-06,-5.306551129568894e-08,0
927,4.320369510788889e-07,1.0891314582338578e-06,-2.9208951078888878e-08,0
928,2.7518194811303483e-07,1.0891314582338578e-06,2.446400518869651e-07,0
929,3.789018429912387e-07,1.0891314582338578e-06,3.592231570087613e-07,0
930,3.0310485005976503e-07,1.0891314582338578e-06,3.7197414994023503e-07,0
931,1.6149860124637006e-07,1.0891314582338578e-06,2.695903987536299e-07,0
932,6.574704004180003e-08,1.0891314582338578e-06,1.4306995995819997e-07,0
933,2.416772440111687e-08,1.0891314582338578e-06,5.8001475598883125e-08,0
934,1.825066380883137e-08,1.0891314582338578e-06,1.1051836191168632e-08,0
935,2.2002657172189756e-08,1.0891314582338578e-06,-5.759957172189754e-09,0
936,1.9877544510976342e-08,1.0891314582338578e-06,3.35745548902366e-09,0
937,1.6723478577217782e-08,1.0891314582338578e-06,3.548272142278221e-08,0
938,1.9797872173485164e-08,1.0891314582338578e-06,1.0407812782651486e-07,0
939,3.265329854198455e-08,1.0891314582338578e-06,2.1708270145801545e-07,0
940,5.009125458941475e-08,1.0891314582338578e-06,3.0770174541058526e-07,0
941,6.080653561667013e-08,1.0891314582338578e-06,2.742404643833299e-07,0
942,5.568913811102114e-08,1.0891314582338578e-06,1.5626086188897886e-07,0
943,3.789018569572088e-08,1.0891314582338578e-06,7.358881430427911e-08,0
944,2.1583846931350158e-08,1.0891314582338578e-06,4.706995306864985e-08,0
945,1.5458378536950438e-08,1.0891314582338578e-06,3.721412146304956e-08,0
946,1.4478023120825365e-08,1.0891314582338578e-06,2.563637687917464e-08,0
947,9.519888513643066e-09,1.0891314582338578e-06,1.5511911486356936e-08,0
948,6.739026974856923e-09,1.0891314582338578e-06,6.440173025143076e-09,0
949,1.7416159848176223e-08,1.0891314582338578e-06,-6.064459848176223e-09,0
950,4.177601736428337e-08,1.0891314582338578e-06,-1.7074317364283373e-08,0
951,6.760564133848772e-08,1.0891314582338578e-06,-3.727413384877193e-10,0
952,9.918037879611756e-08,1.0891314582338578e-06,5.1434621203882444e-08,0
953,1.5413009488841296e-07,1.0891314582338578e-06,1.0507790511158704e-07,0
954,2.519182462236323e-07,1.0891314582338578e-06,1.428887537763677e-07,0
955,4.875695607823136e-07,1.0891314582338578e-06,1.5812143921768648e-07,0
956,1.0070376523085926e-06,1.0891314582338578e-06,5.07323476914075e-08,0
957,1.6832036540218712e-06,1.0891314582338578e-06,-2.673036540218711e-07,0
958,1.9176164755017203e-06,1.0891314582338578e-06,-5.395464755017201e-07,0
959,1.385989191229818e-06,1.0891314582338578e-06,-4.73973191229818e-07,0
960,9.172133401661171e-07,1.0891314582338578e-06,-1.854093401661171e-07,0
961,1.1234195064920122e-06,1.0891314582338578e-06,-1.438295064920121e-07,0
962,7.838688491683162e-07,1.0891314582338578e-06,4.5195150831683854e-08,0
963,3.439297620877968e-07,1.0891314582338578e-06,1.5135723791220322e-07,0
964,1.0519923306315953e-07,1.0891314582338578e-06,1.2411876693684046e-07,0
965,3.524505365938069e-08,1.0891314582338578e-06,5.114334634061931e-08,0
966,3.2563842135388266e-08,1.0891314582338578e-06,5.886578646117324e-10,0
967,4.320902215282384e-08,1.0891314582338578e-06,-1.0614822152823844e-08,0
968,5.743671140686767e-08,1.0891314582338578e-06,1.0188388593132336e-08,0
969,6.667932370603888e-08,1.0891314582338578e-06,6.539967629396112e-08,0
970,7.618365785606342e-08,1.0891314582338578e-06,1.383393421439366e-07,0
971,1.1273814897948098e-07,1.0891314582338578e-06,1.8423885102051903e-07,0
972,1.8153128986405386e-07,1.0891314582338578e-06,1.4991171013594617e-07,0
973,2.257301337234525e-07,1.0891314582338578e-06,5.5947866276547505e-08,0
974,1.822672265409764e-07,1.0891314582338578e-06,7.602773459023581e-09,0
975,9.399622843785458e-08,1.0891314582338578e-06,2.398677156214541e-08,0
976,3.685841937866453e-08,1.0891314582338578e-06,3.927078062133548e-08,0
977,2.0210063661128287e-08,1.0891314582338578e-06,2.9570036338871718e-08,0
978,1.5111691475979998e-08,1.0891314582338578e-06,1.7052308524020005e-08,0
979,7.86225363846705e-09,1.0891314582338578e-06,1.4297446361532952e-08,0
980,8.677071955005483e-09,1.0891314582338578e-06,9.874128044994517e-09,0
981,3.177122195142091e-08,1.0891314582338578e-06,-1.089002195142091e-08,0
982,7.991862281024432e-08,1.0891314582338578e-06,-3.926362281024431e-08,0
983,1.345164956503117e-07,1.0891314582338578e-06,-2.4367495650311694e-08,0
984,1.943089026863813e-07,1.0891314582338578e-06,6.98970973136187e-08,0
985,2.906680427543832e-07,1.0891314582338578e-06,2.235519572456168e-07,0
986,5.473145746709407e-07,1.0891314582338578e-06,3.8165242532905927e-07,0
987,1.259036512189923e-06,1.0891314582338578e-06,4.388034878100771e-07,0
988,2.5801697937826088e-06,1.0891314582338578e-06,1.8520020621739148e-07,0
989,3.943912814595506e-06,1.0891314582338578e-06,-4.87542814595507e-07,0
990,4.155498021356948e-06,1.0891314582338578e-06,-1.0936380213569483e-06,1
991,2.810282409423057e-06,1.0891314582338578e-06,-1.000042409423057e-06,1
992,1.1051394826565423e-06,1.0891314582338578e-06,-4.5870448265654234e-07,0
993,1.1249304873455504e-06,1.0891314582338578e-06,-3.892484873455504e-07,0
994,6.625454262176195e-07,1.0891314582338578e-06,-1.2274342621761948e-07,0
995,2.459716769227496e-07,1.0891314582338578e-06,4.2278323077250394e-08,0
996,6.547960951267832e-08,1.0891314582338578e-06,5.622839048732167e-08,0
997,2.679788988443237e-08,1.0891314582338578e-06,1.7568510115567633e-08,0
998,3.390122756736234e-08,1.0891314582338578e-06,-8.606527567362339e-09,0
999,6.249430111559117e-08,1.0891314582338578e-06,-1.909830111559117e-08,0
1000,9.581026440257065e-08,1.0891314582338578e-06,-7.909364402570651e-09,0
1001,1.0769845685694764e-07,1.0891314582338578e-06,3.549054314305236e-08,0
1002,1.1858011608919911e-07,1.0891314582338578e-06,7.519788391080089e-08,0
1003,1.7584619707194777e-07,1.0891314582338578e-06,5.228980292805223e-08,0
1004,2.753585202777073e-07,1.0891314582338578e-06,-5.012952027770729e-08,0
1005,3.061116835454854e-07,1.0891314582338578e-06,-1.2540468354548542e-07,0
1006,2.0873377787789182e-07,1.0891314582338578e-06,-8.650477787789182e-08,1
1007,8.876182461069069e-08,1.0891314582338578e-06,-1.1116024610690677e-08,0
1008,2.6152052964190248e-08,1.0891314582338578e-06,2.1916647035809754e-08,0
1009,7.78422350706481e-09,1.0891314582338578e-06,2.220187649293519e-08,0
1010,3.367384221332698e-09,1.0891314582338578e-06,1.76505157786673e-08,0
1011,2.6335711203952112e-09,1.0891314582338578e-06,1.4740028879604788e-08,0
1012,1.2265373604535986e-08,1.0891314582338578e-06,3.896626395464013e-09,0
1013,4.8089908131975594e-08,1.0891314582338578e-06,-2.8661808131975595e-08,1
1014,1.0739233622120929e-07,1.0891314582338578e-06,-6.621643622120928e-08,1
1015,1.6372559834273146e-07,1.0891314582338578e-06,-5.610259834273147e-08,0
1016,2.2635815119119629e-07,1.0891314582338578e-06,2.1675848808803696e-08,0
1017,3.5566784735386726e-07,1.0891314582338578e-06,1.628001526461328e-07,0
1018,7.352426946461346e-07,1.0891314582338578e-06,3.248773053538654e-07,0
1019,1.61496177387469e-06,1.0891314582338578e-06,3.7892822612531026e-07,0
1020,2.926672516924578e-06,1.0891314582338578e-06,9.86774830754221e-08,0
1021,3.964527674754445e-06,1.0891314582338578e-06,-5.852876747544443e-07,0
1022,3.694489360157299e-06,1.0891314582338578e-06,-1.082019360157299e-06,1
1023,2.163890788950599e-06,1.0891314582338578e-06,-8.586207889505988e-07,1
