,M246V,max,diff,True
0,3.6222303747912788e-06,1.1587594778028247e-06,-2.2072403747912786e-06,1
1,5.1930321282396745e-06,1.1587594778028247e-06,-3.1823921282396744e-06,1
2,4.533451968708458e-06,1.1587594778028247e-06,-2.8923619687084577e-06,1
3,2.6125705459896267e-06,1.1587594778028247e-06,-1.7220155459896269e-06,1
4,1.1037208440442506e-06,1.1587594778028247e-06,-7.267128440442507e-07,1
5,3.84184579933181e-07,1.1587594778028247e-06,-2.42711579933181e-07,1
6,1.1985967324538965e-07,1.1587594778028247e-06,-4.942527324538966e-08,0
7,3.7199675051679096e-08,1.1587594778028247e-06,5.860442494832091e-08,0
8,3.363823371670844e-08,1.1587594778028247e-06,1.5683776628329156e-07,0
9,9.4707392256756e-08,1.1587594778028247e-06,2.39436607743244e-07,0
10,2.3693457161084642e-07,1.1587594778028247e-06,2.721594283891535e-07,0
11,4.481198396188678e-07,1.1587594778028247e-06,2.3755316038113225e-07,0
12,6.656079512957884e-07,1.1587594778028247e-06,1.3267104870421157e-07,0
13,7.942517926060351e-07,1.1587594778028247e-06,-3.943792606035145e-09,0
14,7.476848533257792e-07,1.1587594778028247e-06,-7.355685332577914e-08,0
15,5.417189886457869e-07,1.1587594778028247e-06,-3.23089886457869e-08,0
16,3.0665852176975067e-07,1.1587594778028247e-06,4.74374782302493e-08,0
17,1.5062706825196647e-07,1.1587594778028247e-06,8.223693174803355e-08,0
18,7.658987128401984e-08,1.1587594778028247e-06,6.428312871598018e-08,0
19,5.1813505883706246e-08,1.1587594778028247e-06,3.6123194116293753e-08,0
20,7.511375674166251e-08,1.1587594778028247e-06,7.543143258337485e-09,0
21,1.7319524497480238e-07,1.1587594778028247e-06,-5.660524497480238e-08,0
22,3.336959134172748e-07,1.1587594778028247e-06,-1.458789134172748e-07,0
23,4.896433383592868e-07,1.1587594778028247e-06,-1.713553383592868e-07,0
24,6.745388434789064e-07,1.1587594778028247e-06,-6.176084347890643e-08,0
25,1.214380229505424e-06,1.1587594778028247e-06,1.6601977049457588e-07,0
26,2.7488972091042198e-06,1.1587594778028247e-06,4.856327908957799e-07,0
27,5.749033920847669e-06,1.1587594778028247e-06,1.1014460791523314e-06,0
28,9.652040211034147e-06,1.1587594778028247e-06,2.125959788965853e-06,0
29,1.2680511731679084e-05,1.1587594778028247e-06,2.5856882683209152e-06,0
30,1.2570232022894909e-05,1.1587594778028247e-06,1.5935679771050927e-06,0
31,8.729948045767044e-06,1.1587594778028247e-06,1.9171195423295625e-07,0
32,7.957787218706695e-06,1.1587594778028247e-06,-4.074437218706695e-06,1
33,1.0295816802028997e-05,1.1587594778028247e-06,-5.516806802028997e-06,1
34,8.259623718462759e-06,1.1587594778028247e-06,-4.814943718462759e-06,1
35,4.499042038841e-06,1.1587594778028247e-06,-2.8059320388410004e-06,1
36,1.8948085382280159e-06,1.1587594778028247e-06,-1.207907538228016e-06,1
37,7.021728163830577e-07,1.1587594778028247e-06,-4.166788163830577e-07,1
38,2.3872104775248924e-07,1.1587594778028247e-06,-5.1652047752489224e-08,0
39,9.675436067086024e-08,1.1587594778028247e-06,1.6372963932913978e-07,0
40,1.371339304232194e-07,1.1587594778028247e-06,3.421810695767806e-07,0
41,3.7448635298017246e-07,1.1587594778028247e-06,4.5473564701982755e-07,0
42,8.8955025179108e-07,1.1587594778028247e-06,3.5862974820892e-07,0
43,1.6393887996734656e-06,1.1587594778028247e-06,5.591200326534428e-09,0
44,2.359958459972776e-06,1.1587594778028247e-06,-4.2561845997277577e-07,0
45,2.694886872884235e-06,1.1587594778028247e-06,-6.52856872884235e-07,0
46,2.4382085485511604e-06,1.1587594778028247e-06,-5.088985485511607e-07,0
47,1.736310951937043e-06,1.1587594778028247e-06,-9.703095193704293e-08,0
48,1.0011314390412834e-06,1.1587594778028247e-06,2.648785609587165e-07,0
49,5.176255372492336e-07,1.1587594778028247e-06,3.515234627507664e-07,0
50,2.980313965634262e-07,1.1587594778028247e-06,2.4201160343657383e-07,0
51,2.5785318692198913e-07,1.1587594778028247e-06,1.1575281307801084e-07,0
52,3.8988230724340455e-07,1.1587594778028247e-06,-1.8341307243404573e-08,0
53,7.622752981638794e-07,1.1587594778028247e-06,-2.5947429816387944e-07,0
54,1.3021526920199962e-06,1.1587594778028247e-06,-5.687016920199962e-07,0
55,1.820450014029068e-06,1.1587594778028247e-06,-6.856500140290678e-07,0
56,2.640281160477934e-06,1.1587594778028247e-06,-5.00631160477934e-07,0
57,5.2040149094068454e-06,1.1587594778028247e-06,-3.228449094068459e-07,0
58,1.1557150012030968e-05,1.1587594778028247e-06,-1.607500120309664e-07,0
59,2.183215781438648e-05,1.1587594778028247e-06,1.2453421856135193e-06,0
60,3.221917039385338e-05,1.1587594778028247e-06,4.328029606146619e-06,0
61,3.691491598620259e-05,1.1587594778028247e-06,5.854684013797407e-06,1
62,3.2014652554399705e-05,1.1587594778028247e-06,3.572347445600291e-06,0
63,1.9639466412821162e-05,1.1587594778028247e-06,4.2603358717883724e-07,0
64,8.585232294493479e-06,1.1587594778028247e-06,-3.390852294493479e-06,1
65,1.033948140886304e-05,1.1587594778028247e-06,-4.48487140886304e-06,1
66,7.825152098341714e-06,1.1587594778028247e-06,-3.918772098341713e-06,1
67,4.158507021201426e-06,1.1587594778028247e-06,-2.334717021201426e-06,1
68,1.827381241283966e-06,1.1587594778028247e-06,-1.0635732412839662e-06,1
69,7.59909285634062e-07,1.1587594778028247e-06,-3.78507285634062e-07,1
70,3.0802616947689804e-07,1.1587594778028247e-06,-2.8280169476898042e-08,0
71,1.5839376646748474e-07,1.1587594778028247e-06,1.7470023353251524e-07,0
72,2.325485309984199e-07,1.1587594778028247e-06,3.3367046900158004e-07,0
73,6.369678174805581e-07,1.1587594778028247e-06,3.474061825194418e-07,0
74,1.5872940750335618e-06,1.1587594778028247e-06,-7.297407503356163e-08,0
75,3.0663345311639807e-06,1.1587594778028247e-06,-9.510945311639808e-07,0
76,4.561384421216745e-06,1.1587594778028247e-06,-1.780424421216745e-06,1
77,5.3230782833919366e-06,1.1587594778028247e-06,-1.928858283391937e-06,1
78,4.90784792735132e-06,1.1587594778028247e-06,-1.1591279273513207e-06,0
79,3.6006756952428733e-06,1.1587594778028247e-06,1.1518430475712675e-07,0
80,2.204898911575032e-06,1.1587594778028247e-06,1.014281088424968e-06,0
81,1.287473141297236e-06,1.1587594778028247e-06,1.0658968587027643e-06,1
82,8.844095368554005e-07,1.1587594778028247e-06,6.395804631445996e-07,1
83,8.430685929102627e-07,1.1587594778028247e-06,2.113814070897372e-07,0
84,1.134925246423468e-06,1.1587594778028247e-06,-1.3851624642346807e-07,0
85,1.8180997794286846e-06,1.1587594778028247e-06,-5.597097794286846e-07,0
86,2.750679008653566e-06,1.1587594778028247e-06,-1.0514890086535657e-06,1
87,3.81585852417761e-06,1.1587594778028247e-06,-1.36521852417761e-06,1
88,6.1054377431613075e-06,1.1587594778028247e-06,-1.5891377431613072e-06,1
89,1.2819091834641393e-05,1.1587594778028247e-06,-2.4177918346413918e-06,1
90,2.721105252224873e-05,1.1587594778028247e-06,-3.579752522248729e-06,1
91,4.670859784801217e-05,1.1587594778028247e-06,-2.2513978480121668e-06,0
92,6.138417583263309e-05,1.1587594778028247e-06,2.445924167366909e-06,0
93,6.199703762788359e-05,1.1587594778028247e-06,5.189662372116405e-06,0
94,4.747152144340278e-05,1.1587594778028247e-06,2.905678556597223e-06,0
95,2.598987770148197e-05,1.1587594778028247e-06,-2.4657770148197255e-07,0
96,6.080464339586663e-06,1.1587594778028247e-06,-1.5305643395866624e-06,1
97,6.935543795608998e-06,1.1587594778028247e-06,-2.0428137956089975e-06,1
98,5.003387526228321e-06,1.1587594778028247e-06,-1.8662875262283212e-06,1
99,2.5988643423899298e-06,1.1587594778028247e-06,-1.1616943423899295e-06,1
100,1.1760722694502837e-06,1.1587594778028247e-06,-5.212482694502837e-07,1
101,5.399093883905583e-07,1.1587594778028247e-06,-1.4303138839055825e-07,0
102,2.6152465568591217e-07,1.1587594778028247e-06,3.736534431408783e-08,0
103,1.6228664887038805e-07,1.1587594778028247e-06,1.3159735112961194e-07,0
104,2.4633597672951844e-07,1.1587594778028247e-06,1.9046202327048155e-07,0
105,7.194616566155685e-07,1.1587594778028247e-06,4.900334338443155e-08,0
106,1.975431830098981e-06,1.1587594778028247e-06,-6.376518300989811e-07,0
107,4.178674606821071e-06,1.1587594778028247e-06,-1.9388746068210716e-06,1
108,6.7008170335950615e-06,1.1587594778028247e-06,-3.2068970335950617e-06,1
109,8.268191223640625e-06,1.1587594778028247e-06,-3.313321223640626e-06,1
110,8.059140179237267e-06,1.1587594778028247e-06,-1.7238901792372672e-06,0
111,6.402366432775416e-06,1.1587594778028247e-06,6.534235672245832e-07,0
112,4.3526607396290616e-06,1.1587594778028247e-06,2.1316092603709388e-06,0
113,2.823117669978745e-06,1.1587594778028247e-06,2.0124923300212547e-06,1
114,2.0790711503265785e-06,1.1587594778028247e-06,1.0434888496734212e-06,1
115,1.98006296298798e-06,1.1587594778028247e-06,1.302770370120201e-07,0
116,2.368299184153442e-06,1.1587594778028247e-06,-4.2961918415344193e-07,0
117,3.1799698119102334e-06,1.1587594778028247e-06,-7.357598119102333e-07,0
118,4.323564760731996e-06,1.1587594778028247e-06,-1.012514760731996e-06,1
119,6.038648715744685e-06,1.1587594778028247e-06,-1.412338715744685e-06,1
120,1.0187183615442025e-05,1.1587594778028247e-06,-1.985153615442026e-06,1
121,2.0993252765826848e-05,1.1587594778028247e-06,-2.941952765826847e-06,1
122,4.149399982057434e-05,1.1587594778028247e-06,-3.6540998205743418e-06,0
123,6.585010020580663e-05,1.1587594778028247e-06,-1.7596002058066268e-06,0
124,7.962675031539675e-05,1.1587594778028247e-06,2.5237496846032445e-06,0
125,7.310807932178043e-05,1.1587594778028247e-06,4.296320678219562e-06,0
126,5.0513218542045696e-05,1.1587594778028247e-06,1.9857814579542975e-06,0
127,2.5144710253778227e-05,1.1587594778028247e-06,-5.274102537782285e-07,0
128,3.732626142276104e-06,1.1587594778028247e-06,-4.0350614227610444e-07,0
129,4.004072220506679e-06,1.1587594778028247e-06,-5.097222205066791e-07,0
130,2.6809812597971416e-06,1.1587594778028247e-06,-4.722412597971412e-07,0
131,1.3034601686713863e-06,1.1587594778028247e-06,-2.347301686713865e-07,0
132,5.873554178394326e-07,1.1587594778028247e-06,-6.914178394325669e-10,0
133,2.9189775113154047e-07,1.1587594778028247e-06,1.1327424886845956e-07,0
134,1.6815838511829936e-07,1.1587594778028247e-06,1.215286148817006e-07,0
135,1.4961011822016097e-07,1.1587594778028247e-06,7.950388177983903e-08,0
136,2.912062592398298e-07,1.1587594778028247e-06,-9.612592398297997e-10,0
137,8.902779881542921e-07,1.1587594778028247e-06,-3.0752498815429206e-07,1
138,2.504713701171752e-06,1.1587594778028247e-06,-1.192473701171752e-06,1
139,5.391776780236685e-06,1.1587594778028247e-06,-2.6861567802366853e-06,1
140,8.711952496277831e-06,1.1587594778028247e-06,-3.871582496277831e-06,1
141,1.1014999171097929e-05,1.1587594778028247e-06,-3.3998191710979283e-06,1
142,1.1523198526133353e-05,1.1587594778028247e-06,-1.0892985261333525e-06,0
143,1.0171821169707891e-05,1.1587594778028247e-06,1.6288788302921072e-06,0
144,7.659315730916257e-06,1.1587594778028247e-06,2.886584269083741e-06,1
145,5.2382533044172886e-06,1.1587594778028247e-06,2.233976695582712e-06,1
146,3.659617179870032e-06,1.1587594778028247e-06,8.861928201299678e-07,1
147,3.017987941071265e-06,1.1587594778028247e-06,-8.318794107126479e-08,0
148,3.170981516166373e-06,1.1587594778028247e-06,-4.002915161663729e-07,0
149,4.0091719295811855e-06,1.1587594778028247e-06,-2.2827192958118586e-07,0
150,5.561277387944397e-06,1.1587594778028247e-06,-2.467673879443963e-07,0
151,8.328004724465807e-06,1.1587594778028247e-06,-8.31114724465808e-07,0
152,1.4146277495563266e-05,1.1587594778028247e-06,-1.0818774955632659e-06,0
153,2.65801657285048e-05,1.1587594778028247e-06,1.592342714952013e-07,0
154,4.7530346900638864e-05,1.1587594778028247e-06,2.833353099361136e-06,0
155,7.009316866390211e-05,1.1587594778028247e-06,5.6368313360978875e-06,0
156,7.974100680291833e-05,1.1587594778028247e-06,6.612293197081668e-06,0
157,6.87704048214985e-05,1.1587594778028247e-06,4.6712951785014974e-06,0
158,4.4516070710447573e-05,1.1587594778028247e-06,1.379029289552427e-06,0
159,2.0897579441463588e-05,1.1587594778028247e-06,-6.953794414635866e-07,0
160,2.133182604464665e-06,1.1587594778028247e-06,3.250573955353352e-07,0
161,2.185310951697116e-06,1.1587594778028247e-06,4.77169048302884e-07,0
162,1.385125865392189e-06,1.1587594778028247e-06,4.458141346078112e-07,0
163,6.701064897896674e-07,1.1587594778028247e-06,3.913435102103326e-07,0
164,3.408611124931193e-07,1.1587594778028247e-06,3.597418875068807e-07,0
165,1.880128279257205e-07,1.1587594778028247e-06,3.203581720742795e-07,0
166,1.1266990252185712e-07,1.1587594778028247e-06,2.3086109747814285e-07,0
167,1.2612519082130395e-07,1.1587594778028247e-06,1.0853680917869606e-07,0
168,3.2286401494265145e-07,1.1587594778028247e-06,-5.354001494265141e-08,0
169,1.080382122794166e-06,1.1587594778028247e-06,-4.3906312279416603e-07,1
170,3.029259262106577e-06,1.1587594778028247e-06,-1.284999262106577e-06,1
171,6.314703500721544e-06,1.1587594778028247e-06,-2.259833500721544e-06,1
172,1.0053377552196357e-05,1.1587594778028247e-06,-2.253267552196356e-06,1
173,1.3224734786928733e-05,1.1587594778028247e-06,-6.416347869287332e-07,0
174,1.5004900458584735e-05,1.1587594778028247e-06,1.8011995414152636e-06,0
175,1.4408119424104029e-05,1.1587594778028247e-06,3.4335805758959737e-06,1
176,1.1521358874921635e-05,1.1587594778028247e-06,3.1095411250783637e-06,1
177,7.779624322038659e-06,1.1587594778028247e-06,1.6543556779613416e-06,1
178,4.6305197921707565e-06,1.1587594778028247e-06,6.176702078292428e-07,0
179,2.8735604125605946e-06,1.1587594778028247e-06,2.7615958743940516e-07,0
180,2.5580601692374042e-06,1.1587594778028247e-06,3.905398307625958e-07,0
181,3.4546851772604157e-06,1.1587594778028247e-06,6.601148227395843e-07,0
182,5.674722470930551e-06,1.1587594778028247e-06,3.2481752906945014e-07,0
183,9.76962054231758e-06,1.1587594778028247e-06,-5.887005423175794e-07,0
184,1.6811962125238802e-05,1.1587594778028247e-06,-1.966621252388022e-07,0
185,2.8852880162566065e-05,1.1587594778028247e-06,3.247419837433937e-06,0
186,4.681232889866441e-05,1.1587594778028247e-06,8.24357110133559e-06,1
187,6.462306909658908e-05,1.1587594778028247e-06,1.0540230903410925e-05,1
188,7.032227457955914e-05,1.1587594778028247e-06,7.981925420440857e-06,0
189,5.855687382544977e-05,1.1587594778028247e-06,3.1740261745502325e-06,0
190,3.677572697285761e-05,1.1587594778028247e-06,-2.2912697285760992e-07,0
191,1.6870689968983734e-05,1.1587594778028247e-06,-1.238089968983734e-06,0
192,1.7673979883261535e-06,1.1587594778028247e-06,5.230720116738464e-07,1
193,2.0098137049821503e-06,1.1587594778028247e-06,7.675462950178497e-07,1
194,1.4692608597972785e-06,1.1587594778028247e-06,7.446391402027212e-07,0
195,8.41525909190518e-07,1.1587594778028247e-06,6.326240908094819e-07,0
196,4.59983503388814e-07,1.1587594778028247e-06,5.510364966111861e-07,0
197,2.362666330396759e-07,1.1587594778028247e-06,4.618403669603241e-07,0
198,1.2556584677063574e-07,1.1587594778028247e-06,3.189781532293642e-07,0
199,1.381015886925174e-07,1.1587594778028247e-06,1.5900941130748257e-07,0
200,3.712452885791839e-07,1.1587594778028247e-06,9.427711420816087e-09,0
201,1.2234549807711858e-06,1.1587594778028247e-06,-1.911649807711858e-07,0
202,3.4043996795721265e-06,1.1587594778028247e-06,-4.393096795721261e-07,0
203,7.258569538805417e-06,1.1587594778028247e-06,-2.2832953880541843e-07,0
204,1.222725681767835e-05,1.1587594778028247e-06,1.1893431823216514e-06,0
205,1.7230309992341668e-05,1.1587594778028247e-06,3.582590007658331e-06,1
206,2.060606805817705e-05,1.1587594778028247e-06,5.431531941822953e-06,1
207,2.035328135696746e-05,1.1587594778028247e-06,5.12291864303254e-06,1
208,1.626067152830264e-05,1.1587594778028247e-06,2.9206284716973615e-06,1
209,1.0447486923467514e-05,1.1587594778028247e-06,1.0251130765324849e-06,0
210,5.440897925310337e-06,1.1587594778028247e-06,5.786120746896638e-07,0
211,2.6328164442789148e-06,1.1587594778028247e-06,7.383035557210847e-07,0
212,1.8785982689438568e-06,1.1587594778028247e-06,8.660217310561433e-07,0
213,2.6150022147003973e-06,1.1587594778028247e-06,8.566577852996026e-07,0
214,5.0593118892258235e-06,1.1587594778028247e-06,2.785981107741757e-07,0
215,9.845127742009014e-06,1.1587594778028247e-06,-5.596477420090144e-07,0
216,1.743760675376658e-05,1.1587594778028247e-06,2.5599324623341944e-07,0
217,2.8912223986518383e-05,1.1587594778028247e-06,4.10037601348162e-06,1
218,4.4783049510330434e-05,1.1587594778028247e-06,8.991750489669565e-06,1
219,5.991529237989137e-05,1.1587594778028247e-06,1.0159507620108629e-05,1
220,6.438837159571578e-05,1.1587594778028247e-06,5.527828404284219e-06,0
221,5.360081369929535e-05,1.1587594778028247e-06,-3.1431369929535143e-07,0
222,3.369407829573782e-05,1.1587594778028247e-06,-2.3877782957378173e-06,0
223,1.542877434990199e-05,1.1587594778028247e-06,-1.6252743499019922e-06,0
224,2.640091779606581e-06,1.1587594778028247e-06,5.052382203934193e-07,0
225,3.320487330198191e-06,1.1587594778028247e-06,7.636826698018083e-07,0
226,2.720652116394596e-06,1.1587594778028247e-06,6.669378836054043e-07,0
227,1.6911770208553981e-06,1.1587594778028247e-06,5.427529791446018e-07,0
228,9.071378176954376e-07,1.1587594778028247e-06,5.156721823045624e-07,0
229,4.2969820515999716e-07,1.1587594778028247e-06,4.5784579484000287e-07,0
230,2.0090271016431435e-07,1.1587594778028247e-06,3.2928128983568563e-07,0
231,1.8122004584066652e-07,1.1587594778028247e-06,2.0867095415933346e-07,0
232,4.4639861025320643e-07,1.1587594778028247e-06,1.9762738974679365e-07,0
233,1.5295440314572374e-06,1.1587594778028247e-06,3.381659685427624e-07,0
234,4.661268944693532e-06,1.1587594778028247e-06,6.541010553064679e-07,0
235,1.0981656666804609e-05,1.1587594778028247e-06,1.4312433331953905e-06,0
236,1.994692095248735e-05,1.1587594778028247e-06,3.053379047512649e-06,0
237,2.894943690724594e-05,1.1587594778028247e-06,4.997963092754059e-06,1
238,3.435383892681783e-05,1.1587594778028247e-06,5.489461073182172e-06,1
239,3.3084887462428513e-05,1.1587594778028247e-06,3.5019125375714867e-06,1
240,2.548260834312481e-05,1.1587594778028247e-06,6.648916568751887e-07,0
241,1.56787580157891e-05,1.1587594778028247e-06,-5.601580157890993e-07,0
242,7.982133678635907e-06,1.1587594778028247e-06,-2.3093678635906575e-08,0
243,3.968429282666193e-06,1.1587594778028247e-06,6.99280717333806e-07,0
244,2.770560174870281e-06,1.1587594778028247e-06,9.327098251297188e-07,0
245,3.2907443677837797e-06,1.1587594778028247e-06,7.558756322162204e-07,0
246,5.4062029823930004e-06,1.1587594778028247e-06,1.0036701760699908e-07,0
247,9.564709730894884e-06,1.1587594778028247e-06,-3.916797308948835e-07,0
248,1.6839218239530982e-05,1.1587594778028247e-06,5.652817604690168e-07,0
249,2.943613154380199e-05,1.1587594778028247e-06,3.2514684561980135e-06,0
250,4.761458851443124e-05,1.1587594778028247e-06,6.024611485568759e-06,1
251,6.444267297670788e-05,1.1587594778028247e-06,5.780227023292122e-06,0
252,6.928144582770595e-05,1.1587594778028247e-06,1.605054172294047e-06,0
253,5.819146005664785e-05,1.1587594778028247e-06,-1.960060056647848e-06,0
254,3.756235811830487e-05,1.1587594778028247e-06,-1.8073581183048723e-06,0
255,1.7982952036949853e-05,1.1587594778028247e-06,-5.53752036949854e-07,0
256,3.7892284857363435e-06,1.1587594778028247e-06,8.307615142636565e-07,0
257,4.707185059079472e-06,1.1587594778028247e-06,9.687449409205288e-07,0
258,3.8081632800084708e-06,1.1587594778028247e-06,5.488267199915293e-07,0
259,2.3320238089584185e-06,1.1587594778028247e-06,2.8489619104158155e-07,0
260,1.2318931092117969e-06,1.1587594778028247e-06,2.5929689078820306e-07,0
261,5.728440099049316e-07,1.1587594778028247e-06,2.620819900950683e-07,0
262,2.5465740019799837e-07,1.1587594778028247e-06,2.3545959980200165e-07,0
263,2.2924066932110683e-07,1.1587594778028247e-06,2.1710533067889314e-07,0
264,6.816077112193902e-07,1.1587594778028247e-06,2.9784328878060983e-07,0
265,2.66949675984042e-06,1.1587594778028247e-06,4.769432401595799e-07,0
266,8.677698155337656e-06,1.1587594778028247e-06,6.600918446623437e-07,0
267,2.1220238144589186e-05,1.1587594778028247e-06,9.143618554108138e-07,0
268,3.887296613833635e-05,1.1587594778028247e-06,1.3904338616636488e-06,0
269,5.498082186244798e-05,1.1587594778028247e-06,1.5643781375520194e-06,0
270,6.185144098722528e-05,1.1587594778028247e-06,2.07959012774717e-07,0
271,5.554965788072552e-05,1.1587594778028247e-06,-2.5023578807255266e-06,0
272,3.9470711951818456e-05,1.1587594778028247e-06,-4.120811951818458e-06,1
273,2.2607724706720275e-05,1.1587594778028247e-06,-3.1489247067202746e-06,1
274,1.1558534067694549e-05,1.1587594778028247e-06,-1.0519340676945484e-06,0
275,6.643148448084471e-06,1.1587594778028247e-06,3.1313155191552934e-07,0
276,5.2206537793536566e-06,1.1587594778028247e-06,6.858462206463435e-07,0
277,5.3844838259588124e-06,1.1587594778028247e-06,3.9222617404118666e-07,0
278,6.509559018064336e-06,1.1587594778028247e-06,-1.5399018064336735e-08,0
279,9.340952295679162e-06,1.1587594778028247e-06,2.6698770432083704e-07,0
280,1.708235235160516e-05,1.1587594778028247e-06,1.28744764839484e-06,0
281,3.425283698815113e-05,1.1587594778028247e-06,2.2656630118488726e-06,0
282,5.9674026523717784e-05,1.1587594778028247e-06,2.823073476282218e-06,0
283,8.200183673278094e-05,1.1587594778028247e-06,2.2311632672190526e-06,0
284,8.869436153356215e-05,1.1587594778028247e-06,2.4573846643785634e-07,0
285,7.657597014822852e-05,1.1587594778028247e-06,-5.84170148228521e-07,0
286,5.188817879900199e-05,1.1587594778028247e-06,4.0322120099801873e-07,0
287,2.5979193624375698e-05,1.1587594778028247e-06,6.634063756243033e-07,0
288,3.5105917917846167e-06,1.1587594778028247e-06,1.2514782082153835e-06,1
289,4.014851088311877e-06,1.1587594778028247e-06,1.1792689116881222e-06,0
290,3.017552035240948e-06,1.1587594778028247e-06,5.022679647590517e-07,0
291,1.7431367916182843e-06,1.1587594778028247e-06,1.0254320838171551e-07,0
292,8.625910151806948e-07,1.1587594778028247e-06,3.712098481930514e-08,0
293,3.643132016862892e-07,1.1587594778028247e-06,8.311979831371075e-08,0
294,1.674233992008239e-07,1.1587594778028247e-06,1.1717660079917608e-07,0
295,2.699735816823524e-07,1.1587594778028247e-06,1.2478641831764754e-07,0
296,1.1552235178407349e-06,1.1587594778028247e-06,1.2526648215926512e-07,0
297,4.898568776441629e-06,1.1587594778028247e-06,1.8901223558370716e-08,0
298,1.6034699536899367e-05,1.1587594778028247e-06,-2.1519953689936696e-07,0
299,3.8163447667507834e-05,1.1587594778028247e-06,-1.9504766750783357e-07,0
300,6.612380506808742e-05,1.1587594778028247e-06,1.851949319125703e-07,0
301,8.635834995861415e-05,1.1587594778028247e-06,-2.8914995861414005e-07,0
302,8.773848755182597e-05,1.1587594778028247e-06,-2.824687551825978e-06,0
303,6.961477957365109e-05,1.1587594778028247e-06,-5.831779573651095e-06,1
304,4.3135419246697274e-05,1.1587594778028247e-06,-6.176019246697277e-06,1
305,2.2096708147259744e-05,1.1587594778028247e-06,-3.901008147259745e-06,1
306,1.1207594620614313e-05,1.1587594778028247e-06,-1.5750346206143123e-06,0
307,7.054599948696762e-06,1.1587594778028247e-06,-3.5725994869676245e-07,0
308,5.616698746561216e-06,1.1587594778028247e-06,6.78912534387844e-08,0
309,5.151651726463528e-06,1.1587594778028247e-06,1.5609827353647177e-07,0
310,5.464179251621978e-06,1.1587594778028247e-06,5.027507483780216e-07,0
311,8.29995806073197e-06,1.1587594778028247e-06,1.4383019392680307e-06,0
312,1.8818505559333348e-05,1.1587594778028247e-06,2.372594440666653e-06,0
313,4.275807042589955e-05,1.1587594778028247e-06,2.8119295741004514e-06,0
314,7.692068537717987e-05,1.1587594778028247e-06,2.960214622820125e-06,0
315,0.00010625110661168709,1.1587594778028247e-06,1.785893388312924e-06,0
316,0.00011587594778028248,1.1587594778028247e-06,-6.589477802824718e-07,0
317,0.0001009147560133646,1.1587594778028247e-06,-1.3590560133645992e-06,0
318,6.765746091949083e-05,1.1587594778028247e-06,-5.214609194908245e-07,0
319,3.246187702471733e-05,1.1587594778028247e-06,-5.584770247173246e-07,0
320,1.8939199265199455e-06,1.1587594778028247e-06,8.578800734800545e-07,0
321,1.912112258705612e-06,1.1587594778028247e-06,7.621177412943882e-07,0
322,1.2444447997977283e-06,1.1587594778028247e-06,3.802552002022718e-07,0
323,6.058793073339153e-07,1.1587594778028247e-06,1.413736926660847e-07,0
324,2.4830538116516264e-07,1.1587594778028247e-06,5.614361883483739e-08,0
325,9.608820109501592e-08,1.1587594778028247e-06,3.7529798904984084e-08,0
326,8.561968564573848e-08,1.1587594778028247e-06,2.447531435426151e-08,0
327,3.152539891478433e-07,1.1587594778028247e-06,-1.0700989147843299e-08,0
328,1.656290806794132e-06,1.1587594778028247e-06,-1.4635080679413198e-07,0
329,7.282553918218636e-06,1.1587594778028247e-06,-4.939439182186344e-07,0
330,2.288675248634246e-05,1.1587594778028247e-06,-5.254524863424581e-07,0
331,4.9818441605987567e-05,1.1587594778028247e-06,1.0996583940124364e-06,0
332,7.674693531800721e-05,1.1587594778028247e-06,4.0078646819927864e-06,0
333,8.737626536924359e-05,1.1587594778028247e-06,4.779234630756409e-06,0
334,7.584640761429398e-05,1.1587594778028247e-06,1.3314923857060245e-06,0
335,5.048352020614019e-05,1.1587594778028247e-06,-2.8465202061401945e-06,0
336,2.6166749285195494e-05,1.1587594778028247e-06,-3.737849285195496e-06,1
337,1.1679355620437013e-05,1.1587594778028247e-06,-2.381325620437013e-06,1
338,5.658455436974205e-06,1.1587594778028247e-06,-1.1285954369742044e-06,0
339,3.5228619571424546e-06,1.1587594778028247e-06,-4.6951195714245483e-07,0
340,2.6345770584554582e-06,1.1587594778028247e-06,-1.0278705845545804e-07,0
341,2.241097828390206e-06,1.1587594778028247e-06,2.575421716097941e-07,0
342,2.679461832257251e-06,1.1587594778028247e-06,8.567081677427487e-07,0
343,6.175489323029785e-06,1.1587594778028247e-06,1.7158106769702152e-06,0
344,1.8071031775437337e-05,1.1587594778028247e-06,2.626868224562664e-06,0
345,4.349178314579889e-05,1.1587594778028247e-06,3.423516854201105e-06,0
346,7.844496923499322e-05,1.1587594778028247e-06,2.6087307650067744e-06,0
347,0.00010778081384283283,1.1587594778028247e-06,-1.852813842832842e-06,0
348,0.00011574345771349558,1.1587594778028247e-06,-6.996457713495576e-06,0
349,9.663416591749682e-05,1.1587594778028247e-06,-8.12926591749682e-06,1
350,6.003794115400522e-05,1.1587594778028247e-06,-6.182941154005223e-06,1
351,2.6039927846677016e-05,1.1587594778028247e-06,-3.7657278466770146e-06,1
352,6.117447939159947e-07,1.1587594778028247e-06,2.7906220608400515e-07,0
353,5.149881055826206e-07,1.1587594778028247e-06,2.825158944173794e-07,0
354,2.5917615502525804e-07,1.1587594778028247e-06,1.925908449747419e-07,0
355,8.915276099279791e-08,1.1587594778028247e-06,1.0144123900720208e-07,0
356,2.7049879941916872e-08,1.1587594778028247e-06,4.341062005808313e-08,0
357,1.686469047954861e-08,1.1587594778028247e-06,1.5487209520451396e-08,0
358,4.9576195168827906e-08,1.1587594778028247e-06,-2.264495168827909e-09,0
359,2.9428224264148695e-07,1.1587594778028247e-06,-4.572824264148696e-08,0
360,1.7452852621867783e-06,1.1587594778028247e-06,-2.2982526218677845e-07,0
361,7.3760612646346145e-06,1.1587594778028247e-06,-5.149112646346142e-07,0
362,2.0806094675665115e-05,1.1587594778028247e-06,4.350532433488626e-08,0
363,3.942847930016818e-05,1.1587594778028247e-06,2.596020699831816e-06,0
364,5.184837355529219e-05,1.1587594778028247e-06,5.713326444707811e-06,1
365,4.933653724794454e-05,1.1587594778028247e-06,5.725262752055462e-06,1
366,3.5012063342555345e-05,1.1587594778028247e-06,2.219836657444653e-06,0
367,1.8776788914497587e-05,1.1587594778028247e-06,-7.635889144975878e-07,0
368,7.897852613377845e-06,1.1587594778028247e-06,-1.2837626133778446e-06,0
369,2.99881439921582e-06,1.1587594778028247e-06,-7.718243992158198e-07,1
370,1.3197579799275574e-06,1.1587594778028247e-06,-3.630359799275573e-07,0
371,7.64962584692167e-07,1.1587594778028247e-06,-1.6454858469216698e-07,0
372,5.391166423896847e-07,1.1587594778028247e-06,-2.7288642389684627e-08,0
373,4.879255625746167e-07,1.1587594778028247e-06,1.7293743742538326e-07,0
374,1.0220585502147145e-06,1.1587594778028247e-06,4.953114497852854e-07,0
375,3.8740449252101945e-06,1.1587594778028247e-06,9.469750747898053e-07,0
376,1.2717857615694752e-05,1.1587594778028247e-06,1.4940423843052478e-06,0
377,3.0521056791682896e-05,1.1587594778028247e-06,1.445643208317104e-06,0
378,5.378611981611883e-05,1.1587594778028247e-06,-1.4151198161188244e-06,0
379,7.146809595675835e-05,1.1587594778028247e-06,-7.359595956758357e-06,1
380,7.24588863977482e-05,1.1587594778028247e-06,-1.17334863977482e-05,1
381,5.5182069266528454e-05,1.1587594778028247e-06,-1.1118969266528453e-05,1
382,3.0339117215307842e-05,1.1587594778028247e-06,-7.284517215307841e-06,1
383,1.1464880021885727e-05,1.1587594778028247e-06,-3.392480021885726e-06,1
384,9.182565186634044e-08,1.1587594778028247e-06,8.319534813365955e-08,0
385,6.200613976595312e-08,1.1587594778028247e-06,8.356686023404688e-08,0
386,2.3186428900194516e-08,1.1587594778028247e-06,5.429677109980547e-08,0
387,5.280142215579174e-09,1.1587594778028247e-06,2.6867357784420824e-08,0
388,1.3637356383660154e-09,1.1587594778028247e-06,1.2462964361633986e-08,0
389,3.219392614827211e-09,1.1587594778028247e-06,6.812607385172789e-09,0
390,2.5668524297138278e-08,1.1587594778028247e-06,1.2047570286172217e-10,0
391,2.1092658701506732e-07,1.1587594778028247e-06,-4.557158701506733e-08,0
392,1.187512720615218e-06,1.1587594778028247e-06,-1.9920672061521798e-07,0
393,4.3241890244650635e-06,1.1587594778028247e-06,-3.10669024465064e-07,0
394,1.0330564819843886e-05,1.1587594778028247e-06,2.2023518015611257e-07,0
395,1.6524757791823452e-05,1.1587594778028247e-06,1.587842208176548e-06,0
396,1.814558094152176e-05,1.1587594778028247e-06,2.5951190584782435e-06,1
397,1.409907587033848e-05,1.1587594778028247e-06,1.998924129661521e-06,0
398,7.971681660759904e-06,1.1587594778028247e-06,5.860683392400955e-07,0
399,3.3790418624539895e-06,1.1587594778028247e-06,-1.8993186245398958e-07,0
400,1.1559765028245748e-06,1.1587594778028247e-06,-2.5406450282457494e-07,0
401,3.790809254412346e-07,1.1587594778028247e-06,-1.3559592544123456e-07,1
402,1.4892511271259805e-07,1.1587594778028247e-06,-5.7918612712598045e-08,1
403,7.979352001286722e-08,1.1587594778028247e-06,-2.4518320012867222e-08,0
404,5.647574990498161e-08,1.1587594778028247e-06,4.276750095018388e-09,0
405,9.116006301211029e-08,1.1587594778028247e-06,5.5152936987889706e-08,0
406,4.323046741135236e-07,1.1587594778028247e-06,1.3656632588647643e-07,0
407,1.940116188634885e-06,1.1587594778028247e-06,2.3025381136511482e-07,0
408,6.2047322683555326e-06,1.1587594778028247e-06,1.5574773164446722e-07,0
409,1.4056468906653085e-05,1.1587594778028247e-06,-7.760689066530858e-07,0
410,2.309137286870429e-05,1.1587594778028247e-06,-3.2978728687042897e-06,1
411,2.8062547792139845e-05,1.1587594778028247e-06,-6.251847792139844e-06,1
412,2.532494978425471e-05,1.1587594778028247e-06,-7.1301497842547095e-06,1
413,1.6674895654701162e-05,1.1587594778028247e-06,-5.383695654701162e-06,1
414,7.748110834864406e-06,1.1587594778028247e-06,-2.782030834864406e-06,1
415,2.4493463050368618e-06,1.1587594778028247e-06,-9.78366305036862e-07,1
416,4.608833031958271e-09,1.1587594778028247e-06,1.3808766968041728e-08,0
417,2.45345395882392e-09,1.1587594778028247e-06,1.093694604117608e-08,0
418,6.904505305854808e-10,1.1587594778028247e-06,5.88847946941452e-09,0
419,1.1127890769788769e-10,1.1587594778028247e-06,2.884781092302112e-09,0
420,6.830388149912396e-11,1.1587594778028247e-06,2.011616118500876e-09,0
421,9.501393588891877e-10,1.1587594778028247e-06,2.3655706411108123e-09,0
422,1.2215572236049189e-08,1.1587594778028247e-06,-9.939722360491878e-10,0
423,9.550938088683812e-08,1.1587594778028247e-06,-2.6781280886838126e-08,0
424,4.4962108644511787e-07,1.1587594778028247e-06,-9.125808644511786e-08,0
425,1.3334900561143805e-06,1.1587594778028247e-06,-1.008300561143805e-07,0
426,2.609543957576557e-06,1.1587594778028247e-06,1.1568604242344277e-07,0
427,3.4573758925976164e-06,1.1587594778028247e-06,4.4055410740238356e-07,0
428,3.1252490775948537e-06,1.1587594778028247e-06,5.305909224051464e-07,0
429,1.94473406530258e-06,1.1587594778028247e-06,3.318059346974203e-07,0
430,8.574012462655853e-07,1.1587594778028247e-06,9.695975373441462e-08,0
431,2.8728480434654196e-07,1.1587594778028247e-06,-8.67880434654193e-09,0
432,8.431437414217393e-08,1.1587594778028247e-06,-2.3019274142173928e-08,0
433,2.5627040432364e-08,1.1587594778028247e-06,-1.2560640432364e-08,1
434,9.05565760531919e-09,1.1587594778028247e-06,-4.14916760531919e-09,0
435,4.499208241579842e-09,1.1587594778028247e-06,-6.229482415798416e-10,0
436,5.1270312195282795e-09,1.1587594778028247e-06,2.9243987804717207e-09,0
437,2.7601021927038402e-08,1.1587594778028247e-06,1.1230478072961597e-08,0
438,1.6635500258479125e-07,1.1587594778028247e-06,2.514499741520874e-08,0
439,7.064041718063811e-07,1.1587594778028247e-06,4.592828193618872e-09,0
440,2.0655898177830523e-06,1.1587594778028247e-06,-2.1544981778305217e-07,0
441,4.193931775349513e-06,1.1587594778028247e-06,-8.374317753495133e-07,1
442,6.0374214208061375e-06,1.1587594778028247e-06,-1.6968214208061371e-06,1
443,6.3078932271676925e-06,1.1587594778028247e-06,-2.186623227167693e-06,1
444,4.820147196747784e-06,1.1587594778028247e-06,-1.911877196747784e-06,1
445,2.645663013994534e-06,1.1587594778028247e-06,-1.1459330139945341e-06,1
446,1.0081140437855584e-06,1.1587594778028247e-06,-4.6110504378555847e-07,1
447,2.577494731479449e-07,1.1587594778028247e-06,-1.203384731479449e-07,1
448,6.348964581357148e-11,1.1587594778028247e-06,6.519503541864286e-10,0
449,2.649975730135486e-11,1.1587594778028247e-06,3.976152426986451e-10,0
450,5.710134104034416e-12,1.1587594778028247e-06,1.860578658959656e-10,0
451,9.869958960233728e-13,1.1587594778028247e-06,1.1881800410397662e-10,0
452,1.2298462120569153e-11,1.1587594778028247e-06,2.2584853787943087e-10,0
453,2.641364390356686e-10,1.1587594778028247e-06,4.763765609643314e-10,0
454,3.138463090375101e-09,1.1587594778028247e-06,2.8059690962489896e-10,0
455,2.0895692707637035e-08,1.1587594778028247e-06,-2.529892707637035e-09,0
456,8.198413169379017e-08,1.1587594778028247e-06,-7.016931693790172e-09,0
457,2.0317537639800557e-07,1.1587594778028247e-06,6.0216236019944235e-09,0
458,3.374658008812245e-07,1.1587594778028247e-06,4.655919911877553e-08,0
459,3.8132069619902173e-07,1.1587594778028247e-06,7.643730380097826e-08,0
460,2.86030594620156e-07,1.1587594778028247e-06,6.990540537984407e-08,0
461,1.3938244641740945e-07,1.1587594778028247e-06,4.2215553582590564e-08,0
462,4.53990955454353e-08,1.1587594778028247e-06,1.6545704454564704e-08,0
463,1.1273700905354096e-08,1.1587594778028247e-06,3.494499094645903e-09,0
464,2.731981078025001e-09,1.1587594778028247e-06,-1.709510780250008e-10,0
465,7.369350526345451e-10,1.1587594778028247e-06,-2.746180526345452e-10,0
466,2.218156304389421e-10,1.1587594778028247e-06,2.1904369561057925e-11,0
467,1.4633043654787454e-10,1.1587594778028247e-06,1.6342056345212546e-10,0
468,9.11685327441132e-10,1.1587594778028247e-06,8.01824672558868e-10,0
469,8.201530855863787e-09,1.1587594778028247e-06,3.2958691441362133e-09,0
470,4.922157978560673e-08,1.1587594778028247e-06,4.7736202143932685e-09,0
471,1.9153557106505208e-07,1.1587594778028247e-06,-2.0713571065052092e-08,0
472,4.907211421752047e-07,1.1587594778028247e-06,-1.235791421752047e-07,0
473,8.446035902191859e-07,1.1587594778028247e-06,-2.953595902191859e-07,1
474,1.004470853733478e-06,1.1587594778028247e-06,-4.146828537334779e-07,1
475,8.549576026794127e-07,1.1587594778028247e-06,-3.9086260267941265e-07,1
476,5.29352025103258e-07,1.1587594778028247e-06,-2.6196602510325796e-07,1
477,2.3363279598835625e-07,1.1587594778028247e-06,-1.2260179598835626e-07,1
478,7.059609360445138e-08,1.1587594778028247e-06,-3.766889360445138e-08,1
479,1.4021110345061758e-08,1.1587594778028247e-06,-7.089160345061758e-09,0
480,2.234706464481917e-13,1.1587594778028247e-06,7.0409893535518084e-12,0
481,1.353341118801899e-13,1.1587594778028247e-06,3.2714958881198103e-12,0
482,2.2426027773210709e-13,1.1587594778028247e-06,1.5874497222678926e-12,0
483,5.040097340780117e-13,1.1587594778028247e-06,3.730170265921989e-12,0
484,2.460202078998674e-12,1.1587594778028247e-06,2.0577397921001326e-11,0
485,3.1128487923402894e-11,1.1587594778028247e-06,1.283835120765971e-10,0
486,3.028986982567486e-10,1.1587594778028247e-06,6.743503017432512e-10,0
487,1.7520945121061846e-09,1.1587594778028247e-06,2.2997954878938148e-09,0
488,6.422126588935751e-09,1.1587594778028247e-06,5.398673411064249e-09,0
489,1.639296913478608e-08,1.1587594778028247e-06,9.630230865213922e-09,0
490,2.95691482262878e-08,1.1587594778028247e-06,1.1239451773712197e-08,0
491,3.4675597500025075e-08,1.1587594778028247e-06,7.469502499974922e-09,0
492,2.399290860420296e-08,1.1587594778028247e-06,4.310391395797042e-09,0
493,9.26881291199118e-09,1.1587594778028247e-06,3.6272870880088214e-09,0
494,2.0010470629028704e-09,1.1587594778028247e-06,2.2841029370971294e-09,0
495,2.703582929572548e-10,1.1587594778028247e-06,7.509517070427453e-10,0
496,3.430706524488028e-11,1.1587594778028247e-06,1.1858393475511972e-10,0
497,7.286943241816563e-12,1.1587594778028247e-06,1.2310756758183436e-11,0
498,8.116422736586014e-12,1.1587594778028247e-06,6.8913772634139874e-12,0
499,4.288325722915301e-11,1.1587594778028247e-06,4.1810842770846986e-11,0
500,3.4208728143398117e-10,1.1587594778028247e-06,3.5387071856601896e-10,0
501,2.5491918236351443e-09,1.1587594778028247e-06,1.3225181763648558e-09,0
502,1.2987832656419854e-08,1.1587594778028247e-06,1.1243673435801482e-09,0
503,4.253676503046538e-08,1.1587594778028247e-06,-8.23866503046538e-09,0
504,9.112922696645894e-08,1.1587594778028247e-06,-3.408182696645893e-08,1
505,1.2871230708257046e-07,1.1587594778028247e-06,-6.176260708257046e-08,1
506,1.2000492707992814e-07,1.1587594778028247e-06,-6.270472707992814e-08,1
507,7.516717617169618e-08,1.1587594778028247e-06,-3.915507617169618e-08,1
508,3.268578498220724e-08,1.1587594778028247e-06,-1.656708498220724e-08,1
509,1.0110223331362147e-08,1.1587594778028247e-06,-5.033303331362146e-09,1
510,2.202203571506496e-09,1.1587594778028247e-06,-1.019043571506496e-09,0
511,3.2194688331399575e-10,1.1587594778028247e-06,-1.1469688331399574e-10,0
512,3.4526292034724197e-12,1.1587594778028247e-06,-3.106792034724198e-13,0
513,1.6542324464505983e-11,1.1587594778028247e-06,3.3337553549401693e-13,0
514,4.390021032359386e-11,1.1587594778028247e-06,1.336658967640614e-11,0
515,7.892266292781716e-11,1.1587594778028247e-06,5.982533707218284e-11,0
516,1.1961267888722343e-10,1.1587594778028247e-06,1.4238032111277654e-10,0
517,1.3576168565186805e-10,1.1587594778028247e-06,3.450903143481319e-10,0
518,9.839095971380286e-11,1.1587594778028247e-06,1.4017790402861974e-09,0
519,1.0130265185542705e-10,1.1587594778028247e-06,4.765737348144572e-09,0
520,4.1249015303445923e-10,1.1587594778028247e-06,9.470549846965541e-09,0
521,1.6180766708592687e-09,1.1587594778028247e-06,1.1212423329140732e-08,0
522,3.712702532718602e-09,1.1587594778028247e-06,7.416597467281397e-09,0
523,4.505639479652625e-09,1.1587594778028247e-06,1.7831805203473748e-09,0
524,2.7958716262338767e-09,1.1587594778028247e-06,-2.49631626233877e-10,0
525,8.76508988123368e-10,1.1587594778028247e-06,8.607601187663198e-11,0
526,1.3901348277371168e-10,1.1587594778028247e-06,1.9704451722628838e-10,0
527,1.6283962542938526e-11,1.1587594778028247e-06,8.668303745706148e-11,0
528,3.3320844068662644e-11,1.1587594778028247e-06,8.745815593133734e-11,0
529,1.543008664997952e-10,1.1587594778028247e-06,1.121911335002048e-10,0
530,5.569635603615819e-10,1.1587594778028247e-06,-7.511556036158186e-11,0
531,1.599580003695056e-09,1.1587594778028247e-06,-2.3522000369505606e-10,0
532,3.4464018414828262e-09,1.1587594778028247e-06,1.2820981585171737e-09,0
533,5.043645103525645e-09,1.1587594778028247e-06,5.9557548964743545e-09,0
534,6.1973419788402996e-09,1.1587594778028247e-06,9.983158021159702e-09,0
535,1.0401474577678125e-08,1.1587594778028247e-06,7.0674254223218754e-09,0
536,1.7461456700461932e-08,1.1587594778028247e-06,-1.9089567004619326e-09,0
537,1.9330616725149224e-08,1.1587594778028247e-06,-7.983516725149222e-09,1
538,1.3001060140540844e-08,1.1587594778028247e-06,-6.635910140540845e-09,1
539,5.343322929901126e-09,1.1587594778028247e-06,-2.8207029299011267e-09,1
540,1.4361661322405665e-09,1.1587594778028247e-06,-7.417761322405665e-10,1
541,3.722377958884275e-10,1.1587594778028247e-06,-2.2887779588842748e-10,1
542,1.6655796455084698e-10,1.1587594778028247e-06,-1.4107166455084698e-10,1
543,7.621727785788519e-11,1.1587594778028247e-06,-7.12983278578852e-11,1
544,2.377214882270053e-10,1.1587594778028247e-06,5.405251177299469e-11,0
545,9.420209005349306e-10,1.1587594778028247e-06,1.5391909946506948e-10,0
546,2.141360980281995e-09,1.1587594778028247e-06,5.307090197180053e-10,0
547,3.281291128603658e-09,1.1587594778028247e-06,1.2318988713963417e-09,0
548,3.923288580814947e-09,1.1587594778028247e-06,1.4489114191850532e-09,0
549,3.3584153077097946e-09,1.1587594778028247e-06,1.8127046922902052e-09,0
550,1.7123147870889913e-09,1.1587594778028247e-06,5.140715212911009e-09,0
551,4.780995858539774e-10,1.1587594778028247e-06,1.2002800414146022e-08,0
552,1.0228928875562028e-10,1.1587594778028247e-06,1.6958910711244382e-08,0
553,1.2168377393238202e-10,1.1587594778028247e-06,1.4936416226067617e-08,0
554,2.282649023329516e-10,1.1587594778028247e-06,8.308155097667048e-09,0
555,2.2850491257088227e-10,1.1587594778028247e-06,2.813205087429118e-09,0
556,1.1563167823784023e-10,1.1587594778028247e-06,6.522983217621597e-10,0
557,3.868962889069898e-11,1.1587594778028247e-06,3.49357371109301e-10,0
558,8.803072241897349e-11,1.1587594778028247e-06,6.372462775810263e-10,0
559,5.280120334250356e-10,1.1587594778028247e-06,1.4849079665749646e-09,0
560,2.24675767862545e-09,1.1587594778028247e-06,2.6892223213745495e-09,0
561,6.7415746029110026e-09,1.1587594778028247e-06,2.0806653970889974e-09,0
562,1.5531632306791355e-08,1.1587594778028247e-06,-7.328323067913565e-10,0
563,2.9772716979170894e-08,1.1587594778028247e-06,2.31948302082911e-09,0
564,4.6135598233956305e-08,1.1587594778028247e-06,1.8624301766043695e-08,0
565,5.0808481878467913e-08,1.1587594778028247e-06,3.64566181215321e-08,0
566,3.7371703598940736e-08,1.1587594778028247e-06,3.791779640105926e-08,0
567,2.1737703736093423e-08,1.1587594778028247e-06,2.5827596263906583e-08,0
568,1.5626526696489083e-08,1.1587594778028247e-06,1.1040873303510922e-08,0
569,1.2177414200345768e-08,1.1587594778028247e-06,2.0402857996542307e-09,0
570,6.623013880604604e-09,1.1587594778028247e-06,-4.4993880604604283e-11,0
571,3.7214963384151594e-09,1.1587594778028247e-06,-1.220056338415159e-09,0
572,4.932622316608635e-09,1.1587594778028247e-06,-4.110021316608635e-09,1
573,6.378987470098004e-09,1.1587594778028247e-06,-6.122168470098004e-09,1
574,5.076079396343322e-09,1.1587594778028247e-06,-4.9155413963433226e-09,1
575,2.4058817439632873e-09,1.1587594778028247e-06,-2.240357743963287e-09,1
576,4.7534081877390946e-09,1.1587594778028247e-06,2.241211812260906e-09,0
577,1.6330031511312585e-08,1.1587594778028247e-06,4.7589684886874164e-09,0
578,3.4058084411491286e-08,1.1587594778028247e-06,7.878115588508718e-09,0
579,4.607086215310893e-08,1.1587594778028247e-06,1.094373784689107e-08,0
580,4.273009323791648e-08,1.1587594778028247e-06,1.1717506762083517e-08,0
581,2.698781726742699e-08,1.1587594778028247e-06,1.4480882732573006e-08,0
582,1.1029473463606817e-08,1.1587594778028247e-06,2.1954326536393187e-08,0
583,3.0141224153842205e-09,1.1587594778028247e-06,2.8654677584615778e-08,0
584,6.969628247458562e-10,1.1587594778028247e-06,2.8516637175254144e-08,0
585,1.5259146157622474e-10,1.1587594778028247e-06,2.1288308538423776e-08,0
586,3.0018072323089343e-11,1.1587594778028247e-06,1.218188192767691e-08,0
587,3.575257805821475e-11,1.1587594778028247e-06,6.107017421941787e-09,0
588,1.7241007706738434e-10,1.1587594778028247e-06,4.7883599229326165e-09,0
589,8.64565466636191e-10,1.1587594778028247e-06,7.919754533363809e-09,0
590,4.330301174195444e-09,1.1587594778028247e-06,1.6347298825804558e-08,0
591,1.8380169237492796e-08,1.1587594778028247e-06,2.871763076250721e-08,0
592,5.626574297088882e-08,1.1587594778028247e-06,3.2165757029111176e-08,0
593,1.2046938650730875e-07,1.1587594778028247e-06,1.8066613492691244e-08,0
594,1.9581033109281227e-07,1.1587594778028247e-06,2.729466890718774e-08,0
595,2.731628991636796e-07,1.1587594778028247e-06,1.0642410083632038e-07,0
596,3.308144395134417e-07,1.1587594778028247e-06,1.9046056048655822e-07,0
597,3.123206585592164e-07,1.1587594778028247e-06,1.7594034144078355e-07,0
598,2.1382714216826642e-07,1.1587594778028247e-06,9.406885783173358e-08,0
599,1.1835327093270993e-07,1.1587594778028247e-06,2.9332729067290056e-08,0
600,7.364318208367899e-08,1.1587594778028247e-06,-5.0391820836789885e-09,0
601,4.8610048403901724e-08,1.1587594778028247e-06,-1.3182048403901719e-08,0
602,3.2196020077826816e-08,1.1587594778028247e-06,-1.3315420077826819e-08,0
603,4.351692912814492e-08,1.1587594778028247e-06,-3.4285169128144924e-08,1
604,7.328598755698964e-08,1.1587594778028247e-06,-6.920039755698964e-08,1
605,8.439977202435475e-08,1.1587594778028247e-06,-8.144534202435475e-08,1
606,6.082611470439472e-08,1.1587594778028247e-06,-5.675069470439472e-08,1
607,2.843104604218884e-08,1.1587594778028247e-06,-2.3930136042188842e-08,1
608,4.723604132924235e-08,1.1587594778028247e-06,3.509975867075764e-08,1
609,1.4141796195571134e-07,1.1587594778028247e-06,7.795203804428867e-08,1
610,2.675064514280618e-07,1.1587594778028247e-06,1.083155485719382e-07,0
611,3.213281487471498e-07,1.1587594778028247e-06,1.1227385125285017e-07,0
612,2.5111302205615525e-07,1.1587594778028247e-06,1.0705497794384473e-07,0
613,1.3365192692396912e-07,1.1587594778028247e-06,1.0093207307603089e-07,0
614,5.1943448186168704e-08,1.1587594778028247e-06,8.72785518138313e-08,0
615,1.6875309919298304e-08,1.1587594778028247e-06,6.832199008070171e-08,0
616,4.930025186626775e-09,1.1587594778028247e-06,4.942437481337323e-08,0
617,1.159444227299805e-09,1.1587594778028247e-06,3.41604557727002e-08,0
618,7.021579249030422e-10,1.1587594778028247e-06,2.7359642075096958e-08,0
619,2.5182317406766927e-09,1.1587594778028247e-06,3.2810968259323304e-08,0
620,8.886837409859541e-09,1.1587594778028247e-06,5.5385862590140467e-08,0
621,2.8313482714880787e-08,1.1587594778028247e-06,1.0588651728511921e-07,1
622,9.192979878768255e-08,1.1587594778028247e-06,1.8247520121231745e-07,0
623,2.741380827037753e-07,1.1587594778028247e-06,2.2877491729622473e-07,0
624,6.262634338227529e-07,1.1587594778028247e-06,1.722385661772471e-07,0
625,1.0320012903565927e-06,1.1587594778028247e-06,1.1652870964340721e-07,0
626,1.3203147466892125e-06,1.1587594778028247e-06,3.1467525331078745e-07,0
627,1.4798644845611571e-06,1.1587594778028247e-06,6.620755154388429e-07,0
628,1.4441914382358552e-06,1.1587594778028247e-06,7.168785617641448e-07,0
629,1.0931153138462955e-06,1.1587594778028247e-06,4.2746468615370445e-07,0
630,6.109037876783539e-07,1.1587594778028247e-06,1.5322421232164617e-07,0
631,2.9498632337552097e-07,1.1587594778028247e-06,3.980467662447906e-08,0
632,1.7510748314216653e-07,1.1587594778028247e-06,-5.8364831421665444e-09,0
633,1.3918219109361055e-07,1.1587594778028247e-06,-3.671819109361055e-08,0
634,1.8337173259362162e-07,1.1587594778028247e-06,-1.1945093259362162e-07,0
635,3.3538133832005877e-07,1.1587594778028247e-06,-2.983597383200588e-07,1
636,5.013431806612939e-07,1.1587594778028247e-06,-4.7469278066129387e-07,1
637,5.126146577287841e-07,1.1587594778028247e-06,-4.752327577287841e-07,1
638,3.515114174688276e-07,1.1587594778028247e-06,-2.941310174688276e-07,1
639,1.682121800594464e-07,1.1587594778028247e-06,-1.0822148005944641e-07,1
640,2.7134603229851623e-07,1.1587594778028247e-06,2.7386596770148377e-07,1
641,6.917475699809047e-07,1.1587594778028247e-06,5.396124300190955e-07,1
642,1.1249517939527852e-06,1.1587594778028247e-06,6.364082060472148e-07,1
643,1.18212951054417e-06,1.1587594778028247e-06,5.267604894558301e-07,0
644,8.233358829729705e-07,1.1587594778028247e-06,3.8949411702702933e-07,0
645,3.993131204224319e-07,1.1587594778028247e-06,2.878868795775681e-07,0
646,1.4607160964410063e-07,1.1587594778028247e-06,1.9873939035589937e-07,0
647,4.431290518200568e-08,1.1587594778028247e-06,1.2789609481799432e-07,0
648,1.2075895161989851e-08,1.1587594778028247e-06,8.562420483801017e-08,0
649,7.391637448285917e-09,1.1587594778028247e-06,7.40309625517141e-08,0
650,2.019319158673731e-08,1.1587594778028247e-06,1.066378084132627e-07,0
651,6.007547200840588e-08,1.1587594778028247e-06,2.0347052799159412e-07,0
652,1.4897583685883784e-07,1.1587594778028247e-06,3.924271631411622e-07,1
653,3.4581913245888845e-07,1.1587594778028247e-06,6.898808675411114e-07,1
654,8.321297954713723e-07,1.1587594778028247e-06,9.723902045286276e-07,1
655,1.8574743053422448e-06,1.1587594778028247e-06,9.688656946577554e-07,0
656,3.2474521476445662e-06,1.1587594778028247e-06,6.811378523554339e-07,0
657,4.2253414575023294e-06,1.1587594778028247e-06,6.876485424976709e-07,0
658,4.4041751438983854e-06,1.1587594778028247e-06,1.270504856101615e-06,0
659,4.092822050037332e-06,1.1587594778028247e-06,1.612997949962668e-06,0
660,3.30196189525286e-06,1.1587594778028247e-06,1.1316781047471405e-06,0
661,2.0502165604050823e-06,1.1587594778028247e-06,4.542334395949175e-07,0
662,9.5783535453077e-07,1.1587594778028247e-06,1.7046464546923007e-07,0
663,4.347791589271481e-07,1.1587594778028247e-06,1.1374884107285193e-07,0
664,3.380385045375529e-07,1.1587594778028247e-06,1.0793495462447145e-08,0
665,4.985554503858815e-07,1.1587594778028247e-06,-2.435514503858815e-07,0
666,9.379744294894058e-07,1.1587594778028247e-06,-7.513504294894059e-07,1
667,1.61215997824585e-06,1.1587594778028247e-06,-1.4691939782458499e-06,1
668,2.12702785489374e-06,1.1587594778028247e-06,-1.95552885489374e-06,1
669,1.997192416911126e-06,1.1587594778028247e-06,-1.700945416911126e-06,1
670,1.319111448174392e-06,1.1587594778028247e-06,-9.04434448174392e-07,1
671,6.168565794841787e-07,1.1587594778028247e-06,-2.5000957948417865e-07,0
672,8.324847152737752e-07,1.1587594778028247e-06,8.66855284726225e-07,1
673,1.8025513849481316e-06,1.1587594778028247e-06,1.4131486150518684e-06,1
674,2.5028559385090548e-06,1.1587594778028247e-06,1.385904061490945e-06,1
675,2.287225568133015e-06,1.1587594778028247e-06,9.74964431866985e-07,0
676,1.4022865243555649e-06,1.1587594778028247e-06,6.409134756444349e-07,0
677,5.966345298108189e-07,1.1587594778028247e-06,4.394154701891811e-07,0
678,1.8811691548249805e-07,1.1587594778028247e-06,2.804590845175019e-07,0
679,4.97124955769199e-08,1.1587594778028247e-06,1.701105044230801e-07,0
680,2.8087868669193232e-08,1.1587594778028247e-06,1.2426213133080676e-07,0
681,7.512156759736815e-08,1.1587594778028247e-06,1.5139143240263183e-07,0
682,2.2034203079364462e-07,1.1587594778028247e-06,2.8411396920635535e-07,0
683,4.990681165272941e-07,1.1587594778028247e-06,6.003118834727058e-07,0
684,9.141743780825431e-07,1.1587594778028247e-06,1.2433456219174572e-06,1
685,1.6496573149767114e-06,1.1587594778028247e-06,2.141812685023289e-06,1
686,3.2052876746354335e-06,1.1587594778028247e-06,2.757192325364567e-06,1
687,5.7161215286112625e-06,1.1587594778028247e-06,2.6091384713887378e-06,0
688,7.98158550056098e-06,1.1587594778028247e-06,2.07441449943902e-06,0
689,8.455167529145844e-06,1.1587594778028247e-06,2.0369324708541567e-06,0
690,7.308734935291278e-06,1.1587594778028247e-06,2.3415350647087214e-06,1
691,5.6631932364959995e-06,1.1587594778028247e-06,1.905416763504002e-06,1
692,3.810321961923655e-06,1.1587594778028247e-06,8.730580380763454e-07,0
693,1.981940387716605e-06,1.1587594778028247e-06,2.9103961228339516e-07,0
694,8.139956745085637e-07,1.1587594778028247e-06,2.443543254914363e-07,0
695,4.539085217390329e-07,1.1587594778028247e-06,2.0385247826096704e-07,0
696,6.71819316519981e-07,1.1587594778028247e-06,-1.3948631651998094e-07,0
697,1.402653139015813e-06,1.1587594778028247e-06,-9.399671390158129e-07,0
698,2.74695562617771e-06,1.1587594778028247e-06,-2.34821262617771e-06,1
699,4.4850155170518855e-06,1.1587594778028247e-06,-4.077760517051886e-06,1
700,5.518265222370579e-06,1.1587594778028247e-06,-4.872129222370579e-06,1
701,4.829278008918629e-06,1.1587594778028247e-06,-3.7514580089186285e-06,1
702,2.9741440578274602e-06,1.1587594778028247e-06,-1.6855140578274602e-06,1
703,1.287019305345017e-06,1.1587594778028247e-06,-3.17057305345017e-07,0
704,1.3171476757372455e-06,1.1587594778028247e-06,1.0923423242627546e-06,1
705,2.409583542918296e-06,1.1587594778028247e-06,1.5442764570817033e-06,1
706,2.8937359514731827e-06,1.1587594778028247e-06,1.3888040485268177e-06,1
707,2.3422272652476884e-06,1.1587594778028247e-06,9.888127347523118e-07,0
708,1.2817606783877334e-06,1.1587594778028247e-06,6.928893216122668e-07,0
709,4.848247649918115e-07,1.1587594778028247e-06,4.599062350081886e-07,0
710,1.3841185389768955e-07,1.1587594778028247e-06,2.672251461023105e-07,0
711,4.7697704938656435e-08,1.1587594778028247e-06,1.6385429506134357e-07,0
712,9.450879140362156e-08,1.1587594778028247e-06,1.3049120859637842e-07,0
713,3.354034422478013e-07,1.1587594778028247e-06,1.2437655775219873e-07,0
714,8.929749477668734e-07,1.1587594778028247e-06,1.553750522331265e-07,0
715,1.6777132147636897e-06,1.1587594778028247e-06,5.047867852363102e-07,0
716,2.498599476506199e-06,1.1587594778028247e-06,1.5356805234938017e-06,1
717,3.79362709333547e-06,1.1587594778028247e-06,2.8736329066645313e-06,1
718,6.345760789055371e-06,1.1587594778028247e-06,3.5916792109446277e-06,1
719,9.564837361866903e-06,1.1587594778028247e-06,3.302062638133097e-06,1
720,1.1144504669219863e-05,1.1587594778028247e-06,2.627395330780138e-06,1
721,9.826739068462892e-06,1.1587594778028247e-06,2.370760931537108e-06,1
722,6.985750470339693e-06,1.1587594778028247e-06,2.2294595296603075e-06,1
723,4.346174613142644e-06,1.1587594778028247e-06,1.501295386857356e-06,1
724,2.3434249144877074e-06,1.1587594778028247e-06,6.411950855122925e-07,0
725,1.0143690736663724e-06,1.1587594778028247e-06,2.957509263336277e-07,0
726,4.190703401698176e-07,1.1587594778028247e-06,2.6667465983018245e-07,0
727,4.2757415814708436e-07,1.1587594778028247e-06,1.2475684185291563e-07,0
728,9.387298522165636e-07,1.1587594778028247e-06,-3.9568085221656364e-07,0
729,2.068843961717479e-06,1.1587594778028247e-06,-1.534210961717479e-06,1
730,4.035777908910444e-06,1.1587594778028247e-06,-3.501515908910444e-06,1
731,6.347443585464372e-06,1.1587594778028247e-06,-5.651402585464372e-06,1
732,7.294399334811397e-06,1.1587594778028247e-06,-6.128759334811397e-06,1
733,5.87189059019102e-06,1.1587594778028247e-06,-4.16888059019102e-06,1
734,3.3106606908546082e-06,1.1587594778028247e-06,-1.546520690854608e-06,1
735,1.3122301488858307e-06,1.1587594778028247e-06,-1.3017014888583062e-07,0
736,9.911246205394821e-07,1.1587594778028247e-06,8.024653794605179e-07,0
737,1.596398723081876e-06,1.1587594778028247e-06,1.1331812769181236e-06,0
738,1.7250801044111488e-06,1.1587594778028247e-06,1.150329895588851e-06,0
739,1.2849304311314378e-06,1.1587594778028247e-06,9.59879568868562e-07,0
740,6.664423495263554e-07,1.1587594778028247e-06,6.645576504736447e-07,0
741,2.537746385913302e-07,1.1587594778028247e-06,3.697453614086698e-07,0
742,8.349486285357912e-08,1.1587594778028247e-06,1.9216913714642092e-07,1
743,5.59616772883264e-08,1.1587594778028247e-06,1.209573227116736e-07,0
744,1.8491023392232068e-07,1.1587594778028247e-06,5.3904766077679304e-08,0
745,6.239766592733117e-07,1.1587594778028247e-06,-1.2856165927331177e-07,0
746,1.449660758325369e-06,1.1587594778028247e-06,-3.7916075832536914e-07,0
747,2.402146349113411e-06,1.1587594778028247e-06,-2.6951634911341097e-07,0
748,3.3855742572635386e-06,1.1587594778028247e-06,4.635957427364614e-07,0
749,5.13222807380207e-06,1.1587594778028247e-06,1.3662919261979292e-06,1
750,8.135499630836265e-06,1.1587594778028247e-06,1.8075703691637355e-06,1
751,1.0839604998830997e-05,1.1587594778028247e-06,1.6247950011690035e-06,0
752,1.0820676226299762e-05,1.1587594778028247e-06,1.2454237737002376e-06,0
753,8.044606087003923e-06,1.1587594778028247e-06,1.1963639129960765e-06,0
754,4.6657727863453316e-06,1.1587594778028247e-06,1.234267213654669e-06,1
755,2.259024329368431e-06,1.1587594778028247e-06,8.709156706315692e-07,1
756,9.443303147648351e-07,1.1587594778028247e-06,4.030596852351648e-07,1
757,3.514035118660341e-07,1.1587594778028247e-06,1.8987548813396588e-07,0
758,1.9350655076024306e-07,1.1587594778028247e-06,1.2736444923975695e-07,0
759,3.283692900881132e-07,1.1587594778028247e-06,-1.3944290088113213e-08,0
760,7.557628970683795e-07,1.1587594778028247e-06,-4.018228970683795e-07,0
761,1.6088305553038275e-06,1.1587594778028247e-06,-1.2103575553038275e-06,1
762,3.0120121480058112e-06,1.1587594778028247e-06,-2.5289551480058113e-06,1
763,4.466630210003097e-06,1.1587594778028247e-06,-3.7512942100030967e-06,1
764,4.786802783807573e-06,1.1587594778028247e-06,-3.667542783807573e-06,1
765,3.5871704728369157e-06,1.1587594778028247e-06,-2.1401804728369157e-06,1
766,1.8927963379705762e-06,1.1587594778028247e-06,-5.304663379705761e-07,0
767,7.114910670966716e-07,1.1587594778028247e-06,1.4063693290332835e-07,0
768,4.777241238793665e-07,1.1587594778028247e-06,4.922218761206336e-07,0
769,7.300361118808439e-07,1.1587594778028247e-06,7.62853888119156e-07,0
770,7.540901763971112e-07,1.1587594778028247e-06,8.619198236028887e-07,0
771,5.6109754839193e-07,1.1587594778028247e-06,7.213924516080699e-07,0
772,3.307106382751386e-07,1.1587594778028247e-06,4.289573617248615e-07,0
773,1.7228342904340102e-07,1.1587594778028247e-06,1.9014457095659903e-07,0
774,8.235728748077463e-08,1.1587594778028247e-06,9.105671251922537e-08,0
775,6.201427804156153e-08,1.1587594778028247e-06,5.776172195843847e-08,0
776,1.663982405132693e-07,1.1587594778028247e-06,-1.4760240513269307e-08,0
777,4.7257895978271816e-07,1.1587594778028247e-06,-1.9333295978271814e-07,1
778,9.676605918221632e-07,1.1587594778028247e-06,-3.916505918221631e-07,1
779,1.57669527732766e-06,1.1587594778028247e-06,-3.926152773276602e-07,1
780,2.52503451399503e-06,1.1587594778028247e-06,-1.3598451399503003e-07,0
781,4.350105320692847e-06,1.1587594778028247e-06,2.0413467930715405e-07,0
782,6.8291095778703915e-06,1.1587594778028247e-06,3.6707042212960865e-07,0
783,8.224476061447156e-06,1.1587594778028247e-06,2.2178393855284497e-07,0
784,7.217547382368156e-06,1.1587594778028247e-06,-8.173823681558917e-10,0
785,4.695621619962261e-06,1.1587594778028247e-06,5.4168380037739885e-08,0
786,2.358634386507314e-06,1.1587594778028247e-06,2.2245561349268626e-07,0
787,9.551193303731381e-07,1.1587594778028247e-06,2.1596066962686185e-07,0
788,3.2134347962176264e-07,1.1587594778028247e-06,1.2554852037823736e-07,0
789,1.0371921864026989e-07,1.1587594778028247e-06,7.570978135973012e-08,0
790,7.010272088879803e-08,1.1587594778028247e-06,5.297427911120198e-08,0
791,1.4680163438990635e-07,1.1587594778028247e-06,-1.3691634389906349e-08,0
792,3.461915668656332e-07,1.1587594778028247e-06,-1.7943856686563317e-07,0
793,7.07447790385738e-07,1.1587594778028247e-06,-4.83025790385738e-07,1
794,1.245364042779055e-06,1.1587594778028247e-06,-9.21113042779055e-07,1
795,1.7467109538274457e-06,1.1587594778028247e-06,-1.2455849538274457e-06,1
796,1.7890383776202838e-06,1.1587594778028247e-06,-1.0561693776202838e-06,1
797,1.303222462139769e-06,1.1587594778028247e-06,-4.24322462139769e-07,0
798,6.940160128519053e-07,1.1587594778028247e-06,9.75579871480947e-08,0
799,2.8024277804980733e-07,1.1587594778028247e-06,2.0465622195019265e-07,0
800,3.797995406305677e-07,1.1587594778028247e-06,2.3298745936943233e-07,0
801,5.933998828602817e-07,1.1587594778028247e-06,3.7287211713971833e-07,0
802,6.291569388949441e-07,1.1587594778028247e-06,4.01903061105056e-07,0
803,5.1032786300082e-07,1.1587594778028247e-06,2.6968513699918e-07,0
804,3.593061274452664e-07,1.1587594778028247e-06,7.67198725547336e-08,0
805,2.218037748426885e-07,1.1587594778028247e-06,-2.4603774842688516e-08,0
806,1.0953215975075462e-07,1.1587594778028247e-06,-1.6522059750754613e-08,0
807,5.384740275810322e-08,1.1587594778028247e-06,1.2840197241896795e-08,0
808,7.424444398445621e-08,1.1587594778028247e-06,1.3823560155437955e-09,0
809,1.7897849183618538e-07,1.1587594778028247e-06,-6.000149183618537e-08,0
810,3.641017162389026e-07,1.1587594778028247e-06,-1.232727162389026e-07,1
811,6.771081307987334e-07,1.1587594778028247e-06,-1.2177913079873348e-07,0
812,1.3134939552145378e-06,1.1587594778028247e-06,-2.348395521453777e-08,0
813,2.4276132335027986e-06,1.1587594778028247e-06,1.3984676649720108e-07,0
814,3.5960310480811766e-06,1.1587594778028247e-06,1.9777895191882325e-07,0
815,3.919217054011592e-06,1.1587594778028247e-06,1.70294598840731e-09,0
816,3.140732369321965e-06,1.1587594778028247e-06,-2.5162236932196526e-07,0
817,1.9059175883184083e-06,1.1587594778028247e-06,-2.641575883184084e-07,0
818,8.974009945238605e-07,1.1587594778028247e-06,-1.1001499452386052e-07,0
819,3.318466993526607e-07,1.1587594778028247e-06,3.5373006473393086e-09,0
820,1.0347751280963792e-07,1.1587594778028247e-06,3.399748719036208e-08,0
821,3.712026021725054e-08,1.1587594778028247e-06,3.150433978274946e-08,0
822,2.4399033576015438e-08,1.1587594778028247e-06,2.7155266423984565e-08,0
823,4.3956992321105285e-08,1.1587594778028247e-06,8.739907678894715e-09,0
824,1.046831347370731e-07,1.1587594778028247e-06,-3.7605334737073094e-08,0
825,2.1302901782722315e-07,1.1587594778028247e-06,-1.0907401782722315e-07,0
826,3.613683922266452e-07,1.1587594778028247e-06,-1.923573922266452e-07,1
827,4.922951325220042e-07,1.1587594778028247e-06,-2.2566713252200423e-07,0
828,5.078542396811199e-07,1.1587594778028247e-06,-1.2303223968111992e-07,0
829,4.010870177025507e-07,1.1587594778028247e-06,6.69569822974493e-08,0
830,2.659169963979789e-07,1.1587594778028247e-06,1.7951500360202108e-07,0
831,1.530947739330474e-07,1.1587594778028247e-06,1.4337422606695258e-07,0
832,5.390571131175378e-07,1.1587594778028247e-06,-2.0531113117537733e-08,0
833,8.69543352857884e-07,1.1587594778028247e-06,-7.457135285788391e-08,0
834,9.40516729901723e-07,1.1587594778028247e-06,-1.4748872990172295e-07,0
835,7.405253134551307e-07,1.1587594778028247e-06,-2.006273134551306e-07,0
836,4.585766072088626e-07,1.1587594778028247e-06,-1.954546072088626e-07,1
837,2.2795707660806022e-07,1.1587594778028247e-06,-1.2597507660806023e-07,1
838,8.798883275730713e-08,1.1587594778028247e-06,-4.491703275730712e-08,1
839,3.0286793228394555e-08,1.1587594778028247e-06,-1.0629322839455138e-10,0
840,2.5252680560023088e-08,1.1587594778028247e-06,9.85441943997691e-09,0
841,5.712494969995461e-08,1.1587594778028247e-06,1.175350300045402e-09,0
842,1.2293832922541322e-07,1.1587594778028247e-06,-1.8163292254132253e-09,0
843,2.547227068895739e-07,1.1587594778028247e-06,3.516429311042611e-08,0
844,5.289571986828182e-07,1.1587594778028247e-06,1.3680280131718166e-07,0
845,9.258694052600657e-07,1.1587594778028247e-06,2.691105947399342e-07,0
846,1.227029776360388e-06,1.1587594778028247e-06,2.796402236396119e-07,0
847,1.2224487121787352e-06,1.1587594778028247e-06,9.44112878212648e-08,0
848,9.372373110660881e-07,1.1587594778028247e-06,-8.82473110660881e-08,0
849,5.630108944584461e-07,1.1587594778028247e-06,-1.1105789445844602e-07,0
850,2.650244384457428e-07,1.1587594778028247e-06,-4.209543844574281e-08,0
851,9.732228173986514e-08,1.1587594778028247e-06,1.3835718260134858e-08,0
852,3.1408485267234605e-08,1.1587594778028247e-06,2.744411473276539e-08,0
853,1.2176886176315712e-08,1.1587594778028247e-06,2.2657713823684287e-08,0
854,6.4149702762861665e-09,1.1587594778028247e-06,1.898612972371383e-08,0
855,1.02616390356592e-08,1.1587594778028247e-06,1.3062260964340802e-08,0
856,2.9799260763808434e-08,1.1587594778028247e-06,7.992392361915667e-10,0
857,6.775424697179157e-08,1.1587594778028247e-06,-1.8289546971791578e-08,0
858,1.1309702606396082e-07,1.1587594778028247e-06,-3.415412606396082e-08,0
859,1.4597293223731886e-07,1.1587594778028247e-06,-1.626293223731887e-08,0
860,1.6696601993112506e-07,1.1587594778028247e-06,3.984098006887495e-08,0
861,2.047443613984916e-07,1.1587594778028247e-06,8.37476386015084e-08,0
862,2.4195618127247525e-07,1.1587594778028247e-06,7.295981872752471e-08,0
863,2.0790378355812328e-07,1.1587594778028247e-06,2.508421644187671e-08,0
864,7.781287359603515e-07,1.1587594778028247e-06,-2.999717359603515e-07,0
865,1.219718925490343e-06,1.1587594778028247e-06,-5.28635925490343e-07,0
866,1.268247340358694e-06,1.1587594778028247e-06,-6.327823403586941e-07,1
867,9.513930168227577e-07,1.1587594778028247e-06,-5.560130168227577e-07,1
868,5.391005211488263e-07,1.1587594778028247e-06,-3.585185211488263e-07,1
869,2.2475797090494552e-07,1.1587594778028247e-06,-1.5479697090494552e-07,1
870,6.47585412155285e-08,1.1587594778028247e-06,-3.567394121552851e-08,1
871,1.3465684446912324e-08,1.1587594778028247e-06,4.246315553087676e-09,0
872,5.4003359805064945e-09,1.1587594778028247e-06,1.5381964019493504e-08,0
873,1.0589091660701729e-08,1.1587594778028247e-06,2.6727408339298273e-08,0
874,2.6158542369271814e-08,1.1587594778028247e-06,5.7585657630728165e-08,0
875,6.721733540161363e-08,1.1587594778028247e-06,1.3993966459838634e-07,0
876,1.485563613289654e-07,1.1587594778028247e-06,2.7804163867103457e-07,0
877,2.443506697129909e-07,1.1587594778028247e-06,3.6976833028700916e-07,0
878,3.0361825037638996e-07,1.1587594778028247e-06,2.9461774962361e-07,0
879,2.9621526826245906e-07,1.1587594778028247e-06,1.2644773173754097e-07,0
880,2.2523574614648495e-07,1.1587594778028247e-06,2.588625385351504e-08,0
881,1.296874533893342e-07,1.1587594778028247e-06,1.5412546610665784e-08,0
882,5.506328551511444e-08,1.1587594778028247e-06,3.0576614484885545e-08,0
883,1.7009617049690247e-08,1.1587594778028247e-06,3.488358295030975e-08,0
884,4.2626928703899065e-09,1.1587594778028247e-06,2.6795007129610098e-08,0
885,1.2315448259297867e-09,1.1587594778028247e-06,1.737605517407021e-08,0
886,6.433525698677327e-10,1.1587594778028247e-06,1.3607047430132267e-08,0
887,1.959962297411276e-09,1.1587594778028247e-06,1.6588437702588723e-08,0
888,7.873242598559336e-09,1.1587594778028247e-06,2.1572457401440664e-08,0
889,2.1645433850294546e-08,1.1587594778028247e-06,1.853956614970546e-08,0
890,4.415812600851445e-08,1.1587594778028247e-06,1.153997399148554e-08,0
891,9.203032683286362e-08,1.1587594778028247e-06,6.9687731671363805e-09,0
892,2.1155493767656855e-07,1.1587594778028247e-06,-2.623793767656853e-08,0
893,3.967674976186745e-07,1.1587594778028247e-06,-1.0855849761867447e-07,0
894,5.134807405317511e-07,1.1587594778028247e-06,-1.8347474053175117e-07,1
895,4.2923197012361116e-07,1.1587594778028247e-06,-1.7730797012361116e-07,1
896,1.0758642069387837e-06,1.1587594778028247e-06,-6.287672069387836e-07,1
897,1.6172941232889402e-06,1.1587594778028247e-06,-9.871271232889404e-07,1
898,1.6409160370231675e-06,1.1587594778028247e-06,-1.0667410370231676e-06,1
899,1.2062506441435123e-06,1.1587594778028247e-06,-8.399426441435123e-07,1
900,6.461331704461609e-07,1.1587594778028247e-06,-4.6870817044616095e-07,1
901,2.453329258305533e-07,1.1587594778028247e-06,-1.7274822583055331e-07,1
902,6.776598246714088e-08,1.1587594778028247e-06,-3.8874382467140885e-08,1
903,1.6874684057609e-08,1.1587594778028247e-06,-1.5518840576089994e-09,0
904,4.8311746849457825e-09,1.1587594778028247e-06,1.0407025315054219e-08,0
905,2.3951960393661657e-09,1.1587594778028247e-06,2.4853303960633835e-08,0
906,6.37549814225447e-09,1.1587594778028247e-06,7.215120185774553e-08,0
907,2.028758325068521e-08,1.1587594778028247e-06,1.9415341674931476e-07,0
908,4.263128905785985e-08,1.1587594778028247e-06,3.499017109421402e-07,0
909,5.986944030129322e-08,1.1587594778028247e-06,3.8352755969870676e-07,0
910,6.422874543926043e-08,1.1587594778028247e-06,2.5685625456073957e-07,0
911,6.10497025615747e-08,1.1587594778028247e-06,1.174642974384253e-07,0
912,4.789489396814696e-08,1.1587594778028247e-06,5.861510603185303e-08,0
913,2.5439321368140494e-08,1.1587594778028247e-06,5.15972786318595e-08,0
914,8.218456063067862e-09,1.1587594778028247e-06,4.895684393693213e-08,0
915,1.6157612806075291e-09,1.1587594778028247e-06,3.722343871939247e-08,0
916,2.351892394597364e-10,1.1587594778028247e-06,2.1380010760540262e-08,0
917,1.4490564848723757e-10,1.1587594778028247e-06,1.2488294351512762e-08,0
918,4.254674425101007e-10,1.1587594778028247e-06,1.58803325574899e-08,0
919,1.062551405489357e-09,1.1587594778028247e-06,3.307444859451064e-08,0
920,3.5215448102232626e-09,1.1587594778028247e-06,6.121625518977675e-08,0
921,1.7791441084598986e-08,1.1587594778028247e-06,7.8057958915401e-08,0
922,8.12839802391338e-08,1.1587594778028247e-06,4.849401976086622e-08,0
923,2.69686046793732e-07,1.1587594778028247e-06,-6.341604679373202e-08,0
924,6.268531107261825e-07,1.1587594778028247e-06,-2.7583411072618245e-07,1
925,1.0270612012147108e-06,1.1587594778028247e-06,-5.191662012147108e-07,1
926,1.1744784931538302e-06,1.1587594778028247e-06,-6.260764931538302e-07,1
927,8.944710251286344e-07,1.1587594778028247e-06,-4.916430251286344e-07,1
928,1.4866564810710482e-06,1.1587594778028247e-06,-9.66834481071048e-07,1
929,2.1860875665266077e-06,1.1587594778028247e-06,-1.4479625665266077e-06,1
930,2.1252452333016255e-06,1.1587594778028247e-06,-1.4501662333016254e-06,1
931,1.4693913060981252e-06,1.1587594778028247e-06,-1.0383023060981254e-06,1
932,7.548194779461251e-07,1.1587594778028247e-06,-5.460024779461251e-07,1
933,2.9721344497365786e-07,1.1587594778028247e-06,-2.1504424497365785e-07,1
934,9.869165595417989e-08,1.1587594778028247e-06,-6.938915595417988e-08,1
935,3.277585545251808e-08,1.1587594778028247e-06,-1.6533155452518077e-08,0
936,1.1709646340681351e-08,1.1587594778028247e-06,1.1525353659318651e-08,0
937,6.171548520163489e-09,1.1587594778028247e-06,4.603465147983651e-08,0
938,1.1876354328007494e-08,1.1587594778028247e-06,1.1199964567199252e-07,0
939,3.049721774659328e-08,1.1587594778028247e-06,2.192387822534067e-07,0
940,5.181206121044917e-08,1.1587594778028247e-06,3.0598093878955086e-07,0
941,6.187282966632591e-08,1.1587594778028247e-06,2.731741703336741e-07,0
942,6.097265229295353e-08,1.1587594778028247e-06,1.509773477070465e-07,0
943,5.1143266648964095e-08,1.1587594778028247e-06,6.033573335103591e-08,0
944,3.193592043228968e-08,1.1587594778028247e-06,3.671787956771032e-08,0
945,1.2656010198936008e-08,1.1587594778028247e-06,4.0016489801063986e-08,0
946,2.857691817918197e-09,1.1587594778028247e-06,3.725670818208181e-08,0
947,4.1629251336990836e-10,1.1587594778028247e-06,2.461550748663009e-08,0
948,5.812983735375386e-10,1.1587594778028247e-06,1.259790162646246e-08,0
949,2.498329494372705e-09,1.1587594778028247e-06,8.853370505627295e-09,0
950,6.3726103321602355e-09,1.1587594778028247e-06,1.8329089667839762e-08,0
951,1.0343671210278372e-08,1.1587594778028247e-06,5.6889228789721627e-08,0
952,1.9831943694878216e-08,1.1587594778028247e-06,1.307830563051218e-07,0
953,7.307169087074896e-08,1.1587594778028247e-06,1.8613630912925104e-07,0
954,2.649858326548995e-07,1.1587594778028247e-06,1.2982116734510047e-07,0
955,7.2634173805915e-07,1.1587594778028247e-06,-8.065073805914995e-08,0
956,1.5060335307753004e-06,1.1587594778028247e-06,-4.4826353077530033e-07,0
957,2.3242718186038726e-06,1.1587594778028247e-06,-9.083718186038726e-07,1
958,2.5377622995507364e-06,1.1587594778028247e-06,-1.1596922995507362e-06,1
959,1.8543814897036583e-06,1.1587594778028247e-06,-9.423654897036583e-07,1
960,2.0766036123083743e-06,1.1587594778028247e-06,-1.3447996123083743e-06,1
961,2.8370474209244164e-06,1.1587594778028247e-06,-1.8574574209244163e-06,1
962,2.491864939540692e-06,1.1587594778028247e-06,-1.6628009395406917e-06,1
963,1.5663717210397878e-06,1.1587594778028247e-06,-1.0710847210397878e-06,1
964,7.759751213476506e-07,1.1587594778028247e-06,-5.466571213476507e-07,1
965,3.1198863708651426e-07,1.1587594778028247e-06,-2.2560023708651427e-07,1
966,1.0302472167928047e-07,1.1587594778028247e-06,-6.987222167928047e-08,1
967,3.567024420677093e-08,1.1587594778028247e-06,-3.0760442067709346e-09,0
968,1.9276669940119835e-08,1.1587594778028247e-06,4.834843005988017e-08,0
969,1.4716694507881981e-08,1.1587594778028247e-06,1.1736230549211803e-07,0
970,2.789573446675651e-08,1.1587594778028247e-06,1.866272655332435e-07,0
971,7.02409454793449e-08,1.1587594778028247e-06,2.2673605452065512e-07,0
972,1.329840266835877e-07,1.1587594778028247e-06,1.9845897331641233e-07,0
973,1.8767418158517235e-07,1.1587594778028247e-06,9.400381841482766e-08,0
974,1.8695934355119399e-07,1.1587594778028247e-06,2.910656448806007e-09,0
975,1.2325124673780526e-07,1.1587594778028247e-06,-5.268246737805266e-09,0
976,5.229313245134783e-08,1.1587594778028247e-06,2.3836067548652172e-08,0
977,1.3778338770310817e-08,1.1587594778028247e-06,3.600176122968919e-08,0
978,2.2110014979251034e-09,1.1587594778028247e-06,2.99529985020749e-08,0
979,1.071129115935825e-09,1.1587594778028247e-06,2.1088570884064175e-08,0
980,4.764383926141962e-09,1.1587594778028247e-06,1.3786816073858038e-08,0
981,1.4262964693617657e-08,1.1587594778028247e-06,6.618235306382344e-09,0
982,2.600569468005309e-08,1.1587594778028247e-06,1.4649305319946912e-08,0
983,3.6304851141003254e-08,1.1587594778028247e-06,7.384414885899675e-08,0
984,6.801831027471933e-08,1.1587594778028247e-06,1.961876897252807e-07,0
985,1.9737736688153086e-07,1.1587594778028247e-06,3.1684263311846914e-07,0
986,5.762846705877665e-07,1.1587594778028247e-06,3.5268232941223345e-07,0
987,1.428680042752842e-06,1.1587594778028247e-06,2.691599572471581e-07,0
988,2.8426109404842377e-06,1.1587594778028247e-06,-7.724094048423745e-08,0
989,4.209139554314502e-06,1.1587594778028247e-06,-7.527695543145026e-07,0
990,4.356562939995943e-06,1.1587594778028247e-06,-1.2947029399959437e-06,1
991,2.9956041715368763e-06,1.1587594778028247e-06,-1.1853641715368762e-06,1
992,1.8212473129960037e-06,1.1587594778028247e-06,-1.1748123129960037e-06,1
993,2.218167950161063e-06,1.1587594778028247e-06,-1.4824859501610632e-06,1
994,1.7387551346047642e-06,1.1587594778028247e-06,-1.198953134604764e-06,1
995,9.905870202851947e-07,1.1587594778028247e-06,-7.023370202851948e-07,1
996,4.5581678365506886e-07,1.1587594778028247e-06,-3.3410878365506886e-07,1
997,1.685054176500831e-07,1.1587594778028247e-06,-1.241390176500831e-07,1
998,4.9716635529776215e-08,1.1587594778028247e-06,-2.4421935529776215e-08,0
999,1.9463592115296517e-08,1.1587594778028247e-06,2.3932407884703483e-08,0
1000,1.331713339204312e-08,1.1587594778028247e-06,7.458376660795688e-08,0
1001,1.2523607826749983e-08,1.1587594778028247e-06,1.3066539217325e-07,0
1002,3.2444113054024776e-08,1.1587594778028247e-06,1.6133388694597523e-07,0
1003,9.110795818737967e-08,1.1587594778028247e-06,1.3702804181262032e-07,0
1004,1.818422779277816e-07,1.1587594778028247e-06,4.3386722072218414e-08,0
1005,2.415274822792946e-07,1.1587594778028247e-06,-6.082048227929462e-08,0
1006,2.061876198057665e-07,1.1587594778028247e-06,-8.395861980576649e-08,1
1007,1.1506422871557319e-07,1.1587594778028247e-06,-3.7418428715573184e-08,0
1008,4.238497545160033e-08,1.1587594778028247e-06,5.683724548399674e-09,0
1009,9.766033605969492e-09,1.1587594778028247e-06,2.022006639403051e-08,0
1010,1.6322351104777475e-09,1.1587594778028247e-06,1.9385664889522255e-08,0
1011,2.7108456087841405e-09,1.1587594778028247e-06,1.4662754391215858e-08,0
1012,1.0181671829551793e-08,1.1587594778028247e-06,5.980328170448207e-09,0
1013,2.1544057647630892e-08,1.1587594778028247e-06,-2.115957647630893e-09,0
1014,2.903080861695344e-08,1.1587594778028247e-06,1.214509138304656e-08,0
1015,3.797273212108736e-08,1.1587594778028247e-06,6.965026787891263e-08,0
1016,7.935780515317287e-08,1.1587594778028247e-06,1.6867619484682713e-07,0
1017,2.281166043941333e-07,1.1587594778028247e-06,2.9035139560586677e-07,0
1018,6.299917030658314e-07,1.1587594778028247e-06,4.3012829693416856e-07,0
1019,1.4708281189988302e-06,1.1587594778028247e-06,5.2306188100117e-07,0
1020,2.698322505898484e-06,1.1587594778028247e-06,3.2702749410151605e-07,0
1021,3.615598137166404e-06,1.1587594778028247e-06,-2.3635813716640349e-07,0
1022,3.3691769879698573e-06,1.1587594778028247e-06,-7.567069879698573e-07,1
1023,2.0690547700895837e-06,1.1587594778028247e-06,-7.637847700895835e-07,1
