,P151S,max,diff,True
0,1.2591447635279114e-06,1.1594313918775394e-06,1.5584523647208856e-07,0
1,1.8772144861690723e-06,1.1594313918775394e-06,1.3342551383092786e-07,0
2,1.5769857835846671e-06,1.1594313918775394e-06,6.410421641533286e-08,0
3,7.878131186182385e-07,1.1594313918775394e-06,1.0274188138176143e-07,0
4,2.504447835207632e-07,1.1594313918775394e-06,1.265632164792368e-07,0
5,5.457359900942158e-08,1.1594313918775394e-06,8.689940099057841e-08,0
6,9.706084591333251e-09,1.1594313918775394e-06,6.072831540866673e-08,0
7,6.482950758072147e-09,1.1594313918775394e-06,8.932114924192786e-08,0
8,1.5615022552138203e-08,1.1594313918775394e-06,1.7486097744786178e-07,0
9,3.591150564548115e-08,1.1594313918775394e-06,2.9823249435451885e-07,0
10,8.457343373871965e-08,1.1594313918775394e-06,4.245205662612803e-07,0
11,1.6312611166273913e-07,1.1594313918775394e-06,5.225468883372609e-07,0
12,2.2809267035489674e-07,1.1594313918775394e-06,5.701863296451033e-07,0
13,2.493905436144525e-07,1.1594313918775394e-06,5.409174563855475e-07,0
14,2.3796445077396245e-07,1.1594313918775394e-06,4.361635492260376e-07,1
15,2.014307093263424e-07,1.1594313918775394e-06,3.079792906736576e-07,0
16,1.5125185529677436e-07,1.1594313918775394e-06,2.028441447032256e-07,0
17,1.1019011611305282e-07,1.1594313918775394e-06,1.2267388388694718e-07,0
18,8.706387162869005e-08,1.1594313918775394e-06,5.380912837130997e-08,0
19,8.469139922220642e-08,1.1594313918775394e-06,3.245300777793579e-09,0
20,1.0580166139514595e-07,1.1594313918775394e-06,-2.314476139514596e-08,0
21,1.3816258777818407e-07,1.1594313918775394e-06,-2.1572587778184072e-08,0
22,1.6587673272645768e-07,1.1594313918775394e-06,2.194026727354234e-08,0
23,2.467424616763125e-07,1.1594313918775394e-06,7.154553832368754e-08,0
24,6.472178866325101e-07,1.1594313918775394e-06,-3.4439886632510094e-08,0
25,1.9882085700481443e-06,1.1594313918775394e-06,-6.078085700481444e-07,1
26,5.208144595012422e-06,1.1594313918775394e-06,-1.9736145950124223e-06,1
27,1.0909989272310038e-05,1.1594313918775394e-06,-4.059509272310037e-06,1
28,1.7736849303850766e-05,1.1594313918775394e-06,-5.958849303850766e-06,1
29,2.1651641569425204e-05,1.1594313918775394e-06,-6.385441569425204e-06,1
30,1.9174638274701294e-05,1.1594313918775394e-06,-5.0108382747012925e-06,1
31,1.1781451422032113e-05,1.1594313918775394e-06,-2.8597914220321124e-06,1
32,3.974903313417347e-06,1.1594313918775394e-06,-9.155331341734716e-08,0
33,5.2090292411210335e-06,1.1594313918775394e-06,-4.300192411210333e-07,0
34,3.8933907264849606e-06,1.1594313918775394e-06,-4.4871072648496044e-07,0
35,1.7813360102721883e-06,1.1594313918775394e-06,-8.82260102721885e-08,0
36,5.449678861005511e-07,1.1594313918775394e-06,1.4193311389944885e-07,0
37,1.2374261739608945e-07,1.1594313918775394e-06,1.6175138260391055e-07,0
38,2.9514289975730086e-08,1.1594313918775394e-06,1.5755471002426995e-07,1
39,2.0305221307532603e-08,1.1594313918775394e-06,2.401787786924674e-07,0
40,3.52677510941537e-08,1.1594313918775394e-06,4.440472489058463e-07,0
41,9.179319551181068e-08,1.1594313918775394e-06,7.374288044881894e-07,0
42,2.380159194102211e-07,1.1594313918775394e-06,1.010164080589779e-06,0
43,4.92641145811446e-07,1.1594313918775394e-06,1.1523388541885539e-06,0
44,8.174354921000888e-07,1.1594313918775394e-06,1.1169045078999113e-06,0
45,1.1058179550584729e-06,1.1594313918775394e-06,9.362120449415272e-07,0
46,1.2225661378834014e-06,1.1594313918775394e-06,7.067438621165983e-07,0
47,1.137978330137274e-06,1.1594313918775394e-06,5.013016698627259e-07,0
48,9.714640452644355e-07,1.1594313918775394e-06,2.945459547355644e-07,0
49,8.022286321776171e-07,1.1594313918775394e-06,6.692036782238294e-08,0
50,6.077655876542248e-07,1.1594313918775394e-06,-6.772258765422473e-08,0
51,4.5929431862613107e-07,1.1594313918775394e-06,-8.56883186261311e-08,0
52,4.5971612480438443e-07,1.1594313918775394e-06,-8.817512480438445e-08,0
53,5.56438937233442e-07,1.1594313918775394e-06,-5.3637937233442045e-08,0
54,7.137365116250499e-07,1.1594313918775394e-06,1.9714488374950182e-08,0
55,1.2556127544736024e-06,1.1594313918775394e-06,-1.2081275447360224e-07,0
56,3.049127257051255e-06,1.1594313918775394e-06,-9.094772570512551e-07,0
57,7.859175154819799e-06,1.1594313918775394e-06,-2.978005154819799e-06,1
58,1.818200634853064e-05,1.1594313918775394e-06,-6.785606348530637e-06,1
59,3.4387174306502915e-05,1.1594313918775394e-06,-1.1309674306502914e-05,1
60,5.024009592781632e-05,1.1594313918775394e-06,-1.3692895927816321e-05,1
61,5.491585711419803e-05,1.1594313918775394e-06,-1.214625711419803e-05,1
62,4.366777313992626e-05,1.1594313918775394e-06,-8.080773139926263e-06,1
63,2.424660802048404e-05,1.1594313918775394e-06,-4.18110802048404e-06,1
64,6.443743744356159e-06,1.1594313918775394e-06,-1.2493637443561588e-06,0
65,7.587887624992632e-06,1.1594313918775394e-06,-1.7332776249926313e-06,1
66,5.227993046280421e-06,1.1594313918775394e-06,-1.3216130462804207e-06,1
67,2.280813356402225e-06,1.1594313918775394e-06,-4.5702335640222487e-07,0
68,6.910195925480683e-07,1.1594313918775394e-06,7.278840745193162e-08,0
69,1.7092656283205455e-07,1.1594313918775394e-06,2.1047543716794546e-07,0
70,5.5324393478245796e-08,1.1594313918775394e-06,2.2442160652175419e-07,0
71,2.9000953649720253e-08,1.1594313918775394e-06,3.0409304635027973e-07,0
72,4.000472260942797e-08,1.1594313918775394e-06,5.26214277390572e-07,0
73,1.5181692701723245e-07,1.1594313918775394e-06,8.325570729827675e-07,0
74,5.140317932735138e-07,1.1594313918775394e-06,1.0002882067264864e-06,0
75,1.2704183616351747e-06,1.1594313918775394e-06,8.448216383648252e-07,0
76,2.25913065296023e-06,1.1594313918775394e-06,5.2182934703977e-07,0
77,3.0583258307423137e-06,1.1594313918775394e-06,3.35894169257686e-07,0
78,3.4779072430271524e-06,1.1594313918775394e-06,2.708127569728471e-07,0
79,3.6174934587533035e-06,1.1594313918775394e-06,9.836654124669649e-08,0
80,3.5122175167723687e-06,1.1594313918775394e-06,-2.930375167723688e-07,0
81,2.954454662953672e-06,1.1594313918775394e-06,-6.01084662953672e-07,0
82,2.013645942474474e-06,1.1594313918775394e-06,-4.89655942474474e-07,0
83,1.2842552978404908e-06,1.1594313918775394e-06,-2.2980529784049084e-07,0
84,1.102876441628e-06,1.1594313918775394e-06,-1.0646744162800008e-07,0
85,1.2850773611309463e-06,1.1594313918775394e-06,-2.668736113094631e-08,0
86,1.823759462426068e-06,1.1594313918775394e-06,-1.2456946242606797e-07,0
87,3.281456068896227e-06,1.1594313918775394e-06,-8.308160688962269e-07,0
88,7.093740072608513e-06,1.1594313918775394e-06,-2.5774400726085125e-06,1
89,1.6266843991263213e-05,1.1594313918775394e-06,-5.865543991263211e-06,1
90,3.422248563278865e-05,1.1594313918775394e-06,-1.0591185632788645e-05,1
91,5.873826547822085e-05,1.1594313918775394e-06,-1.4281065478220842e-05,1
92,7.745713952958691e-05,1.1594313918775394e-06,-1.3627039529586917e-05,1
93,7.675954422616026e-05,1.1594313918775394e-06,-9.572844226160261e-06,1
94,5.6179942878307215e-05,1.1594313918775394e-06,-5.802742878307212e-06,1
95,2.9087135491212733e-05,1.1594313918775394e-06,-3.343835491212735e-06,1
96,6.246193281374149e-06,1.1594313918775394e-06,-1.6962932813741487e-06,1
97,6.886177102169385e-06,1.1594313918775394e-06,-1.993447102169385e-06,1
98,4.536766491615071e-06,1.1594313918775394e-06,-1.3996664916150713e-06,1
99,1.924061111231897e-06,1.1594313918775394e-06,-4.868911112318967e-07,0
100,5.697864143169539e-07,1.1594313918775394e-06,8.50375856830461e-08,0
101,1.4196422772101246e-07,1.1594313918775394e-06,2.549137722789876e-07,0
102,4.430968304905842e-08,1.1594313918775394e-06,2.545803169509416e-07,0
103,2.3467374099116935e-08,1.1594313918775394e-06,2.7041662590088306e-07,0
104,7.326745360406248e-08,1.1594313918775394e-06,3.635305463959375e-07,0
105,3.3597909944787305e-07,1.1594313918775394e-06,4.3248590055212697e-07,0
106,1.1004056191823751e-06,1.1594313918775394e-06,2.3737438081762488e-07,0
107,2.486752428382399e-06,1.1594313918775394e-06,-2.469524283823991e-07,0
108,4.079245389648716e-06,1.1594313918775394e-06,-5.853253896487165e-07,0
109,5.416443182525164e-06,1.1594313918775394e-06,-4.6157318252516495e-07,0
110,6.496539983423813e-06,1.1594313918775394e-06,-1.6128998342381317e-07,0
111,7.255455584332941e-06,1.1594313918775394e-06,-1.9966558433294118e-07,0
112,7.1404107932234066e-06,1.1594313918775394e-06,-6.561407932234062e-07,0
113,5.742525498547973e-06,1.1594313918775394e-06,-9.069154985479734e-07,0
114,3.706589281753568e-06,1.1594313918775394e-06,-5.840292817535684e-07,0
115,2.2573376456517e-06,1.1594313918775394e-06,-1.469976456516998e-07,0
116,1.8880636277315742e-06,1.1594313918775394e-06,5.0616372268425887e-08,0
117,2.421829432035108e-06,1.1594313918775394e-06,2.238056796489198e-08,0
118,3.6052908765008035e-06,1.1594313918775394e-06,-2.942408765008033e-07,0
119,5.723334268962776e-06,1.1594313918775394e-06,-1.097024268962776e-06,1
120,1.0903094158762337e-05,1.1594313918775394e-06,-2.701064158762338e-06,1
121,2.3342471330313823e-05,1.1594313918775394e-06,-5.291171330313822e-06,1
122,4.5611843121694864e-05,1.1594313918775394e-06,-7.771943121694867e-06,1
123,7.136364729893654e-05,1.1594313918775394e-06,-7.27314729893654e-06,1
124,8.547292951077241e-05,1.1594313918775394e-06,-3.322429510772414e-06,0
125,7.803867359886485e-05,1.1594313918775394e-06,-6.342735988648581e-07,0
126,5.355282594393809e-05,1.1594313918775394e-06,-1.053825943938099e-06,0
127,2.61127246348682e-05,1.1594313918775394e-06,-1.4954246348682006e-06,0
128,4.298275440995472e-06,1.1594313918775394e-06,-9.691554409954722e-07,1
129,4.480577531039219e-06,1.1594313918775394e-06,-9.862275310392193e-07,1
130,2.84741118997374e-06,1.1594313918775394e-06,-6.386711899737397e-07,1
131,1.1961120792940064e-06,1.1594313918775394e-06,-1.2738207929400656e-07,0
132,3.5401987713235993e-07,1.1594313918775394e-06,2.3264412286764006e-07,0
133,8.290645714610437e-08,1.1594313918775394e-06,3.222655428538956e-07,0
134,2.422784997877065e-08,1.1594313918775394e-06,2.6545915002122933e-07,0
135,4.09499010200144e-08,1.1594313918775394e-06,1.881640989799856e-07,0
136,1.746033448850865e-07,1.1594313918775394e-06,1.1564165511491351e-07,0
137,6.322693430295871e-07,1.1594313918775394e-06,-4.951634302958708e-08,0
138,1.7432514651691899e-06,1.1594313918775394e-06,-4.310114651691899e-07,1
139,3.5825364325961287e-06,1.1594313918775394e-06,-8.769164325961286e-07,0
140,5.680905613276723e-06,1.1594313918775394e-06,-8.405356132767233e-07,0
141,7.611656466166109e-06,1.1594313918775394e-06,3.523533833891839e-09,0
142,9.225999098323019e-06,1.1594313918775394e-06,1.2079009016769814e-06,0
143,9.948702902655909e-06,1.1594313918775394e-06,1.8519970973440895e-06,0
144,9.13839341396765e-06,1.1594313918775394e-06,1.4075065860323478e-06,0
145,6.916941829621154e-06,1.1594313918775394e-06,5.55288170378847e-07,0
146,4.38966872997466e-06,1.1594313918775394e-06,1.561412700253399e-07,0
147,2.8262339647670515e-06,1.1594313918775394e-06,1.0856603523294871e-07,0
148,2.84798582431063e-06,1.1594313918775394e-06,-7.729582431063004e-08,0
149,4.249108656042392e-06,1.1594313918775394e-06,-4.682086560423924e-07,0
150,5.995351604600514e-06,1.1594313918775394e-06,-6.808416046005134e-07,0
151,8.261881959308045e-06,1.1594313918775394e-06,-7.649919593080452e-07,0
152,1.433363924006694e-05,1.1594313918775394e-06,-1.2692392400669398e-06,0
153,2.8680937973435518e-05,1.1594313918775394e-06,-1.9415379734355176e-06,0
154,5.163275663816905e-05,1.1594313918775394e-06,-1.2690566381690465e-06,0
155,7.39075190610987e-05,1.1594313918775394e-06,1.8224809389012905e-06,0
156,8.15428934714548e-05,1.1594313918775394e-06,4.810406528545205e-06,0
157,6.953042750325145e-05,1.1594313918775394e-06,3.911272496748551e-06,0
158,4.4863250778336296e-05,1.1594313918775394e-06,1.0318492216637043e-06,0
159,2.0545038755740886e-05,1.1594313918775394e-06,-3.428387557408849e-07,0
160,2.3654074484675577e-06,1.1594313918775394e-06,9.283255153244259e-08,0
161,2.483197001334392e-06,1.1594313918775394e-06,1.7928299866560788e-07,0
162,1.6580498746918242e-06,1.1594313918775394e-06,1.7289012530817593e-07,0
163,7.423921152159684e-07,1.1594313918775394e-06,3.1905788478403164e-07,0
164,2.275880426099981e-07,1.1594313918775394e-06,4.7301495739000193e-07,0
165,5.8097240182482076e-08,1.1594313918775394e-06,4.502737598175179e-07,0
166,4.131573220995756e-08,1.1594313918775394e-06,3.022152677900424e-07,0
167,9.488067577082009e-08,1.1594313918775394e-06,1.3978132422917994e-07,0
168,2.870966225068799e-07,1.1594313918775394e-06,-1.7772622506879883e-08,0
169,8.800609956741164e-07,1.1594313918775394e-06,-2.387419956741164e-07,1
170,2.2522487318173267e-06,1.1594313918775394e-06,-5.079887318173268e-07,1
171,4.450210871636891e-06,1.1594313918775394e-06,-3.9534087163689167e-07,0
172,7.097538219744283e-06,1.1594313918775394e-06,7.025717802557179e-07,0
173,9.897572609940727e-06,1.1594313918775394e-06,2.6855273900592724e-06,1
174,1.1970371349899714e-05,1.1594313918775394e-06,4.835728650100284e-06,1
175,1.1916552864839717e-05,1.1594313918775394e-06,5.9251471351602855e-06,1
176,9.684767287626531e-06,1.1594313918775394e-06,4.946132712373468e-06,1
177,6.679991823323644e-06,1.1594313918775394e-06,2.7539881766763563e-06,1
178,4.291356507557244e-06,1.1594313918775394e-06,9.56833492442755e-07,0
179,3.1669870870496838e-06,1.1594313918775394e-06,-1.726708704968395e-08,0
180,3.6724550376522736e-06,1.1594313918775394e-06,-7.238550376522736e-07,0
181,5.4667159647168495e-06,1.1594313918775394e-06,-1.3519159647168495e-06,0
182,7.438980329741182e-06,1.1594313918775394e-06,-1.4394403297411812e-06,0
183,1.0242249181809704e-05,1.1594313918775394e-06,-1.0613291818097036e-06,0
184,1.7269919687183004e-05,1.1594313918775394e-06,-6.546196871830044e-07,0
185,3.1732845035925295e-05,1.1594313918775394e-06,3.674549640747066e-07,0
186,5.2155340235259364e-05,1.1594313918775394e-06,2.900559764740639e-06,0
187,6.931094219694404e-05,1.1594313918775394e-06,5.8523578030559664e-06,0
188,7.212132526069775e-05,1.1594313918775394e-06,6.182874739302249e-06,0
189,5.850988757428717e-05,1.1594313918775394e-06,3.2210124257128314e-06,0
190,3.602868563950724e-05,1.1594313918775394e-06,5.17914360492759e-07,0
191,1.5814662625563893e-05,1.1594313918775394e-06,-1.820626255638933e-07,0
192,1.588513510284839e-06,1.1594313918775394e-06,7.01956489715161e-07,1
193,1.876515996493533e-06,1.1594313918775394e-06,9.00844003506467e-07,1
194,1.388067755698946e-06,1.1594313918775394e-06,8.258322443010536e-07,1
195,6.84594265198374e-07,1.1594313918775394e-06,7.895557348016259e-07,0
196,2.5409294203315213e-07,1.1594313918775394e-06,7.56927057966848e-07,0
197,1.0213985098268584e-07,1.1594313918775394e-06,5.959671490173141e-07,0
198,8.25866329818505e-08,1.1594313918775394e-06,3.619573670181495e-07,0
199,1.340786053559218e-07,1.1594313918775394e-06,1.6303239464407816e-07,0
200,3.4975003269995423e-07,1.1594313918775394e-06,3.092296730004578e-08,0
201,1.0310592490818287e-06,1.1594313918775394e-06,1.23075091817126e-09,0
202,2.6473838395506898e-06,1.1594313918775394e-06,3.177061604493106e-07,0
203,5.647628063431924e-06,1.1594313918775394e-06,1.3826119365680747e-06,0
204,1.025265023829282e-05,1.1594313918775394e-06,3.163949761707181e-06,1
205,1.5406487649416847e-05,1.1594313918775394e-06,5.406412350583151e-06,1
206,1.8114040031912816e-05,1.1594313918775394e-06,7.923559968087187e-06,1
207,1.6373717271629075e-05,1.1594313918775394e-06,9.102482728370923e-06,1
208,1.1855043293548704e-05,1.1594313918775394e-06,7.326256706451298e-06,1
209,7.701052099072135e-06,1.1594313918775394e-06,3.7715479009278644e-06,1
210,5.2427561737791815e-06,1.1594313918775394e-06,7.767538262208189e-07,0
211,4.1605180127719815e-06,1.1594313918775394e-06,-7.89398012771982e-07,0
212,4.3522976488142525e-06,1.1594313918775394e-06,-1.6076776488142525e-06,1
213,5.727033627991232e-06,1.1594313918775394e-06,-2.2553736279912325e-06,1
214,7.800466900781153e-06,1.1594313918775394e-06,-2.462556900781154e-06,1
215,1.138739257523077e-05,1.1594313918775394e-06,-2.1019125752307696e-06,1
216,1.8910844936636445e-05,1.1594313918775394e-06,-1.2172449366364457e-06,0
217,3.194120403287767e-05,1.1594313918775394e-06,1.0713959671223352e-06,0
218,4.875167985502974e-05,1.1594313918775394e-06,5.0231201449702555e-06,1
219,6.252466149463649e-05,1.1594313918775394e-06,7.5501385053635035e-06,1
220,6.459577755043806e-05,1.1594313918775394e-06,5.3204224495619415e-06,0
221,5.262051507644722e-05,1.1594313918775394e-06,6.659849235527785e-07,0
222,3.269478907814057e-05,1.1594313918775394e-06,-1.38848907814057e-06,0
223,1.4697369535306951e-05,1.1594313918775394e-06,-8.938695353069522e-07,0
224,2.1873249555875027e-06,1.1594313918775394e-06,9.580050444124975e-07,1
225,2.7869971072555743e-06,1.1594313918775394e-06,1.297172892744425e-06,1
226,2.1222536557325388e-06,1.1594313918775394e-06,1.2653363442674613e-06,0
227,1.062914024889278e-06,1.1594313918775394e-06,1.171015975110722e-06,0
228,4.1373377231074665e-07,1.1594313918775394e-06,1.0090762276892534e-06,0
229,1.6124221241882858e-07,1.1594313918775394e-06,7.263017875811715e-07,0
230,9.756654519847641e-08,1.1594313918775394e-06,4.326174548015236e-07,0
231,1.5559006617713336e-07,1.1594313918775394e-06,2.3430093382286662e-07,0
232,4.4031862995016653e-07,1.1594313918775394e-06,2.0370737004983355e-07,0
233,1.3982914089227888e-06,1.1594313918775394e-06,4.6941859107721097e-07,0
234,4.19393312287288e-06,1.1594313918775394e-06,1.12143687712712e-06,0
235,1.0436593803018503e-05,1.1594313918775394e-06,1.976306196981496e-06,0
236,1.9983432624657247e-05,1.1594313918775394e-06,3.0168673753427534e-06,0
237,2.877802726842661e-05,1.1594313918775394e-06,5.16937273157339e-06,1
238,3.1463326339603466e-05,1.1594313918775394e-06,8.379973660396533e-06,1
239,2.67341387032097e-05,1.1594313918775394e-06,9.8526612967903e-06,1
240,1.834119919788195e-05,1.1594313918775394e-06,7.80630080211805e-06,1
241,1.1158452095834787e-05,1.1594313918775394e-06,3.960147904165213e-06,1
242,7.087693924448837e-06,1.1594313918775394e-06,8.713460755511635e-07,0
243,5.3736230284413344e-06,1.1594313918775394e-06,-7.059130284413352e-07,0
244,5.2398260227466654e-06,1.1594313918775394e-06,-1.5365560227466656e-06,1
245,6.278505318617796e-06,1.1594313918775394e-06,-2.2318853186177963e-06,1
246,8.251821949353645e-06,1.1594313918775394e-06,-2.7452519493536454e-06,1
247,1.204876113441908e-05,1.1594313918775394e-06,-2.8757311344190788e-06,1
248,1.9394439584792843e-05,1.1594313918775394e-06,-1.989939584792844e-06,0
249,3.120128384509842e-05,1.1594313918775394e-06,1.4863161549015806e-06,0
250,4.664724141763156e-05,1.1594313918775394e-06,6.991958582368438e-06,1
251,6.132631040001669e-05,1.1594313918775394e-06,8.896589599983315e-06,1
252,6.71982134607741e-05,1.1594313918775394e-06,3.6882865392258955e-06,0
253,5.858087344030854e-05,1.1594313918775394e-06,-2.349473440308537e-06,0
254,3.9006926628497205e-05,1.1594313918775394e-06,-3.2519266284972064e-06,0
255,1.906301299823815e-05,1.1594313918775394e-06,-1.6338129982381512e-06,0
256,3.9625877255331355e-06,1.1594313918775394e-06,6.574022744668645e-07,0
257,4.8210009547429165e-06,1.1594313918775394e-06,8.549290452570841e-07,0
258,3.426898421175596e-06,1.1594313918775394e-06,9.30091578824404e-07,0
259,1.5872322149703889e-06,1.1594313918775394e-06,1.0296877850296111e-06,0
260,5.618033040190809e-07,1.1594313918775394e-06,9.293866959809191e-07,0
261,1.896230172853123e-07,1.1594313918775394e-06,6.453029827146877e-07,0
262,1.0068833630456014e-07,1.1594313918775394e-06,3.8942866369543987e-07,0
263,1.89281552285774e-07,1.1594313918775394e-06,2.5706444771422595e-07,0
264,6.889079276191456e-07,1.1594313918775394e-06,2.905430723808545e-07,0
265,2.690828692377637e-06,1.1594313918775394e-06,4.5561130762236293e-07,0
266,8.982724516352987e-06,1.1594313918775394e-06,3.550654836470125e-07,0
267,2.2405033772660785e-05,1.1594313918775394e-06,-2.704337726607849e-07,0
268,4.051953035172201e-05,1.1594313918775394e-06,-2.561303517220097e-07,0
269,5.459388416018885e-05,1.1594313918775394e-06,1.951315839811155e-06,0
270,5.664683223548656e-05,1.1594313918775394e-06,5.412567764513438e-06,1
271,4.574715012164525e-05,1.1594313918775394e-06,7.300149878354744e-06,1
272,2.8963447236785993e-05,1.1594313918775394e-06,6.386452763214005e-06,1
273,1.5321303887220402e-05,1.1594313918775394e-06,4.137496112779599e-06,1
274,8.17444518578963e-06,1.1594313918775394e-06,2.33215481421037e-06,1
275,5.74595958817511e-06,1.1594313918775394e-06,1.2103204118248904e-06,0
276,5.710449079474969e-06,1.1594313918775394e-06,1.9605092052503122e-07,0
277,6.944949617075721e-06,1.1594313918775394e-06,-1.1682396170757215e-06,0
278,9.227813467244105e-06,1.1594313918775394e-06,-2.733653467244105e-06,1
279,1.3208638665385005e-05,1.1594313918775394e-06,-3.600698665385006e-06,1
280,2.0480699263790948e-05,1.1594313918775394e-06,-2.1108992637909466e-06,0
281,3.359009875127066e-05,1.1594313918775394e-06,2.928401248729341e-06,0
282,5.3738507148010544e-05,1.1594313918775394e-06,8.758592851989458e-06,1
283,7.614073833115832e-05,1.1594313918775394e-06,8.092261668841668e-06,0
284,8.877855596794251e-05,1.1594313918775394e-06,1.6154403205749545e-07,0
285,8.128783862128557e-05,1.1594313918775394e-06,-5.29603862128557e-06,0
286,5.661566575718688e-05,1.1594313918775394e-06,-4.3242657571868745e-06,1
287,2.867396129239353e-05,1.1594313918775394e-06,-2.0313612923935293e-06,1
288,5.1009960969896235e-06,1.1594313918775394e-06,-3.389260969896234e-07,0
289,5.581712681846663e-06,1.1594313918775394e-06,-3.87592681846664e-07,0
290,3.6051553796296303e-06,1.1594313918775394e-06,-8.533537962963047e-08,0
291,1.529051052317112e-06,1.1594313918775394e-06,3.1662894768288785e-07,0
292,4.90826288939667e-07,1.1594313918775394e-06,4.0888571106033295e-07,0
293,1.5464483483537619e-07,1.1594313918775394e-06,2.9278816516462374e-07,0
294,9.840232541176029e-08,1.1594313918775394e-06,1.861976745882397e-07,0
295,2.78952675078977e-07,1.1594313918775394e-06,1.1580732492102298e-07,0
296,1.2762096593867709e-06,1.1594313918775394e-06,4.280340613229141e-09,0
297,5.491717258204197e-06,1.1594313918775394e-06,-5.742472582041973e-07,0
298,1.8170815542387668e-05,1.1594313918775394e-06,-2.351315542387668e-06,0
299,4.287285857275003e-05,1.1594313918775394e-06,-4.90445857275003e-06,1
300,7.235960424763771e-05,1.1594313918775394e-06,-6.050604247637723e-06,1
301,8.998225717116592e-05,1.1594313918775394e-06,-3.913057171165915e-06,0
302,8.435362784851014e-05,1.1594313918775394e-06,5.601721514898489e-07,0
303,5.986615371519524e-05,1.1594313918775394e-06,3.916846284804754e-06,0
304,3.244701859858316e-05,1.1594313918775394e-06,4.512381401416838e-06,1
305,1.4363174180967368e-05,1.1594313918775394e-06,3.832525819032631e-06,1
306,6.495303229376093e-06,1.1594313918775394e-06,3.1372567706239076e-06,1
307,4.3437878965245836e-06,1.1594313918775394e-06,2.353552103475416e-06,1
308,4.625321873719608e-06,1.1594313918775394e-06,1.0592681262803924e-06,0
309,6.1387163681458526e-06,1.1594313918775394e-06,-8.309663681458524e-07,0
310,8.589375714834619e-06,1.1594313918775394e-06,-2.622445714834619e-06,1
311,1.2501780841844828e-05,1.1594313918775394e-06,-2.7635208418448277e-06,1
312,2.0935454265569658e-05,1.1594313918775394e-06,2.5564573443034337e-07,0
313,3.939440946316842e-05,1.1594313918775394e-06,6.175590536831581e-06,1
314,6.936765644887001e-05,1.1594313918775394e-06,1.0513243551129987e-05,1
315,0.00010092158160650762,1.1594313918775394e-06,7.115418393492394e-06,0
316,0.00011594313918775393,1.1594313918775394e-06,-7.261391877539259e-07,0
317,0.00010324022954971464,1.1594313918775394e-06,-3.6845295497146396e-06,0
318,6.935823939307971e-05,1.1594313918775394e-06,-2.2222393930797072e-06,0
319,3.320772302064042e-05,1.1594313918775394e-06,-1.304323020640414e-06,0
320,3.461229596629232e-06,1.1594313918775394e-06,-7.094295966292321e-07,0
321,3.3410790618818285e-06,1.1594313918775394e-06,-6.668490618818283e-07,0
322,1.921293004236815e-06,1.1594313918775394e-06,-2.965930042368148e-07,0
323,7.231923038782102e-07,1.1594313918775394e-06,2.406069612178984e-08,0
324,2.077470930353091e-07,1.1594313918775394e-06,9.670190696469092e-08,0
325,6.113871937956325e-08,1.1594313918775394e-06,7.247928062043675e-08,0
326,6.268044016235673e-08,1.1594313918775394e-06,4.741455983764326e-08,0
327,3.255429389288429e-07,1.1594313918775394e-06,-2.09899389288429e-08,0
328,1.892629856538876e-06,1.1594313918775394e-06,-3.82689856538876e-07,0
329,8.540127905032331e-06,1.1594313918775394e-06,-1.7515179050323297e-06,1
330,2.7032543012804448e-05,1.1594313918775394e-06,-4.671243012804446e-06,1
331,5.887178676002058e-05,1.1594313918775394e-06,-7.95368676002058e-06,1
332,8.945294664181498e-05,1.1594313918775394e-06,-8.698146641814987e-06,1
333,9.729836479478264e-05,1.1594313918775394e-06,-5.142864794782645e-06,0
334,7.714675713537204e-05,1.1594313918775394e-06,3.114286462796488e-08,0
335,4.4840181166389444e-05,1.1594313918775394e-06,2.796818833610554e-06,0
336,1.950334384233217e-05,1.1594313918775394e-06,2.9255561576678284e-06,1
337,6.984158678849932e-06,1.1594313918775394e-06,2.3138713211500684e-06,1
338,2.7324309110616867e-06,1.1594313918775394e-06,1.7974290889383134e-06,1
339,1.8211410051089058e-06,1.1594313918775394e-06,1.232208994891094e-06,1
340,2.1167734716638432e-06,1.1594313918775394e-06,4.1501652833615696e-07,0
341,3.030437657030284e-06,1.1594313918775394e-06,-5.31797657030284e-07,0
342,4.604486555769841e-06,1.1594313918775394e-06,-1.0683165557698416e-06,0
343,8.153862325686461e-06,1.1594313918775394e-06,-2.625623256864612e-07,0
344,1.8008030860642632e-05,1.1594313918775394e-06,2.6898691393573685e-06,0
345,4.000254062975672e-05,1.1594313918775394e-06,6.912759370243272e-06,1
346,7.279157146526663e-05,1.1594313918775394e-06,8.262128534733363e-06,1
347,0.0001013884442278971,1.1594313918775394e-06,4.539555772102891e-06,0
348,0.00010781266266628836,1.1594313918775394e-06,9.34337333711652e-07,0
349,8.767829821201787e-05,1.1594313918775394e-06,8.266017879821259e-07,0
350,5.3139931603783646e-05,1.1594313918775394e-06,7.150683962163528e-07,0
351,2.2624569690490547e-05,1.1594313918775394e-06,-3.5036969049054645e-07,0
352,1.1863469234504083e-06,1.1594313918775394e-06,-2.9553992345040844e-07,0
353,9.938271680003022e-07,1.1594313918775394e-06,-1.9632316800030218e-07,0
354,4.798937594056448e-07,1.1594313918775394e-06,-2.8126759405644843e-08,0
355,1.4488329117643989e-07,1.1594313918775394e-06,4.571070882356011e-08,0
356,3.219818489444994e-08,1.1594313918775394e-06,3.826231510555006e-08,0
357,9.092016829014616e-09,1.1594313918775394e-06,2.325988317098539e-08,0
358,3.3851633207959026e-08,1.1594313918775394e-06,1.3460066792040972e-08,0
359,2.945240472125004e-07,1.1594313918775394e-06,-4.597004721250039e-08,0
360,1.9045510996736096e-06,1.1594313918775394e-06,-3.8909109967360974e-07,1
361,8.289276732305472e-06,1.1594313918775394e-06,-1.4281267323054713e-06,1
362,2.391915053974668e-05,1.1594313918775394e-06,-3.0695505397466787e-06,1
363,4.614877116493081e-05,1.1594313918775394e-06,-4.124271164930811e-06,0
364,6.075320489528815e-05,1.1594313918775394e-06,-3.1915048952881457e-06,0
365,5.574093704777097e-05,1.1594313918775394e-06,-6.791370477709705e-07,0
366,3.5996888029091206e-05,1.1594313918775394e-06,1.2350119709087927e-06,0
367,1.645621724821776e-05,1.1594313918775394e-06,1.5569827517822386e-06,0
368,5.539497562447297e-06,1.1594313918775394e-06,1.0745924375527028e-06,0
369,1.6013325150283027e-06,1.1594313918775394e-06,6.256574849716975e-07,0
370,5.677668881745372e-07,1.1594313918775394e-06,3.8895511182546284e-07,1
371,3.816986431509201e-07,1.1594313918775394e-06,2.1871535684908e-07,0
372,4.7040092584775753e-07,1.1594313918775394e-06,4.142707415224252e-08,0
373,7.554614209348539e-07,1.1594313918775394e-06,-9.459842093485396e-08,0
374,1.5342242938816834e-06,1.1594313918775394e-06,-1.685429388168348e-08,0
375,4.206357067788607e-06,1.1594313918775394e-06,6.146629322113932e-07,0
376,1.2267118892351904e-05,1.1594313918775394e-06,1.944781107648096e-06,0
377,2.908420702172082e-05,1.1594313918775394e-06,2.882492978279181e-06,0
378,5.044876375161815e-05,1.1594313918775394e-06,1.922236248381853e-06,0
379,6.354734594273597e-05,1.1594313918775394e-06,5.611540572640264e-07,0
380,5.960787493373636e-05,1.1594313918775394e-06,1.1175250662636373e-06,0
381,4.213549253223232e-05,1.1594313918775394e-06,1.9276074677676813e-06,0
382,2.1896573599609093e-05,1.1594313918775394e-06,1.158026400390908e-06,0
383,7.90792322347978e-06,1.1594313918775394e-06,1.6447677652022e-07,0
384,1.8991926582768367e-07,1.1594313918775394e-06,-1.4898265827683685e-08,0
385,1.2802034924645549e-07,1.1594313918775394e-06,1.7552650753544517e-08,0
386,4.756799471847404e-08,1.1594313918775394e-06,2.991520528152595e-08,0
387,1.0374227592643093e-08,1.1594313918775394e-06,2.1773272407356905e-08,0
388,1.564210389746393e-09,1.1594313918775394e-06,1.2262489610253608e-08,0
389,1.4522859966941612e-09,1.1594313918775394e-06,8.579714003305838e-09,0
390,1.8953508522631383e-08,1.1594313918775394e-06,6.835491477368617e-09,0
391,1.8336953769435602e-07,1.1594313918775394e-06,-1.8014537694356034e-08,0
392,1.127673888349142e-06,1.1594313918775394e-06,-1.3936788834914198e-07,0
393,4.409483165946017e-06,1.1594313918775394e-06,-3.9596316594601743e-07,0
394,1.1110069629757525e-05,1.1594313918775394e-06,-5.592696297575258e-07,0
395,1.840027651500638e-05,1.1594313918775394e-06,-2.8767651500638097e-07,0
396,2.046772808716132e-05,1.1594313918775394e-06,2.729719128386824e-07,0
397,1.5499603172101463e-05,1.1594313918775394e-06,5.983968278985373e-07,0
398,8.009353927280721e-06,1.1594313918775394e-06,5.483960727192782e-07,0
399,2.839442713963138e-06,1.1594313918775394e-06,3.4966728603686196e-07,0
400,7.344099053481845e-07,1.1594313918775394e-06,1.6750209465181542e-07,0
401,1.7556458301340823e-07,1.1594313918775394e-06,6.79204169865918e-08,0
402,5.916249793723023e-08,1.1594313918775394e-06,3.184400206276977e-08,0
403,4.276167720759579e-08,1.1594313918775394e-06,1.2513522792404214e-08,0
404,6.081632624829941e-08,1.1594313918775394e-06,-6.382624829940746e-11,0
405,1.3345668688003714e-07,1.1594313918775394e-06,1.2856313119962858e-08,0
406,4.7352249223488865e-07,1.1594313918775394e-06,9.534850776511136e-08,0
407,1.8860213496453956e-06,1.1594313918775394e-06,2.8434865035460447e-07,0
408,5.986820425752447e-06,1.1594313918775394e-06,3.736595742475526e-07,0
409,1.3369904273770708e-05,1.1594313918775394e-06,-8.950427377070881e-08,0
410,2.057724149286197e-05,1.1594313918775394e-06,-7.837414928619695e-07,0
411,2.2310840774760626e-05,1.1594313918775394e-06,-5.00140774760625e-07,0
412,1.7674959469997902e-05,1.1594313918775394e-06,5.198405300020989e-07,0
413,1.0402021268471504e-05,1.1594313918775394e-06,8.891787315284951e-07,0
414,4.444386541207517e-06,1.1594313918775394e-06,5.216934587924834e-07,0
415,1.3102781185604773e-06,1.1594313918775394e-06,1.607018814395226e-07,0
416,9.924766893680689e-09,1.1594313918775394e-06,8.49283310631931e-09,0
417,5.0685444005272186e-09,1.1594313918775394e-06,8.321855599472782e-09,0
418,1.393147804339728e-09,1.1594313918775394e-06,5.185782195660272e-09,0
419,2.1407983083823724e-10,1.1594313918775394e-06,2.7819801691617625e-09,0
420,4.0356243165242846e-11,1.1594313918775394e-06,2.039563756834757e-09,0
421,5.013178533655383e-10,1.1594313918775394e-06,2.8143921466344615e-09,0
422,7.342483964348577e-09,1.1594313918775394e-06,3.879116035651424e-09,0
423,6.577099091018736e-08,1.1594313918775394e-06,2.95710908981264e-09,0
424,3.609952260530871e-07,1.1594313918775394e-06,-2.6322260530870944e-09,0
425,1.2323932312780584e-06,1.1594313918775394e-06,2.667687219416034e-10,0
426,2.6702095213538374e-06,1.1594313918775394e-06,5.5020478646162326e-08,0
427,3.7489158488401374e-06,1.1594313918775394e-06,1.490141511598626e-07,0
428,3.4706904703329683e-06,1.1594313918775394e-06,1.851495296670318e-07,0
429,2.1408693277548786e-06,1.1594313918775394e-06,1.3567067224512175e-07,0
430,8.820138198140564e-07,1.1594313918775394e-06,7.23471801859435e-08,0
431,2.4316225111328237e-07,1.1594313918775394e-06,3.5443748886717654e-08,0
432,4.755933768642135e-08,1.1594313918775394e-06,1.3735762313578646e-08,0
433,8.658614234528156e-09,1.1594313918775394e-06,4.4077857654718435e-09,0
434,2.8126980379895127e-09,1.1594313918775394e-06,2.0937919620104874e-09,0
435,2.888020469472754e-09,1.1594313918775394e-06,9.882395305272462e-10,0
436,5.645168851477033e-09,1.1594313918775394e-06,2.406261148522967e-09,0
437,2.5100013891070383e-08,1.1594313918775394e-06,1.3731486108929617e-08,0
438,1.4548660985093925e-07,1.1594313918775394e-06,4.601339014906074e-08,0
439,6.370417540758054e-07,1.1594313918775394e-06,7.39552459241946e-08,0
440,1.8739489686904813e-06,1.1594313918775394e-06,-2.3808968690481156e-08,0
441,3.6656809450318693e-06,1.1594313918775394e-06,-3.0918094503186936e-07,0
442,4.800778178753209e-06,1.1594313918775394e-06,-4.601781787532085e-07,0
443,4.297545180795166e-06,1.1594313918775394e-06,-1.7627518079516623e-07,0
444,2.74125918386335e-06,1.1594313918775394e-06,1.6701081613664982e-07,0
445,1.2887582903053998e-06,1.1594313918775394e-06,2.109717096946e-07,0
446,4.441131167665468e-07,1.1594313918775394e-06,1.0289588323345313e-07,0
447,1.0648307836394828e-07,1.1594313918775394e-06,3.0927921636051706e-08,0
448,1.2768677028233255e-10,1.1594313918775394e-06,5.877532297176675e-10,0
449,4.838172655986738e-11,1.1594313918775394e-06,3.757332734401326e-10,0
450,9.721732388246578e-12,1.1594313918775394e-06,1.8204626761175342e-10,0
451,1.1994102209128272e-12,1.1594313918775394e-06,1.1860558977908717e-10,0
452,4.994533426188309e-12,1.1594313918775394e-06,2.331524665738117e-10,0
453,1.1273149387899295e-10,1.1594313918775394e-06,6.27781506121007e-10,0
454,1.541730731271054e-09,1.1594313918775394e-06,1.877329268728946e-09,0
455,1.2589170589910551e-08,1.1594313918775394e-06,5.776629410089448e-09,0
456,6.250753988704599e-08,1.1594313918775394e-06,1.2459660112954005e-08,0
457,1.9179450902266636e-07,1.1594313918775394e-06,1.740249097733363e-08,0
458,3.66005714273902e-07,1.1594313918775394e-06,1.801928572609803e-08,0
459,4.3660673063924654e-07,1.1594313918775394e-06,2.1151269360753448e-08,0
460,3.297368488295437e-07,1.1594313918775394e-06,2.6199151170456328e-08,0
461,1.600737122137825e-07,1.1594313918775394e-06,2.15242877862175e-08,0
462,5.0133599114470215e-08,1.1594313918775394e-06,1.181120088552979e-08,0
463,1.007028796506023e-08,1.1594313918775394e-06,4.69791203493977e-09,0
464,1.342150865959241e-09,1.1594313918775394e-06,1.2188791340407592e-09,0
465,1.562152760573713e-10,1.1594313918775394e-06,3.061017239426286e-10,0
466,5.832357089258479e-11,1.1594313918775394e-06,1.8539642910741522e-10,0
467,9.900435736870808e-11,1.1594313918775394e-06,2.1074664263129192e-10,0
468,5.798462677896024e-10,1.1594313918775394e-06,1.1336637322103977e-09,0
469,5.52798064155495e-09,1.1594313918775394e-06,5.96941935844505e-09,0
470,3.563614464802325e-08,1.1594313918775394e-06,1.8359055351976746e-08,0
471,1.4212551023287554e-07,1.1594313918775394e-06,2.869648976712445e-08,0
472,3.642270737705149e-07,1.1594313918775394e-06,2.914926229485094e-09,0
473,6.173113300247174e-07,1.1594313918775394e-06,-6.806733002471738e-08,0
474,6.882818725216033e-07,1.1594313918775394e-06,-9.84938725216033e-08,0
475,5.040633729357198e-07,1.1594313918775394e-06,-3.9968372935719815e-08,0
476,2.498704408552206e-07,1.1594313918775394e-06,1.7515559144779422e-08,0
477,8.78058063296925e-08,1.1594313918775394e-06,2.32251936703075e-08,0
478,2.2430116855439286e-08,1.1594313918775394e-06,1.0497083144560712e-08,0
479,3.988238500790549e-09,1.1594313918775394e-06,2.9437114992094515e-09,0
480,5.108622098444171e-13,1.1594313918775394e-06,6.753597790155583e-12,0
481,1.2625858430203104e-12,1.1594313918775394e-06,2.14424415697969e-12,0
482,4.388774044422268e-12,1.1594313918775394e-06,-2.5770640444222685e-12,0
483,8.684427456243371e-12,1.1594313918775394e-06,-4.450247456243371e-12,0
484,1.1564192670104471e-11,1.1594313918775394e-06,1.1473407329895528e-11,0
485,2.568389803331982e-11,1.1594313918775394e-06,1.3382810196668018e-10,0
486,2.130871501824296e-10,1.1594313918775394e-06,7.641618498175702e-10,0
487,1.7417947890962101e-09,1.1594313918775394e-06,2.310095210903789e-09,0
488,8.923539561770941e-09,1.1594313918775394e-06,2.8972604382290583e-09,0
489,2.6993387376617718e-08,1.1594313918775394e-06,-9.701873766177166e-10,0
490,4.679109697174993e-08,1.1594313918775394e-06,-5.982496971749932e-09,0
491,4.578131194254623e-08,1.1594313918775394e-06,-3.6362119425462333e-09,0
492,2.5423310771379255e-08,1.1594313918775394e-06,2.879989228620747e-09,0
493,8.189711582284061e-09,1.1594313918775394e-06,4.706388417715941e-09,0
494,1.5696774258769185e-09,1.1594313918775394e-06,2.7154725741230814e-09,0
495,1.831907544877696e-10,1.1594313918775394e-06,8.381192455122305e-10,0
496,1.3768693598566409e-11,1.1594313918775394e-06,1.391223064014336e-10,0
497,1.843499890917755e-12,1.1594313918775394e-06,1.7754200109082244e-11,0
498,2.9664797424235967e-12,1.1594313918775394e-06,1.2041320257576405e-11,0
499,8.315606384680659e-12,1.1594313918775394e-06,7.637849361531934e-11,0
500,9.37309400297937e-11,1.1594313918775394e-06,6.022270599702064e-10,0
501,9.30016180687011e-10,1.1594313918775394e-06,2.941693819312989e-09,0
502,5.322776828682264e-09,1.1594313918775394e-06,8.789423171317737e-09,1
503,1.8330168984813825e-08,1.1594313918775394e-06,1.5967931015186175e-08,0
504,4.093478753426488e-08,1.1594313918775394e-06,1.6112612465735126e-08,0
505,6.125330468233883e-08,1.1594313918775394e-06,5.6963953176611685e-09,0
506,5.978387448688071e-08,1.1594313918775394e-06,-2.4836744868807184e-09,0
507,3.6742515913570265e-08,1.1594313918775394e-06,-7.304159135702677e-10,0
508,1.3979464482960334e-08,1.1594313918775394e-06,2.1392355170396666e-09,0
509,3.3000767454543797e-09,1.1594313918775394e-06,1.776843254545621e-09,0
510,5.028525732424966e-10,1.1594313918775394e-06,6.803074267575035e-10,0
511,5.2086469067126154e-11,1.1594313918775394e-06,1.5516353093287384e-10,0
512,2.8475131182247866e-11,1.1594313918775394e-06,-2.5333181182247866e-11,1
513,1.5715323402723915e-10,1.1594313918775394e-06,-1.4027753402723915e-10,1
514,4.4022334142776765e-10,1.1594313918775394e-06,-3.8295654142776764e-10,1
515,7.093394424988402e-10,1.1594313918775394e-06,-5.705914424988402e-10,1
516,8.104078390004211e-10,1.1594313918775394e-06,-5.484148390004211e-10,1
517,7.869117375702621e-10,1.1594313918775394e-06,-3.0605973757026216e-10,0
518,8.88126703323008e-10,1.1594313918775394e-06,6.120432966769922e-10,0
519,1.5195125950022391e-09,1.1594313918775394e-06,3.3475274049977602e-09,0
520,2.7363083431563277e-09,1.1594313918775394e-06,7.146731656843673e-09,0
521,4.820117929349906e-09,1.1594313918775394e-06,8.010382070650095e-09,0
522,6.315428421477778e-09,1.1594313918775394e-06,4.813871578522221e-09,0
523,4.610107364833715e-09,1.1594313918775394e-06,1.678712635166285e-09,0
524,1.7149667938061445e-09,1.1594313918775394e-06,8.312732061938552e-10,0
525,3.2397086290424367e-10,1.1594313918775394e-06,6.386141370957562e-10,0
526,3.266164362234871e-11,1.1594313918775394e-06,3.033963563776513e-10,0
527,7.528583238283366e-12,1.1594313918775394e-06,9.543841676171665e-11,0
528,3.8651743744049434e-11,1.1594313918775394e-06,8.212725625595055e-11,0
529,1.4012879452404725e-10,1.1594313918775394e-06,1.2636320547595274e-10,0
530,2.51833014588484e-10,1.1594313918775394e-06,2.3001498541151604e-10,0
531,2.4339040724157144e-10,1.1594313918775394e-06,1.1209695927584287e-09,0
532,2.0688065957031496e-10,1.1594313918775394e-06,4.521619340429685e-09,0
533,3.4186414811364225e-10,1.1594313918775394e-06,1.0657535851886358e-08,0
534,7.607308874209964e-10,1.1594313918775394e-06,1.5419769112579004e-08,1
535,1.4374242432176472e-09,1.1594313918775394e-06,1.6031475756782353e-08,1
536,2.2471474011193454e-09,1.1594313918775394e-06,1.3305352598880655e-08,1
537,2.7548136817578645e-09,1.1594313918775394e-06,8.592286318242137e-09,1
538,2.2785152451094396e-09,1.1594313918775394e-06,4.08663475489056e-09,0
539,1.1430517392392174e-09,1.1594313918775394e-06,1.3795682607607823e-09,0
540,3.2772270436036365e-10,1.1594313918775394e-06,3.6666729563963636e-10,0
541,5.174732470219055e-11,1.1594313918775394e-06,9.161267529780946e-11,0
542,4.503621530529765e-12,1.1594313918775394e-06,2.0982678469470237e-11,0
543,2.383976579780415e-13,1.1594313918775394e-06,4.6805523420219585e-12,0
544,1.163635268648733e-09,1.1594313918775394e-06,-8.718612686487331e-10,1
545,4.806602460359557e-09,1.1594313918775394e-06,-3.710662460359557e-09,1
546,1.0805720294698344e-08,1.1594313918775394e-06,-8.133650294698344e-09,1
547,1.5167170067180242e-08,1.1594313918775394e-06,-1.0653980067180242e-08,1
548,1.534425943356997e-08,1.1594313918775394e-06,-9.972059433569968e-09,1
549,1.244378962903164e-08,1.1594313918775394e-06,-7.2726696290316404e-09,1
550,1.1094441497511283e-08,1.1594313918775394e-06,-4.241411497511283e-09,0
551,1.1775174377846936e-08,1.1594313918775394e-06,7.057256221530632e-10,0
552,8.42432643649597e-09,1.1594313918775394e-06,8.636873563504031e-09,0
553,3.200651916565312e-09,1.1594313918775394e-06,1.1857448083434688e-08,0
554,7.807227847525828e-10,1.1594313918775394e-06,7.755697215247416e-09,0
555,1.939974198883592e-10,1.1594313918775394e-06,2.847712580111641e-09,0
556,4.382839428241813e-11,1.1594313918775394e-06,7.241016057175818e-10,0
557,2.850250586090242e-11,1.1594313918775394e-06,3.5954449413909756e-10,0
558,1.300829121593992e-10,1.1594313918775394e-06,5.951940878406007e-10,0
559,5.771829936220697e-10,1.1594313918775394e-06,1.4357370063779303e-09,0
560,2.165422043645552e-09,1.1594313918775394e-06,2.7705579563544475e-09,0
561,5.2342171782365585e-09,1.1594313918775394e-06,3.5880228217634415e-09,0
562,7.567392902988817e-09,1.1594313918775394e-06,7.231407097011181e-09,0
563,8.467439969246009e-09,1.1594313918775394e-06,2.3624760030753997e-08,1
564,1.0248863402513867e-08,1.1594313918775394e-06,5.451103659748613e-08,1
565,1.2791398534579672e-08,1.1594313918775394e-06,7.447370146542034e-08,1
566,1.3143331551351606e-08,1.1594313918775394e-06,6.214616844864838e-08,1
567,8.6574669787546e-09,1.1594313918775394e-06,3.890783302124541e-08,1
568,3.167989235656469e-09,1.1594313918775394e-06,2.3499410764343535e-08,1
569,6.696820187962468e-10,1.1594313918775394e-06,1.3548017981203752e-08,0
570,1.134591960991689e-10,1.1594313918775394e-06,6.464560803900831e-09,0
571,2.27756133839692e-11,1.1594313918775394e-06,2.478664386616031e-09,0
572,4.112264185541645e-12,1.1594313918775394e-06,8.184887358144585e-10,0
573,5.786294735539534e-13,1.1594313918775394e-06,2.5624037052644605e-10,0
574,1.0578117012040045e-12,1.1594313918775394e-06,1.5948018829879595e-10,0
575,3.802339040808148e-12,1.1594313918775394e-06,1.6172166095919185e-10,0
576,1.6832318514899748e-08,1.1594313918775394e-06,-9.837698514899748e-09,1
577,5.6660594686576554e-08,1.1594313918775394e-06,-3.557159468657655e-08,1
578,1.0873662702417043e-07,1.1594313918775394e-06,-6.680042702417043e-08,1
579,1.3096953452119847e-07,1.1594313918775394e-06,-7.395493452119847e-08,1
580,1.1063462844552636e-07,1.1594313918775394e-06,-5.618702844552636e-08,1
581,7.504104753764219e-08,1.1594313918775394e-06,-3.357234753764219e-08,1
582,4.9591619907904466e-08,1.1594313918775394e-06,-1.6607819907904465e-08,0
583,3.0472134767083016e-08,1.1594313918775394e-06,1.196665232916984e-09,0
584,1.2471490018242094e-08,1.1594313918775394e-06,1.674210998175791e-08,0
585,2.7440343891277587e-09,1.1594313918775394e-06,1.8696865610872242e-08,0
586,3.0353022478330216e-10,1.1594313918775394e-06,1.1908369775216698e-08,0
587,4.087237122980845e-11,1.1594313918775394e-06,6.101897628770192e-09,0
588,2.815793733112049e-10,1.1594313918775394e-06,4.679190626688796e-09,0
589,1.8350772146667648e-09,1.1594313918775394e-06,6.949242785333235e-09,0
590,7.4322916496724384e-09,1.1594313918775394e-06,1.3245308350327562e-08,0
591,2.230456583871433e-08,1.1594313918775394e-06,2.4793234161285675e-08,0
592,5.2802534466343674e-08,1.1594313918775394e-06,3.562896553365632e-08,0
593,9.212513363139002e-08,1.1594313918775394e-06,4.6410866368609966e-08,0
594,1.2791078531433514e-07,1.1594313918775394e-06,9.519421468566487e-08,0
595,1.6632406954487315e-07,1.1594313918775394e-06,2.1326293045512685e-07,1
596,1.9369887949950907e-07,1.1594313918775394e-06,3.2757612050049084e-07,0
597,1.8489348578122095e-07,1.1594313918775394e-06,3.03367514218779e-07,0
598,1.3470099312674544e-07,1.1594313918775394e-06,1.7319500687325455e-07,0
599,6.628655291272414e-08,1.1594313918775394e-06,8.139944708727585e-08,0
600,2.1273796346545475e-08,1.1594313918775394e-06,4.733020365345452e-08,0
601,5.131515043836791e-09,1.1594313918775394e-06,3.0296484956163214e-08,0
602,1.1745404281152586e-09,1.1594313918775394e-06,1.770605957188474e-08,0
603,2.578963840351184e-10,1.1594313918775394e-06,8.973863615964881e-09,0
604,4.2132892100851976e-11,1.1594313918775394e-06,4.043457107899148e-09,0
605,2.9745898538509485e-11,1.1594313918775394e-06,2.9246841014614908e-09,0
606,1.4592445333471432e-10,1.1594313918775394e-06,3.929495546665286e-09,0
607,3.826086574420557e-10,1.1594313918775394e-06,4.118301342557944e-09,0
608,1.4736523394064514e-07,1.1594313918775394e-06,-6.502943394064515e-08,1
609,4.052293469273079e-07,1.1594313918775394e-06,-1.8585934692730788e-07,1
610,6.473413047837236e-07,1.1594313918775394e-06,-2.7151930478372364e-07,1
611,6.595965850935532e-07,1.1594313918775394e-06,-2.2599458509355324e-07,1
612,4.849048045564316e-07,1.1594313918775394e-06,-1.267368045564316e-07,0
613,2.889408313692697e-07,1.1594313918775394e-06,-5.4356831369269715e-08,0
614,1.3979955225399867e-07,1.1594313918775394e-06,-5.775522539986678e-10,0
615,4.757375039402916e-08,1.1594313918775394e-06,3.762354960597085e-08,0
616,1.0111097608982022e-08,1.1594313918775394e-06,4.424330239101798e-08,0
617,1.3949962713697079e-09,1.1594313918775394e-06,3.3924903728630294e-08,0
618,2.2426817715475248e-10,1.1594313918775394e-06,2.7837531822845247e-08,0
619,1.1043233143205794e-09,1.1594313918775394e-06,3.4224876685679415e-08,0
620,8.848821323869421e-09,1.1594313918775394e-06,5.5423878676130585e-08,0
621,4.468083214333616e-08,1.1594313918775394e-06,8.951916785666384e-08,1
622,1.5058080192248154e-07,1.1594313918775394e-06,1.2382419807751846e-07,0
623,3.628461746738645e-07,1.1594313918775394e-06,1.400668253261355e-07,0
624,6.461553495972607e-07,1.1594313918775394e-06,1.5234665040273932e-07,0
625,8.960611512053827e-07,1.1594313918775394e-06,2.5246884879461716e-07,0
626,1.1160480686536323e-06,1.1594313918775394e-06,5.189419313463676e-07,0
627,1.3183862855864372e-06,1.1594313918775394e-06,8.235537144135628e-07,0
628,1.339367725369583e-06,1.1594313918775394e-06,8.217022746304169e-07,0
629,1.0848031516212458e-06,1.1594313918775394e-06,4.3577684837875417e-07,0
630,6.541825044176572e-07,1.1594313918775394e-06,1.0994549558234285e-07,0
631,2.813720470133578e-07,1.1594313918775394e-06,5.341895298664221e-08,0
632,9.15019202477602e-08,1.1594313918775394e-06,7.776907975223978e-08,0
633,2.588569629801803e-08,1.1594313918775394e-06,7.657830370198197e-08,0
634,6.869975008637153e-09,1.1594313918775394e-06,5.7050824991362844e-08,0
635,1.413596823454333e-09,1.1594313918775394e-06,3.560800317654566e-08,0
636,3.1187913166700423e-10,1.1594313918775394e-06,2.6338520868332998e-08,0
637,1.1523688888237267e-09,1.1594313918775394e-06,3.622953111117628e-08,0
638,4.479828859531001e-09,1.1594313918775394e-06,5.2900571140468996e-08,0
639,8.639275303809442e-09,1.1594313918775394e-06,5.135142469619055e-08,0
640,6.241728890291097e-07,1.1594313918775394e-06,-7.896088902910967e-08,0
641,1.4015248088305286e-06,1.1594313918775394e-06,-1.701648088305284e-07,0
642,1.9114512693148608e-06,1.1594313918775394e-06,-1.5009126931486082e-07,0
643,1.731409062923938e-06,1.1594313918775394e-06,-2.2519062923937932e-08,0
644,1.1496422879799525e-06,1.1594313918775394e-06,6.318771202004735e-08,0
645,5.898647389056676e-07,1.1594313918775394e-06,9.733526109433238e-08,0
646,2.2157438068884674e-07,1.1594313918775394e-06,1.2323661931115327e-07,0
647,5.8060648828810655e-08,1.1594313918775394e-06,1.1414835117118936e-07,0
648,1.2542803524297536e-08,1.1594313918775394e-06,8.515729647570248e-08,0
649,2.765965826787548e-09,1.1594313918775394e-06,7.865663417321245e-08,0
650,3.335457340634368e-09,1.1594313918775394e-06,1.2349554265936564e-07,0
651,2.3690029702538803e-08,1.1594313918775394e-06,2.398559702974612e-07,0
652,1.2783508609407545e-07,1.1594313918775394e-06,4.135679139059245e-07,1
653,4.835956203396826e-07,1.1594313918775394e-06,5.521043796603173e-07,1
654,1.2981201466525084e-06,1.1594313918775394e-06,5.063998533474916e-07,0
655,2.495562729820068e-06,1.1594313918775394e-06,3.3077727017993203e-07,0
656,3.523616808369139e-06,1.1594313918775394e-06,4.04973191630861e-07,0
657,4.007882203251332e-06,1.1594313918775394e-06,9.051077967486686e-07,0
658,4.286846123056181e-06,1.1594313918775394e-06,1.3878338769438193e-06,0
659,4.437588412077241e-06,1.1594313918775394e-06,1.2682315879227589e-06,0
660,4.019834315241152e-06,1.1594313918775394e-06,4.138056847588484e-07,0
661,2.8906784332060663e-06,1.1594313918775394e-06,-3.862284332060665e-07,0
662,1.5443935076159774e-06,1.1594313918775394e-06,-4.1609350761597737e-07,0
663,6.233531464812792e-07,1.1594313918775394e-06,-7.48251464812791e-08,0
664,2.09568633260224e-07,1.1594313918775394e-06,1.3926336673977605e-07,0
665,6.236455927244617e-08,1.1594313918775394e-06,1.9263944072755383e-07,0
666,1.4702934714236008e-08,1.1594313918775394e-06,1.71921065285764e-07,0
667,2.668950361384579e-09,1.1594313918775394e-06,1.402970496386154e-07,0
668,3.5014407666964786e-09,1.1594313918775394e-06,1.679975592333035e-07,1
669,1.5875919478663596e-08,1.1594313918775394e-06,2.803710805213364e-07,0
670,4.386934592448251e-08,1.1594313918775394e-06,3.708076540755175e-07,0
671,6.454049254747439e-08,1.1594313918775394e-06,3.023065074525256e-07,0
672,1.2674486025131826e-06,1.1594313918775394e-06,4.3189139748681765e-07,0
673,2.4033168948585967e-06,1.1594313918775394e-06,8.123831051414033e-07,0
674,2.936993578788004e-06,1.1594313918775394e-06,9.517664212119958e-07,0
675,2.5304579693995116e-06,1.1594313918775394e-06,7.317320306004884e-07,0
676,1.6175469277543231e-06,1.1594313918775394e-06,4.2565307224567664e-07,0
677,7.506677672245522e-07,1.1594313918775394e-06,2.8538223277544784e-07,0
678,2.4896086790735746e-07,1.1594313918775394e-06,2.196151320926425e-07,0
679,6.697522099973653e-08,1.1594313918775394e-06,1.5284777900026347e-07,0
680,1.7368308934316694e-08,1.1594313918775394e-06,1.3498169106568328e-07,0
681,1.0495517090000043e-08,1.1594313918775394e-06,2.1601748290999994e-07,0
682,4.7471819250893695e-08,1.1594313918775394e-06,4.569841807491062e-07,1
683,2.298373285056684e-07,1.1594313918775394e-06,8.695426714943315e-07,1
684,8.438002046559176e-07,1.1594313918775394e-06,1.3137197953440827e-06,1
685,2.352693519685706e-06,1.1594313918775394e-06,1.438776480314294e-06,1
686,4.973592162968319e-06,1.1594313918775394e-06,9.888878370316814e-07,0
687,7.766388773386964e-06,1.1594313918775394e-06,5.588712266130362e-07,0
688,9.02263804248506e-06,1.1594313918775394e-06,1.0333619575149402e-06,0
689,8.678057903842139e-06,1.1594313918775394e-06,1.8140420961578617e-06,0
690,8.005420305799581e-06,1.1594313918775394e-06,1.6448496942004181e-06,1
691,7.163029009634233e-06,1.1594313918775394e-06,4.0558099036576815e-07,0
692,5.7050305667869924e-06,1.1594313918775394e-06,-1.0216505667869922e-06,0
693,3.710655507954748e-06,1.1594313918775394e-06,-1.437675507954748e-06,1
694,1.9175214227483607e-06,1.1594313918775394e-06,-8.591714227483607e-07,1
695,8.400939749073763e-07,1.1594313918775394e-06,-1.8233297490737632e-07,0
696,3.197378767268964e-07,1.1594313918775394e-06,2.1259512327310362e-07,0
697,9.305996099650347e-08,1.1594313918775394e-06,3.6962603900349654e-07,0
698,2.0343788036495442e-08,1.1594313918775394e-06,3.7839921196350453e-07,0
699,1.3357446051960454e-08,1.1594313918775394e-06,3.938975539480395e-07,0
700,3.792113939173485e-08,1.1594313918775394e-06,6.082148606082652e-07,1
701,1.097937666080841e-07,1.1594313918775394e-06,9.68026233391916e-07,0
702,2.1646023429265208e-07,1.1594313918775394e-06,1.0721697657073479e-06,0
703,2.465655761617795e-07,1.1594313918775394e-06,7.233964238382206e-07,1
704,1.4891776615339262e-06,1.1594313918775394e-06,9.203123384660739e-07,1
705,2.6016212136342066e-06,1.1594313918775394e-06,1.3522387863657927e-06,1
706,3.170099991312345e-06,1.1594313918775394e-06,1.1124400086876552e-06,0
707,2.81844786351861e-06,1.1594313918775394e-06,5.125921364813902e-07,0
708,1.783322946429509e-06,1.1594313918775394e-06,1.9132705357049126e-07,0
709,7.901881080508594e-07,1.1594313918775394e-06,1.5454289194914066e-07,0
710,2.6000757705397035e-07,1.1594313918775394e-06,1.4562942294602964e-07,0
711,7.102124323488989e-08,1.1594313918775394e-06,1.4053075676511014e-07,0
712,2.8786827944044107e-08,1.1594313918775394e-06,1.962131720559559e-07,0
713,7.049530296831722e-08,1.1594313918775394e-06,3.892846970316828e-07,0
714,2.579084411337665e-07,1.1594313918775394e-06,7.904415588662333e-07,1
715,8.407956035388368e-07,1.1594313918775394e-06,1.341704396461163e-06,1
716,2.306212293611798e-06,1.1594313918775394e-06,1.7280677063882028e-06,1
717,5.1960404332035695e-06,1.1594313918775394e-06,1.4712195667964317e-06,1
718,9.279168321236163e-06,1.1594313918775394e-06,6.582716787638358e-07,0
719,1.2460177047015075e-05,1.1594313918775394e-06,4.0672295298492493e-07,0
720,1.2642607180940966e-05,1.1594313918775394e-06,1.1292928190590346e-06,0
721,1.0656762091557467e-05,1.1594313918775394e-06,1.5407379084425326e-06,0
722,8.287929768884581e-06,1.1594313918775394e-06,9.272802311154188e-07,1
723,6.148929838534861e-06,1.1594313918775394e-06,-3.014598385348613e-07,0
724,4.2831073340861604e-06,1.1594313918775394e-06,-1.2984873340861606e-06,1
725,2.687684528540056e-06,1.1594313918775394e-06,-1.3775645285400557e-06,1
726,1.5088806966298314e-06,1.1594313918775394e-06,-8.231356966298314e-07,1
727,7.417301754757091e-07,1.1594313918775394e-06,-1.8939917547570907e-07,0
728,2.861687895088187e-07,1.1594313918775394e-06,2.568802104911813e-07,0
729,8.920104256858317e-08,1.1594313918775394e-06,4.4543195743141685e-07,0
730,5.244345986147786e-08,1.1594313918775394e-06,4.818185401385222e-07,0
731,7.946744756080773e-08,1.1594313918775394e-06,6.165735524391923e-07,1
732,1.5746360290512858e-07,1.1594313918775394e-06,1.0081763970948713e-06,1
733,3.1937442296901764e-07,1.1594313918775394e-06,1.3836355770309823e-06,1
734,4.822284224801585e-07,1.1594313918775394e-06,1.2819115775198418e-06,1
735,4.422567552476632e-07,1.1594313918775394e-06,7.398032447523368e-07,1
736,1.3473346073555388e-06,1.1594313918775394e-06,4.4625539264446125e-07,0
737,2.4761453485330608e-06,1.1594313918775394e-06,2.5343465146693877e-07,0
738,3.180114692168382e-06,1.1594313918775394e-06,-3.04704692168382e-07,0
739,2.85463573650797e-06,1.1594313918775394e-06,-6.098257365079702e-07,0
740,1.7883731267400055e-06,1.1594313918775394e-06,-4.5737312674000545e-07,0
741,7.963853699573032e-07,1.1594313918775394e-06,-1.728653699573032e-07,0
742,2.600471149648122e-07,1.1594313918775394e-06,1.561688503518782e-08,0
743,7.837837655387506e-08,1.1594313918775394e-06,9.854062344612494e-08,0
744,7.604571455830897e-08,1.1594313918775394e-06,1.6276928544169102e-07,0
745,1.9907842752195024e-07,1.1594313918775394e-06,2.963365724780497e-07,0
746,5.212117733263829e-07,1.1594313918775394e-06,5.492882266736171e-07,1
747,1.2950932360056854e-06,1.1594313918775394e-06,8.375367639943147e-07,1
748,2.985058021687183e-06,1.1594313918775394e-06,8.641119783128168e-07,1
749,6.042871685077237e-06,1.1594313918775394e-06,4.55648314922762e-07,0
750,1.0018236252696297e-05,1.1594313918775394e-06,-7.516625269629551e-08,0
751,1.2686704767633178e-05,1.1594313918775394e-06,-2.2230476763317704e-07,0
752,1.2018671238691828e-05,1.1594313918775394e-06,4.7428761308171974e-08,0
753,8.842543662809219e-06,1.1594313918775394e-06,3.9842633719078104e-07,0
754,5.4862350256747596e-06,1.1594313918775394e-06,4.1380497432524096e-07,0
755,3.2315388011154624e-06,1.1594313918775394e-06,-1.0159880111546224e-07,0
756,2.011468183023664e-06,1.1594313918775394e-06,-6.640781830236641e-07,1
757,1.3326060732194945e-06,1.1594313918775394e-06,-7.913270732194945e-07,1
758,8.45590008313507e-07,1.1594313918775394e-06,-5.24719008313507e-07,1
759,4.416933309642599e-07,1.1594313918775394e-06,-1.272683309642599e-07,0
760,1.927257257302671e-07,1.1594313918775394e-06,1.612142742697329e-07,0
761,1.1278972096274278e-07,1.1594313918775394e-06,2.856832790372572e-07,0
762,1.1459019358799472e-07,1.1594313918775394e-06,3.684668064120053e-07,0
763,1.52722726448317e-07,1.1594313918775394e-06,5.62613273551683e-07,1
764,2.6134231655210033e-07,1.1594313918775394e-06,8.579176834478996e-07,1
765,4.5792002745143654e-07,1.1594313918775394e-06,9.890699725485632e-07,1
766,5.905042047145773e-07,1.1594313918775394e-06,7.718257952854227e-07,1
767,4.7432607029012024e-07,1.1594313918775394e-06,3.7780192970987975e-07,0
768,1.273476310108474e-06,1.1594313918775394e-06,-3.03530310108474e-07,0
769,2.2789062455401474e-06,1.1594313918775394e-06,-7.860162455401475e-07,0
770,2.791253180995354e-06,1.1594313918775394e-06,-1.1752431809953543e-06,1
771,2.426992328564557e-06,1.1594313918775394e-06,-1.1445023285645572e-06,1
772,1.5045893470236453e-06,1.1594313918775394e-06,-7.449213470236452e-07,1
773,6.536915494941967e-07,1.1594313918775394e-06,-2.912635494941967e-07,0
774,2.131843738924904e-07,1.1594313918775394e-06,-3.9770373892490394e-08,0
775,8.865496855070274e-08,1.1594313918775394e-06,3.1121031449297256e-08,0
776,1.0426401705666274e-07,1.1594313918775394e-06,4.737398294333726e-08,0
777,2.1207490963046794e-07,1.1594313918775394e-06,6.717109036953207e-08,0
778,4.6402188483922823e-07,1.1594313918775394e-06,1.1198811516077181e-07,0
779,1.040431977891021e-06,1.1594313918775394e-06,1.4364802210897896e-07,0
780,2.304487104528093e-06,1.1594313918775394e-06,8.456289547190723e-08,0
781,4.69111937530757e-06,1.1594313918775394e-06,-1.3687937530756926e-07,0
782,7.771734654995117e-06,1.1594313918775394e-06,-5.755546549951164e-07,0
783,9.419134906941948e-06,1.1594313918775394e-06,-9.72874906941947e-07,0
784,8.072302046516286e-06,1.1594313918775394e-06,-8.555720465162856e-07,0
785,5.0703747739662686e-06,1.1594313918775394e-06,-3.2058477396626774e-07,0
786,2.5496668450347117e-06,1.1594313918775394e-06,3.142315496528865e-08,0
787,1.217144656520659e-06,1.1594313918775394e-06,-4.606465652065906e-08,0
788,7.189780689571164e-07,1.1594313918775394e-06,-2.720860689571164e-07,1
789,5.364639712500522e-07,1.1594313918775394e-06,-3.570349712500522e-07,1
790,3.795460177001811e-07,1.1594313918775394e-06,-2.564690177001811e-07,1
791,2.171285329797696e-07,1.1594313918775394e-06,-8.40185329797696e-08,0
792,1.1969380456522635e-07,1.1594313918775394e-06,4.7059195434773665e-08,0
793,8.195683755031482e-08,1.1594313918775394e-06,1.424651624496852e-07,0
794,8.502439354238813e-08,1.1594313918775394e-06,2.3922660645761185e-07,0
795,1.6694050920706375e-07,1.1594313918775394e-06,3.341854907929363e-07,0
796,3.889333911971419e-07,1.1594313918775394e-06,3.439356088028581e-07,0
797,6.864945265962764e-07,1.1594313918775394e-06,1.9240547340372354e-07,0
798,8.014103226204055e-07,1.1594313918775394e-06,-9.83632262040551e-09,0
799,5.814405321295943e-07,1.1594313918775394e-06,-9.654153212959428e-08,0
800,9.919487538745936e-07,1.1594313918775394e-06,-3.7916175387459357e-07,0
801,1.6309400576443262e-06,1.1594313918775394e-06,-6.646680576443261e-07,1
802,1.8721052075007718e-06,1.1594313918775394e-06,-8.410452075007717e-07,1
803,1.5436057426675924e-06,1.1594313918775394e-06,-7.635927426675924e-07,1
804,8.97581996161657e-07,1.1594313918775394e-06,-4.6155599616165697e-07,1
805,3.795269651315174e-07,1.1594313918775394e-06,-1.823269651315174e-07,1
806,1.5762124200633195e-07,1.1594313918775394e-06,-6.461114200633195e-08,0
807,1.049977533982413e-07,1.1594313918775394e-06,-3.831015339824129e-08,0
808,1.0600034607943923e-07,1.1594313918775394e-06,-3.037354607943922e-08,0
809,1.4607910264899142e-07,1.1594313918775394e-06,-2.7102102648991416e-08,0
810,2.838003437984935e-07,1.1594313918775394e-06,-4.2971343798493534e-08,0
811,6.438854044902197e-07,1.1594313918775394e-06,-8.855640449021971e-08,0
812,1.4639070695662104e-06,1.1594313918775394e-06,-1.738970695662104e-07,0
813,2.9816208157451643e-06,1.1594313918775394e-06,-4.1416081574516457e-07,0
814,4.695231889678899e-06,1.1594313918775394e-06,-9.014218896788991e-07,1
815,5.256691501563057e-06,1.1594313918775394e-06,-1.3357715015630574e-06,1
816,4.147423496958222e-06,1.1594313918775394e-06,-1.2583134969582222e-06,1
817,2.3665186950632677e-06,1.1594313918775394e-06,-7.247586950632679e-07,1
818,1.0306143118101543e-06,1.1594313918775394e-06,-2.4322831181015425e-07,0
819,4.047314880379916e-07,1.1594313918775394e-06,-6.934748803799156e-08,0
820,2.0257687534963032e-07,1.1594313918775394e-06,-6.510187534963031e-08,0
821,1.375546473365288e-07,1.1594313918775394e-06,-6.893004733652879e-08,0
822,9.689512405278133e-08,1.1594313918775394e-06,-4.534082405278133e-08,0
823,6.529589418993082e-08,1.1594313918775394e-06,-1.2598994189930824e-08,0
824,4.2430157303148245e-08,1.1594313918775394e-06,2.4647642696851758e-08,0
825,3.277044816029665e-08,1.1594313918775394e-06,7.118455183970336e-08,0
826,8.096754799362439e-08,1.1594313918775394e-06,8.804345200637562e-08,0
827,2.66607733803761e-07,1.1594313918775394e-06,2.0266196238986773e-11,0
828,6.181123234710741e-07,1.1594313918775394e-06,-2.332903234710741e-07,0
829,9.753563530703306e-07,1.1594313918775394e-06,-5.073123530703306e-07,1
830,1.0357471057711693e-06,1.1594313918775394e-06,-5.903151057711692e-07,1
831,7.084903519344426e-07,1.1594313918775394e-06,-4.1202135193444265e-07,1
832,6.866337769838143e-07,1.1594313918775394e-06,-1.6810777698381423e-07,0
833,1.0525083641050163e-06,1.1594313918775394e-06,-2.5753636410501626e-07,0
834,1.1088528370986505e-06,1.1594313918775394e-06,-3.1582483709865054e-07,0
835,8.224360162677419e-07,1.1594313918775394e-06,-2.825380162677418e-07,0
836,4.4424039136775037e-07,1.1594313918775394e-06,-1.8111839136775038e-07,1
837,2.1516419770858775e-07,1.1594313918775394e-06,-1.1318219770858776e-07,1
838,1.535533184393029e-07,1.1594313918775394e-06,-1.104815184393029e-07,1
839,1.549647720165731e-07,1.1594313918775394e-06,-1.247842720165731e-07,1
840,1.4163468787168514e-07,1.1594313918775394e-06,-1.0652758787168515e-07,1
841,1.1692595234732203e-07,1.1594313918775394e-06,-5.862565234732202e-08,1
842,1.563266093835199e-07,1.1594313918775394e-06,-3.520460938351991e-08,0
843,3.5769056360981274e-07,1.1594313918775394e-06,-6.780356360981271e-08,0
844,8.632203439319506e-07,1.1594313918775394e-06,-1.974603439319507e-07,0
845,1.7563514063164997e-06,1.1594313918775394e-06,-5.613714063164999e-07,1
846,2.72444457908891e-06,1.1594313918775394e-06,-1.2177745790889099e-06,1
847,3.036255863091135e-06,1.1594313918775394e-06,-1.719395863091135e-06,1
848,2.3475023656393587e-06,1.1594313918775394e-06,-1.4985123656393587e-06,1
849,1.2598891483991831e-06,1.1594313918775394e-06,-8.079361483991831e-07,1
850,4.897503893264417e-07,1.1594313918775394e-06,-2.6682138932644175e-07,1
851,1.5297033087585285e-07,1.1594313918775394e-06,-4.1812330875852856e-08,0
852,4.72767327797513e-08,1.1594313918775394e-06,1.1575867220248694e-08,0
853,1.978581878302569e-08,1.1594313918775394e-06,1.504878121697431e-08,0
854,1.639836968359616e-08,1.1594313918775394e-06,9.002730316403838e-09,0
855,1.771161557551183e-08,1.1594313918775394e-06,5.612284424488171e-09,0
856,1.5635130513672744e-08,1.1594313918775394e-06,1.4963369486327257e-08,0
857,2.6343339492768318e-08,1.1594313918775394e-06,2.312136050723168e-08,0
858,9.67411381435814e-08,1.1594313918775394e-06,-1.7798238143581403e-08,0
859,2.960569984744257e-07,1.1594313918775394e-06,-1.663469984744257e-07,1
860,6.600145641760931e-07,1.1594313918775394e-06,-4.532075641760931e-07,1
861,1.081701038694655e-06,1.1594313918775394e-06,-7.93209038694655e-07,1
862,1.2408499131212491e-06,1.1594313918775394e-06,-9.259339131212492e-07,1
863,9.15722827768104e-07,1.1594313918775394e-06,-6.827348277681039e-07,1
864,6.420066349610336e-07,1.1594313918775394e-06,-1.638496349610336e-07,0
865,8.853252678954642e-07,1.1594313918775394e-06,-1.9424226789546416e-07,0
866,7.712279323103248e-07,1.1594313918775394e-06,-1.3576293231032485e-07,0
867,4.608906177338874e-07,1.1594313918775394e-06,-6.551061773388742e-08,0
868,2.149938808575028e-07,1.1594313918775394e-06,-3.4411880857502796e-08,0
869,1.1379461378520463e-07,1.1594313918775394e-06,-4.383361378520463e-08,0
870,1.1554634239200424e-07,1.1594313918775394e-06,-8.646174239200424e-08,1
871,1.378095449933354e-07,1.1594313918775394e-06,-1.200975449933354e-07,1
872,1.1787528461895573e-07,1.1594313918775394e-06,-9.709298461895574e-08,1
873,8.010408650226744e-08,1.1594313918775394e-06,-4.2787586502267436e-08,0
874,1.0465193351534855e-07,1.1594313918775394e-06,-2.090773351534857e-08,0
875,2.715962543204951e-07,1.1594313918775394e-06,-6.443925432049515e-08,0
876,6.615668656495116e-07,1.1594313918775394e-06,-2.349688656495116e-07,0
877,1.310446337542824e-06,1.1594313918775394e-06,-6.96327337542824e-07,1
878,1.985379102734925e-06,1.1594313918775394e-06,-1.387143102734925e-06,1
879,2.133431263711025e-06,1.1594313918775394e-06,-1.710768263711025e-06,1
880,1.5465276906893463e-06,1.1594313918775394e-06,-1.2954056906893463e-06,1
881,7.507713540772481e-07,1.1594313918775394e-06,-6.056713540772481e-07,1
882,2.5035803731754487e-07,1.1594313918775394e-06,-1.647181373175449e-07,1
883,6.008846974763036e-08,1.1594313918775394e-06,-8.19526974763036e-09,0
884,1.1259507111044054e-08,1.1594313918775394e-06,1.9798192888955948e-08,0
885,2.5366867300486407e-09,1.1594313918775394e-06,1.6070913269951357e-08,0
886,2.5811768685303224e-09,1.1594313918775394e-06,1.1669223131469676e-08,0
887,4.38134035448791e-09,1.1594313918775394e-06,1.4167059645512089e-08,0
888,1.0594618707631462e-08,1.1594313918775394e-06,1.885108129236854e-08,0
889,2.9616842522213847e-08,1.1594313918775394e-06,1.0568157477786159e-08,0
890,8.276706254941963e-08,1.1594313918775394e-06,-2.7068962549419633e-08,0
891,2.455031236220403e-07,1.1594313918775394e-06,-1.4650402362204033e-07,1
892,6.419251518044381e-07,1.1594313918775394e-06,-4.566081518044381e-07,1
893,1.222395548029483e-06,1.1594313918775394e-06,-9.341865480294829e-07,1
894,1.5113360058780997e-06,1.1594313918775394e-06,-1.1813300058780997e-06,1
895,1.1346157001196562e-06,1.1594313918775394e-06,-8.826917001196562e-07,1
896,7.351886445921094e-07,1.1594313918775394e-06,-2.8809164459210945e-07,0
897,8.792776798434769e-07,1.1594313918775394e-06,-2.4911067984347696e-07,0
898,6.164433759337159e-07,1.1594313918775394e-06,-4.226837593371592e-08,0
899,2.892447038810453e-07,1.1594313918775394e-06,7.706329611895468e-08,0
900,1.1139778279149136e-07,1.1594313918775394e-06,6.602721720850863e-08,0
901,5.1607199045164406e-08,1.1594313918775394e-06,2.097750095483559e-08,0
902,5.0102259031318045e-08,1.1594313918775394e-06,-2.1210659031318045e-08,0
903,5.5948594449525523e-08,1.1594313918775394e-06,-4.0625794449525523e-08,1
904,5.0557512762269737e-08,1.1594313918775394e-06,-3.531931276226973e-08,1
905,5.651280205385077e-08,1.1594313918775394e-06,-2.9264302053850768e-08,1
906,1.1287993145892241e-07,1.1594313918775394e-06,-3.435323145892242e-08,0
907,2.778544224081676e-07,1.1594313918775394e-06,-6.341342240816764e-08,0
908,6.354040006533573e-07,1.1594313918775394e-06,-2.4287100065335725e-07,0
909,1.1737627228491077e-06,1.1594313918775394e-06,-7.303657228491077e-07,0
910,1.5734172312967281e-06,1.1594313918775394e-06,-1.2523322312967281e-06,1
911,1.4446661093025596e-06,1.1594313918775394e-06,-1.2661521093025596e-06,1
912,8.863840426045205e-07,1.1594313918775394e-06,-7.798740426045204e-07,1
913,3.57673072256938e-07,1.1594313918775394e-06,-2.80636472256938e-07,1
914,9.324506666231108e-08,1.1594313918775394e-06,-3.606976666231108e-08,0
915,1.5559029028347013e-08,1.1594313918775394e-06,2.3280170971652986e-08,0
916,2.0078048546185327e-09,1.1594313918775394e-06,1.9607395145381468e-08,0
917,1.1570683347625735e-09,1.1594313918775394e-06,1.1476131665237427e-08,0
918,2.29151015564436e-09,1.1594313918775394e-06,1.401428984435564e-08,0
919,4.548768985711978e-09,1.1594313918775394e-06,2.958823101428802e-08,0
920,9.887750890189916e-09,1.1594313918775394e-06,5.485004910981009e-08,0
921,2.2285151942000097e-08,1.1594313918775394e-06,7.35642480579999e-08,0
922,6.765129091462845e-08,1.1594313918775394e-06,6.212670908537156e-08,0
923,2.453552309365597e-07,1.1594313918775394e-06,-3.908523093655972e-08,0
924,7.065283454007545e-07,1.1594313918775394e-06,-3.555093454007545e-07,1
925,1.3711699943266065e-06,1.1594313918775394e-06,-8.632749943266065e-07,1
926,1.697890951225123e-06,1.1594313918775394e-06,-1.1494889512251227e-06,1
927,1.2937034591618762e-06,1.1594313918775394e-06,-8.908754591618762e-07,1
928,8.096267462823134e-07,1.1594313918775394e-06,-2.8980474628231346e-07,0
929,8.961488880568781e-07,1.1594313918775394e-06,-1.580238880568781e-07,0
930,5.831408797591029e-07,1.1594313918775394e-06,9.193812024089715e-08,0
931,2.619115753348194e-07,1.1594313918775394e-06,1.691774246651806e-07,0
932,9.793319095388166e-08,1.1594313918775394e-06,1.1088380904611832e-07,0
933,3.9539440223029376e-08,1.1594313918775394e-06,4.262975977697062e-08,0
934,2.6302503958330245e-08,1.1594313918775394e-06,2.999996041669755e-09,0
935,2.224807741177184e-08,1.1594313918775394e-06,-6.005377411771837e-09,0
936,2.905998359092571e-08,1.1594313918775394e-06,-5.8249835909257085e-09,0
937,5.928733512044853e-08,1.1594313918775394e-06,-7.0811351204485374e-09,0
938,1.4009791744387857e-07,1.1594313918775394e-06,-1.622191744387855e-08,0
939,3.292210538676653e-07,1.1594313918775394e-06,-7.948505386766527e-08,0
940,6.590744094704437e-07,1.1594313918775394e-06,-3.0128140947044367e-07,0
941,9.963222679620605e-07,1.1594313918775394e-06,-6.612752679620605e-07,0
942,1.0654483363305292e-06,1.1594313918775394e-06,-8.534983363305292e-07,1
943,7.946586897488794e-07,1.1594313918775394e-06,-6.831796897488794e-07,1
944,4.0301128649459187e-07,1.1594313918775394e-06,-3.343574864945919e-07,1
945,1.3325596925956947e-07,1.1594313918775394e-06,-8.058346925956947e-08,0
946,2.876768843873526e-08,1.1594313918775394e-06,1.1346711561264746e-08,0
947,5.979685407908935e-09,1.1594313918775394e-06,1.9052114592091066e-08,0
948,6.475012139622383e-09,1.1594313918775394e-06,6.704187860377616e-09,0
949,1.143795859097564e-08,1.1594313918775394e-06,-8.625859097563947e-11,0
950,1.4882054188557347e-08,1.1594313918775394e-06,9.819645811442652e-09,0
951,1.442970236367836e-08,1.1594313918775394e-06,5.2803197636321636e-08,0
952,2.054659684194423e-08,1.1594313918775394e-06,1.3006840315805577e-07,0
953,5.7945082561997176e-08,1.1594313918775394e-06,2.0126291743800284e-07,0
954,1.7043922000062544e-07,1.1594313918775394e-06,2.2436777999937456e-07,0
955,4.6295791411311046e-07,1.1594313918775394e-06,1.8273308588688962e-07,0
956,1.0792474678907664e-06,1.1594313918775394e-06,-2.1477467890766345e-08,0
957,1.9004055220529514e-06,1.1594313918775394e-06,-4.845055220529513e-07,0
958,2.276224073017924e-06,1.1594313918775394e-06,-8.981540730179237e-07,1
959,1.708429659801074e-06,1.1594313918775394e-06,-7.964136598010739e-07,1
960,8.453686248039598e-07,1.1594313918775394e-06,-1.135646248039598e-07,0
961,8.71905186507253e-07,1.1594313918775394e-06,1.0768481349274703e-07,0
962,5.186171463644892e-07,1.1594313918775394e-06,3.1044685363551087e-07,0
963,2.0505148351010125e-07,1.1594313918775394e-06,2.9023551648989873e-07,0
964,6.771676286227343e-08,1.1594313918775394e-06,1.6160123713772656e-07,0
965,2.6755534403416364e-08,1.1594313918775394e-06,5.963286559658364e-08,0
966,1.4583181078987444e-08,1.1594313918775394e-06,1.8569318921012555e-08,0
967,9.760359745688246e-09,1.1594313918775394e-06,2.2833840254311752e-08,0
968,1.7859514632620188e-08,1.1594313918775394e-06,4.9765585367379815e-08,0
969,5.284846704120206e-08,1.1594313918775394e-06,7.923053295879794e-08,0
970,1.4168579879894733e-07,1.1594313918775394e-06,7.283720120105269e-08,0
971,3.0396360093694937e-07,1.1594313918775394e-06,-6.986600936949346e-09,0
972,4.970162695178314e-07,1.1594313918775394e-06,-1.6557326951783134e-07,0
973,5.959765136729356e-07,1.1594313918775394e-06,-3.142985136729356e-07,1
974,5.156115997674345e-07,1.1594313918775394e-06,-3.2574159976743454e-07,1
975,3.2206445956280817e-07,1.1594313918775394e-06,-2.040814595628082e-07,1
976,1.425157614036466e-07,1.1594313918775394e-06,-6.63865614036466e-08,0
977,4.4538633613654815e-08,1.1594313918775394e-06,5.2414663863451905e-09,0
978,1.2065412585092849e-08,1.1594313918775394e-06,2.0098587414907156e-08,0
979,1.1623692941347008e-08,1.1594313918775394e-06,1.0536007058652993e-08,0
980,2.0919649797317565e-08,1.1594313918775394e-06,-2.3684497973175653e-09,0
981,2.554652254141696e-08,1.1594313918775394e-06,-4.665322541416957e-09,0
982,2.375104730980713e-08,1.1594313918775394e-06,1.6903952690192874e-08,0
983,2.9363846163748186e-08,1.1594313918775394e-06,8.078515383625182e-08,0
984,8.369579954098753e-08,1.1594313918775394e-06,1.8051020045901248e-07,0
985,2.5570984719876817e-07,1.1594313918775394e-06,2.5851015280123184e-07,0
986,6.590505926726782e-07,1.1594313918775394e-06,2.6991640732732176e-07,0
987,1.444882031073306e-06,1.1594313918775394e-06,2.529579689266942e-07,0
988,2.5933110778005224e-06,1.1594313918775394e-06,1.7205892219947782e-07,0
989,3.5734093369210403e-06,1.1594313918775394e-06,-1.1703933692104104e-07,0
990,3.4905402505342004e-06,1.1594313918775394e-06,-4.2868025053420076e-07,0
991,2.209417967442553e-06,1.1594313918775394e-06,-3.9917796744255305e-07,0
992,5.167090878440628e-07,1.1594313918775394e-06,1.2972591215593716e-07,0
993,4.562130003996394e-07,1.1594313918775394e-06,2.794689996003606e-07,0
994,2.2884978957528057e-07,1.1594313918775394e-06,3.109522104247195e-07,0
995,7.567848874845594e-08,1.1594313918775394e-06,2.1257151125154407e-07,0
996,2.0556264382405677e-08,1.1594313918775394e-06,1.0115173561759432e-07,0
997,5.8160009799877e-09,1.1594313918775394e-06,3.85503990200123e-08,0
998,2.139746548061031e-09,1.1594313918775394e-06,2.3154953451938968e-08,0
999,2.1033704784387214e-09,1.1594313918775394e-06,4.129262952156128e-08,0
1000,8.154807114315354e-09,1.1594313918775394e-06,7.974609288568464e-08,0
1001,3.037501846105424e-08,1.1594313918775394e-06,1.1281398153894576e-07,0
1002,8.305660481876335e-08,1.1594313918775394e-06,1.1072139518123665e-07,0
1003,1.604812992527317e-07,1.1594313918775394e-06,6.76547007472683e-08,0
1004,2.2178146485766764e-07,1.1594313918775394e-06,3.447535142332372e-09,0
1005,2.2100075705957842e-07,1.1594313918775394e-06,-4.029375705957844e-08,0
1006,1.608656270028676e-07,1.1594313918775394e-06,-3.8636627002867604e-08,0
1007,8.668758129531621e-08,1.1594313918775394e-06,-9.041781295316206e-09,0
1008,3.3897645443115254e-08,1.1594313918775394e-06,1.4171054556884748e-08,0
1009,9.585940225349416e-09,1.1594313918775394e-06,2.0400159774650586e-08,0
1010,5.126791866486995e-09,1.1594313918775394e-06,1.5891108133513007e-08,0
1011,9.887666799970764e-09,1.1594313918775394e-06,7.485933200029234e-09,0
1012,1.3218637445175936e-08,1.1594313918775394e-06,2.9433625548240636e-09,0
1013,1.1100072208862612e-08,1.1594313918775394e-06,8.328027791137388e-09,0
1014,1.1508239885931736e-08,1.1594313918775394e-06,2.966766011406826e-08,0
1015,3.7404182522568236e-08,1.1594313918775394e-06,7.021881747743176e-08,0
1016,1.4328308190229788e-07,1.1594313918775394e-06,1.047509180977021e-07,0
1017,4.272153401049147e-07,1.1594313918775394e-06,9.125265989508537e-08,0
1018,1.0193308392320505e-06,1.1594313918775394e-06,4.078916076794946e-08,0
1019,1.954107205635961e-06,1.1594313918775394e-06,3.978279436403917e-08,0
1020,2.9405178281652124e-06,1.1594313918775394e-06,8.483217183478775e-08,0
1021,3.327972447223957e-06,1.1594313918775394e-06,5.12675527760434e-08,0
1022,2.6506134780101547e-06,1.1594313918775394e-06,-3.814347801015472e-08,0
1023,1.3590787650529328e-06,1.1594313918775394e-06,-5.3808765052932515e-08,0
