,R110L,max,diff,True
0,1.5164050452860631e-06,1.0928541704628577e-06,-1.0141504528606319e-07,0
1,1.9845501824824047e-06,1.0928541704628577e-06,2.6089817517595432e-08,0
2,1.5346648864560963e-06,1.0928541704628577e-06,1.0642511354390367e-07,0
3,8.150917605341667e-07,1.0928541704628577e-06,7.546323946583319e-08,0
4,4.161684978349013e-07,1.0928541704628577e-06,-3.916049783490131e-08,0
5,2.718284005895512e-07,1.0928541704628577e-06,-1.3035540058955124e-07,0
6,2.0182648613708253e-07,1.0928541704628577e-06,-1.3139208613708255e-07,1
7,1.50259802433771e-07,1.0928541704628577e-06,-5.4455702433770984e-08,0
8,1.332257447223992e-07,1.0928541704628577e-06,5.725025527760079e-08,0
9,1.893973945862284e-07,1.0928541704628577e-06,1.447466054137716e-07,0
10,3.290141822507264e-07,1.0928541704628577e-06,1.8007981774927357e-07,0
11,5.07216046414291e-07,1.0928541704628577e-06,1.7845695358570908e-07,0
12,6.528185501899571e-07,1.0928541704628577e-06,1.4546044981004293e-07,0
13,7.151289766688017e-07,1.0928541704628577e-06,7.517902333119832e-08,0
14,6.710704238572235e-07,1.0928541704628577e-06,3.0575761427765854e-09,0
15,5.214044459852163e-07,1.0928541704628577e-06,-1.1994445985216335e-08,0
16,3.2992662529833853e-07,1.0928541704628577e-06,2.4169374701661437e-08,0
17,1.834345022082506e-07,1.0928541704628577e-06,4.9429497791749425e-08,0
18,9.836156755685892e-08,1.0928541704628577e-06,4.25114324431411e-08,0
19,5.397853286533358e-08,1.0928541704628577e-06,3.3958167134666416e-08,0
20,3.724189278078967e-08,1.0928541704628577e-06,4.541500721921032e-08,0
21,3.810789370208636e-08,1.0928541704628577e-06,7.848210629791364e-08,0
22,6.465762387828728e-08,1.0928541704628577e-06,1.2315937612171274e-07,0
23,1.6962853050949323e-07,1.0928541704628577e-06,1.486594694905068e-07,0
24,4.847998091929347e-07,1.0928541704628577e-06,1.2797819080706534e-07,0
25,1.2908990586059229e-06,1.0928541704628577e-06,8.950094139407708e-08,0
26,3.0929836775916913e-06,1.0928541704628577e-06,1.4154632240830836e-07,0
27,6.465961623300802e-06,1.0928541704628577e-06,3.845183766991978e-07,0
28,1.0907757820761348e-05,1.0928541704628577e-06,8.702421792386519e-07,0
29,1.3921550020999665e-05,1.0928541704628577e-06,1.3446499790003345e-06,0
30,1.3043801524579678e-05,1.0928541704628577e-06,1.119998475420324e-06,0
31,8.665344373510152e-06,1.0928541704628577e-06,2.5631562648984775e-07,0
32,4.1172625592296795e-06,1.0928541704628577e-06,-2.3391255922967968e-07,0
33,4.8523311139550735e-06,1.0928541704628577e-06,-7.332111395507331e-08,0
34,3.442920163459569e-06,1.0928541704628577e-06,1.759836540431291e-09,0
35,1.6944248893862405e-06,1.0928541704628577e-06,-1.3148893862406744e-09,0
36,7.695130566278351e-07,1.0928541704628577e-06,-8.261205662783518e-08,0
37,4.430945359610013e-07,1.0928541704628577e-06,-1.576005359610013e-07,0
38,3.2172830472856464e-07,1.0928541704628577e-06,-1.3465930472856462e-07,0
39,2.7041882456093257e-07,1.0928541704628577e-06,-9.934824560932547e-09,0
40,3.4300021933718464e-07,1.0928541704628577e-06,1.3631478066281536e-07,0
41,6.137210872930748e-07,1.0928541704628577e-06,2.1550091270692524e-07,0
42,1.071819167793504e-06,1.0928541704628577e-06,1.7636083220649596e-07,0
43,1.618055782334951e-06,1.0928541704628577e-06,2.6924217665048954e-08,0
44,2.113283849130397e-06,1.0928541704628577e-06,-1.7894384913039672e-07,0
45,2.3966959934164916e-06,1.0928541704628577e-06,-3.5466599341649156e-07,0
46,2.3462252856726147e-06,1.0928541704628577e-06,-4.1691528567261494e-07,0
47,1.9313367953094967e-06,1.0928541704628577e-06,-2.9205679530949674e-07,0
48,1.3324705123509456e-06,1.0928541704628577e-06,-6.646051235094569e-08,0
49,8.145375405153098e-07,1.0928541704628577e-06,5.461145948469029e-08,0
50,4.695409097968008e-07,1.0928541704628577e-06,7.050209020319925e-08,0
51,2.731342571624161e-07,1.0928541704628577e-06,1.0047174283758389e-07,0
52,1.823516083784588e-07,1.0928541704628577e-06,1.8918939162154119e-07,0
53,1.819028813352111e-07,1.0928541704628577e-06,3.208981186647889e-07,0
54,3.140615793454277e-07,1.0928541704628577e-06,4.1938942065457236e-07,0
55,6.919423915040095e-07,1.0928541704628577e-06,4.428576084959906e-07,0
56,1.7232612092648182e-06,1.0928541704628577e-06,4.1638879073518176e-07,0
57,4.541618979889913e-06,1.0928541704628577e-06,3.395510201100862e-07,0
58,1.1253534412342713e-05,1.0928541704628577e-06,1.4286558765728882e-07,0
59,2.3229353796705603e-05,1.0928541704628577e-06,-1.5185379670560288e-07,0
60,3.672731704190588e-05,1.0928541704628577e-06,-1.8011704190587936e-07,0
61,4.302410702233095e-05,1.0928541704628577e-06,-2.5450702233095453e-07,0
62,3.677022764945001e-05,1.0928541704628577e-06,-1.1832276494500165e-06,0
63,2.2135354667265616e-05,1.0928541704628577e-06,-2.0698546672656163e-06,0
64,6.315205778019008e-06,1.0928541704628577e-06,-1.1208257780190079e-06,0
65,6.944890344673616e-06,1.0928541704628577e-06,-1.0902803446736159e-06,0
66,4.548535836175777e-06,1.0928541704628577e-06,-6.421558361757761e-07,0
67,2.0105979510553826e-06,1.0928541704628577e-06,-1.868079510553824e-07,0
68,7.989739423108775e-07,1.0928541704628577e-06,-3.516594231087762e-08,0
69,4.1126767221581603e-07,1.0928541704628577e-06,-2.986567221581601e-08,0
70,3.030200873970114e-07,1.0928541704628577e-06,-2.3274087397011408e-08,0
71,3.4740115877408236e-07,1.0928541704628577e-06,-1.4307158774082381e-08,0
72,5.997309540521642e-07,1.0928541704628577e-06,-3.351195405216424e-08,0
73,1.1182532243704085e-06,1.0928541704628577e-06,-1.3387922437040848e-07,0
74,1.8974126611408344e-06,1.0928541704628577e-06,-3.830926611408342e-07,0
75,2.924998143718915e-06,1.0928541704628577e-06,-8.097581437189151e-07,0
76,4.099396767904934e-06,1.0928541704628577e-06,-1.3184367679049344e-06,0
77,5.114650538134832e-06,1.0928541704628577e-06,-1.720430538134832e-06,1
78,5.549138234437468e-06,1.0928541704628577e-06,-1.8004182344374688e-06,1
79,4.993160233563783e-06,1.0928541704628577e-06,-1.2773002335637834e-06,0
80,3.6686486315400405e-06,1.0928541704628577e-06,-4.494686315400406e-07,0
81,2.331372361328195e-06,1.0928541704628577e-06,2.1997638671805197e-08,0
82,1.3908047535834374e-06,1.0928541704628577e-06,1.3318524641656265e-07,0
83,8.303251847713692e-07,1.0928541704628577e-06,2.2412481522863073e-07,0
84,5.727752986224157e-07,1.0928541704628577e-06,4.2363370137758423e-07,1
85,6.104028013588928e-07,1.0928541704628577e-06,6.479871986411072e-07,1
86,9.671033190539948e-07,1.0928541704628577e-06,7.320866809460053e-07,0
87,1.7991746005271031e-06,1.0928541704628577e-06,6.51465399472897e-07,0
88,4.095336700536348e-06,1.0928541704628577e-06,4.209632994636521e-07,0
89,1.0579761259827883e-05,1.0928541704628577e-06,-1.7846125982788178e-07,0
90,2.4966991255056456e-05,1.0928541704628577e-06,-1.3356912550564538e-06,0
91,4.720721955868621e-05,1.0928541704628577e-06,-2.750019558686206e-06,0
92,6.813893133924314e-05,1.0928541704628577e-06,-4.308831339243146e-06,0
93,7.364623634833395e-05,1.0928541704628577e-06,-6.459536348333951e-06,1
94,5.831094386915063e-05,1.0928541704628577e-06,-7.93374386915063e-06,1
95,3.239071821187718e-05,1.0928541704628577e-06,-6.64741821187718e-06,1
96,6.87823059444105e-06,1.0928541704628577e-06,-2.32833059444105e-06,1
97,7.085913498756192e-06,1.0928541704628577e-06,-2.1931834987561917e-06,1
98,4.3155563317918775e-06,1.0928541704628577e-06,-1.1784563317918775e-06,1
99,1.7985024785765136e-06,1.0928541704628577e-06,-3.613324785765134e-07,0
100,7.210549624395544e-07,1.0928541704628577e-06,-6.623096243955438e-08,0
101,3.791295580191801e-07,1.0928541704628577e-06,1.7748441980819968e-08,0
102,2.9654789675614804e-07,1.0928541704628577e-06,2.3421032438519563e-09,0
103,4.1254399055844346e-07,1.0928541704628577e-06,-1.1865999055844347e-07,0
104,7.527853488550636e-07,1.0928541704628577e-06,-3.159873488550636e-07,0
105,1.3661133344029029e-06,1.0928541704628577e-06,-5.976483344029029e-07,0
106,2.3636113653617938e-06,1.0928541704628577e-06,-1.0258313653617938e-06,1
107,3.9455581336145966e-06,1.0928541704628577e-06,-1.7057581336145968e-06,1
108,6.128054893369451e-06,1.0928541704628577e-06,-2.634134893369451e-06,1
109,8.46225761804904e-06,1.0928541704628577e-06,-3.50738761804904e-06,1
110,9.876809866645392e-06,1.0928541704628577e-06,-3.5415598666453917e-06,1
111,9.259700856090832e-06,1.0928541704628577e-06,-2.203910856090832e-06,0
112,7.021712420983457e-06,1.0928541704628577e-06,-5.374424209834564e-07,0
113,4.6272165536e-06,1.0928541704628577e-06,2.0839344640000002e-07,0
114,2.8690227801680717e-06,1.0928541704628577e-06,2.53537219831928e-07,0
115,1.8245287346311786e-06,1.0928541704628577e-06,2.858112653688216e-07,0
116,1.4120586010526984e-06,1.0928541704628577e-06,5.266213989473016e-07,0
117,1.6438493900094333e-06,1.0928541704628577e-06,8.003606099905668e-07,0
118,2.5054926439831538e-06,1.0928541704628577e-06,8.055573560168465e-07,0
119,4.101717385293831e-06,1.0928541704628577e-06,5.245926147061685e-07,0
120,8.158754067366177e-06,1.0928541704628577e-06,4.327593263382249e-08,0
121,1.8705618943818603e-05,1.0928541704628577e-06,-6.543189438186019e-07,0
122,3.878697217482814e-05,1.0928541704628577e-06,-9.470721748281423e-07,0
123,6.464114775724557e-05,1.0928541704628577e-06,-5.506477572455741e-07,0
124,8.38515305521258e-05,1.0928541704628577e-06,-1.7010305521258007e-06,0
125,8.31045596017708e-05,1.0928541704628577e-06,-5.700159601770808e-06,0
126,6.12205053784163e-05,1.0928541704628577e-06,-8.7215053784163e-06,1
127,3.198305001417828e-05,1.0928541704628577e-06,-7.365750014178281e-06,1
128,5.6374559439752676e-06,1.0928541704628577e-06,-2.308335943975268e-06,1
129,5.572705746409908e-06,1.0928541704628577e-06,-2.0783557464099085e-06,1
130,3.321497264695792e-06,1.0928541704628577e-06,-1.1127572646957916e-06,1
131,1.408347189992053e-06,1.0928541704628577e-06,-3.3961718999205313e-07,0
132,6.026291353785369e-07,1.0928541704628577e-06,-1.596513537853689e-08,0
133,3.5188505796978133e-07,1.0928541704628577e-06,5.328694203021869e-08,0
134,3.0893746903511014e-07,1.0928541704628577e-06,-1.9250469035110175e-08,0
135,4.04331673390376e-07,1.0928541704628577e-06,-1.75217673390376e-07,0
136,6.592183053990036e-07,1.0928541704628577e-06,-3.6897330539900363e-07,1
137,1.1865645993442505e-06,1.0928541704628577e-06,-6.038115993442505e-07,1
138,2.2366202270927142e-06,1.0928541704628577e-06,-9.243802270927143e-07,1
139,4.25016641826207e-06,1.0928541704628577e-06,-1.5445464182620697e-06,1
140,7.5076670988098355e-06,1.0928541704628577e-06,-2.6672970988098356e-06,1
141,1.1329995882050736e-05,1.0928541704628577e-06,-3.714815882050735e-06,1
142,1.3822562386570751e-05,1.0928541704628577e-06,-3.388662386570751e-06,1
143,1.3320265298912226e-05,1.0928541704628577e-06,-1.5195652989122273e-06,0
144,1.0370325580944252e-05,1.0928541704628577e-06,1.7557441905574675e-07,0
145,7.033384676380119e-06,1.0928541704628577e-06,4.388453236198817e-07,0
146,4.604851542008351e-06,1.0928541704628577e-06,-5.904154200835165e-08,0
147,3.139449535685307e-06,1.0928541704628577e-06,-2.0464953568530675e-07,0
148,2.5332063330485216e-06,1.0928541704628577e-06,2.3748366695147856e-07,0
149,3.07774019133314e-06,1.0928541704628577e-06,7.031598086668595e-07,0
150,4.698990641167489e-06,1.0928541704628577e-06,6.15519358832511e-07,0
151,7.413224193474683e-06,1.0928541704628577e-06,8.366580652531669e-08,0
152,1.3493372888601254e-05,1.0928541704628577e-06,-4.28972888601254e-07,0
153,2.6777205273877914e-05,1.0928541704628577e-06,-3.7805273877913913e-08,0
154,4.775843995052309e-05,1.0928541704628577e-06,2.605260049476913e-06,0
155,6.957020957122955e-05,1.0928541704628577e-06,6.159790428770444e-06,0
156,8.026288211272054e-05,1.0928541704628577e-06,6.0904178872794586e-06,0
157,7.205204848704346e-05,1.0928541704628577e-06,1.3896515129565364e-06,0
158,4.920389493601859e-05,1.0928541704628577e-06,-3.3087949360185914e-06,1
159,2.442291778429458e-05,1.0928541704628577e-06,-4.2207177842945805e-06,1
160,3.5387346705048895e-06,1.0928541704628577e-06,-1.0804946705048892e-06,1
161,3.5231816236005683e-06,1.0928541704628577e-06,-8.607016236005685e-07,1
162,2.226364108539946e-06,1.0928541704628577e-06,-3.9542410853994587e-07,0
163,1.1075888513769954e-06,1.0928541704628577e-06,-4.613885137699539e-08,0
164,6.200063383252121e-07,1.0928541704628577e-06,8.059666167478793e-08,0
165,4.4464765972078637e-07,1.0928541704628577e-06,6.372334027921365e-08,0
166,3.536941250787474e-07,1.0928541704628577e-06,-1.0163125078747422e-08,0
167,3.227993122480814e-07,1.0928541704628577e-06,-8.813731224808138e-08,0
168,4.354939802876403e-07,1.0928541704628577e-06,-1.6616998028764026e-07,1
169,8.937327526215263e-07,1.0928541704628577e-06,-2.5241375262152633e-07,1
170,2.143688594662121e-06,1.0928541704628577e-06,-3.994285946621209e-07,0
171,4.865768775545151e-06,1.0928541704628577e-06,-8.108987755451517e-07,0
172,9.267431795661992e-06,1.0928541704628577e-06,-1.4673217956619909e-06,0
173,1.4189756060657682e-05,1.0928541704628577e-06,-1.6066560606576818e-06,0
174,1.727944559777803e-05,1.0928541704628577e-06,-4.733455977780331e-07,0
175,1.6630121220643964e-05,1.0928541704628577e-06,1.2115787793560382e-06,0
176,1.2973849775345e-05,1.0928541704628577e-06,1.6570502246549992e-06,0
177,8.899558148951725e-06,1.0928541704628577e-06,5.34421851048275e-07,0
178,5.948697134203147e-06,1.0928541704628577e-06,-7.005071342031475e-07,0
179,4.055642536160996e-06,1.0928541704628577e-06,-9.059225361609965e-07,0
180,3.164673520807141e-06,1.0928541704628577e-06,-2.160735208071411e-07,0
181,3.7027110579250603e-06,1.0928541704628577e-06,4.120889420749397e-07,0
182,5.8790307569023325e-06,1.0928541704628577e-06,1.2050924309766853e-07,0
183,1.0245279954570294e-05,1.0928541704628577e-06,-1.0643599545702943e-06,0
184,1.8639667639552193e-05,1.0928541704628577e-06,-2.024367639552193e-06,0
185,3.2692889499504826e-05,1.0928541704628577e-06,-5.925894995048242e-07,0
186,5.064188774220271e-05,1.0928541704628577e-06,4.414012257797291e-06,0
187,6.544108185987282e-05,1.0928541704628577e-06,9.72221814012719e-06,1
188,6.806385852263752e-05,1.0928541704628577e-06,1.0240341477362483e-05,1
189,5.5478678863704895e-05,1.0928541704628577e-06,6.252221136295108e-06,0
190,3.460822819400968e-05,1.0928541704628577e-06,1.9383718059903205e-06,0
191,1.5910074907136068e-05,1.0928541704628577e-06,-2.7747490713606824e-07,0
192,2.122682799802401e-06,1.0928541704628577e-06,1.6778720019759887e-07,0
193,2.354327180716563e-06,1.0928541704628577e-06,4.2303281928343687e-07,0
194,1.8490420360697102e-06,1.0928541704628577e-06,3.648579639302895e-07,0
195,1.3154699772874963e-06,1.0928541704628577e-06,1.586800227125036e-07,0
196,1.007106511082544e-06,1.0928541704628577e-06,3.9134889174559945e-09,0
197,7.449949946359678e-07,1.0928541704628577e-06,-4.688799463596779e-08,0
198,4.6578572579300325e-07,1.0928541704628577e-06,-2.1241725793003264e-08,0
199,2.970674905224873e-07,1.0928541704628577e-06,4.350947751266929e-11,0
200,3.7875291385718655e-07,1.0928541704628577e-06,1.9200861428134616e-09,0
201,1.0041574108860536e-06,1.0928541704628577e-06,2.8132589113946415e-08,0
202,2.9493193459435393e-06,1.0928541704628577e-06,1.5770654056461077e-08,0
203,7.14358462738353e-06,1.0928541704628577e-06,-1.1334462738353105e-07,0
204,1.3361938174798368e-05,1.0928541704628577e-06,5.466182520163322e-08,0
205,1.9430501976150007e-05,1.0928541704628577e-06,1.3823980238499914e-06,0
206,2.232936191927468e-05,1.0928541704628577e-06,3.708238080725323e-06,1
207,2.059267119348606e-05,1.0928541704628577e-06,4.8835288065139385e-06,1
208,1.572300039528676e-05,1.0928541704628577e-06,3.458299604713241e-06,1
209,1.0664811602110104e-05,1.0928541704628577e-06,8.077883978898948e-07,0
210,7.096684010774257e-06,1.0928541704628577e-06,-1.0771740107742567e-06,0
211,4.877220509009687e-06,1.0928541704628577e-06,-1.5061005090096874e-06,1
212,3.6144981317428e-06,1.0928541704628577e-06,-8.698781317427999e-07,0
213,3.673480202559935e-06,1.0928541704628577e-06,-2.0182020255993508e-07,0
214,5.96720804774217e-06,1.0928541704628577e-06,-6.292980477421705e-07,0
215,1.1599003271647556e-05,1.0928541704628577e-06,-2.313523271647556e-06,1
216,2.1251323512447266e-05,1.0928541704628577e-06,-3.557723512447267e-06,1
217,3.471995203480728e-05,1.0928541704628577e-06,-1.7073520348072794e-06,0
218,5.0173294431772354e-05,1.0928541704628577e-06,3.6015055682276444e-06,0
219,6.199493136846585e-05,1.0928541704628577e-06,8.079868631534148e-06,1
220,6.20925092272127e-05,1.0928541704628577e-06,7.823690772787301e-06,1
221,4.819992451332243e-05,1.0928541704628577e-06,5.08657548667757e-06,0
222,2.8390296576606085e-05,1.0928541704628577e-06,2.916003423393917e-06,0
223,1.2513312262331305e-05,1.0928541704628577e-06,1.2901877376686942e-06,0
224,2.4336393791748963e-06,1.0928541704628577e-06,7.116906208251039e-07,1
225,3.226529200428584e-06,1.0928541704628577e-06,8.576407995714156e-07,0
226,2.937711664882457e-06,1.0928541704628577e-06,4.498783351175432e-07,0
227,2.220146419793054e-06,1.0928541704628577e-06,1.3783580206945738e-08,0
228,1.6164122198769532e-06,1.0928541704628577e-06,-1.9360221987695316e-07,0
229,1.0872692587582847e-06,1.0928541704628577e-06,-1.9972525875828465e-07,0
230,6.218435453101526e-07,1.0928541704628577e-06,-9.165954531015255e-08,0
231,3.780453152692423e-07,1.0928541704628577e-06,1.1845684730757668e-08,0
232,5.507787352071922e-07,1.0928541704628577e-06,9.324726479280785e-08,0
233,1.7107218535501188e-06,1.0928541704628577e-06,1.5698814644988093e-07,0
234,5.321726429938627e-06,1.0928541704628577e-06,-6.3564299386275716e-09,0
235,1.2819830565843089e-05,1.0928541704628577e-06,-4.0693056584308926e-07,0
236,2.289210972748605e-05,1.0928541704628577e-06,1.0819027251395116e-07,0
237,3.1104254956860954e-05,1.0928541704628577e-06,2.8431450431390455e-06,0
238,3.3755944312577364e-05,1.0928541704628577e-06,6.087355687422635e-06,1
239,3.0269379058436513e-05,1.0928541704628577e-06,6.317420941563487e-06,1
240,2.25804869959013e-05,1.0928541704628577e-06,3.5670130040987014e-06,1
241,1.4509102446350546e-05,1.0928541704628577e-06,6.094975536494538e-07,0
242,9.115575847282203e-06,1.0928541704628577e-06,-1.1565358472822026e-06,0
243,6.337602062241369e-06,1.0928541704628577e-06,-1.6698920622413698e-06,1
244,4.855779788179817e-06,1.0928541704628577e-06,-1.152509788179817e-06,0
245,4.510320654022711e-06,1.0928541704628577e-06,-4.63700654022711e-07,0
246,6.365260603894688e-06,1.0928541704628577e-06,-8.586906038946885e-07,0
247,1.1701207361813767e-05,1.0928541704628577e-06,-2.5281773618137667e-06,1
248,2.103000165321909e-05,1.0928541704628577e-06,-3.6255016532190904e-06,1
249,3.4527968234564346e-05,1.0928541704628577e-06,-1.8403682345643441e-06,0
250,5.174242617029764e-05,1.0928541704628577e-06,1.8967738297023597e-06,0
251,6.685471552214698e-05,1.0928541704628577e-06,3.368184477853023e-06,0
252,6.918785261402407e-05,1.0928541704628577e-06,1.6986473859759187e-06,0
253,5.528356881444822e-05,1.0928541704628577e-06,9.478311855517856e-07,0
254,3.4032719082263015e-05,1.0928541704628577e-06,1.7222809177369836e-06,0
255,1.6113073593372837e-05,1.0928541704628577e-06,1.316126406627162e-06,0
256,4.969835685962002e-06,1.0928541704628577e-06,-3.498456859620016e-07,0
257,6.2781896267244145e-06,1.0928541704628577e-06,-6.022596267244139e-07,0
258,5.134940062825403e-06,1.0928541704628577e-06,-7.779500628254026e-07,0
259,3.2556207689477335e-06,1.0928541704628577e-06,-6.387007689477335e-07,0
260,1.9565455467010096e-06,1.0928541704628577e-06,-4.653555467010097e-07,0
261,1.1794654122094338e-06,1.0928541704628577e-06,-3.4453941220943384e-07,0
262,6.666609734766127e-07,1.0928541704628577e-06,-1.765439734766127e-07,0
263,4.357216524824751e-07,1.0928541704628577e-06,1.0624347517524866e-08,0
264,8.505072247329451e-07,1.0928541704628577e-06,1.289437752670549e-07,0
265,3.189546345391595e-06,1.0928541704628577e-06,-4.310634539159529e-08,0
266,1.0237278925996609e-05,1.0928541704628577e-06,-8.994889259966088e-07,0
267,2.4130228208007505e-05,1.0928541704628577e-06,-1.9956282080075054e-06,0
268,4.1478347841483e-05,1.0928541704628577e-06,-1.2149478414830004e-06,0
269,5.406404839262205e-05,1.0928541704628577e-06,2.48115160737795e-06,0
270,5.65226599084312e-05,1.0928541704628577e-06,5.536740091568795e-06,1
271,4.840474090810802e-05,1.0928541704628577e-06,4.642559091891978e-06,1
272,3.323231245794512e-05,1.0928541704628577e-06,2.117587542054878e-06,0
273,1.882421679579844e-05,1.0928541704628577e-06,6.345832042015603e-07,0
274,1.0619708535655777e-05,1.0928541704628577e-06,-1.1310853565577626e-07,0
275,7.34311846980932e-06,1.0928541704628577e-06,-3.868384698093196e-07,0
276,5.8891106370519346e-06,1.0928541704628577e-06,1.7389362948065542e-08,0
277,5.362420305341612e-06,1.0928541704628577e-06,4.1428969465838737e-07,0
278,6.616215719275717e-06,1.0928541704628577e-06,-1.2205571927571775e-07,0
279,1.097918471739644e-05,1.0928541704628577e-06,-1.3712447173964402e-06,0
280,2.0008239385057857e-05,1.0928541704628577e-06,-1.6384393850578552e-06,0
281,3.602674178305601e-05,1.0928541704628577e-06,4.917582169439887e-07,0
282,5.927166757502977e-05,1.0928541704628577e-06,3.2254324249702317e-06,0
283,8.133900340976923e-05,1.0928541704628577e-06,2.8939965902307642e-06,0
284,8.835656239920161e-05,1.0928541704628577e-06,5.835376007983959e-07,0
285,7.533322529254112e-05,1.0928541704628577e-06,6.585747074588748e-07,0
286,5.072707925107674e-05,1.0928541704628577e-06,1.564320748923265e-06,0
287,2.629593007453688e-05,1.0928541704628577e-06,3.4666992546312253e-07,0
288,6.6681784255462405e-06,1.0928541704628577e-06,-1.9061084255462403e-06,1
289,7.2810966611310226e-06,1.0928541704628577e-06,-2.0869766611310237e-06,1
290,4.9568610679976365e-06,1.0928541704628577e-06,-1.4370410679976366e-06,0
291,2.5205526889196427e-06,1.0928541704628577e-06,-6.748726889196429e-07,0
292,1.2715331379413378e-06,1.0928541704628577e-06,-3.718211379413379e-07,0
293,7.449115069262233e-07,1.0928541704628577e-06,-2.9747850692622335e-07,0
294,4.5517878933408205e-07,1.0928541704628577e-06,-1.7057878933408206e-07,0
295,4.1087763951860905e-07,1.0928541704628577e-06,-1.6117639518609077e-08,0
296,1.364756137497624e-06,1.0928541704628577e-06,-8.426613749762409e-08,0
297,5.811627338173042e-06,1.0928541704628577e-06,-8.941573381730428e-07,0
298,1.834634657207335e-05,1.0928541704628577e-06,-2.5268465720733506e-06,1
299,4.107480220639901e-05,1.0928541704628577e-06,-3.106402206399012e-06,0
300,6.67149812363272e-05,1.0928541704628577e-06,-4.0598123632721065e-07,0
301,8.261136051591406e-05,1.0928541704628577e-06,3.4578394840859423e-06,0
302,8.11309312428259e-05,1.0928541704628577e-06,3.782868757174095e-06,0
303,6.248902741619353e-05,1.0928541704628577e-06,1.2939725838064626e-06,0
304,3.66956413068827e-05,1.0928541704628577e-06,2.63758693117297e-07,0
305,1.7277000392279966e-05,1.0928541704628577e-06,9.186996077200332e-07,0
306,8.29967277328585e-06,1.0928541704628577e-06,1.33288722671415e-06,0
307,5.350269629520146e-06,1.0928541704628577e-06,1.3470703704798536e-06,0
308,4.30508023768353e-06,1.0928541704628577e-06,1.3795097623164707e-06,0
309,4.040863986243492e-06,1.0928541704628577e-06,1.2668860137565085e-06,0
310,5.105619355039658e-06,1.0928541704628577e-06,8.61310644960342e-07,0
311,9.20638056260938e-06,1.0928541704628577e-06,5.318794373906209e-07,0
312,1.990765575331167e-05,1.0928541704628577e-06,1.2834442466883295e-06,0
313,4.139462359647868e-05,1.0928541704628577e-06,4.175376403521321e-06,0
314,7.198448805355007e-05,1.0928541704628577e-06,7.896411946449927e-06,0
315,9.950615374621504e-05,1.0928541704628577e-06,8.530846253784971e-06,0
316,0.00010928541704628578,1.0928541704628577e-06,5.931582953714226e-06,0
317,9.619730795037772e-05,1.0928541704628577e-06,3.3583920496222763e-06,0
318,6.66542637998665e-05,1.0928541704628577e-06,4.817362001335e-07,0
319,3.4130650449628885e-05,1.0928541704628577e-06,-2.2272504496288813e-06,1
320,4.429012222847191e-06,1.0928541704628577e-06,-1.6772122228471912e-06,1
321,4.092017981060231e-06,1.0928541704628577e-06,-1.4177879810602305e-06,1
322,2.2775731944974946e-06,1.0928541704628577e-06,-6.528731944974945e-07,0
323,9.199690055356936e-07,1.0928541704628577e-06,-1.727160055356936e-07,0
324,4.0004377269559383e-07,1.0928541704628577e-06,-9.55947726955938e-08,0
325,2.428602506509848e-07,1.0928541704628577e-06,-1.0924225065098479e-07,0
326,1.8027858273847735e-07,1.0928541704628577e-06,-7.018358273847736e-08,0
327,3.8268541219534457e-07,1.0928541704628577e-06,-7.813241219534458e-08,0
328,1.9964698888545257e-06,1.0928541704628577e-06,-4.865298888545257e-07,1
329,8.464332522848868e-06,1.0928541704628577e-06,-1.6757225228488668e-06,1
330,2.492393591586701e-05,1.0928541704628577e-06,-2.562635915867009e-06,1
331,5.1520284066787936e-05,1.0928541704628577e-06,-6.021840667879333e-07,0
332,7.759566711629515e-05,1.0928541704628577e-06,3.1591328837048414e-06,0
333,8.852578516743305e-05,1.0928541704628577e-06,3.6297148325669477e-06,0
334,7.694814579935197e-05,1.0928541704628577e-06,2.297542006480342e-07,0
335,4.9569669274428635e-05,1.0928541704628577e-06,-1.932669274428637e-06,0
336,2.3360967412085627e-05,1.0928541704628577e-06,-9.32067412085629e-07,0
337,8.680983830839446e-06,1.0928541704628577e-06,6.170461691605537e-07,0
338,3.4108213821271853e-06,1.0928541704628577e-06,1.119038617872815e-06,0
339,2.0392914246644473e-06,1.0928541704628577e-06,1.0140585753355525e-06,1
340,1.6657677338071487e-06,1.0928541704628577e-06,8.660222661928515e-07,1
341,1.720708356645871e-06,1.0928541704628577e-06,7.779316433541289e-07,0
342,2.8611108340642374e-06,1.0928541704628577e-06,6.750591659357623e-07,0
343,7.333555108008238e-06,1.0928541704628577e-06,5.577448919917622e-07,0
344,1.9628578399944445e-05,1.0928541704628577e-06,1.0693216000555557e-06,0
345,4.3227941386049955e-05,1.0928541704628577e-06,3.687358613950039e-06,0
346,7.337381140110084e-05,1.0928541704628577e-06,7.679888598899153e-06,1
347,9.70365223258148e-05,1.0928541704628577e-06,8.891477674185193e-06,0
348,0.00010289897717786494,1.0928541704628577e-06,5.848022822135067e-06,0
349,8.752265017079515e-05,1.0928541704628577e-06,9.82249829204848e-07,0
350,5.70259578654663e-05,1.0928541704628577e-06,-3.170957865466298e-06,0
351,2.6402703121042718e-05,1.0928541704628577e-06,-4.128503121042717e-06,1
352,1.4184999003908897e-06,1.0928541704628577e-06,-5.276929003908898e-07,1
353,1.1122670008128277e-06,1.0928541704628577e-06,-3.147630008128277e-07,0
354,5.185011142516879e-07,1.0928541704628577e-06,-6.673411425168796e-08,0
355,1.7194127598653116e-07,1.0928541704628577e-06,1.8652724013468836e-08,0
356,6.228009387763367e-08,1.0928541704628577e-06,8.180406122366325e-09,0
357,3.6722484604479225e-08,1.0928541704628577e-06,-4.370584604479219e-09,0
358,5.686374713199342e-08,1.0928541704628577e-06,-9.552047131993426e-09,0
359,3.475734163604877e-07,1.0928541704628577e-06,-9.901941636048769e-08,1
360,2.022333319812026e-06,1.0928541704628577e-06,-5.06873319812026e-07,1
361,8.010621723966361e-06,1.0928541704628577e-06,-1.149471723966361e-06,1
362,2.1567767648493005e-05,1.0928541704628577e-06,-7.181676484930042e-07,0
363,4.0642131578948666e-05,1.0928541704628577e-06,1.3823684210513313e-06,0
364,5.530776456801277e-05,1.0928541704628577e-06,2.2539354319872347e-06,0
365,5.5107343530823206e-05,1.0928541704628577e-06,-4.554353082320418e-08,0
366,3.9674307550967996e-05,1.0928541704628577e-06,-2.442407550967998e-06,0
367,2.021931348123809e-05,1.0928541704628577e-06,-2.206113481238091e-06,0
368,7.351177124710657e-06,1.0928541704628577e-06,-7.370871247106568e-07,0
369,2.0995923199431347e-06,1.0928541704628577e-06,1.2739768005686544e-07,0
370,6.681657544193651e-07,1.0928541704628577e-06,2.885562455806349e-07,0
371,3.7056625917747113e-07,1.0928541704628577e-06,2.2984774082252894e-07,0
372,3.113597503024473e-07,1.0928541704628577e-06,2.0046824969755275e-07,0
373,4.5718517507976276e-07,1.0928541704628577e-06,2.0367782492023716e-07,0
374,1.4002784009381474e-06,1.0928541704628577e-06,1.1709159906185249e-07,0
375,4.9444882631674814e-06,1.0928541704628577e-06,-1.2346826316748163e-07,0
376,1.4170978860337673e-05,1.0928541704628577e-06,4.092113966232685e-08,0
377,3.0342835167783006e-05,1.0928541704628577e-06,1.623864832216994e-06,0
378,4.8729843027379134e-05,1.0928541704628577e-06,3.6411569726208702e-06,0
379,6.08581170333607e-05,1.0928541704628577e-06,3.250382966639301e-06,0
380,6.0605492561607326e-05,1.0928541704628577e-06,1.1990743839267388e-07,0
381,4.715703235922078e-05,1.0928541704628577e-06,-3.0939323592207795e-06,0
382,2.7079904331968687e-05,1.0928541704628577e-06,-4.025304331968686e-06,1
383,1.0727602113792064e-05,1.0928541704628577e-06,-2.655202113792063e-06,1
384,2.407547199456151e-07,1.0928541704628577e-06,-6.57337199456151e-08,0
385,1.6924718029061822e-07,1.0928541704628577e-06,-2.3674180290618217e-08,0
386,6.850860820094327e-08,1.0928541704628577e-06,8.974591799056721e-09,0
387,1.784551464286243e-08,1.0928541704628577e-06,1.4301985357137569e-08,0
388,4.2787252133842975e-09,1.0928541704628577e-06,9.547974786615704e-09,0
389,3.425692336950437e-09,1.0928541704628577e-06,6.606307663049563e-09,0
390,2.687635290378133e-08,1.0928541704628577e-06,-1.0873529037813305e-09,0
391,2.2701645285335718e-07,1.0928541704628577e-06,-6.16614528533572e-08,0
392,1.2456524160287157e-06,1.0928541704628577e-06,-2.5734641602871556e-07,0
393,4.4479219361524085e-06,1.0928541704628577e-06,-4.3440193615240903e-07,0
394,1.069576293174012e-05,1.0928541704628577e-06,-1.4496293174012022e-07,0
395,1.784154603051868e-05,1.0928541704628577e-06,2.710539694813206e-07,0
396,2.0937188361418083e-05,1.0928541704628577e-06,-1.964883614180804e-07,0
397,1.7223660906011234e-05,1.0928541704628577e-06,-1.1256609060112337e-06,0
398,9.79404003945528e-06,1.0928541704628577e-06,-1.2362900394552805e-06,0
399,3.818499305607582e-06,1.0928541704628577e-06,-6.293893056075822e-07,0
400,1.0470650925338007e-06,1.0928541704628577e-06,-1.451530925338008e-07,0
401,2.2920229294877147e-07,1.0928541704628577e-06,1.4282707051228571e-08,0
402,6.015268154973131e-08,1.0928541704628577e-06,3.0853818450268693e-08,0
403,3.1320666353073004e-08,1.0928541704628577e-06,2.3954533646926997e-08,0
404,3.571655994429627e-08,1.0928541704628577e-06,2.5035940055703733e-08,0
405,1.2563178147126748e-07,1.0928541704628577e-06,2.068121852873252e-08,0
406,5.886715956225377e-07,1.0928541704628577e-06,-1.980059562253771e-08,0
407,2.211475049226028e-06,1.0928541704628577e-06,-4.110504922602811e-08,0
408,6.135858115493247e-06,1.0928541704628577e-06,2.246218845067524e-07,0
409,1.2393940396201273e-05,1.0928541704628577e-06,8.864596037987258e-07,0
410,1.8682755477205312e-05,1.0928541704628577e-06,1.1107445227946877e-06,0
411,2.1865453176182505e-05,1.0928541704628577e-06,-5.4753176182503695e-08,0
412,2.00083357019146e-05,1.0928541704628577e-06,-1.8135357019145985e-06,0
413,1.3753162278902317e-05,1.0928541704628577e-06,-2.461962278902317e-06,1
414,6.696302759725484e-06,1.0928541704628577e-06,-1.7302227597254838e-06,1
415,2.182879102010804e-06,1.0928541704628577e-06,-7.118991020108042e-07,1
416,3.26292822152787e-08,1.0928541704628577e-06,-1.4211682215278704e-08,0
417,2.0962718938366697e-08,1.0928541704628577e-06,-7.572318938366697e-09,0
418,7.09039549358861e-09,1.0928541704628577e-06,-5.114654935886098e-10,0
419,1.2948704717146945e-09,1.0928541704628577e-06,1.7011895282853052e-09,0
420,1.8291150296834932e-10,1.0928541704628577e-06,1.8970084970316506e-09,0
421,8.453462203548694e-10,1.0928541704628577e-06,2.4703637796451304e-09,0
422,1.1008611247910412e-08,1.0928541704628577e-06,2.1298875208958946e-10,0
423,8.703310153610001e-08,1.0928541704628577e-06,-1.830500153610001e-08,0
424,4.225286569482297e-07,1.0928541704628577e-06,-6.416565694822966e-08,0
425,1.3213949054846877e-06,1.0928541704628577e-06,-8.873490548468769e-08,0
426,2.7713204923067685e-06,1.0928541704628577e-06,-4.6090492306768754e-08,0
427,3.959074945504323e-06,1.0928541704628577e-06,-6.114494550432344e-08,0
428,3.8316497612445616e-06,1.0928541704628577e-06,-1.758097612445615e-07,0
429,2.4818157044122657e-06,1.0928541704628577e-06,-2.0527570441226526e-07,0
430,1.0683258759806778e-06,1.0928541704628577e-06,-1.1396487598067786e-07,0
431,3.0775549111929003e-07,1.0928541704628577e-06,-2.9149491119290005e-08,0
432,6.206012219611619e-08,1.0928541704628577e-06,-7.650221961161928e-10,0
433,1.032110938501214e-08,1.0928541704628577e-06,2.74529061498786e-09,0
434,2.262359610513827e-09,1.0928541704628577e-06,2.644130389486173e-09,0
435,1.7662695720385656e-09,1.0928541704628577e-06,2.109990427961435e-09,0
436,8.523291128520989e-09,1.0928541704628577e-06,-4.718611285209886e-10,0
437,4.8453907271980015e-08,1.0928541704628577e-06,-9.622407271980015e-09,0
438,2.0286081014861125e-07,1.0928541704628577e-06,-1.136081014861126e-08,0
439,6.612999995598703e-07,1.0928541704628577e-06,4.96970004401297e-08,0
440,1.6531075904809245e-06,1.0928541704628577e-06,1.9703240951907568e-07,0
441,3.0343814068080942e-06,1.0928541704628577e-06,3.2211859319190575e-07,0
442,4.1553454526003515e-06,1.0928541704628577e-06,1.852545473996489e-07,0
443,4.410180165005742e-06,1.0928541704628577e-06,-2.889101650057423e-07,0
444,3.5995379856242134e-06,1.0928541704628577e-06,-6.912679856242136e-07,1
445,2.1372177851294763e-06,1.0928541704628577e-06,-6.374877851294765e-07,1
446,8.672541772936682e-07,1.0928541704628577e-06,-3.2024517729366823e-07,1
447,2.2839627573503327e-07,1.0928541704628577e-06,-9.098527573503328e-08,0
448,2.854001856910532e-09,1.0928541704628577e-06,-2.138561856910532e-09,1
449,1.5182529695074998e-09,1.0928541704628577e-06,-1.0941379695074997e-09,1
450,4.058487984711497e-10,1.0928541704628577e-06,-2.140807984711497e-10,0
451,5.4805255384980174e-11,1.0928541704628577e-06,6.499974461501984e-11,0
452,1.4253484326237787e-11,1.0928541704628577e-06,2.2389351567376224e-10,0
453,2.1376504244651682e-10,1.0928541704628577e-06,5.267479575534831e-10,0
454,2.4388274524601344e-09,1.0928541704628577e-06,9.802325475398656e-10,0
455,1.640237896633999e-08,1.0928541704628577e-06,1.9634210336600083e-09,0
456,6.917386218236607e-08,1.0928541704628577e-06,5.793337817633925e-09,0
457,1.9257776589784398e-07,1.0928541704628577e-06,1.661923410215601e-08,0
458,3.583842956941953e-07,1.0928541704628577e-06,2.564070430580475e-08,0
459,4.363688855196585e-07,1.0928541704628577e-06,2.1389114480341502e-08,0
460,3.3766216434666304e-07,1.0928541704628577e-06,1.8273835653337006e-08,0
461,1.6318610170030554e-07,1.0928541704628577e-06,1.8411898299694465e-08,0
462,4.9521017953423964e-08,1.0928541704628577e-06,1.2423782046576041e-08,0
463,9.760021261167724e-09,1.0928541704628577e-06,5.008178738832275e-09,0
464,1.3460630765456698e-09,1.0928541704628577e-06,1.2149669234543304e-09,0
465,1.586909951192243e-10,1.0928541704628577e-06,3.0362600488077567e-10,0
466,6.899149197337869e-11,1.0928541704628577e-06,1.7472850802662133e-10,0
467,5.744360589820452e-10,1.0928541704628577e-06,-2.6468505898204523e-10,0
468,3.913942933130339e-09,1.0928541704628577e-06,-2.2004329331303393e-09,0
469,1.6171570440407835e-08,1.0928541704628577e-06,-4.674170440407835e-09,0
470,4.988757214704992e-08,1.0928541704628577e-06,4.1076278529500776e-09,0
471,1.365392888031435e-07,1.0928541704628577e-06,3.428271119685649e-08,0
472,3.022107359928515e-07,1.0928541704628577e-06,6.49312640071485e-08,0
473,4.834384318628817e-07,1.0928541704628577e-06,6.580556813711827e-08,0
474,5.697800777052011e-07,1.0928541704628577e-06,2.0007922294798976e-08,0
475,5.223370074514244e-07,1.0928541704628577e-06,-5.8242007451424355e-08,0
476,3.675260166006043e-07,1.0928541704628577e-06,-1.0014001660060428e-07,1
477,1.848756554568379e-07,1.0928541704628577e-06,-7.384465545683789e-08,1
478,6.211581516163861e-08,1.0928541704628577e-06,-2.9188615161638613e-08,1
479,1.3224786174885528e-08,1.0928541704628577e-06,-6.292836174885528e-09,0
480,7.759098136314566e-11,1.0928541704628577e-06,-7.032652136314566e-11,1
481,3.1691757535601594e-11,1.0928541704628577e-06,-2.8284927535601594e-11,1
482,6.4343581580934326e-12,1.0928541704628577e-06,-4.622648158093433e-12,1
483,7.198349420154961e-13,1.0928541704628577e-06,3.5143450579845045e-12,0
484,1.3906509970796606e-12,1.0928541704628577e-06,2.164694900292034e-11,0
485,2.110970561911305e-11,1.0928541704628577e-06,1.3840229438088695e-10,0
486,1.9820759501581375e-10,1.0928541704628577e-06,7.79041404984186e-10,0
487,1.1799617304109596e-09,1.0928541704628577e-06,2.8719282695890397e-09,0
488,4.722441248415192e-09,1.0928541704628577e-06,7.098358751584807e-09,0
489,1.2645190560162971e-08,1.0928541704628577e-06,1.337800943983703e-08,0
490,2.1546235972448856e-08,1.0928541704628577e-06,1.926236402755114e-08,0
491,2.2223131448099218e-08,1.0928541704628577e-06,1.992196855190078e-08,0
492,1.34082716050402e-08,1.0928541704628577e-06,1.4895028394959801e-08,0
493,4.656413936309497e-09,1.0928541704628577e-06,8.239686063690506e-09,0
494,9.399134729462789e-10,1.0928541704628577e-06,3.3452365270537208e-09,0
495,1.1588314306935612e-10,1.0928541704628577e-06,9.054268569306439e-10,0
496,1.0385404636780344e-11,1.0928541704628577e-06,1.4250559536321966e-10,0
497,6.648794675253902e-12,1.0928541704628577e-06,1.2948905324746096e-11,0
498,3.3549999327829586e-11,1.0928541704628577e-06,-1.8542199327829585e-11,0
499,1.6118326542148525e-10,1.0928541704628577e-06,-7.648916542148526e-11,0
500,6.621120550037115e-10,1.0928541704628577e-06,3.384594499628862e-11,0
501,2.2883626323968548e-09,1.0928541704628577e-06,1.5833473676031453e-09,0
502,7.96153457933665e-09,1.0928541704628577e-06,6.150665420663351e-09,0
503,2.383371763266917e-08,1.0928541704628577e-06,1.0464382367330829e-08,0
504,4.8121500035032825e-08,1.0928541704628577e-06,8.925899964967178e-09,0
505,6.360768109222188e-08,1.0928541704628577e-06,3.342018907778117e-09,0
506,5.917276551400634e-08,1.0928541704628577e-06,-1.8725655140063433e-09,0
507,4.140919328023917e-08,1.0928541704628577e-06,-5.397093280239175e-09,0
508,2.179782601055865e-08,1.0928541704628577e-06,-5.679126010558651e-09,0
509,8.201197456750541e-09,1.0928541704628577e-06,-3.1242774567505402e-09,0
510,2.092100547357903e-09,1.0928541704628577e-06,-9.089405473579028e-10,0
511,3.429180279744024e-10,1.0928541704628577e-06,-1.3566802797440239e-10,0
512,7.060301010987629e-13,1.0928541704628577e-06,2.435919898901237e-12,0
513,1.8126499092132927e-12,1.0928541704628577e-06,1.5063050090786708e-11,0
514,6.499276177120707e-12,1.0928541704628577e-06,5.0767523822879294e-11,0
515,1.4899546815781732e-11,1.0928541704628577e-06,1.2384845318421826e-10,0
516,2.0570064550391137e-11,1.0928541704628577e-06,2.414229354496088e-10,0
517,1.722497151098621e-11,1.0928541704628577e-06,4.6362702848901377e-10,0
518,1.2680813266656641e-11,1.0928541704628577e-06,1.4874891867333435e-09,0
519,3.330722665219793e-11,1.0928541704628577e-06,4.833732773347801e-09,0
520,1.3234176277846596e-10,1.0928541704628577e-06,9.750698237221535e-09,0
521,3.4457132290424464e-10,1.0928541704628577e-06,1.2485928677095755e-08,0
522,5.232110480652073e-10,1.0928541704628577e-06,1.0606088951934792e-08,0
523,4.443341746380657e-10,1.0928541704628577e-06,5.844485825361934e-09,0
524,2.0553068634490248e-10,1.0928541704628577e-06,2.340709313655097e-09,0
525,5.140995011156361e-11,1.0928541704628577e-06,9.111750498884363e-10,0
526,8.688427740756993e-12,1.0928541704628577e-06,3.2736957225924307e-10,0
527,1.0750758350555482e-11,1.0928541704628577e-06,9.221624164944452e-11,0
528,7.884457326646198e-11,1.0928541704628577e-06,4.1934426733538e-11,0
529,4.3473101321912163e-10,1.0928541704628577e-06,-1.6823901321912164e-10,0
530,1.3491878163687338e-09,1.0928541704628577e-06,-8.673398163687337e-10,1
531,2.461612714562921e-09,1.0928541704628577e-06,-1.097252714562921e-09,0
532,3.042806896773216e-09,1.0928541704628577e-06,1.685693103226784e-09,0
533,2.905592082691732e-09,1.0928541704628577e-06,8.093807917308267e-09,0
534,2.659579129400627e-09,1.0928541704628577e-06,1.3520920870599373e-08,0
535,3.4618419356327867e-09,1.0928541704628577e-06,1.4007058064367214e-08,1
536,4.875044548290616e-09,1.0928541704628577e-06,1.0677455451709383e-08,1
537,5.061896707151743e-09,1.0928541704628577e-06,6.2852032928482584e-09,0
538,3.550203091644322e-09,1.0928541704628577e-06,2.814946908355677e-09,0
539,1.6667228891760053e-09,1.0928541704628577e-06,8.558971108239944e-10,0
540,5.399429154775829e-10,1.0928541704628577e-06,1.544470845224171e-10,0
541,1.2632319779381777e-10,1.0928541704628577e-06,1.703680220618224e-11,0
542,2.1531595768855295e-11,1.0928541704628577e-06,3.954704231144705e-12,0
543,2.5250343291537027e-12,1.0928541704628577e-06,2.393915670846297e-12,0
544,6.535072389128724e-11,1.0928541704628577e-06,2.2642327610871276e-10,0
545,3.1784587907927146e-10,1.0928541704628577e-06,7.780941209207286e-10,0
546,9.058305229386697e-10,1.0928541704628577e-06,1.7662394770613305e-09,0
547,1.5451468239341755e-09,1.0928541704628577e-06,2.9680431760658245e-09,0
548,1.5881387537918905e-09,1.0928541704628577e-06,3.78406124620811e-09,0
549,9.692693616173593e-10,1.0928541704628577e-06,4.20185063838264e-09,0
550,3.4251890822658213e-10,1.0928541704628577e-06,6.5105110917734175e-09,0
551,6.948999188168993e-11,1.0928541704628577e-06,1.2411410008118309e-08,0
552,9.462483014642175e-12,1.0928541704628577e-06,1.705173751698536e-08,0
553,3.774155929149989e-12,1.0928541704628577e-06,1.505432584407085e-08,0
554,4.146183318563069e-12,1.0928541704628577e-06,8.532273816681437e-09,0
555,3.6666722922141054e-12,1.0928541704628577e-06,3.0380433277077863e-09,0
556,1.2607367178081204e-11,1.0928541704628577e-06,7.553226328219188e-10,0
557,7.744091383490583e-11,1.0928541704628577e-06,3.106060861650942e-10,0
558,2.9269566673892716e-10,1.0928541704628577e-06,4.325813332610727e-10,0
559,8.67141897745341e-10,1.0928541704628577e-06,1.145778102254659e-09,0
560,3.0799765799124603e-09,1.0928541704628577e-06,1.8560034200875394e-09,0
561,1.0616782051444869e-08,1.0928541704628577e-06,-1.7945420514448688e-09,0
562,2.541328428451065e-08,1.0928541704628577e-06,-1.0614484284510651e-08,0
563,4.1490721786127756e-08,1.0928541704628577e-06,-9.398521786127751e-09,0
564,4.9925745883874905e-08,1.0928541704628577e-06,1.4834154116125095e-08,0
565,4.31053739298402e-08,1.0928541704628577e-06,4.415972607015981e-08,0
566,2.4154660828690324e-08,1.0928541704628577e-06,5.113483917130967e-08,0
567,8.249711917423183e-09,1.0928541704628577e-06,3.9315588082576826e-08,1
568,1.7482061426821779e-09,1.0928541704628577e-06,2.4919193857317828e-08,1
569,3.0697517077432217e-10,1.0928541704628577e-06,1.3910724829225677e-08,0
570,7.989435516212263e-11,1.0928541704628577e-06,6.498125644837878e-09,0
571,2.2329711748173988e-11,1.0928541704628577e-06,2.4791102882518265e-09,0
572,4.31098957181696e-12,1.0928541704628577e-06,8.182900104281831e-10,0
573,7.861203481200493e-13,1.0928541704628577e-06,2.5603287965187996e-10,0
574,5.183102515155543e-13,1.0928541704628577e-06,1.600196897484844e-10,0
575,4.831304495632156e-13,1.0928541704628577e-06,1.6504086955043678e-10,0
576,3.7359877983502914e-09,1.0928541704628577e-06,3.258632201649709e-09,0
577,1.3554337437909195e-08,1.0928541704628577e-06,7.534662562090806e-09,0
578,2.9168308055884325e-08,1.0928541704628577e-06,1.2767891944115679e-08,0
579,3.8144450360498505e-08,1.0928541704628577e-06,1.8870149639501498e-08,0
580,3.0747346204175606e-08,1.0928541704628577e-06,2.370025379582439e-08,0
581,1.538370410036126e-08,1.0928541704628577e-06,2.6084995899638736e-08,0
582,4.8214407618098575e-09,1.0928541704628577e-06,2.8162359238190144e-08,0
583,9.601208475810226e-10,1.0928541704628577e-06,3.0708679152418974e-08,0
584,1.236767624984456e-10,1.0928541704628577e-06,2.9089923237501556e-08,0
585,1.0879158188913028e-11,1.0928541704628577e-06,2.143002084181109e-08,0
586,4.659458529011762e-12,1.0928541704628577e-06,1.2207240541470988e-08,0
587,7.43358786172588e-11,1.0928541704628577e-06,6.0684341213827425e-09,0
588,7.342621383887973e-10,1.0928541704628577e-06,4.226507861611204e-09,0
589,3.9495867063502345e-09,1.0928541704628577e-06,4.834733293649766e-09,0
590,1.2808960181540897e-08,1.0928541704628577e-06,7.868639818459103e-09,0
591,3.0968500022251744e-08,1.0928541704628577e-06,1.612929997774826e-08,0
592,7.098887161734057e-08,1.0928541704628577e-06,1.7442628382659422e-08,0
593,1.5273763857203776e-07,1.0928541704628577e-06,-1.4201638572037766e-08,0
594,2.624375762738183e-07,1.0928541704628577e-06,-3.933257627381827e-08,0
595,3.453670136306165e-07,1.0928541704628577e-06,3.42199863693835e-08,0
596,3.537578723617951e-07,1.0928541704628577e-06,1.6751712763820482e-07,0
597,2.645875764865458e-07,1.0928541704628577e-06,2.2367342351345413e-07,0
598,1.3018450821281106e-07,1.0928541704628577e-06,1.7771149178718893e-07,0
599,3.9792105851806494e-08,1.0928541704628577e-06,1.078938941481935e-07,0
600,7.839932299218696e-09,1.0928541704628577e-06,6.07640677007813e-08,0
601,1.2681015162564367e-09,1.0928541704628577e-06,3.415989848374357e-08,0
602,2.5124160058707313e-10,1.0928541704628577e-06,1.8629358399412923e-08,0
603,5.486310671785164e-11,1.0928541704628577e-06,9.176896893282147e-09,0
604,2.5748862129111265e-11,1.0928541704628577e-06,4.059841137870889e-09,0
605,5.5603866472788666e-11,1.0928541704628577e-06,2.8988261335272114e-09,0
606,8.701458517920869e-11,1.0928541704628577e-06,3.988405414820791e-09,0
607,7.920847600607324e-11,1.0928541704628577e-06,4.421701523993926e-09,0
608,6.124831381540853e-08,1.0928541704628577e-06,2.1087486184591466e-08,0
609,1.705341157829499e-07,1.0928541704628577e-06,4.8835884217050106e-08,0
610,2.8850207850537855e-07,1.0928541704628577e-06,8.731992149462144e-08,0
611,3.0729079232720344e-07,1.0928541704628577e-06,1.2631120767279653e-07,0
612,2.1359445988664944e-07,1.0928541704628577e-06,1.4457354011335054e-07,0
613,9.95886874554824e-08,1.0928541704628577e-06,1.349953125445176e-07,0
614,3.153054651324116e-08,1.0928541704628577e-06,1.0769145348675885e-07,0
615,6.902190034481855e-09,1.0928541704628577e-06,7.829510996551815e-08,0
616,1.1116040302689095e-09,1.0928541704628577e-06,5.324279596973109e-08,0
617,1.5541789717359175e-10,1.0928541704628577e-06,3.516448210282641e-08,0
618,1.838779764268057e-10,1.0928541704628577e-06,2.7877922023573193e-08,0
619,2.0152446084779085e-09,1.0928541704628577e-06,3.3313955391522086e-08,0
620,1.513163333982065e-08,1.0928541704628577e-06,4.9141066660179356e-08,0
621,6.851773737501263e-08,1.0928541704628577e-06,6.568226262498737e-08,0
622,2.0228626523621388e-07,1.0928541704628577e-06,7.211873476378613e-08,0
623,4.507953822129162e-07,1.0928541704628577e-06,5.2117617787083824e-08,0
624,8.642022891190534e-07,1.0928541704628577e-06,-6.57002891190534e-08,0
625,1.4203552100307106e-06,1.0928541704628577e-06,-2.718252100307107e-07,0
626,1.8463465281041802e-06,1.0928541704628577e-06,-2.1135652810418025e-07,0
627,1.8503127590645199e-06,1.0928541704628577e-06,2.9162724093548015e-07,0
628,1.4455515684998213e-06,1.0928541704628577e-06,7.155184315001787e-07,0
629,8.522502515385806e-07,1.0928541704628577e-06,6.683297484614193e-07,0
630,3.588744803266178e-07,1.0928541704628577e-06,4.0525351967338226e-07,0
631,1.0952438922563288e-07,1.0928541704628577e-06,2.2526661077436714e-07,0
632,2.8434910519202567e-08,1.0928541704628577e-06,1.408360894807974e-07,0
633,7.932018295252602e-09,1.0928541704628577e-06,9.45319817047474e-08,0
634,2.2352063886390286e-09,1.0928541704628577e-06,6.168559361136097e-08,0
635,7.441497737664975e-10,1.0928541704628577e-06,3.62774502262335e-08,0
636,1.327303772426291e-09,1.0928541704628577e-06,2.532309622757371e-08,0
637,2.977763186896674e-09,1.0928541704628577e-06,3.4404136813103334e-08,0
638,4.1794804876106094e-09,1.0928541704628577e-06,5.3200919512389386e-08,0
639,3.8518495345802304e-09,1.0928541704628577e-06,5.6138850465419765e-08,0
640,4.2385394836559525e-07,1.0928541704628577e-06,1.2135805163440475e-07,0
641,9.37959503391642e-07,1.0928541704628577e-06,2.9340049660835814e-07,0
642,1.295838594927787e-06,1.0928541704628577e-06,4.65521405072213e-07,0
643,1.1712510954810108e-06,1.0928541704628577e-06,5.376389045189892e-07,0
644,7.252846670348361e-07,1.0928541704628577e-06,4.875453329651638e-07,0
645,3.2032116720950497e-07,1.0928541704628577e-06,3.66878832790495e-07,0
646,1.0702205174622098e-07,1.0928541704628577e-06,2.3778894825377902e-07,0
647,2.949363062922957e-08,1.0928541704628577e-06,1.4271536937077044e-07,0
648,7.0985002454392536e-09,1.0928541704628577e-06,9.060159975456075e-08,0
649,2.276963482938398e-09,1.0928541704628577e-06,7.91456365170616e-08,0
650,5.4174446909873305e-09,1.0928541704628577e-06,1.2141355530901269e-07,0
651,3.21871708471292e-08,1.0928541704628577e-06,2.313588291528708e-07,0
652,1.6160435518181352e-07,1.0928541704628577e-06,3.797986448181865e-07,1
653,5.740435934339786e-07,1.0928541704628577e-06,4.616564065660213e-07,1
654,1.4677280482335516e-06,1.0928541704628577e-06,3.3679195176644837e-07,0
655,2.920007417018388e-06,1.0928541704628577e-06,-9.366741701838773e-08,0
656,4.7515881192759466e-06,1.0928541704628577e-06,-8.229981192759465e-07,0
657,6.230098353559576e-06,1.0928541704628577e-06,-1.317108353559576e-06,0
658,6.367774402042354e-06,1.0928541704628577e-06,-6.930944020423533e-07,0
659,5.033732920122292e-06,1.0928541704628577e-06,6.720870798777084e-07,0
660,3.096326136130893e-06,1.0928541704628577e-06,1.3373138638691074e-06,0
661,1.4809260197629886e-06,1.0928541704628577e-06,1.0235239802370112e-06,0
662,5.576639835162523e-07,1.0928541704628577e-06,5.706360164837478e-07,0
663,1.7725299563369196e-07,1.0928541704628577e-06,3.712750043663081e-07,0
664,5.545701944573081e-08,1.0928541704628577e-06,2.9337498055426924e-07,0
665,1.889582549912396e-08,1.0928541704628577e-06,2.3610817450087603e-07,0
666,7.822519638951185e-09,1.0928541704628577e-06,1.7880148036104883e-07,0
667,1.0881139995720708e-08,1.0928541704628577e-06,1.3208486000427927e-07,0
668,2.663127964543088e-08,1.0928541704628577e-06,1.4486772035456912e-07,0
669,5.010716649711104e-08,1.0928541704628577e-06,2.4613983350288895e-07,0
670,6.778306813806347e-08,1.0928541704628577e-06,3.4689393186193657e-07,0
671,6.470854906349848e-08,1.0928541704628577e-06,3.021384509365015e-07,0
672,1.3978176915920264e-06,1.0928541704628577e-06,3.0152230840797387e-07,0
673,2.5563440673851e-06,1.0928541704628577e-06,6.593559326149e-07,0
674,2.978034015694047e-06,1.0928541704628577e-06,9.107259843059528e-07,0
675,2.329806162559224e-06,1.0928541704628577e-06,9.323838374407759e-07,0
676,1.3050542655711126e-06,1.0928541704628577e-06,7.381457344288872e-07,0
677,5.794563439281005e-07,1.0928541704628577e-06,4.565936560718995e-07,0
678,2.3167312585021773e-07,1.0928541704628577e-06,2.3690287414978225e-07,0
679,8.558668350499037e-08,1.0928541704628577e-06,1.3423631649500962e-07,0
680,3.074762235464844e-08,1.0928541704628577e-06,1.2160237764535154e-07,0
681,2.5474812639299534e-08,1.0928541704628577e-06,2.0103818736070045e-07,0
682,6.803799119549069e-08,1.0928541704628577e-06,4.3641800880450926e-07,1
683,2.507530181833354e-07,1.0928541704628577e-06,8.486269818166644e-07,1
684,8.446986164244897e-07,1.0928541704628577e-06,1.3128213835755105e-06,1
685,2.2987377301337007e-06,1.0928541704628577e-06,1.4927322698662993e-06,1
686,4.965125047095411e-06,1.0928541704628577e-06,9.973549529045897e-07,0
687,8.559061455226388e-06,1.0928541704628577e-06,-2.3380145522638742e-07,0
688,1.1637207894976633e-05,1.0928541704628577e-06,-1.5812078949766335e-06,0
689,1.2323407904315575e-05,1.0928541704628577e-06,-1.8313079043155744e-06,0
690,1.0223216820328957e-05,1.0928541704628577e-06,-5.72946820328958e-07,0
691,6.689473591213109e-06,1.0928541704628577e-06,8.791364087868925e-07,0
692,3.431631970156593e-06,1.0928541704628577e-06,1.251748029843407e-06,0
693,1.3799553592678332e-06,1.0928541704628577e-06,8.930246407321668e-07,1
694,4.5162882392091295e-07,1.0928541704628577e-06,6.06721176079087e-07,0
695,1.3379702513425374e-07,1.0928541704628577e-06,5.239639748657462e-07,0
696,4.811309028584463e-08,1.0928541704628577e-06,4.842199097141554e-07,0
697,3.4433366157200685e-08,1.0928541704628577e-06,4.2825263384279933e-07,0
698,5.7979849734075964e-08,1.0928541704628577e-06,3.40763150265924e-07,0
699,1.2394690006291197e-07,1.0928541704628577e-06,2.83308099937088e-07,0
700,2.29867907696198e-07,1.0928541704628577e-06,4.162680923038021e-07,0
701,3.550581488137185e-07,1.0928541704628577e-06,7.227618511862817e-07,0
702,4.397391733943163e-07,1.0928541704628577e-06,8.488908266056837e-07,0
703,3.857235289890788e-07,1.0928541704628577e-06,5.842384710109212e-07,0
704,2.06780800938042e-06,1.0928541704628577e-06,3.416819906195802e-07,0
705,3.300040327472324e-06,1.0928541704628577e-06,6.538196725276755e-07,0
706,3.45491615607865e-06,1.0928541704628577e-06,8.276238439213505e-07,0
707,2.531616601438541e-06,1.0928541704628577e-06,7.994233985614591e-07,0
708,1.4296186807029086e-06,1.0928541704628577e-06,5.450313192970916e-07,0
709,7.17793294187233e-07,1.0928541704628577e-06,2.2693770581276706e-07,0
710,3.430486022182893e-07,1.0928541704628577e-06,6.258839778171071e-08,0
711,1.448654951376141e-07,1.0928541704628577e-06,6.668650486238592e-08,0
712,7.55096515521366e-08,1.0928541704628577e-06,1.494903484478634e-07,0
713,1.052710096191718e-07,1.0928541704628577e-06,3.545089903808282e-07,0
714,2.639985755544797e-07,1.0928541704628577e-06,7.843514244455202e-07,1
715,7.484444448463377e-07,1.0928541704628577e-06,1.4340555551536621e-06,1
716,1.950075487801073e-06,1.0928541704628577e-06,2.084204512198928e-06,1
717,4.401187434367548e-06,1.0928541704628577e-06,2.266072565632453e-06,1
718,8.268719607628729e-06,1.0928541704628577e-06,1.6687203923712699e-06,0
719,1.2406240475378484e-05,1.0928541704628577e-06,4.6065952462151616e-07,0
720,1.4387548907093604e-05,1.0928541704628577e-06,-6.156489070936032e-07,0
721,1.2853673203511756e-05,1.0928541704628577e-06,-6.561732035117562e-07,0
722,9.107534784108982e-06,1.0928541704628577e-06,1.0767521589101791e-07,0
723,5.215904235503608e-06,1.0928541704628577e-06,6.315657644963917e-07,0
724,2.3569010414254156e-06,1.0928541704628577e-06,6.277189585745843e-07,0
725,8.342056064806878e-07,1.0928541704628577e-06,4.759143935193123e-07,0
726,2.5454664394149836e-07,1.0928541704628577e-06,4.3119835605850167e-07,0
727,8.640689701282696e-08,1.0928541704628577e-06,4.6592410298717305e-07,0
728,7.303333084634723e-08,1.0928541704628577e-06,4.7001566915365276e-07,0
729,1.570104452167376e-07,1.0928541704628577e-06,3.776225547832624e-07,0
730,3.39656948866613e-07,1.0928541704628577e-06,1.94605051133387e-07,0
731,6.079614368429271e-07,1.0928541704628577e-06,8.807956315707298e-08,0
732,9.15031046760141e-07,1.0928541704628577e-06,2.5060895323985893e-07,0
733,1.1795385116409758e-06,1.0928541704628577e-06,5.234714883590241e-07,0
734,1.230395780378902e-06,1.0928541704628577e-06,5.337442196210982e-07,0
735,9.089541539823945e-07,1.0928541704628577e-06,2.731058460176056e-07,0
736,1.6265433052795534e-06,1.0928541704628577e-06,1.6704669472044665e-07,0
737,2.468242678698304e-06,1.0928541704628577e-06,2.6133732130169546e-07,0
738,2.563861282410067e-06,1.0928541704628577e-06,3.1154871758993294e-07,0
739,1.9836222464671984e-06,1.0928541704628577e-06,2.611877535328016e-07,0
740,1.2674132688090672e-06,1.0928541704628577e-06,6.358673119093282e-08,0
741,7.20310026232186e-07,1.0928541704628577e-06,-9.679002623218602e-08,0
742,3.4938730233948825e-07,1.0928541704628577e-06,-7.372330233948823e-08,0
743,1.408477192183933e-07,1.0928541704628577e-06,3.607128078160671e-08,0
744,8.161429459381271e-08,1.0928541704628577e-06,1.5720070540618726e-07,0
745,1.3834312594297376e-07,1.0928541704628577e-06,3.5707187405702615e-07,1
746,3.7013503693217135e-07,1.0928541704628577e-06,7.003649630678287e-07,1
747,9.757895541463023e-07,1.0928541704628577e-06,1.1568404458536978e-06,1
748,2.3077481854820974e-06,1.0928541704628577e-06,1.5414218145179025e-06,1
749,4.796216531645397e-06,1.0928541704628577e-06,1.7023034683546028e-06,1
750,8.280531191455417e-06,1.0928541704628577e-06,1.6625388085445837e-06,1
751,1.1200935675342183e-05,1.0928541704628577e-06,1.2634643246578172e-06,0
752,1.1464779345524199e-05,1.0928541704628577e-06,6.013206544758007e-07,0
753,8.945434180499235e-06,1.0928541704628577e-06,2.955358195007646e-07,0
754,5.606138650911037e-06,1.0928541704628577e-06,2.939013490889634e-07,0
755,2.9054015242764e-06,1.0928541704628577e-06,2.2453847572359997e-07,0
756,1.209597974642374e-06,1.0928541704628577e-06,1.3779202535762594e-07,0
757,4.154343013211697e-07,1.0928541704628577e-06,1.2584469867883027e-07,0
758,1.3711299085772537e-07,1.0928541704628577e-06,1.8375800914227464e-07,0
759,7.889850530041685e-08,1.0928541704628577e-06,2.3552649469958318e-07,0
760,1.7273242581416706e-07,1.0928541704628577e-06,1.8120757418583295e-07,0
761,4.335082227340416e-07,1.0928541704628577e-06,-3.503522273404162e-08,0
762,8.492455991165342e-07,1.0928541704628577e-06,-3.661885991165342e-07,0
763,1.3681603791016916e-06,1.0928541704628577e-06,-6.528243791016915e-07,1
764,1.8547873004436027e-06,1.0928541704628577e-06,-7.355273004436027e-07,0
765,2.0865699910625463e-06,1.0928541704628577e-06,-6.395799910625465e-07,0
766,1.8678903900292237e-06,1.0928541704628577e-06,-5.055603900292237e-07,0
767,1.2230739133368387e-06,1.0928541704628577e-06,-3.7094591333683866e-07,0
768,1.1376315224509262e-06,1.0928541704628577e-06,-1.6768552245092614e-07,0
769,1.7199100707150105e-06,1.0928541704628577e-06,-2.2702007071501065e-07,0
770,1.8542170665557998e-06,1.0928541704628577e-06,-2.3820706655579984e-07,0
771,1.5672171291484326e-06,1.0928541704628577e-06,-2.847271291484326e-07,0
772,1.0911902268348322e-06,1.0928541704628577e-06,-3.3152222683483215e-07,0
773,6.192941662146394e-07,1.0928541704628577e-06,-2.568661662146393e-07,0
774,2.737934679697644e-07,1.0928541704628577e-06,-1.0037946796976442e-07,0
775,9.372886708114439e-08,1.0928541704628577e-06,2.6047132918855608e-08,0
776,4.1346784391417085e-08,1.0928541704628577e-06,1.102912156085829e-07,0
777,7.758300502182049e-08,1.0928541704628577e-06,2.016629949781795e-07,1
778,2.4462483785089213e-07,1.0928541704628577e-06,3.313851621491079e-07,1
779,6.994984369425449e-07,1.0928541704628577e-06,4.84581563057455e-07,1
780,1.7637342399474019e-06,1.0928541704628577e-06,6.253157600525982e-07,1
781,3.7543669933624314e-06,1.0928541704628577e-06,7.998730066375692e-07,0
782,6.2455574419370624e-06,1.0928541704628577e-06,9.506225580629377e-07,0
783,7.702994240316574e-06,1.0928541704628577e-06,7.432657596834278e-07,0
784,6.8759152085796354e-06,1.0928541704628577e-06,3.4081479142036483e-07,0
785,4.5667368440302815e-06,1.0928541704628577e-06,1.8305315596971931e-07,0
786,2.448179472755508e-06,1.0928541704628577e-06,1.3291052724449246e-07,0
787,1.115975355245432e-06,1.0928541704628577e-06,5.510464475456789e-08,0
788,4.286690141398504e-07,1.0928541704628577e-06,1.8222985860149612e-08,0
789,1.4299733544157687e-07,1.0928541704628577e-06,3.643166455842314e-08,0
790,5.58328980842195e-08,1.0928541704628577e-06,6.724410191578051e-08,0
791,8.345955813861222e-08,1.0928541704628577e-06,4.965044186138778e-08,0
792,2.449290966136432e-07,1.0928541704628577e-06,-7.817609661364319e-08,0
793,5.947658538792435e-07,1.0928541704628577e-06,-3.703438538792435e-07,1
794,1.1543957876881007e-06,1.0928541704628577e-06,-8.301447876881008e-07,1
795,1.8442784624739159e-06,1.0928541704628577e-06,-1.3431524624739158e-06,1
796,2.3893399539281102e-06,1.0928541704628577e-06,-1.6564709539281102e-06,1
797,2.506276086700953e-06,1.0928541704628577e-06,-1.6273760867009532e-06,1
798,2.1298732777881198e-06,1.0928541704628577e-06,-1.3382992777881199e-06,1
799,1.357293163926265e-06,1.0928541704628577e-06,-8.72394163926265e-07,1
800,8.964164529104563e-07,1.0928541704628577e-06,-2.8362945291045626e-07,0
801,1.3660989194208931e-06,1.0928541704628577e-06,-3.998269194208931e-07,0
802,1.558590226631158e-06,1.0928541704628577e-06,-5.275302266311579e-07,0
803,1.4376919733019444e-06,1.0928541704628577e-06,-6.576789733019444e-07,1
804,1.0478160190935276e-06,1.0928541704628577e-06,-6.117900190935276e-07,1
805,5.590861591465325e-07,1.0928541704628577e-06,-3.6188615914653253e-07,1
806,2.1210764154959323e-07,1.0928541704628577e-06,-1.1909754154959323e-07,1
807,6.809586231622681e-08,1.0928541704628577e-06,-1.4082623162267998e-09,0
808,2.98602729405964e-08,1.0928541704628577e-06,4.5766527059403605e-08,0
809,3.444858928135135e-08,1.0928541704628577e-06,8.452841071864866e-08,1
810,1.1229569572344472e-07,1.0928541704628577e-06,1.2853330427655527e-07,1
811,3.935699248262949e-07,1.0928541704628577e-06,1.6175907517370504e-07,0
812,1.109079021474037e-06,1.0928541704628577e-06,1.8093097852596296e-07,0
813,2.311603149426168e-06,1.0928541704628577e-06,2.558568505738317e-07,0
814,3.479920006150428e-06,1.0928541704628577e-06,3.13889993849572e-07,0
815,3.758613470564915e-06,1.0928541704628577e-06,1.623065294350848e-07,0
816,2.904123292265793e-06,1.0928541704628577e-06,-1.5013292265793225e-08,0
817,1.6701139024502312e-06,1.0928541704628577e-06,-2.8353902450231342e-08,0
818,7.796656700801034e-07,1.0928541704628577e-06,7.720329919896622e-09,0
819,3.112634451479976e-07,1.0928541704628577e-06,2.4120554852002415e-08,0
820,1.0717972998820342e-07,1.0928541704628577e-06,3.029527001179658e-08,0
821,3.7904547249461505e-08,1.0928541704628577e-06,3.0720052750538494e-08,0
822,2.7312769185248422e-08,1.0928541704628577e-06,2.424153081475158e-08,0
823,6.576067804851817e-08,1.0928541704628577e-06,-1.3063778048518165e-08,0
824,2.1539349496862455e-07,1.0928541704628577e-06,-1.4831569496862454e-07,1
825,5.838004567938575e-07,1.0928541704628577e-06,-4.798454567938575e-07,1
826,1.2214241441491538e-06,1.0928541704628577e-06,-1.0524131441491537e-06,1
827,1.9627636433004032e-06,1.0928541704628577e-06,-1.6961356433004032e-06,1
828,2.4436627778298767e-06,1.0928541704628577e-06,-2.058840777829877e-06,1
829,2.4849174334500457e-06,1.0928541704628577e-06,-2.0168734334500458e-06,1
830,2.081974628156751e-06,1.0928541704628577e-06,-1.636542628156751e-06,1
831,1.2955619216559755e-06,1.0928541704628577e-06,-9.990929216559755e-07,1
832,7.470186047749799e-07,1.0928541704628577e-06,-2.2849260477497985e-07,0
833,1.2224128345926951e-06,1.0928541704628577e-06,-4.2744083459269503e-07,0
834,1.4774740686549068e-06,1.0928541704628577e-06,-6.844460686549068e-07,1
835,1.3866475159369058e-06,1.0928541704628577e-06,-8.467495159369057e-07,1
836,9.835147708901528e-07,1.0928541704628577e-06,-7.203927708901528e-07,1
837,5.08330843594031e-07,1.0928541704628577e-06,-4.0634884359403106e-07,1
838,2.093223984377913e-07,1.0928541704628577e-06,-1.662505984377913e-07,1
839,8.805473682513906e-08,1.0928541704628577e-06,-5.787423682513906e-08,1
840,3.94383972158585e-08,1.0928541704628577e-06,-4.3312972158585045e-09,0
841,2.4889236039489134e-08,1.0928541704628577e-06,3.3411063960510875e-08,0
842,7.023022356462642e-08,1.0928541704628577e-06,5.089177643537357e-08,0
843,2.485172980259662e-07,1.0928541704628577e-06,4.136970197403382e-08,0
844,6.287095460432096e-07,1.0928541704628577e-06,3.705045395679029e-08,0
845,1.1245368841299338e-06,1.0928541704628577e-06,7.044311587006611e-08,0
846,1.4547799110251297e-06,1.0928541704628577e-06,5.1890088974870255e-08,0
847,1.3681709380423389e-06,1.0928541704628577e-06,-5.131093804233885e-08,0
848,9.399295992061279e-07,1.0928541704628577e-06,-9.093959920612792e-08,0
849,4.917264968453222e-07,1.0928541704628577e-06,-3.977349684532217e-08,0
850,2.106589367964277e-07,1.0928541704628577e-06,1.2270063203572306e-08,0
851,7.938774561676401e-08,1.0928541704628577e-06,3.177025438323599e-08,0
852,3.425877084055478e-08,1.0928541704628577e-06,2.4593829159445214e-08,0
853,2.479325148696604e-08,1.0928541704628577e-06,1.0041348513033958e-08,0
854,2.5021008430133186e-08,1.0928541704628577e-06,3.80091569866813e-10,0
855,5.13661781013473e-08,1.0928541704628577e-06,-2.80422781013473e-08,1
856,1.7814088328369233e-07,1.0928541704628577e-06,-1.4754238328369232e-07,1
857,5.229577679922354e-07,1.0928541704628577e-06,-4.734930679922354e-07,1
858,1.105203101798605e-06,1.0928541704628577e-06,-1.026260201798605e-06,1
859,1.6975857043270831e-06,1.0928541704628577e-06,-1.567875704327083e-06,1
860,2.027008079953598e-06,1.0928541704628577e-06,-1.8202010799535981e-06,1
861,2.0309806565336264e-06,1.0928541704628577e-06,-1.7424886565336263e-06,1
862,1.680981996858449e-06,1.0928541704628577e-06,-1.366065996858449e-06,1
863,1.023419399001117e-06,1.0928541704628577e-06,-7.90431399001117e-07,1
864,8.029902796167907e-07,1.0928541704628577e-06,-3.248332796167907e-07,0
865,1.2647247969763165e-06,1.0928541704628577e-06,-5.736417969763165e-07,1
866,1.4596128855022611e-06,1.0928541704628577e-06,-8.241478855022611e-07,1
867,1.3241939342228615e-06,1.0928541704628577e-06,-9.288139342228616e-07,1
868,9.339999552021471e-07,1.0928541704628577e-06,-7.53417955202147e-07,1
869,5.157980077314025e-07,1.0928541704628577e-06,-4.4583700773140254e-07,1
870,2.408610585380997e-07,1.0928541704628577e-06,-2.1177645853809967e-07,1
871,1.0093615616478749e-07,1.0928541704628577e-06,-8.32241561647875e-08,1
872,3.9072835320631536e-08,1.0928541704628577e-06,-1.8290535320631536e-08,0
873,2.3165091254251397e-08,1.0928541704628577e-06,1.4151408745748605e-08,0
874,5.207513845723582e-08,1.0928541704628577e-06,3.166906154276416e-08,0
875,1.4962554003222187e-07,1.0928541704628577e-06,5.7531459967778114e-08,0
876,3.228095157896125e-07,1.0928541704628577e-06,1.0378848421038748e-07,0
877,5.183933860018376e-07,1.0928541704628577e-06,9.572561399816252e-08,0
878,6.179638978648517e-07,1.0928541704628577e-06,-1.972789786485174e-08,0
879,5.318044667637585e-07,1.0928541704628577e-06,-1.091414667637585e-07,0
880,3.283681974571394e-07,1.0928541704628577e-06,-7.72461974571394e-08,0
881,1.5320012130906642e-07,1.0928541704628577e-06,-8.10012130906643e-09,0
882,6.176385738267135e-08,1.0928541704628577e-06,2.3876042617328638e-08,0
883,2.5718890566310408e-08,1.0928541704628577e-06,2.617430943368959e-08,0
884,1.586920794248297e-08,1.0928541704628577e-06,1.5188492057517033e-08,0
885,1.813685835781821e-08,1.0928541704628577e-06,4.707416421817892e-10,0
886,2.5711384565433053e-08,1.0928541704628577e-06,-1.1460984565433055e-08,0
887,5.3393235302321576e-08,1.0928541704628577e-06,-3.484483530232157e-08,1
888,1.6415994397727786e-07,1.0928541704628577e-06,-1.3471424397727785e-07,1
889,4.3309978001799286e-07,1.0928541704628577e-06,-3.9291478001799285e-07,1
890,8.35452232437053e-07,1.0928541704628577e-06,-7.797541324370531e-07,1
891,1.213516357937723e-06,1.0928541704628577e-06,-1.114517257937723e-06,1
892,1.4468423964602406e-06,1.0928541704628577e-06,-1.2615253964602406e-06,1
893,1.519893739205525e-06,1.0928541704628577e-06,-1.231684739205525e-06,1
894,1.3524395330332356e-06,1.0928541704628577e-06,-1.0224335330332356e-06,1
895,8.883216924259144e-07,1.0928541704628577e-06,-6.363976924259144e-07,1
896,8.708753944910774e-07,1.0928541704628577e-06,-4.237783944910774e-07,1
897,1.2832990677369197e-06,1.0928541704628577e-06,-6.531320677369197e-07,1
898,1.3611990806745764e-06,1.0928541704628577e-06,-7.870240806745764e-07,1
899,1.1159889399048063e-06,1.0928541704628577e-06,-7.496809399048063e-07,1
900,7.561628659840082e-07,1.0928541704628577e-06,-5.787378659840082e-07,1
901,4.584395677476491e-07,1.0928541704628577e-06,-3.858548677476491e-07,1
902,2.5119774885831517e-07,1.0928541704628577e-06,-2.2230614885831517e-07,1
903,1.2390401888677595e-07,1.0928541704628577e-06,-1.0858121888677595e-07,1
904,6.403170355684202e-08,1.0928541704628577e-06,-4.879350355684202e-08,1
905,5.0844458963664675e-08,1.0928541704628577e-06,-2.3595958963664674e-08,0
906,8.600263867303298e-08,1.0928541704628577e-06,-7.475938673032984e-09,0
907,1.7300930479940974e-07,1.0928541704628577e-06,4.143169520059024e-08,0
908,2.7119768508856027e-07,1.0928541704628577e-06,1.2133531491143974e-07,0
909,3.303283984097892e-07,1.0928541704628577e-06,1.1306860159021076e-07,0
910,3.23866751046684e-07,1.0928541704628577e-06,-2.781751046683984e-09,0
911,2.44216652119996e-07,1.0928541704628577e-06,-6.5702652119996e-08,0
912,1.3630631724148538e-07,1.0928541704628577e-06,-2.9796317241485384e-08,0
913,5.986629816590865e-08,1.0928541704628577e-06,1.717030183409135e-08,0
914,2.2967223721526446e-08,1.0928541704628577e-06,3.420807627847355e-08,0
915,8.032218661074441e-09,1.0928541704628577e-06,3.080698133892556e-08,0
916,4.42410344070831e-09,1.0928541704628577e-06,1.719109655929169e-08,0
917,6.968723378306733e-09,1.0928541704628577e-06,5.664476621693267e-09,0
918,1.4811792586002215e-08,1.0928541704628577e-06,1.4940074139977843e-09,0
919,4.3005583092847104e-08,1.0928541704628577e-06,-8.868583092847107e-09,0
920,1.2554780712769942e-07,1.0928541704628577e-06,-6.081000712769941e-08,0
921,2.9466694988093864e-07,1.0928541704628577e-06,-1.9881754988093865e-07,0
922,5.511187266759625e-07,1.0928541704628577e-06,-4.213407266759625e-07,1
923,8.53897366416379e-07,1.0928541704628577e-06,-6.476273664163791e-07,1
924,1.1741208746375854e-06,1.0928541704628577e-06,-8.231018746375854e-07,1
925,1.449802491840271e-06,1.0928541704628577e-06,-9.41907491840271e-07,1
926,1.433105286247434e-06,1.0928541704628577e-06,-8.847032862474339e-07,1
927,9.716320790598288e-07,1.0928541704628577e-06,-5.688040790598288e-07,1
928,8.371547875007381e-07,1.0928541704628577e-06,-3.173327875007382e-07,0
929,1.1658375962229424e-06,1.0928541704628577e-06,-4.2771259622294236e-07,0
930,1.1111888516718383e-06,1.0928541704628577e-06,-4.3610985167183826e-07,0
931,8.439177741698141e-07,1.0928541704628577e-06,-4.128287741698141e-07,1
932,6.179195929819525e-07,1.0928541704628577e-06,-4.091025929819525e-07,1
933,4.4250180040117557e-07,1.0928541704628577e-06,-3.6033260040117556e-07,1
934,2.766097903344691e-07,1.0928541704628577e-06,-2.473072903344691e-07,1
935,1.5766628402365488e-07,1.0928541704628577e-06,-1.4142358402365489e-07,1
936,1.0755986574748447e-07,1.0928541704628577e-06,-8.432486574748447e-08,1
937,1.1577396535848508e-07,1.0928541704628577e-06,-6.356776535848508e-08,0
938,1.8037625060542573e-07,1.0928541704628577e-06,-5.650025060542571e-08,0
939,2.7146614994123094e-07,1.0928541704628577e-06,-2.1730149941230933e-08,0
940,3.321807630720293e-07,1.0928541704628577e-06,2.561223692797069e-08,0
941,3.420992752315705e-07,1.0928541704628577e-06,-7.0522752315704905e-09,0
942,2.878666172537557e-07,1.0928541704628577e-06,-7.591661725375571e-08,0
943,1.8387786073325225e-07,1.0928541704628577e-06,-7.239886073325225e-08,0
944,9.509556554876e-08,1.0928541704628577e-06,-2.6441765548759997e-08,0
945,4.605502051369568e-08,1.0928541704628577e-06,6.617479486304316e-09,0
946,2.023549037886847e-08,1.0928541704628577e-06,1.9878909621131536e-08,0
947,6.8814511241992205e-09,1.0928541704628577e-06,1.815034887580078e-08,0
948,2.267780392631565e-09,1.0928541704628577e-06,1.0911419607368435e-08,0
949,4.5767680796297004e-09,1.0928541704628577e-06,6.7749319203702996e-09,0
950,1.7324060335808038e-08,1.0928541704628577e-06,7.377639664191961e-09,0
951,4.9807643317203655e-08,1.0928541704628577e-06,1.7425256682796344e-08,0
952,1.158447822418844e-07,1.0928541704628577e-06,3.4770217758115603e-08,0
953,2.371241851132625e-07,1.0928541704628577e-06,2.20838148867375e-08,0
954,4.542161811449737e-07,1.0928541704628577e-06,-5.940918114497368e-08,0
955,8.362662676201796e-07,1.0928541704628577e-06,-1.905752676201795e-07,0
956,1.395289377051328e-06,1.0928541704628577e-06,-3.375193770513279e-07,0
957,1.8747955682347351e-06,1.0928541704628577e-06,-4.5889556823473504e-07,0
958,1.8241632240642655e-06,1.0928541704628577e-06,-4.460932240642653e-07,0
959,1.203381624518009e-06,1.0928541704628577e-06,-2.9136562451800893e-07,0
960,8.723735420081044e-07,1.0928541704628577e-06,-1.4056954200810433e-07,0
961,1.1191333231766717e-06,1.0928541704628577e-06,-1.3954332317667162e-07,0
962,9.759033288407586e-07,1.0928541704628577e-06,-1.468393288407585e-07,0
963,7.373388270866243e-07,1.0928541704628577e-06,-2.420518270866243e-07,0
964,5.667010521085057e-07,1.0928541704628577e-06,-3.373830521085057e-07,1
965,4.006612676066749e-07,1.0928541704628577e-06,-3.142728676066749e-07,1
966,2.495959712160272e-07,1.0928541704628577e-06,-2.164434712160272e-07,1
967,1.6272018207063108e-07,1.0928541704628577e-06,-1.3012598207063108e-07,1
968,1.374430198640604e-07,1.0928541704628577e-06,-6.981791986406041e-08,0
969,1.5247167915212578e-07,1.0928541704628577e-06,-2.0392679152125784e-08,0
970,1.9464032557621355e-07,1.0928541704628577e-06,1.9882674423786467e-08,0
971,2.592264069174129e-07,1.0928541704628577e-06,3.77505930825871e-08,0
972,3.306922486890465e-07,1.0928541704628577e-06,7.507513109535519e-10,0
973,3.52072592446222e-07,1.0928541704628577e-06,-7.0394592446222e-08,0
974,2.880328516604151e-07,1.0928541704628577e-06,-9.816285166041512e-08,0
975,1.9524322759715622e-07,1.0928541704628577e-06,-7.726022759715622e-08,0
976,1.2219050579795722e-07,1.0928541704628577e-06,-4.606130579795722e-08,0
977,6.740563719301997e-08,1.0928541704628577e-06,-1.7625537193019965e-08,0
978,2.8969344922048485e-08,1.0928541704628577e-06,3.194655077951518e-09,0
979,8.607373595746525e-09,1.0928541704628577e-06,1.3552326404253476e-08,0
980,2.583549039640462e-09,1.0928541704628577e-06,1.596765096035954e-08,0
981,6.569145942882484e-09,1.0928541704628577e-06,1.4312054057117516e-08,0
982,2.487348623264957e-08,1.0928541704628577e-06,1.5781513767350433e-08,0
983,7.246052896156072e-08,1.0928541704628577e-06,3.768847103843928e-08,0
984,1.6742285827904578e-07,1.0928541704628577e-06,9.678314172095422e-08,0
985,3.334709851350943e-07,1.0928541704628577e-06,1.807490148649057e-07,0
986,6.672657396378995e-07,1.0928541704628577e-06,2.6170126036210043e-07,0
987,1.327351181608671e-06,1.0928541704628577e-06,3.704888183913292e-07,0
988,2.232384856891786e-06,1.0928541704628577e-06,5.329851431082142e-07,0
989,2.837943791416194e-06,1.0928541704628577e-06,6.184262085838053e-07,0
990,2.6230983949836744e-06,1.0928541704628577e-06,4.387616050163252e-07,0
991,1.708808232615084e-06,1.0928541704628577e-06,1.0143176738491605e-07,0
992,6.361677187260006e-07,1.0928541704628577e-06,1.0267281273999418e-08,0
993,6.914784109402133e-07,1.0928541704628577e-06,4.420358905978669e-08,0
994,5.441695984421176e-07,1.0928541704628577e-06,-4.36759844211753e-09,0
995,4.0550622226324634e-07,1.0928541704628577e-06,-1.1725622226324634e-07,0
996,2.966787594617065e-07,1.0928541704628577e-06,-1.7497075946170653e-07,1
997,1.947390367122959e-07,1.0928541704628577e-06,-1.503726367122959e-07,1
998,1.2950181044447516e-07,1.0928541704628577e-06,-1.0420711044447516e-07,1
999,1.0323016731609637e-07,1.0928541704628577e-06,-5.983416731609637e-08,0
1000,9.980508837906464e-08,1.0928541704628577e-06,-1.190418837906464e-08,0
1001,1.0413227359192426e-07,1.0928541704628577e-06,3.905672640807574e-08,0
1002,1.2026239379683266e-07,1.0928541704628577e-06,7.351560620316735e-08,0
1003,1.6899013889527992e-07,1.0928541704628577e-06,5.914586110472008e-08,0
1004,2.2086506115050055e-07,1.0928541704628577e-06,4.363938849499466e-09,0
1005,2.1458811881123892e-07,1.0928541704628577e-06,-3.388111881123894e-08,0
1006,1.6551396069192133e-07,1.0928541704628577e-06,-4.328496069192133e-08,0
1007,1.1883019596345385e-07,1.0928541704628577e-06,-4.118439596345384e-08,0
1008,7.357199764709338e-08,1.0928541704628577e-06,-2.550329764709338e-08,0
1009,3.368534238716337e-08,1.0928541704628577e-06,-3.6992423871633713e-09,0
1010,1.095203883236518e-08,1.0928541704628577e-06,1.006586116763482e-08,0
1011,2.458139913034732e-09,1.0928541704628577e-06,1.4915460086965266e-08,0
1012,9.42248500147372e-10,1.0928541704628577e-06,1.5219751499852628e-08,0
1013,4.52728937280405e-09,1.0928541704628577e-06,1.490081062719595e-08,0
1014,2.311425795465221e-08,1.0928541704628577e-06,1.806164204534779e-08,0
1015,7.83946762564791e-08,1.0928541704628577e-06,2.9228323743520898e-08,0
1016,1.8024048293672572e-07,1.0928541704628577e-06,6.779351706327426e-08,0
1017,3.432299279553459e-07,1.0928541704628577e-06,1.7523807204465417e-07,0
1018,6.743240879303873e-07,1.0928541704628577e-06,3.8579591206961263e-07,0
1019,1.2913107273925014e-06,1.0928541704628577e-06,7.025792726074988e-07,0
1020,2.0185924940124714e-06,1.0928541704628577e-06,1.0067575059875288e-06,0
1021,2.379902457823742e-06,1.0928541704628577e-06,9.993375421762586e-07,1
1022,2.0603187622220485e-06,1.0928541704628577e-06,5.521512377779515e-07,0
1023,1.230399074865584e-06,1.0928541704628577e-06,7.48709251344163e-08,0
