,R213Q,max,diff,True
0,1.6983748707112784e-06,1.127818579201816e-06,-2.833848707112784e-07,0
1,2.2381551217245475e-06,1.127818579201816e-06,-2.2751512172454738e-07,0
2,1.919802495507993e-06,1.127818579201816e-06,-2.7871249550799285e-07,0
3,1.5226028921652315e-06,1.127818579201816e-06,-6.320478921652316e-07,1
4,1.4167188940696471e-06,1.127818579201816e-06,-1.0397108940696472e-06,1
5,1.3331594205400466e-06,1.127818579201816e-06,-1.1916864205400466e-06,1
6,1.174058622942701e-06,1.127818579201816e-06,-1.103624222942701e-06,1
7,9.912323905093399e-07,1.127818579201816e-06,-8.954282905093398e-07,1
8,7.946670460740067e-07,1.127818579201816e-06,-6.041910460740067e-07,1
9,6.20101504190677e-07,1.127818579201816e-06,-2.85957504190677e-07,0
10,5.321914885124428e-07,1.127818579201816e-06,-2.3097488512442792e-08,0
11,5.561176140942608e-07,1.127818579201816e-06,1.2955538590573926e-07,0
12,6.312693725605776e-07,1.127818579201816e-06,1.670096274394224e-07,0
13,6.742361249779083e-07,1.127818579201816e-06,1.1607187502209166e-07,0
14,6.346216389218763e-07,1.127818579201816e-06,3.950636107812375e-08,0
15,5.356202635660846e-07,1.127818579201816e-06,-2.6210263566084634e-08,0
16,4.539159522554897e-07,1.127818579201816e-06,-9.981995225548974e-08,0
17,3.7569395435922826e-07,1.127818579201816e-06,-1.4282995435922824e-07,0
18,2.553561385271656e-07,1.127818579201816e-06,-1.144831385271656e-07,1
19,1.4843306997574948e-07,1.127818579201816e-06,-6.049636997574948e-08,1
20,1.3109447187229005e-07,1.127818579201816e-06,-4.843757187229006e-08,0
21,2.129979870881545e-07,1.127818579201816e-06,-9.64079870881545e-08,0
22,3.6083625532207524e-07,1.127818579201816e-06,-1.7301925532207522e-07,0
23,5.679133421565919e-07,1.127818579201816e-06,-2.496253421565919e-07,0
24,9.162482961612032e-07,1.127818579201816e-06,-3.0347029616120315e-07,0
25,1.6993811945566797e-06,1.127818579201816e-06,-3.189811945566798e-07,0
26,3.584021147723305e-06,1.127818579201816e-06,-3.494911477233051e-07,0
27,7.411452959995864e-06,1.127818579201816e-06,-5.609729599958635e-07,0
28,1.3132482915498487e-05,1.127818579201816e-06,-1.3544829154984877e-06,0
29,1.809337448812131e-05,1.127818579201816e-06,-2.827174488121311e-06,1
30,1.7923771158725907e-05,1.127818579201816e-06,-3.7599711587259057e-06,1
31,1.1907430976897634e-05,1.127818579201816e-06,-2.985770976897634e-06,1
32,4.599468199026469e-06,1.127818579201816e-06,-7.161181990264692e-07,0
33,5.491860969820019e-06,1.127818579201816e-06,-7.128509698200184e-07,0
34,4.451961948003901e-06,1.127818579201816e-06,-1.0072819480039008e-06,0
35,3.5184239315788337e-06,1.127818579201816e-06,-1.8253139315788339e-06,1
36,3.2380148750057823e-06,1.127818579201816e-06,-2.5511138750057823e-06,1
37,2.8086317674492432e-06,1.127818579201816e-06,-2.5231377674492433e-06,1
38,2.16301357815258e-06,1.127818579201816e-06,-1.97594457815258e-06,1
39,1.637922573640421e-06,1.127818579201816e-06,-1.3774385736404208e-06,1
40,1.2593237470930963e-06,1.127818579201816e-06,-7.800087470930963e-07,1
41,1.0029694807884672e-06,1.127818579201816e-06,-1.7374748078846718e-07,0
42,9.648781226608165e-07,1.127818579201816e-06,2.833018773391836e-07,0
43,1.1614803941241177e-06,1.127818579201816e-06,4.834996058758823e-07,0
44,1.4704942982770012e-06,1.127818579201816e-06,4.6384570172299893e-07,0
45,1.7288819203303546e-06,1.127818579201816e-06,3.1314807966964544e-07,0
46,1.7965248792797437e-06,1.127818579201816e-06,1.327851207202561e-07,0
47,1.7101807397602653e-06,1.127818579201816e-06,-7.090073976026529e-08,0
48,1.519307106201973e-06,1.127818579201816e-06,-2.5329710620197316e-07,0
49,1.1388495071191783e-06,1.127818579201816e-06,-2.6970050711917825e-07,0
50,6.865682198243607e-07,1.127818579201816e-06,-1.4652521982436063e-07,0
51,4.4676212537872076e-07,1.127818579201816e-06,-7.315612537872079e-08,0
52,5.0802730119114e-07,1.127818579201816e-06,-1.3648630119113997e-07,0
53,7.322203569436492e-07,1.127818579201816e-06,-2.2941935694364922e-07,0
54,1.0110392956734465e-06,1.127818579201816e-06,-2.7758829567344646e-07,0
55,1.4261764997610872e-06,1.127818579201816e-06,-2.913764997610871e-07,0
56,2.3760266305029652e-06,1.127818579201816e-06,-2.363766305029653e-07,0
57,5.048546465198934e-06,1.127818579201816e-06,-1.673764651989341e-07,0
58,1.1534518452954935e-05,1.127818579201816e-06,-1.381184529549331e-07,0
59,2.3320578570065162e-05,1.127818579201816e-06,-2.4307857006516164e-07,0
60,3.7757825333834775e-05,1.127818579201816e-06,-1.2106253338347732e-06,0
61,4.638868256373767e-05,1.127818579201816e-06,-3.6190825637376735e-06,0
62,4.1168090298615085e-05,1.127818579201816e-06,-5.581090298615088e-06,1
63,2.4761756162654395e-05,1.127818579201816e-06,-4.696256162654396e-06,1
64,5.6511685174326376e-06,1.127818579201816e-06,-4.567885174326375e-07,0
65,6.350263221858719e-06,1.127818579201816e-06,-4.956532218587184e-07,0
66,4.958267538214103e-06,1.127818579201816e-06,-1.0518875382141023e-06,0
67,3.865035589241535e-06,1.127818579201816e-06,-2.041245589241535e-06,1
68,3.360636877285448e-06,1.127818579201816e-06,-2.596828877285448e-06,1
69,2.587210688090332e-06,1.127818579201816e-06,-2.205808688090332e-06,1
70,1.7089591347258122e-06,1.127818579201816e-06,-1.4292131347258122e-06,1
71,1.12714649463543e-06,1.127818579201816e-06,-7.9405249463543e-07,1
72,8.316488399554736e-07,1.127818579201816e-06,-2.6542983995547367e-07,0
73,7.618352444220846e-07,1.127818579201816e-06,2.225387555779154e-07,0
74,9.72979507348616e-07,1.127818579201816e-06,5.413404926513842e-07,0
75,1.5258390306447534e-06,1.127818579201816e-06,5.894009693552465e-07,0
76,2.3982182142905e-06,1.127818579201816e-06,3.827417857094998e-07,0
77,3.3652173987434736e-06,1.127818579201816e-06,2.900260125652612e-08,0
78,4.0932893879317735e-06,1.127818579201816e-06,-3.44569387931774e-07,0
79,4.4169663108494565e-06,1.127818579201816e-06,-7.011063108494565e-07,0
80,4.076859003259331e-06,1.127818579201816e-06,-8.576790032593314e-07,0
81,2.954059418568747e-06,1.127818579201816e-06,-6.006894185687466e-07,0
82,1.7180045596812375e-06,1.127818579201816e-06,-1.9401455968123741e-07,0
83,1.1343060800673621e-06,1.127818579201816e-06,-7.98560800673622e-08,0
84,1.2017562743142554e-06,1.127818579201816e-06,-2.053472743142555e-07,0
85,1.5242585850266857e-06,1.127818579201816e-06,-2.658685850266857e-07,0
86,1.8951157320762334e-06,1.127818579201816e-06,-1.9592573207623324e-07,0
87,2.403149250325974e-06,1.127818579201816e-06,4.749074967402623e-08,0
88,3.9940107050572564e-06,1.127818579201816e-06,5.222892949427438e-07,0
89,9.287240089990967e-06,1.127818579201816e-06,1.114059910009035e-06,0
90,2.1799907239808312e-05,1.127818579201816e-06,1.8313927601916894e-06,0
91,4.176433536796501e-05,1.127818579201816e-06,2.6928646320349966e-06,0
92,6.117617636565152e-05,1.127818579201816e-06,2.653923634348478e-06,0
93,6.702869658533203e-05,1.127818579201816e-06,1.5800341466797008e-07,0
94,5.316546524357034e-05,1.127818579201816e-06,-2.7882652435703406e-06,0
95,2.879235852660384e-05,1.127818579201816e-06,-3.049058526603842e-06,1
96,4.248434028492343e-06,1.127818579201816e-06,3.0146597150765724e-07,0
97,4.532763478161504e-06,1.127818579201816e-06,3.599665218384965e-07,0
98,3.328259033148826e-06,1.127818579201816e-06,-1.9115903314882614e-07,0
99,2.3390654170169898e-06,1.127818579201816e-06,-9.018954170169896e-07,1
100,1.799658652481963e-06,1.127818579201816e-06,-1.144834652481963e-06,1
101,1.2551406671255761e-06,1.127818579201816e-06,-8.582626671255761e-07,1
102,7.268430514503752e-07,1.127818579201816e-06,-4.279530514503752e-07,1
103,3.966894754822124e-07,1.127818579201816e-06,-1.0280547548221242e-07,0
104,3.128146618497464e-07,1.127818579201816e-06,1.239833381502536e-07,0
105,4.672367908718676e-07,1.127818579201816e-06,3.0122820912813244e-07,0
106,9.758247934737977e-07,1.127818579201816e-06,3.619552065262023e-07,0
107,2.128174757510308e-06,1.127818579201816e-06,1.1162524248969156e-07,0
108,4.048845798151968e-06,1.127818579201816e-06,-5.549257981519685e-07,0
109,6.249675892822877e-06,1.127818579201816e-06,-1.2948058928228778e-06,0
110,8.040267298190647e-06,1.127818579201816e-06,-1.7050172981906473e-06,0
111,8.848076986180174e-06,1.127818579201816e-06,-1.7922869861801747e-06,0
112,7.963038019122467e-06,1.127818579201816e-06,-1.4787680191224668e-06,0
113,5.5951363115344e-06,1.127818579201816e-06,-7.595263115344002e-07,0
114,3.2887109937149436e-06,1.127818579201816e-06,-1.6615099371494387e-07,0
115,2.17718880308016e-06,1.127818579201816e-06,-6.684880308015985e-08,0
116,2.1573554157459993e-06,1.127818579201816e-06,-2.1867541574599927e-07,0
117,2.7413355562390633e-06,1.127818579201816e-06,-2.9712555623906323e-07,0
118,3.4453472240385413e-06,1.127818579201816e-06,-1.3429722403854108e-07,0
119,4.15264682026134e-06,1.127818579201816e-06,4.736631797386599e-07,0
120,6.597450534583012e-06,1.127818579201816e-06,1.604579465416987e-06,1
121,1.4944588452453858e-05,1.127818579201816e-06,3.106711547546143e-06,1
122,3.340870469237624e-05,1.127818579201816e-06,4.431195307623758e-06,1
123,5.953425163215145e-05,1.127818579201816e-06,4.556248367848547e-06,0
124,7.964411385509865e-05,1.127818579201816e-06,2.5063861449013523e-06,0
125,7.841246755079724e-05,1.127818579201816e-06,-1.008067550797246e-06,0
126,5.547072095950776e-05,1.127818579201816e-06,-2.9717209595077676e-06,0
127,2.709662043314061e-05,1.127818579201816e-06,-2.479320433140611e-06,1
128,2.55660759604638e-06,1.127818579201816e-06,7.725124039536198e-07,0
129,2.592783349169226e-06,1.127818579201816e-06,9.015666508307736e-07,1
130,1.6924622888356752e-06,1.127818579201816e-06,5.162777111643252e-07,0
131,9.594758105717976e-07,1.127818579201816e-06,1.0925418942820216e-07,0
132,6.416853583813536e-07,1.127818579201816e-06,-5.5021358381353584e-08,0
133,4.3962504465664603e-07,1.127818579201816e-06,-3.445304465664601e-08,0
134,2.3594962493604013e-07,1.127818579201816e-06,5.373737506395984e-08,0
135,1.1302898412952142e-07,1.127818579201816e-06,1.1608501587047858e-07,0
136,1.3596042572401972e-07,1.127818579201816e-06,1.542845742759803e-07,0
137,3.8599395957393157e-07,1.127818579201816e-06,1.9675904042606846e-07,0
138,1.1970750454065285e-06,1.127818579201816e-06,1.1516495459347142e-07,0
139,3.190546270875842e-06,1.127818579201816e-06,-4.849262708758418e-07,0
140,6.567753536190284e-06,1.127818579201816e-06,-1.7273835361902844e-06,1
141,1.0437625626124706e-05,1.127818579201816e-06,-2.8224456261247057e-06,1
142,1.329126975202137e-05,1.127818579201816e-06,-2.8573697520213693e-06,0
143,1.3659773765394135e-05,1.127818579201816e-06,-1.8590737653941364e-06,0
144,1.1144413618233045e-05,1.127818579201816e-06,-5.985136182330462e-07,0
145,7.305682582286736e-06,1.127818579201816e-06,1.665474177132648e-07,0
146,4.2332395764121e-06,1.127818579201816e-06,3.1257042358789947e-07,0
147,2.812746563923907e-06,1.127818579201816e-06,1.2205343607609334e-07,0
148,2.882572333382402e-06,1.127818579201816e-06,-1.1188233338240182e-07,0
149,3.934990007621676e-06,1.127818579201816e-06,-1.5409000762167623e-07,0
150,5.157245378125914e-06,1.127818579201816e-06,1.5726462187408596e-07,0
151,6.525057923478306e-06,1.127818579201816e-06,9.718320765216932e-07,0
152,1.0674499061283587e-05,1.127818579201816e-06,2.3899009387164124e-06,1
153,2.2634018214151576e-05,1.127818579201816e-06,4.105381785848425e-06,1
154,4.580845767521516e-05,1.127818579201816e-06,4.555242324784838e-06,1
155,7.361567065137254e-05,1.127818579201816e-06,2.1143293486274587e-06,0
156,8.834096552615031e-05,1.127818579201816e-06,-1.9876655261503095e-06,0
157,7.796333214430055e-05,1.127818579201816e-06,-4.521632144300548e-06,0
158,5.009528617934138e-05,1.127818579201816e-06,-4.2001861793413805e-06,1
159,2.273418782711283e-05,1.127818579201816e-06,-2.5319878271128295e-06,1
160,1.7414638210790882e-06,1.127818579201816e-06,7.167761789209121e-07,1
161,1.7761154209665752e-06,1.127818579201816e-06,8.863645790334246e-07,1
162,1.1481303578149043e-06,1.127818579201816e-06,6.828096421850958e-07,1
163,6.643105360289443e-07,1.127818579201816e-06,3.971394639710557e-07,0
164,5.415390129023728e-07,1.127818579201816e-06,1.5906398709762722e-07,0
165,4.748337007039648e-07,1.127818579201816e-06,3.3537299296035226e-08,0
166,3.1294543009478987e-07,1.127818579201816e-06,3.058556990521011e-08,0
167,1.7026745430767773e-07,1.127818579201816e-06,6.439454569232228e-08,0
168,1.7812845311627745e-07,1.127818579201816e-06,9.119554688372259e-08,0
169,5.103464760460737e-07,1.127818579201816e-06,1.3097252395392634e-07,0
170,1.6556050904505482e-06,1.127818579201816e-06,8.865490954945175e-08,0
171,4.53673716276639e-06,1.127818579201816e-06,-4.818671627663908e-07,0
172,9.700112050376648e-06,1.127818579201816e-06,-1.9000020503766468e-06,1
173,1.5765264688923054e-05,1.127818579201816e-06,-3.1821646889230546e-06,1
174,1.9386327719051126e-05,1.127818579201816e-06,-2.5802277190511275e-06,0
175,1.8135663510947e-05,1.127818579201816e-06,-2.939635109469973e-07,0
176,1.3166058671856196e-05,1.127818579201816e-06,1.4648413281438033e-06,0
177,7.785112715501216e-06,1.127818579201816e-06,1.6488672844987837e-06,1
178,4.178603842929412e-06,1.127818579201816e-06,1.069586157070587e-06,1
179,2.653393399817415e-06,1.127818579201816e-06,4.963266001825849e-07,0
180,2.7629704869290837e-06,1.127818579201816e-06,1.8562951307091633e-07,0
181,3.8614321456380835e-06,1.127818579201816e-06,2.533678543619165e-07,0
182,5.314698175437269e-06,1.127818579201816e-06,6.848418245627321e-07,0
183,7.859902278205088e-06,1.127818579201816e-06,1.3210177217949124e-06,0
184,1.4256890681065149e-05,1.127818579201816e-06,2.358409318934851e-06,0
185,2.829004271364181e-05,1.127818579201816e-06,3.8102572863581925e-06,1
186,5.1293158549178586e-05,1.127818579201816e-06,3.7627414508214168e-06,0
187,7.421213578908171e-05,1.127818579201816e-06,9.511642109182988e-07,0
188,8.056563425155976e-05,1.127818579201816e-06,-2.2614342515597574e-06,0
189,6.509794657926757e-05,1.127818579201816e-06,-3.3670465792675665e-06,0
190,3.91901186229052e-05,1.127818579201816e-06,-2.6435186229052023e-06,0
191,1.7103522859745496e-05,1.127818579201816e-06,-1.4709228597454955e-06,0
192,1.6586157839184146e-06,1.127818579201816e-06,6.318542160815853e-07,1
193,1.885671310891466e-06,1.127818579201816e-06,8.91688689108534e-07,1
194,1.5403520219389318e-06,1.127818579201816e-06,6.735479780610679e-07,0
195,1.3482056929869844e-06,1.127818579201816e-06,1.2594430701301554e-07,0
196,1.399922759457907e-06,1.127818579201816e-06,-3.88902759457907e-07,0
197,1.2267971026258431e-06,1.127818579201816e-06,-5.286901026258431e-07,0
198,7.690404941550234e-07,1.127818579201816e-06,-3.2449649415502346e-07,0
199,3.774941653747555e-07,1.127818579201816e-06,-8.038316537475552e-08,0
200,2.932827695736489e-07,1.127818579201816e-06,8.73902304263511e-08,0
201,7.136870343446759e-07,1.127818579201816e-06,3.1860296565532405e-07,0
202,2.280182249192836e-06,1.127818579201816e-06,6.849077508071643e-07,0
203,6.326529182669205e-06,1.127818579201816e-06,7.037108173307938e-07,0
204,1.3762119050047306e-05,1.127818579201816e-06,-3.4551905004730487e-07,0
205,2.2336597720534005e-05,1.127818579201816e-06,-1.5236977205340065e-06,0
206,2.6594854204616847e-05,1.127818579201816e-06,-5.572542046168442e-07,0
207,2.359262407694652e-05,1.127818579201816e-06,1.8835759230534783e-06,0
208,1.613800370271084e-05,1.127818579201816e-06,3.0432962972891615e-06,1
209,8.898509025191335e-06,1.127818579201816e-06,2.574090974808664e-06,1
210,4.3071731642271985e-06,1.127818579201816e-06,1.712336835772802e-06,1
211,2.3141085331333238e-06,1.127818579201816e-06,1.0570114668666757e-06,0
212,2.000998656810042e-06,1.127818579201816e-06,7.436213431899581e-07,0
213,2.597805029371779e-06,1.127818579201816e-06,8.738549706282208e-07,0
214,4.107826147060538e-06,1.127818579201816e-06,1.230083852939461e-06,0
215,7.774586834709617e-06,1.127818579201816e-06,1.5108931652903823e-06,0
216,1.5437425450660695e-05,1.127818579201816e-06,2.256174549339304e-06,0
217,2.939728609671965e-05,1.127818579201816e-06,3.6153139032803544e-06,0
218,4.973023213626864e-05,1.127818579201816e-06,4.044567863731356e-06,0
219,6.740476578529063e-05,1.127818579201816e-06,2.670034214709367e-06,0
220,6.9465556675032e-05,1.127818579201816e-06,4.5064332496800154e-07,0
221,5.429335250913665e-05,1.127818579201816e-06,-1.0068525091366519e-06,0
222,3.231764317019588e-05,1.127818579201816e-06,-1.011343170195881e-06,0
223,1.4296560043821567e-05,1.127818579201816e-06,-4.930600438215673e-07,0
224,2.3015437688496827e-06,1.127818579201816e-06,8.437862311503174e-07,1
225,2.994182080872208e-06,1.127818579201816e-06,1.0899879191277915e-06,0
226,2.898554054786168e-06,1.127818579201816e-06,4.890359452138319e-07,0
227,2.842287023206476e-06,1.127818579201816e-06,-6.083570232064762e-07,0
228,2.81442029914487e-06,1.127818579201816e-06,-1.3916102991448699e-06,1
229,2.1888277471583457e-06,1.127818579201816e-06,-1.3012837471583458e-06,1
230,1.20274035363967e-06,1.127818579201816e-06,-6.725563536396701e-07,1
231,5.273849416494186e-07,1.127818579201816e-06,-1.3749394164941862e-07,0
232,4.0482997671002005e-07,1.127818579201816e-06,2.3919602328998003e-07,0
233,1.0604722338802549e-06,1.127818579201816e-06,8.072377661197449e-07,0
234,3.5626037171570283e-06,1.127818579201816e-06,1.7527662828429713e-06,0
235,1.0031530229009282e-05,1.127818579201816e-06,2.3813697709907177e-06,0
236,2.1536224085126585e-05,1.127818579201816e-06,1.4640759148734152e-06,0
237,3.394092195266865e-05,1.127818579201816e-06,6.4780473313478e-09,0
238,3.917992832865015e-05,1.127818579201816e-06,6.633716713498489e-07,0
239,3.399214137659268e-05,1.127818579201816e-06,2.5946586234073206e-06,0
240,2.285047656599463e-05,1.127818579201816e-06,3.2970234340053694e-06,1
241,1.2276820065953904e-05,1.127818579201816e-06,2.8417799340460954e-06,1
242,5.6859022935980635e-06,1.127818579201816e-06,2.273137706401937e-06,1
243,2.75112161867739e-06,1.127818579201816e-06,1.916588381322609e-06,1
244,1.8055918474111255e-06,1.127818579201816e-06,1.8976781525888742e-06,1
245,1.863458164965292e-06,1.127818579201816e-06,2.1831618350347083e-06,1
246,3.147206309396211e-06,1.127818579201816e-06,2.3593636906037884e-06,1
247,6.864961659242389e-06,1.127818579201816e-06,2.3080683407576116e-06,1
248,1.4854343987980118e-05,1.127818579201816e-06,2.5501560120198814e-06,1
249,2.932480168164217e-05,1.127818579201816e-06,3.3627983183578336e-06,0
250,4.9314595722778333e-05,1.127818579201816e-06,4.324604277221666e-06,0
251,6.600791630684508e-05,1.127818579201816e-06,4.214983693154924e-06,0
252,6.865009787077114e-05,1.127818579201816e-06,2.236402129228852e-06,0
253,5.5763849845889585e-05,1.127818579201816e-06,4.6755015411041985e-07,0
254,3.5237547134077555e-05,1.127818579201816e-06,5.174528659224444e-07,0
255,1.6683705978753545e-05,1.127818579201816e-06,7.454940212464545e-07,0
256,3.8253781388842464e-06,1.127818579201816e-06,7.946118611157535e-07,0
257,4.858001183573482e-06,1.127818579201816e-06,8.17928816426519e-07,0
258,4.490106782802661e-06,1.127818579201816e-06,-1.3311678280266085e-07,0
259,3.981233685711284e-06,1.127818579201816e-06,-1.3643136857112843e-06,0
260,3.4020306291366686e-06,1.127818579201816e-06,-1.9108406291366686e-06,1
261,2.3185879920808342e-06,1.127818579201816e-06,-1.4836619920808343e-06,1
262,1.1855684525533658e-06,1.127818579201816e-06,-6.954514525533658e-07,1
263,5.38902769627506e-07,1.127818579201816e-06,-9.2556769627506e-08,0
264,5.506870550747091e-07,1.127818579201816e-06,4.2876394492529095e-07,0
265,1.9013210417316598e-06,1.127818579201816e-06,1.2451189582683401e-06,0
266,7.045146100857399e-06,1.127818579201816e-06,2.2926438991426005e-06,0
267,1.9825568291533285e-05,1.127818579201816e-06,2.309031708466715e-06,0
268,4.030742372174849e-05,1.127818579201816e-06,-4.402372174849156e-08,0
269,5.927709308403659e-05,1.127818579201816e-06,-2.731893084036586e-06,0
270,6.44507212769785e-05,1.127818579201816e-06,-2.3913212769785026e-06,0
271,5.315910024492167e-05,1.127818579201816e-06,-1.1180024492167176e-07,0
272,3.387683112420889e-05,1.127818579201816e-06,1.4730688757911086e-06,0
273,1.7174311971305768e-05,1.127818579201816e-06,2.2844880286942325e-06,0
274,7.66985862164342e-06,1.127818579201816e-06,2.83674137835658e-06,1
275,3.7095811057875297e-06,1.127818579201816e-06,3.2466988942124704e-06,1
276,2.3165835308423825e-06,1.127818579201816e-06,3.5899164691576176e-06,1
277,2.1009966955767132e-06,1.127818579201816e-06,3.675713304423286e-06,1
278,3.1693977788690214e-06,1.127818579201816e-06,3.324762221130978e-06,1
279,6.896259967503198e-06,1.127818579201816e-06,2.711680032496801e-06,1
280,1.6047680995599217e-05,1.127818579201816e-06,2.3221190044007847e-06,0
281,3.36203171133357e-05,1.127818579201816e-06,2.8981828866643004e-06,0
282,5.797237869364715e-05,1.127818579201816e-06,4.5247213063528486e-06,0
283,7.909216070534724e-05,1.127818579201816e-06,5.140839294652747e-06,0
284,8.582534967734651e-05,1.127818579201816e-06,3.1147503226534938e-06,0
285,7.487224766665847e-05,1.127818579201816e-06,1.1195523333415263e-06,0
286,5.112318592136649e-05,1.127818579201816e-06,1.168214078633516e-06,0
287,2.5551051805677264e-05,1.127818579201816e-06,1.091548194322737e-06,0
288,4.2618600778607885e-06,1.127818579201816e-06,5.002099221392117e-07,0
289,4.863853049094445e-06,1.127818579201816e-06,3.302669509055534e-07,0
290,3.8899200615631656e-06,1.127818579201816e-06,-3.701000615631657e-07,0
291,2.820773509015609e-06,1.127818579201816e-06,-9.75093509015609e-07,0
292,2.0127236094462976e-06,1.127818579201816e-06,-1.1130116094462977e-06,1
293,1.261608628001586e-06,1.127818579201816e-06,-8.141756280015859e-07,1
294,6.74164635960779e-07,1.127818579201816e-06,-3.8956463596077897e-07,1
295,4.032098100309807e-07,1.127818579201816e-06,-8.449810030980705e-09,0
296,8.866189029118866e-07,1.127818579201816e-06,3.9387109708811337e-07,0
297,4.145533253155727e-06,1.127818579201816e-06,7.719367468442727e-07,0
298,1.5316716375000736e-05,1.127818579201816e-06,5.027836249992638e-07,0
299,3.950621083138929e-05,1.127818579201816e-06,-1.5378108313892903e-06,0
300,7.159610561380967e-05,1.127818579201816e-06,-5.287105613809682e-06,1
301,9.39949885025348e-05,1.127818579201816e-06,-7.925788502534793e-06,1
302,9.185620064689028e-05,1.127818579201816e-06,-6.9424006468902865e-06,1
303,6.74364908705213e-05,1.127818579201816e-06,-3.6534908705213005e-06,0
304,3.7464265026815177e-05,1.127818579201816e-06,-5.048650268151794e-07,0
305,1.6549734023292733e-05,1.127818579201816e-06,1.645965976707266e-06,0
306,6.728865591132683e-06,1.127818579201816e-06,2.9036944088673176e-06,1
307,3.1148584249310023e-06,1.127818579201816e-06,3.5824815750689974e-06,1
308,1.968011572668244e-06,1.127818579201816e-06,3.716578427331757e-06,1
309,2.0021181570232082e-06,1.127818579201816e-06,3.305631842976792e-06,1
310,3.3700183595437097e-06,1.127818579201816e-06,2.5969116404562902e-06,1
311,7.862204589985848e-06,1.127818579201816e-06,1.8760554100141526e-06,0
312,1.9347559071557047e-05,1.127818579201816e-06,1.8435409284429538e-06,0
313,4.20053358176965e-05,1.127818579201816e-06,3.5646641823034977e-06,0
314,7.353761331862448e-05,1.127818579201816e-06,6.3432866813755145e-06,0
315,0.00010158694617916144,1.127818579201816e-06,6.450053820838568e-06,0
316,0.0001127818579201816,1.127818579201816e-06,2.4351420798184096e-06,0
317,0.00010060470442301165,1.127818579201816e-06,-1.0490044230116493e-06,0
318,6.858934286141031e-05,1.127818579201816e-06,-1.4533428614103117e-06,0
319,3.303393150083266e-05,1.127818579201816e-06,-1.1305315008326553e-06,0
320,2.6450704074313128e-06,1.127818579201816e-06,1.0672959256868729e-07,0
321,2.6219190196768127e-06,1.127818579201816e-06,5.2310980323187464e-08,0
322,1.699298419900098e-06,1.127818579201816e-06,-7.459841990009784e-08,0
323,9.60355335645129e-07,1.127818579201816e-06,-2.131023356451289e-07,0
324,5.966286967845368e-07,1.127818579201816e-06,-2.9217969678453676e-07,1
325,3.8332783876442095e-07,1.127818579201816e-06,-2.4970983876442095e-07,1
326,2.42113486863925e-07,1.127818579201816e-06,-1.32018486863925e-07,1
327,2.994547972015318e-07,1.127818579201816e-06,5.098202798468209e-09,0
328,1.4680459836076303e-06,1.127818579201816e-06,4.1894016392369666e-08,0
329,7.246373469934697e-06,1.127818579201816e-06,-4.577634699346954e-07,0
330,2.4505395008152442e-05,1.127818579201816e-06,-2.1440950081524397e-06,0
331,5.594933023980742e-05,1.127818579201816e-06,-5.031230239807417e-06,1
332,8.893012652612855e-05,1.127818579201816e-06,-8.17532652612856e-06,1
333,0.00010192726685482424,1.127818579201816e-06,-9.771766854824241e-06,1
334,8.533044146388813e-05,1.127818579201816e-06,-8.15254146388813e-06,1
335,5.190325347669354e-05,1.127818579201816e-06,-4.2662534766935425e-06,1
336,2.3253779475012218e-05,1.127818579201816e-06,-8.248794750122198e-07,0
337,8.330337916498597e-06,1.127818579201816e-06,9.67692083501403e-07,0
338,2.886270360317868e-06,1.127818579201816e-06,1.6435896396821322e-06,1
339,1.2629777315642476e-06,1.127818579201816e-06,1.7903722684357521e-06,1
340,9.360187364938314e-07,1.127818579201816e-06,1.5957712635061688e-06,1
341,1.230432924921682e-06,1.127818579201816e-06,1.2682070750783179e-06,1
342,2.5871541141259773e-06,1.127818579201816e-06,9.490158858740224e-07,0
343,7.0406916879525514e-06,1.127818579201816e-06,8.506083120474487e-07,0
344,1.870089375937083e-05,1.127818579201816e-06,1.9970062406291696e-06,0
345,4.166170305057055e-05,1.127818579201816e-06,5.253596949429441e-06,1
346,7.309487241477173e-05,1.127818579201816e-06,7.95882758522826e-06,1
347,0.0001007309848070567,1.127818579201816e-06,5.197015192943296e-06,0
348,0.00011058363799569267,1.127818579201816e-06,-1.8366379956926673e-06,0
349,9.4742504335992e-05,1.127818579201816e-06,-6.237604335992004e-06,0
350,5.9568718013272376e-05,1.127818579201816e-06,-5.713718013272378e-06,1
351,2.5575934860033514e-05,1.127818579201816e-06,-3.3017348600335128e-06,1
352,8.395799642049854e-07,1.127818579201816e-06,5.122703579501449e-08,0
353,7.136866869262423e-07,1.127818579201816e-06,8.381731307375768e-08,0
354,3.7189725032782226e-07,1.127818579201816e-06,7.986974967217769e-08,0
355,1.6465587205076102e-07,1.127818579201816e-06,2.5938127949238975e-08,0
356,9.57972226793336e-08,1.127818579201816e-06,-2.53367226793336e-08,0
357,7.005513143184717e-08,1.127818579201816e-06,-3.770323143184717e-08,0
358,6.719069802050458e-08,1.127818579201816e-06,-1.9878998020504578e-08,0
359,2.6060451308487503e-07,1.127818579201816e-06,-1.2050513084875044e-08,0
360,1.6661356140472098e-06,1.127818579201816e-06,-1.5067561404720996e-07,0
361,7.633936438148922e-06,1.127818579201816e-06,-7.727864381489217e-07,0
362,2.3049981974165477e-05,1.127818579201816e-06,-2.2003819741654757e-06,0
363,4.658815639703695e-05,1.127818579201816e-06,-4.5636563970369545e-06,1
364,6.504921279010782e-05,1.127818579201816e-06,-7.487512790107819e-06,1
365,6.392200321311776e-05,1.127818579201816e-06,-8.86020321311776e-06,1
366,4.407275397591906e-05,1.127818579201816e-06,-6.840853975919062e-06,1
367,2.1189899702457406e-05,1.127818579201816e-06,-3.1766997024574067e-06,1
368,7.2818371134701115e-06,1.127818579201816e-06,-6.677471134701114e-07,0
369,1.985718121614153e-06,1.127818579201816e-06,2.412718783858472e-07,0
370,5.588911488958178e-07,1.127818579201816e-06,3.978308511041822e-07,1
371,2.661423390949574e-07,1.127818579201816e-06,3.3427166090504266e-07,1
372,2.75963048840858e-07,1.127818579201816e-06,2.3586495115914204e-07,0
373,4.863411837066096e-07,1.127818579201816e-06,1.7452181629339032e-07,0
374,1.337195488019877e-06,1.127818579201816e-06,1.8017451198012296e-07,0
375,4.2366970597475574e-06,1.127818579201816e-06,5.843229402524423e-07,0
376,1.2002277707700736e-05,1.127818579201816e-06,2.2096222922992643e-06,0
377,2.711198418196861e-05,1.127818579201816e-06,4.85471581803139e-06,1
378,4.715386941063384e-05,1.127818579201816e-06,5.217130589366165e-06,1
379,6.343756405335624e-05,1.127818579201816e-06,6.709359466437607e-07,0
380,6.599611421315857e-05,1.127818579201816e-06,-5.270714213158567e-06,1
381,5.127845394806349e-05,1.127818579201816e-06,-7.21535394806349e-06,1
382,2.810365948916263e-05,1.127818579201816e-06,-5.049059489162628e-06,1
383,1.0277737360378093e-05,1.127818579201816e-06,-2.2053373603780925e-06,1
384,1.1841131387529808e-07,1.127818579201816e-06,5.660968612470191e-08,0
385,8.513059888222761e-08,1.127818579201816e-06,6.044240111777239e-08,0
386,3.5131893002070257e-08,1.127818579201816e-06,4.2351306997929734e-08,0
387,1.1834877480174936e-08,1.127818579201816e-06,2.0312622519825063e-08,0
388,7.149716811986024e-09,1.127818579201816e-06,6.676983188013976e-09,0
389,7.242023376255971e-09,1.127818579201816e-06,2.789976623744029e-09,0
390,2.3238880263490035e-08,1.127818579201816e-06,2.5501197365099653e-09,0
391,1.7955977623117248e-07,1.127818579201816e-06,-1.4204776231172492e-08,0
392,1.0938777449613008e-06,1.127818579201816e-06,-1.0557174496130075e-07,0
393,4.425742615856056e-06,1.127818579201816e-06,-4.1222261585605684e-07,0
394,1.1772337448468911e-05,1.127818579201816e-06,-1.221537448468912e-06,0
395,2.0927508343849187e-05,1.127818579201816e-06,-2.814908343849187e-06,1
396,2.524537940469266e-05,1.127818579201816e-06,-4.5046794046926575e-06,1
397,2.0694076255443697e-05,1.127818579201816e-06,-4.596076255443696e-06,1
398,1.1437400052359233e-05,1.127818579201816e-06,-2.8796500523592337e-06,1
399,4.255302018492654e-06,1.127818579201816e-06,-1.066192018492654e-06,1
400,1.0933281828499454e-06,1.127818579201816e-06,-1.914161828499455e-07,0
401,2.1598752015129718e-07,1.127818579201816e-06,2.749747984870286e-08,0
402,5.026650243928111e-08,1.127818579201816e-06,4.073999756071889e-08,0
403,3.3561449821893446e-08,1.127818579201816e-06,2.1713750178106556e-08,0
404,5.330335003839705e-08,1.127818579201816e-06,7.4491499616029485e-09,0
405,1.4021846283678398e-07,1.127818579201816e-06,6.094537163216013e-09,0
406,5.019084637777937e-07,1.127818579201816e-06,6.696253622220628e-08,0
407,1.769268286554723e-06,1.127818579201816e-06,4.01101713445277e-07,0
408,5.088159483338254e-06,1.127818579201816e-06,1.2723205166617462e-06,0
409,1.1166038330998892e-05,1.127818579201816e-06,2.1143616690011073e-06,1
410,1.8545414092560588e-05,1.127818579201816e-06,1.2480859074394117e-06,0
411,2.3398562348436425e-05,1.127818579201816e-06,-1.5878623484364234e-06,0
412,2.2024644838600805e-05,1.127818579201816e-06,-3.829844838600804e-06,1
413,1.4851397524647164e-05,1.127818579201816e-06,-3.5601975246471647e-06,1
414,6.870409336409437e-06,1.127818579201816e-06,-1.9043293364094373e-06,1
415,2.095159737053093e-06,1.127818579201816e-06,-6.241797370530933e-07,1
416,6.071649838729528e-09,1.127818579201816e-06,1.234595016127047e-08,0
417,3.6285805296638565e-09,1.127818579201816e-06,9.761819470336144e-09,0
418,1.1824291862283835e-09,1.127818579201816e-06,5.3965008137716175e-09,0
419,3.0929076418181536e-10,1.127818579201816e-06,2.6867692358181844e-09,0
420,2.2864223300949256e-10,1.127818579201816e-06,1.8512777669905075e-09,0
421,8.888145969877072e-10,1.127818579201816e-06,2.426895403012293e-09,0
422,9.02741232208149e-09,1.127818579201816e-06,2.194187677918511e-09,0
423,7.103907148305982e-08,1.127818579201816e-06,-2.31097148305982e-09,0
424,3.738785196740615e-07,1.127818579201816e-06,-1.551551967406148e-08,0
425,1.3061611857236029e-06,1.127818579201816e-06,-7.350118572360286e-08,0
426,3.020966937487252e-06,1.127818579201816e-06,-2.9573693748725235e-07,0
427,4.6324946209324525e-06,1.127818579201816e-06,-7.345646209324525e-07,0
428,4.713700643274763e-06,1.127818579201816e-06,-1.0578606432747632e-06,1
429,3.1633881261457197e-06,1.127818579201816e-06,-8.868481261457193e-07,1
430,1.3874355694194336e-06,1.127818579201816e-06,-4.3307456941943367e-07,1
431,3.976899776915263e-07,1.127818579201816e-06,-1.1908397769152628e-07,0
432,7.610273117585634e-08,1.127818579201816e-06,-1.4807631175856342e-08,0
433,1.0630350275112591e-08,1.127818579201816e-06,2.4360497248874083e-09,0
434,2.0936609846897425e-09,1.127818579201816e-06,2.8128290153102576e-09,0
435,2.295540905671865e-09,1.127818579201816e-06,1.5807190943281355e-09,0
436,6.834148611393414e-09,1.127818579201816e-06,1.217281388606586e-09,0
437,3.068701795386898e-08,1.127818579201816e-06,8.14448204613102e-09,0
438,1.3845176595968631e-07,1.127818579201816e-06,5.3048234040313674e-08,0
439,5.077750036720387e-07,1.127818579201816e-06,2.032219963279613e-07,0
440,1.4012841670663907e-06,1.127818579201816e-06,4.488558329336094e-07,0
441,2.855469832110438e-06,1.127818579201816e-06,5.010301678895618e-07,0
442,4.3358660306010555e-06,1.127818579201816e-06,4.733969398944909e-09,0
443,4.9008593314480465e-06,1.127818579201816e-06,-7.79589331448047e-07,1
444,4.0118669912361925e-06,1.127818579201816e-06,-1.1035969912361927e-06,1
445,2.2963590600988202e-06,1.127818579201816e-06,-7.966290600988205e-07,1
446,8.866008024806062e-07,1.127818579201816e-06,-3.395918024806063e-07,1
447,2.20616294606927e-07,1.127818579201816e-06,-8.320529460692702e-08,0
448,8.716452374272969e-11,1.127818579201816e-06,6.282754762572704e-10,0
449,4.273680998720989e-11,1.127818579201816e-06,3.813781900127901e-10,0
450,1.1136095152356177e-11,1.127818579201816e-06,1.8063190484764383e-10,0
451,2.646152080500605e-12,1.127818579201816e-06,1.171588479194994e-10,0
452,1.2160252717558345e-11,1.127818579201816e-06,2.2598674728244168e-10,0
453,2.0782101627951672e-10,1.127818579201816e-06,5.326919837204833e-10,0
454,2.313600445199696e-09,1.127818579201816e-06,1.105459554800304e-09,0
455,1.5956959021873655e-08,1.127818579201816e-06,2.4088409781263445e-09,0
456,7.120207326544705e-08,1.127818579201816e-06,3.765126734552942e-09,0
457,2.0863988851281763e-07,1.127818579201816e-06,5.571114871823571e-10,0
458,3.9831122529247187e-07,1.127818579201816e-06,-1.4286225292471816e-08,0
459,4.931987621487753e-07,1.127818579201816e-06,-3.5440762148775265e-08,0
460,3.980658026220432e-07,1.127818579201816e-06,-4.2129802622043146e-08,0
461,2.0946300394644906e-07,1.127818579201816e-06,-2.7865003946449048e-08,0
462,7.09857961786581e-08,1.127818579201816e-06,-9.040996178658089e-09,0
463,1.5375126489417874e-08,1.127818579201816e-06,-6.069264894178749e-10,0
464,2.1641417353737234e-09,1.127818579201816e-06,3.968882646262768e-10,0
465,2.1114736575405515e-10,1.127818579201816e-06,2.511696342459448e-10,0
466,3.4486845007053876e-11,1.127818579201816e-06,2.0923315499294614e-10,0
467,9.34947704468726e-11,1.127818579201816e-06,2.162562295531274e-10,0
468,6.660091011391281e-10,1.127818579201816e-06,1.047500898860872e-09,0
469,4.707315019149346e-09,1.127818579201816e-06,6.790084980850654e-09,0
470,2.610231683069102e-08,1.127818579201816e-06,2.7892883169308978e-08,0
471,1.0289833555301996e-07,1.127818579201816e-06,6.792366444698003e-08,0
472,2.783515420274707e-07,1.127818579201816e-06,8.87904579725293e-08,0
473,5.200563606502819e-07,1.127818579201816e-06,2.9187639349718116e-08,0
474,6.866116301413957e-07,1.127818579201816e-06,-9.682363014139566e-08,0
475,6.532557520101646e-07,1.127818579201816e-06,-1.8916075201016456e-07,1
476,4.4977896369182675e-07,1.127818579201816e-06,-1.8239296369182674e-07,1
477,2.1830982023874694e-07,1.127818579201816e-06,-1.0727882023874694e-07,1
478,6.987792965703348e-08,1.127818579201816e-06,-3.6950729657033485e-08,1
479,1.3615685144450745e-08,1.127818579201816e-06,-6.683735144450745e-09,0
480,2.818855850939616e-13,1.127818579201816e-06,6.982574414906039e-12,0
481,1.2722841484942164e-13,1.127818579201816e-06,3.279601585150579e-12,0
482,1.0082098060635356e-13,1.127818579201816e-06,1.7108890193936461e-12,0
483,2.992989562262279e-13,1.127818579201816e-06,3.9348810437737724e-12,0
484,5.464913566753744e-12,1.127818579201816e-06,1.7572686433246257e-11,0
485,1.1405004371995442e-10,1.127818579201816e-06,4.546195628004557e-11,0
486,1.2533947279800764e-09,1.127818579201816e-06,-2.7614572798007657e-10,0
487,7.125017608976488e-09,1.127818579201816e-06,-3.0731276089764885e-09,1
488,2.2064880802226493e-08,1.127818579201816e-06,-1.0244080802226494e-08,1
489,4.1040763912093565e-08,1.127818579201816e-06,-1.5017563912093563e-08,0
490,4.99489605158942e-08,1.127818579201816e-06,-9.140360515894201e-09,0
491,3.9608087895434816e-08,1.127818579201816e-06,2.5370121045651804e-09,0
492,1.9702155222801144e-08,1.127818579201816e-06,8.601144777198858e-09,0
493,6.2744841055727e-09,1.127818579201816e-06,6.621615894427302e-09,0
494,1.3461718840275728e-09,1.127818579201816e-06,2.938978115972427e-09,0
495,1.9574005011120025e-10,1.127818579201816e-06,8.255699498887998e-10,0
496,1.8951096205823086e-11,1.127818579201816e-06,1.3393990379417691e-10,0
497,1.9468804906398437e-12,1.127818579201816e-06,1.7650819509360156e-11,0
498,1.3105234561644786e-11,1.127818579201816e-06,1.9025654383552153e-12,0
499,1.2333476434501195e-10,1.127818579201816e-06,-3.864066434501196e-11,0
500,6.471832425027671e-10,1.127818579201816e-06,4.8774757497233055e-11,0
501,2.521434568799647e-09,1.127818579201816e-06,1.350275431200353e-09,0
502,1.0083957002968515e-08,1.127818579201816e-06,4.0282429970314865e-09,0
503,3.498648222910887e-08,1.127818579201816e-06,-6.883822291088683e-10,0
504,8.151731208645661e-08,1.127818579201816e-06,-2.4469912086456605e-08,1
505,1.1764269775503814e-07,1.127818579201816e-06,-5.0692997755038146e-08,1
506,1.0642647093277146e-07,1.127818579201816e-06,-4.912627093277147e-08,1
507,6.625094056781821e-08,1.127818579201816e-06,-3.023884056781821e-08,1
508,3.2641594193830326e-08,1.127818579201816e-06,-1.6522894193830326e-08,1
509,1.2777782433977824e-08,1.127818579201816e-06,-7.700862433977823e-09,1
510,3.348956255415441e-09,1.127818579201816e-06,-2.165796255415441e-09,1
511,5.041027818412219e-10,1.127818579201816e-06,-2.968527818412219e-10,0
512,1.0838308407842184e-12,1.127818579201816e-06,2.0581191592157816e-12,0
513,7.560130277589768e-12,1.127818579201816e-06,9.315569722410232e-12,0
514,2.5824348931825106e-11,1.127818579201816e-06,3.144245106817489e-11,0
515,4.3440431219413274e-11,1.127818579201816e-06,9.530756878058671e-11,0
516,4.329761117090555e-11,1.127818579201816e-06,2.1869538882909443e-10,0
517,1.4626803559499563e-10,1.127818579201816e-06,3.345839644050043e-10,0
518,1.1354837112412462e-09,1.127818579201816e-06,3.64686288758754e-10,0
519,5.00590007028563e-09,1.127818579201816e-06,-1.388600702856306e-10,0
520,1.2432046274192436e-08,1.127818579201816e-06,-2.5490062741924353e-09,0
521,1.961101929840291e-08,1.127818579201816e-06,-6.78051929840291e-09,0
522,2.0114492593167335e-08,1.127818579201816e-06,-8.985192593167335e-09,0
523,1.203574368185153e-08,1.127818579201816e-06,-5.7469236818515306e-09,0
524,3.78043457325592e-09,1.127818579201816e-06,-1.2341945732559204e-09,0
525,5.961571491350624e-10,1.127818579201816e-06,3.6642785086493756e-10,0
526,4.7717419802070034e-11,1.127818579201816e-06,2.8834058019793e-10,0
527,2.8066368005539885e-12,1.127818579201816e-06,1.0016036319944602e-10,0
528,4.483909787399623e-12,1.127818579201816e-06,1.1629509021260037e-10,0
529,4.042098547726005e-11,1.127818579201816e-06,2.2607101452273995e-10,0
530,4.094367831372353e-10,1.127818579201816e-06,7.241121686276472e-11,0
531,2.6095449822959663e-09,1.127818579201816e-06,-1.2451849822959662e-09,0
532,9.411637067284622e-09,1.127818579201816e-06,-4.683137067284622e-09,0
533,2.1240144711031898e-08,1.127818579201816e-06,-1.0240744711031898e-08,0
534,3.555384193581125e-08,1.127818579201816e-06,-1.937334193581125e-08,1
535,4.8271938942500274e-08,1.127818579201816e-06,-3.080303894250028e-08,1
536,5.478701906789105e-08,1.127818579201816e-06,-3.923451906789105e-08,1
537,4.935567771776981e-08,1.127818579201816e-06,-3.800857771776981e-08,1
538,2.9351979794215613e-08,1.127818579201816e-06,-2.2986829794215613e-08,1
539,1.0175345423130103e-08,1.127818579201816e-06,-7.652725423130103e-09,1
540,2.1883028576169645e-09,1.127818579201816e-06,-1.4939128576169644e-09,1
541,3.935115002422677e-10,1.127818579201816e-06,-2.501515002422677e-10,1
542,6.591087952407489e-11,1.127818579201816e-06,-4.042457952407488e-11,1
543,7.370736822851835e-12,1.127818579201816e-06,-2.4517868228518356e-12,0
544,1.3394266720802264e-10,1.127818579201816e-06,1.5783133279197736e-10,0
545,6.801614568577288e-10,1.127818579201816e-06,4.1577854314227127e-10,0
546,1.7384307271925487e-09,1.127818579201816e-06,9.336392728074516e-10,0
547,2.260982380175637e-09,1.127818579201816e-06,2.252207619824363e-09,0
548,1.55802588685195e-09,1.127818579201816e-06,3.81417411314805e-09,0
549,6.61057316924504e-10,1.127818579201816e-06,4.5100626830754955e-09,0
550,4.076846565212094e-10,1.127818579201816e-06,6.44534534347879e-09,0
551,9.538522907158796e-10,1.127818579201816e-06,1.152704770928412e-08,0
552,2.346886150141741e-09,1.127818579201816e-06,1.471431384985826e-08,0
553,3.864042561971639e-09,1.127818579201816e-06,1.119405743802836e-08,0
554,3.6501108660064376e-09,1.127818579201816e-06,4.886309133993562e-09,0
555,1.7820481418369591e-09,1.127818579201816e-06,1.2596618581630411e-09,0
556,4.296609889604222e-10,1.127818579201816e-06,3.3826901103957774e-10,0
557,5.660646126859146e-11,1.127818579201816e-06,3.3144053873140854e-10,0
558,4.2754432750142426e-11,1.127818579201816e-06,6.825225672498574e-10,0
559,1.843517321549622e-10,1.127818579201816e-06,1.828568267845038e-09,0
560,6.55561528207343e-10,1.127818579201816e-06,4.280418471792657e-09,0
561,2.126946356633598e-09,1.127818579201816e-06,6.695293643366402e-09,0
562,7.594307391695565e-09,1.127818579201816e-06,7.204492608304433e-09,0
563,2.4215291305980583e-08,1.127818579201816e-06,7.876908694019422e-09,0
564,5.459876108001556e-08,1.127818579201816e-06,1.0161138919984439e-08,0
565,8.510315878572165e-08,1.127818579201816e-06,2.161941214278359e-09,0
566,9.544744552516618e-08,1.127818579201816e-06,-2.0157945525166184e-08,0
567,7.562068253299086e-08,1.127818579201816e-06,-2.8055382532990855e-08,0
568,4.1579012381239916e-08,1.127818579201816e-06,-1.491161238123991e-08,0
569,1.7317161546105084e-08,1.127818579201816e-06,-3.0994615461050853e-09,0
570,5.7270331331899764e-09,1.127818579201816e-06,8.509868668100236e-10,0
571,1.2793766201794374e-09,1.127818579201816e-06,1.222063379820563e-09,0
572,1.6381271891783475e-10,1.127818579201816e-06,6.587882810821654e-10,0
573,1.2654754613286409e-11,1.127818579201816e-06,2.4416424538671356e-10,0
574,1.2794753716875018e-12,1.127818579201816e-06,1.5925852462831246e-10,0
575,3.456403484192047e-13,1.127818579201816e-06,1.651783596515808e-10,0
576,4.176752130575662e-09,1.127818579201816e-06,2.8178678694243383e-09,0
577,1.5379330271930972e-08,1.127818579201816e-06,5.709669728069029e-09,0
578,3.030066067478385e-08,1.127818579201816e-06,1.163553932521615e-08,0
579,3.3098739018565245e-08,1.127818579201816e-06,2.3915860981434758e-08,0
580,2.1738559955396303e-08,1.127818579201816e-06,3.2709040044603694e-08,1
581,9.817231625819007e-09,1.127818579201816e-06,3.165146837418099e-08,1
582,3.4828612033922583e-09,1.127818579201816e-06,2.9500938796607743e-08,0
583,1.0515870984968393e-09,1.127818579201816e-06,3.061721290150316e-08,0
584,3.3212315550309216e-10,1.127818579201816e-06,2.888147684449691e-08,0
585,2.0043088055907508e-10,1.127818579201816e-06,2.1240469119440927e-08,0
586,1.3752462167865315e-10,1.127818579201816e-06,1.2074375378321346e-08,0
587,8.140765972167034e-11,1.127818579201816e-06,6.061362340278331e-09,0
588,2.0314521379764676e-10,1.127818579201816e-06,4.757624786202354e-09,0
589,9.91708340204705e-10,1.127818579201816e-06,7.792611659795296e-09,0
590,3.9651628096486334e-09,1.127818579201816e-06,1.6712437190351366e-08,0
591,1.220381069335724e-08,1.127818579201816e-06,3.489398930664276e-08,0
592,3.004944548044669e-08,1.127818579201816e-06,5.8382054519553304e-08,0
593,6.496539442367393e-08,1.127818579201816e-06,7.357060557632606e-08,0
594,1.356240722466598e-07,1.127818579201816e-06,8.748092775334021e-08,0
595,2.440130712345872e-07,1.127818579201816e-06,1.355739287654128e-07,0
596,3.1523389949121035e-07,1.127818579201816e-06,2.060411005087896e-07,0
597,2.801356465812189e-07,1.127818579201816e-06,2.08125353418781e-07,0
598,1.8235827867709032e-07,1.127818579201816e-06,1.2553772132290967e-07,0
599,9.154825146946603e-08,1.127818579201816e-06,5.613774853053396e-08,0
600,3.343973117667336e-08,1.127818579201816e-06,3.5164268823326635e-08,0
601,8.23308279496559e-09,1.127818579201816e-06,2.7194917205034413e-08,0
602,1.5822427087251074e-09,1.127818579201816e-06,1.729835729127489e-08,0
603,3.756133226771844e-10,1.127818579201816e-06,8.856146677322814e-09,0
604,1.9844893781866114e-10,1.127818579201816e-06,3.8871410621813394e-09,0
605,1.627731269361807e-10,1.127818579201816e-06,2.7916568730638193e-09,0
606,1.0592799278285068e-10,1.127818579201816e-06,3.9694920072171495e-09,0
607,5.079509742750333e-11,1.127818579201816e-06,4.4501149025724965e-09,0
608,5.0441630122350445e-08,1.127818579201816e-06,3.189416987764955e-08,1
609,1.4180886175157725e-07,1.127818579201816e-06,7.756113824842276e-08,1
610,2.2955637507579609e-07,1.127818579201816e-06,1.462656249242039e-07,1
611,2.2583010887096533e-07,1.127818579201816e-06,2.0777189112903463e-07,1
612,1.4762354811329336e-07,1.127818579201816e-06,2.1054445188670662e-07,1
613,7.141414581700923e-08,1.127818579201816e-06,1.6316985418299077e-07,0
614,2.7421933408706265e-08,1.127818579201816e-06,1.1180006659129374e-07,0
615,7.970727239248026e-09,1.127818579201816e-06,7.722657276075198e-08,0
616,1.5068995789428485e-09,1.127818579201816e-06,5.284750042105715e-08,0
617,2.4787252295884227e-10,1.127818579201816e-06,3.507202747704116e-08,0
618,5.401558660048292e-10,1.127818579201816e-06,2.752164413399517e-08,0
619,2.427932094173597e-09,1.127818579201816e-06,3.29012679058264e-08,0
620,1.0221325523810846e-08,1.127818579201816e-06,5.405137447618916e-08,0
621,3.8381872254667634e-08,1.127818579201816e-06,9.581812774533236e-08,1
622,1.1550997104918966e-07,1.127818579201816e-06,1.5889502895081036e-07,0
623,2.674432663406531e-07,1.127818579201816e-06,2.3546973365934692e-07,0
624,4.893858445428795e-07,1.127818579201816e-06,3.091161554571205e-07,0
625,7.676879805750874e-07,1.127818579201816e-06,3.8084201942491247e-07,0
626,1.132756570531872e-06,1.127818579201816e-06,5.022334294681279e-07,0
627,1.450752698346811e-06,1.127818579201816e-06,6.911873016531891e-07,0
628,1.3483462300786803e-06,1.127818579201816e-06,8.127237699213196e-07,0
629,8.409622297010377e-07,1.127818579201816e-06,6.796177702989623e-07,0
630,3.581393152734174e-07,1.127818579201816e-06,4.0598868472658263e-07,0
631,1.105562927898468e-07,1.127818579201816e-06,2.2423470721015323e-07,0
632,3.029732004620964e-08,1.127818579201816e-06,1.3897367995379034e-07,0
633,1.284753589009071e-08,1.127818579201816e-06,8.961646410990929e-08,0
634,7.871336786152765e-09,1.127818579201816e-06,5.604946321384723e-08,0
635,6.412328045080324e-09,1.127818579201816e-06,3.0609271954919676e-08,0
636,7.0627604533348265e-09,1.127818579201816e-06,1.9587639546665175e-08,0
637,6.515958357984405e-09,1.127818579201816e-06,3.08659416420156e-08,0
638,4.351802507753018e-09,1.127818579201816e-06,5.3028597492246975e-08,0
639,2.0193826225632042e-09,1.127818579201816e-06,5.797131737743679e-08,0
640,3.217142702997625e-07,1.127818579201816e-06,2.234977297002375e-07,1
641,7.519843909586114e-07,1.127818579201816e-06,4.793756090413887e-07,1
642,1.0439391663016285e-06,1.127818579201816e-06,7.174208336983714e-07,1
643,9.152672770558245e-07,1.127818579201816e-06,7.936227229441755e-07,1
644,5.529909837432024e-07,1.127818579201816e-06,6.598390162567974e-07,1
645,2.4902450511469284e-07,1.127818579201816e-06,4.381754948853071e-07,0
646,8.451400389588303e-08,1.127818579201816e-06,2.6029699610411695e-07,0
647,1.9913518689833318e-08,1.127818579201816e-06,1.5229548131016668e-07,0
648,3.4378472112534097e-09,1.127818579201816e-06,9.42622527887466e-08,0
649,3.9207883682144025e-09,1.127818579201816e-06,7.75018116317856e-08,0
650,1.5097313984439158e-08,1.127818579201816e-06,1.1173368601556085e-07,0
651,4.9704896492404804e-08,1.127818579201816e-06,2.1384110350759518e-07,0
652,1.6041631752341079e-07,1.127818579201816e-06,3.8098668247658924e-07,1
653,4.790348220451953e-07,1.127818579201816e-06,5.566651779548045e-07,1
654,1.1822880322861469e-06,1.127818579201816e-06,6.222319677138531e-07,0
655,2.268321708560109e-06,1.127818579201816e-06,5.580182914398913e-07,0
656,3.332700687011297e-06,1.127818579201816e-06,5.958893129887033e-07,0
657,3.954567581976799e-06,1.127818579201816e-06,9.584224180232017e-07,0
658,4.157196433597177e-06,1.127818579201816e-06,1.5174835664028236e-06,1
659,3.8102877706142417e-06,1.127818579201816e-06,1.8955322293857585e-06,0
660,2.6752263981110385e-06,1.127818579201816e-06,1.758413601888962e-06,0
661,1.3085088258514388e-06,1.127818579201816e-06,1.195941174148561e-06,0
662,4.350961671305493e-07,1.127818579201816e-06,6.932038328694508e-07,1
663,1.1177073333150101e-07,1.127818579201816e-06,4.3675726666849903e-07,0
664,5.143544829450461e-08,1.127818579201816e-06,2.973965517054954e-07,0
665,5.1571476175391835e-08,1.127818579201816e-06,2.0343252382460816e-07,0
666,5.7792084609753276e-08,1.127818579201816e-06,1.2883191539024675e-07,0
667,7.797699346560142e-08,1.127818579201816e-06,6.498900653439856e-08,0
668,9.787204537705193e-08,1.127818579201816e-06,7.362695462294806e-08,0
669,9.065358091342562e-08,1.127818579201816e-06,2.0559341908657438e-07,0
670,5.8119956472071254e-08,1.127818579201816e-06,3.565570435279288e-07,0
671,2.550817260756727e-08,1.127818579201816e-06,3.4133882739243274e-07,0
672,1.0632974044719193e-06,1.127818579201816e-06,6.36042595528081e-07,1
673,2.088939105869239e-06,1.127818579201816e-06,1.126760894130761e-06,1
674,2.4809273417419786e-06,1.127818579201816e-06,1.407832658258021e-06,1
675,1.897902919045163e-06,1.127818579201816e-06,1.364287080954837e-06,1
676,1.0118195497227174e-06,1.127818579201816e-06,1.0313804502772824e-06,0
677,3.9751947133648174e-07,1.127818579201816e-06,6.385305286635183e-07,0
678,1.1399209699343019e-07,1.127818579201816e-06,3.545839030065698e-07,0
679,2.483636460490824e-08,1.127818579201816e-06,1.9498663539509177e-07,0
680,1.389856170079712e-08,1.127818579201816e-06,1.3845143829920288e-07,0
681,4.273168157432421e-08,1.127818579201816e-06,1.8378131842567578e-07,0
682,1.320197085928434e-07,1.127818579201816e-06,3.724362914071565e-07,0
683,3.59501797112197e-07,1.127818579201816e-06,7.398782028878029e-07,1
684,9.48231084128368e-07,1.127818579201816e-06,1.2092889158716322e-06,1
685,2.298718070740836e-06,1.127818579201816e-06,1.492751929259164e-06,1
686,4.768601689997258e-06,1.127818579201816e-06,1.1938783100027427e-06,0
687,7.897035301311752e-06,1.127818579201816e-06,4.2822469868824815e-07,0
688,9.979999047500672e-06,1.127818579201816e-06,7.600095249932746e-08,0
689,9.816723886491186e-06,1.127818579201816e-06,6.753761135088148e-07,0
690,7.928144666244886e-06,1.127818579201816e-06,1.7221253337551132e-06,1
691,5.283846512438279e-06,1.127818579201816e-06,2.2847634875617225e-06,1
692,2.7511323779128777e-06,1.127818579201816e-06,1.9322476220871225e-06,1
693,1.0737380917515473e-06,1.127818579201816e-06,1.1992419082484526e-06,1
694,3.2891945994259e-07,1.127818579201816e-06,7.2943054005741e-07,1
695,1.3233625154991553e-07,1.127818579201816e-06,5.254247484500844e-07,0
696,1.4848798748810446e-07,1.127818579201816e-06,3.8384501251189557e-07,0
697,2.1240798033658253e-07,1.127818579201816e-06,2.502780196634175e-07,0
698,3.199889749404419e-07,1.127818579201816e-06,7.875402505955804e-08,0
699,4.977657335730808e-07,1.127818579201816e-06,-9.051073357308083e-08,0
700,6.285213625400165e-07,1.127818579201816e-06,1.7614637459983567e-08,0
701,5.597299784637923e-07,1.127818579201816e-06,5.180900215362079e-07,0
702,3.365028622272799e-07,1.127818579201816e-06,9.521271377727201e-07,0
703,1.4137567316882726e-07,1.127818579201816e-06,8.285863268311728e-07,1
704,1.630377261689114e-06,1.127818579201816e-06,7.791127383108862e-07,0
705,2.697776368400831e-06,1.127818579201816e-06,1.2560836315991684e-06,0
706,2.7436151681623087e-06,1.127818579201816e-06,1.5389248318376916e-06,1
707,1.8265004764896668e-06,1.127818579201816e-06,1.5045395235103334e-06,1
708,8.617288518228626e-07,1.127818579201816e-06,1.1129211481771375e-06,1
709,3.1138637086484515e-07,1.127818579201816e-06,6.333446291351548e-07,1
710,9.869346510416581e-08,1.127818579201816e-06,3.069435348958342e-07,0
711,5.0086774952497785e-08,1.127818579201816e-06,1.6146522504750224e-07,0
712,7.200843438219948e-08,1.127818579201816e-06,1.529915656178005e-07,0
713,1.7173617393270664e-07,1.127818579201816e-06,2.8804382606729337e-07,0
714,4.3331315342490456e-07,1.127818579201816e-06,6.150368465750953e-07,0
715,1.0228893252269209e-06,1.127818579201816e-06,1.159610674773079e-06,1
716,2.26845865111207e-06,1.127818579201816e-06,1.7658213488879307e-06,1
717,4.740029654661822e-06,1.127818579201816e-06,1.927230345338179e-06,1
718,8.895790599132441e-06,1.127818579201816e-06,1.0416494008675574e-06,0
719,1.3583319043612842e-05,1.127818579201816e-06,-7.164190436128412e-07,0
720,1.5730708486689983e-05,1.127818579201816e-06,-1.9588084866899823e-06,0
721,1.375817073447767e-05,1.127818579201816e-06,-1.5606707344776708e-06,0
722,9.31164633831867e-06,1.127818579201816e-06,-9.643633831867067e-08,0
723,4.869583709264353e-06,1.127818579201816e-06,9.778862907356469e-07,1
724,1.9330220286062768e-06,1.127818579201816e-06,1.0515979713937231e-06,1
725,6.13461107749301e-07,1.127818579201816e-06,6.966588922506991e-07,1
726,2.1456647227578735e-07,1.127818579201816e-06,4.711785277242127e-07,0
727,1.852871872592828e-07,1.127818579201816e-06,3.6704381274071723e-07,0
728,2.9824263055146515e-07,1.127818579201816e-06,2.4480636944853485e-07,0
729,5.113275782319587e-07,1.127818579201816e-06,2.330542176804133e-08,0
730,9.343030232909651e-07,1.127818579201816e-06,-4.0004102329096506e-07,0
731,1.5653756776310557e-06,1.127818579201816e-06,-8.693346776310556e-07,1
732,1.9483956677707008e-06,1.127818579201816e-06,-7.827556677707008e-07,1
733,1.6200295437598342e-06,1.127818579201816e-06,8.298045624016574e-08,0
734,8.818729039991362e-07,1.127818579201816e-06,8.82267096000864e-07,0
735,3.291980206637543e-07,1.127818579201816e-06,8.528619793362458e-07,1
736,1.12033622119885e-06,1.127818579201816e-06,6.7325377880115e-07,0
737,1.6079106620201615e-06,1.127818579201816e-06,1.121669337979838e-06,0
738,1.4341957327681138e-06,1.127818579201816e-06,1.4412142672318861e-06,1
739,8.519262563626143e-07,1.127818579201816e-06,1.3928837436373858e-06,1
740,3.733923254965775e-07,1.127818579201816e-06,9.576076745034226e-07,1
741,1.447848317432841e-07,1.127818579201816e-06,4.787351682567158e-07,1
742,8.000618063496484e-08,1.127818579201816e-06,1.9565781936503517e-07,1
743,8.84811483193856e-08,1.127818579201816e-06,8.84378516806144e-08,0
744,1.415229894629874e-07,1.127818579201816e-06,9.72920105370126e-08,0
745,2.9111638721265546e-07,1.127818579201816e-06,2.0429861278734448e-07,0
746,6.352896348634515e-07,1.127818579201816e-06,4.352103651365485e-07,0
747,1.3265882379026569e-06,1.127818579201816e-06,8.060417620973432e-07,1
748,2.725156331977473e-06,1.127818579201816e-06,1.124013668022527e-06,1
749,5.500712631541954e-06,1.127818579201816e-06,9.978073684580454e-07,0
750,9.918450154155744e-06,1.127818579201816e-06,2.4619845844256835e-08,0
751,1.4188569472733813e-05,1.127818579201816e-06,-1.7241694727338123e-06,0
752,1.514223568375994e-05,1.127818579201816e-06,-3.07613568375994e-06,1
753,1.2028355540486184e-05,1.127818579201816e-06,-2.7873855404861845e-06,1
754,7.2176867461927935e-06,1.127818579201816e-06,-1.317646746192793e-06,1
755,3.243299603991985e-06,1.127818579201816e-06,-1.13359603991985e-07,0
756,1.0859313868471793e-06,1.127818579201816e-06,2.614586131528207e-07,0
757,3.1933961248491394e-07,1.127818579201816e-06,2.2193938751508602e-07,0
758,1.6333515380453757e-07,1.127818579201816e-06,1.5753584619546245e-07,0
759,2.059357998212377e-07,1.127818579201816e-06,1.084892001787623e-07,0
760,3.500159007672661e-07,1.127818579201816e-06,3.924099232733887e-09,0
761,6.816933843085723e-07,1.127818579201816e-06,-2.8322038430857234e-07,0
762,1.4258071632017088e-06,1.127818579201816e-06,-9.427501632017088e-07,1
763,2.4553526593920417e-06,1.127818579201816e-06,-1.7400166593920416e-06,1
764,2.8738460498884783e-06,1.127818579201816e-06,-1.7545860498884783e-06,1
765,2.147828336621869e-06,1.127818579201816e-06,-7.008383366218692e-07,0
766,1.0274652961198977e-06,1.127818579201816e-06,3.348647038801023e-07,0
767,3.3214568766921356e-07,1.127818579201816e-06,5.199823123307864e-07,1
768,3.88719981570056e-07,1.127818579201816e-06,5.81226018429944e-07,0
769,4.884788639135175e-07,1.127818579201816e-06,1.0044111360864823e-06,1
770,3.9016529706092575e-07,1.127818579201816e-06,1.2258447029390742e-06,1
771,2.3437928514772486e-07,1.127818579201816e-06,1.048110714852275e-06,1
772,1.2956473218906428e-07,1.127818579201816e-06,6.301032678109358e-07,1
773,7.051917998631425e-08,1.127818579201816e-06,2.919088200136858e-07,0
774,5.303773719693619e-08,1.127818579201816e-06,1.203762628030638e-07,0
775,6.781750681665252e-08,1.127818579201816e-06,5.195849318334748e-08,0
776,1.1599123700714395e-07,1.127818579201816e-06,3.564676299285605e-08,0
777,2.347983668981245e-07,1.127818579201816e-06,4.4447633101875506e-08,0
778,4.6668827088360643e-07,1.127818579201816e-06,1.093217291163936e-07,0
779,9.5342741901546e-07,1.127818579201816e-06,2.3065258098453986e-07,0
780,2.096123103161061e-06,1.127818579201816e-06,2.9292689683893905e-07,0
781,4.361856953439111e-06,1.127818579201816e-06,1.9238304656088972e-07,0
782,7.457985955037457e-06,1.127818579201816e-06,-2.6180595503745694e-07,0
783,9.720669162335537e-06,1.127818579201816e-06,-1.2744091623355352e-06,0
784,9.407169217903224e-06,1.127818579201816e-06,-2.190439217903224e-06,1
785,6.778655352716512e-06,1.127818579201816e-06,-2.028865352716511e-06,1
786,3.6903448869848368e-06,1.127818579201816e-06,-1.1092548869848365e-06,1
787,1.5375899192597129e-06,1.127818579201816e-06,-3.665099192597129e-07,0
788,5.211161465380172e-07,1.127818579201816e-06,-7.422414653801721e-08,0
789,1.9168502621870415e-07,1.127818579201816e-06,-1.2256026218704134e-08,0
790,1.4311154355896853e-07,1.127818579201816e-06,-2.003454355896852e-08,0
791,2.0211332487522714e-07,1.127818579201816e-06,-6.900332487522714e-08,0
792,3.267196340157046e-07,1.127818579201816e-06,-1.5996663401570461e-07,0
793,5.865185280205354e-07,1.127818579201816e-06,-3.6209652802053536e-07,1
794,1.1492074465414318e-06,1.127818579201816e-06,-8.249564465414318e-07,1
795,1.8448773338115208e-06,1.127818579201816e-06,-1.3437513338115208e-06,1
796,1.982075943880386e-06,1.127818579201816e-06,-1.2492069438803859e-06,1
797,1.3466461638318965e-06,1.127818579201816e-06,-4.677461638318965e-07,0
798,5.838858056562223e-07,1.127818579201816e-06,2.0768819434377773e-07,0
799,1.6973802785906095e-07,1.127818579201816e-06,3.1516097214093903e-07,1
800,7.191436256134915e-08,1.127818579201816e-06,5.408726374386509e-07,1
801,8.991822752894618e-08,1.127818579201816e-06,8.763537724710539e-07,1
802,9.719656351235924e-08,1.127818579201816e-06,9.338634364876409e-07,1
803,1.088922966020844e-07,1.127818579201816e-06,6.711207033979156e-07,1
804,9.491436184851132e-08,1.127818579201816e-06,3.411116381514887e-07,1
805,5.3267105901141326e-08,1.127818579201816e-06,1.4393289409885865e-07,0
806,2.8753384260175e-08,1.127818579201816e-06,6.425671573982501e-08,0
807,2.8691746619041597e-08,1.127818579201816e-06,3.7995853380958416e-08,0
808,4.5206674036176384e-08,1.127818579201816e-06,3.0420125963823624e-08,0
809,8.61114872769764e-08,1.127818579201816e-06,3.2865512723023606e-08,0
810,1.745645754056065e-07,1.127818579201816e-06,6.626442459439348e-08,0
811,4.3018426667674314e-07,1.127818579201816e-06,1.2514473332325682e-07,0
812,1.1251691422462764e-06,1.127818579201816e-06,1.6484085775372356e-07,0
813,2.4510408193222247e-06,1.127818579201816e-06,1.1641918067777498e-07,0
814,4.005857491369844e-06,1.127818579201816e-06,-2.120474913698445e-07,0
815,4.803340765615335e-06,1.127818579201816e-06,-8.824207656153356e-07,1
816,4.241853690695201e-06,1.127818579201816e-06,-1.352743690695201e-06,1
817,2.812619918543177e-06,1.127818579201816e-06,-1.170859918543177e-06,1
818,1.446286197250195e-06,1.127818579201816e-06,-6.589001972501949e-07,1
819,6.202119739900983e-07,1.127818579201816e-06,-2.848279739900983e-07,1
820,2.569418036568648e-07,1.127818579201816e-06,-1.1946680365686478e-07,1
821,1.3426796751334364e-07,1.127818579201816e-06,-6.564336751334364e-08,0
822,1.301212493213712e-07,1.127818579201816e-06,-7.856694932137119e-08,1
823,1.881049332616764e-07,1.127818579201816e-06,-1.354080332616764e-07,1
824,2.639623536721549e-07,1.127818579201816e-06,-1.968845536721549e-07,1
825,3.536524856328583e-07,1.127818579201816e-06,-2.496974856328583e-07,1
826,5.238827352207131e-07,1.127818579201816e-06,-3.548717352207131e-07,1
827,7.213865250460467e-07,1.127818579201816e-06,-4.5475852504604675e-07,1
828,7.114264705667686e-07,1.127818579201816e-06,-3.266044705667686e-07,0
829,4.642726633156382e-07,1.127818579201816e-06,3.771336684361821e-09,0
830,2.061337869586052e-07,1.127818579201816e-06,2.3929821304139477e-07,0
831,6.375337438050744e-08,1.127818579201816e-06,2.3271562561949252e-07,1
832,2.396040336451445e-08,1.127818579201816e-06,4.945655966354856e-07,1
833,3.1078270375957223e-08,1.127818579201816e-06,7.638937296240429e-07,1
834,3.993746154151117e-08,1.127818579201816e-06,7.530905384584888e-07,1
835,4.82988579591826e-08,1.127818579201816e-06,4.915991420408175e-07,1
836,3.745032781954704e-08,1.127818579201816e-06,2.2567167218045294e-07,1
837,1.6692158052301067e-08,1.127818579201816e-06,8.528984194769892e-08,1
838,6.215095905509881e-09,1.127818579201816e-06,3.685670409449013e-08,0
839,4.823534828477346e-09,1.127818579201816e-06,2.535696517152266e-08,0
840,7.735917428933415e-09,1.127818579201816e-06,2.737118257106658e-08,0
841,1.7304123936327637e-08,1.127818579201816e-06,4.0996176063672375e-08,0
842,5.2401241591286484e-08,1.127818579201816e-06,6.872075840871351e-08,0
843,1.7363955170916692e-07,1.127818579201816e-06,1.1624744829083311e-07,0
844,4.889811268246909e-07,1.127818579201816e-06,1.76778873175309e-07,0
845,1.0395991049406584e-06,1.127818579201816e-06,1.553808950593415e-07,0
846,1.6225342858047612e-06,1.127818579201816e-06,-1.158642858047613e-07,0
847,1.881460176820364e-06,1.127818579201816e-06,-5.64600176820364e-07,1
848,1.6615753390057091e-06,1.127818579201816e-06,-8.125853390057091e-07,1
849,1.1416752636282324e-06,1.127818579201816e-06,-6.897222636282324e-07,1
850,6.292502563104575e-07,1.127818579201816e-06,-4.0632125631045754e-07,1
851,3.1428775641864736e-07,1.127818579201816e-06,-2.0312975641864737e-07,1
852,1.6106113321884602e-07,1.127818579201816e-06,-1.0220853321884602e-07,1
853,1.0680723851989314e-07,1.127818579201816e-06,-7.197263851989314e-08,1
854,1.3550574178028136e-07,1.127818579201816e-06,-1.1010464178028136e-07,1
855,1.965429727801039e-07,1.127818579201816e-06,-1.7321907278010388e-07,1
856,2.304322628358431e-07,1.127818579201816e-06,-1.9983376283584308e-07,1
857,2.3048413238317046e-07,1.127818579201816e-06,-1.8101943238317046e-07,1
858,2.1816316095234584e-07,1.127818579201816e-06,-1.3922026095234584e-07,1
859,2.0472985554279188e-07,1.127818579201816e-06,-7.501985554279189e-08,0
860,1.823004138332222e-07,1.127818579201816e-06,2.45065861667778e-08,0
861,1.3938275129241626e-07,1.127818579201816e-06,1.4910924870758376e-07,0
862,8.222884948805081e-08,1.127818579201816e-06,2.3268715051194913e-07,1
863,3.3392049742557857e-08,1.127818579201816e-06,1.9959595025744215e-07,1
864,1.361127799605614e-08,1.127818579201816e-06,4.645457220039439e-07,1
865,1.0751717642234231e-08,1.127818579201816e-06,6.803312823577658e-07,1
866,7.873784503138408e-09,1.127818579201816e-06,6.275912154968616e-07,1
867,6.6095389510390484e-09,1.127818579201816e-06,3.887704610489609e-07,1
868,4.222833362027333e-09,1.127818579201816e-06,1.7635916663797266e-07,1
869,2.4360319388085322e-09,1.127818579201816e-06,6.752496806119147e-08,1
870,2.0946161900747086e-09,1.127818579201816e-06,2.6989983809925288e-08,1
871,1.7025643247033467e-09,1.127818579201816e-06,1.6009435675296654e-08,0
872,1.5869193490493767e-09,1.127818579201816e-06,1.9195380650950623e-08,0
873,4.344951976025578e-09,1.127818579201816e-06,3.297154802397442e-08,0
874,1.7210396192973488e-08,1.127818579201816e-06,6.65338038070265e-08,0
875,6.123474191375268e-08,1.127818579201816e-06,1.459222580862473e-07,0
876,1.756224723057394e-07,1.127818579201816e-06,2.5097552769426056e-07,0
877,3.73021901077581e-07,1.127818579201816e-06,2.4109709892241905e-07,0
878,5.875157759793677e-07,1.127818579201816e-06,1.0720224020632291e-08,0
879,7.251616462993788e-07,1.127818579201816e-06,-3.0249864629937874e-07,1
880,7.3096875956664e-07,1.127818579201816e-06,-4.7984675956664e-07,1
881,5.835362480723925e-07,1.127818579201816e-06,-4.384362480723925e-07,1
882,3.690588598785964e-07,1.127818579201816e-06,-2.8341895987859643e-07,1
883,2.1179747285696607e-07,1.127818579201816e-06,-1.5990427285696608e-07,1
884,1.2823356178543296e-07,1.127818579201816e-06,-9.717586178543295e-08,1
885,1.1662880043472474e-07,1.127818579201816e-06,-9.802120043472474e-08,1
886,1.6104216332715952e-07,1.127818579201816e-06,-1.467917633271595e-07,1
887,2.0998802811927982e-07,1.127818579201816e-06,-1.9143962811927981e-07,1
888,2.426148599661781e-07,1.127818579201816e-06,-2.131691599661781e-07,1
889,2.4649836899422874e-07,1.127818579201816e-06,-2.0631336899422873e-07,1
890,2.0093733629257238e-07,1.127818579201816e-06,-1.4523923629257238e-07,1
891,1.4228931084134504e-07,1.127818579201816e-06,-4.3290210841345035e-08,0
892,1.1809891389265444e-07,1.127818579201816e-06,6.721808610734558e-08,0
893,1.1380717342505586e-07,1.127818579201816e-06,1.7440182657494419e-07,1
894,9.514373192850918e-08,1.127818579201816e-06,2.348622680714908e-07,1
895,5.7986616642248497e-08,1.127818579201816e-06,1.939373833577515e-07,1
896,9.474017371342445e-09,1.127818579201816e-06,4.3762298262865757e-07,1
897,1.441622398431566e-08,1.127818579201816e-06,6.157507760156842e-07,1
898,1.309335385722324e-08,1.127818579201816e-06,5.610816461427768e-07,1
899,9.425584196211507e-09,1.127818579201816e-06,3.568824158037885e-07,1
900,1.1098078514003795e-08,1.127818579201816e-06,1.663269214859962e-07,0
901,1.7883683132270906e-08,1.127818579201816e-06,5.4701016867729085e-08,0
902,2.154881255603387e-08,1.127818579201816e-06,7.342787443966129e-09,0
903,1.825715833498747e-08,1.127818579201816e-06,-2.9343583349874685e-09,0
904,1.4770714771640009e-08,1.127818579201816e-06,4.674852283599925e-10,0
905,1.3185759714592732e-08,1.127818579201816e-06,1.4062740285407268e-08,0
906,1.5013292008279334e-08,1.127818579201816e-06,6.351340799172067e-08,0
907,3.649949086552517e-08,1.127818579201816e-06,1.779415091344748e-07,0
908,1.0400800786545429e-07,1.127818579201816e-06,2.885249921345457e-07,0
909,2.2227626175321808e-07,1.127818579201816e-06,2.211207382467819e-07,0
910,3.410772034993837e-07,1.127818579201816e-06,-1.9992203499383686e-08,0
911,4.0590555703571037e-07,1.127818579201816e-06,-2.2739155703571036e-07,1
912,4.143878652508832e-07,1.127818579201816e-06,-3.0787786525088323e-07,1
913,3.5831820918528106e-07,1.127818579201816e-06,-2.8128160918528105e-07,1
914,2.587691218964277e-07,1.127818579201816e-06,-2.015938218964277e-07,1
915,1.7948869330203273e-07,1.127818579201816e-06,-1.4064949330203272e-07,1
916,1.4202724978205785e-07,1.127818579201816e-06,-1.2041204978205784e-07,1
917,1.4974389696290797e-07,1.127818579201816e-06,-1.3711069696290798e-07,1
918,1.9375544464309907e-07,1.127818579201816e-06,-1.7744964464309907e-07,1
919,2.483453597991474e-07,1.127818579201816e-06,-2.142083597991474e-07,1
920,2.8537154237794706e-07,1.127818579201816e-06,-2.2063374237794706e-07,1
921,2.837199965020963e-07,1.127818579201816e-06,-1.878705965020963e-07,0
922,2.566634445452729e-07,1.127818579201816e-06,-1.2688544454527286e-07,0
923,2.464739171306826e-07,1.127818579201816e-06,-4.020391713068262e-08,0
924,2.742753743506509e-07,1.127818579201816e-06,7.674362564934912e-08,0
925,3.0183894963407786e-07,1.127818579201816e-06,2.0605605036592215e-07,1
926,2.688642212109741e-07,1.127818579201816e-06,2.79537778789026e-07,1
927,1.691411812707668e-07,1.127818579201816e-06,2.336868187292332e-07,0
928,6.693625496002368e-08,1.127818579201816e-06,4.5288574503997625e-07,0
929,9.293535879006522e-08,1.127818579201816e-06,6.451896412099348e-07,0
930,8.51318074320962e-08,1.127818579201816e-06,5.899471925679039e-07,0
931,7.812267833950519e-08,1.127818579201816e-06,3.529663216604948e-07,0
932,8.486488800094564e-08,1.127818579201816e-06,1.2395211199905435e-07,0
933,9.648756931812069e-08,1.127818579201816e-06,-1.4318369318120691e-08,0
934,1.063855060524926e-07,1.127818579201816e-06,-7.708300605249259e-08,1
935,1.1190693752125974e-07,1.127818579201816e-06,-9.566423752125974e-08,1
936,1.0881165635847683e-07,1.127818579201816e-06,-8.557665635847683e-08,1
937,8.9426499017312e-08,1.127818579201816e-06,-3.7220299017312e-08,0
938,7.404663883645537e-08,1.127818579201816e-06,4.9829361163544647e-08,0
939,9.033937900283473e-08,1.127818579201816e-06,1.5939662099716528e-07,0
940,1.56823487331349e-07,1.127818579201816e-06,2.00969512668651e-07,0
941,2.7275343202460976e-07,1.127818579201816e-06,6.229356797539024e-08,0
942,3.789629792718048e-07,1.127818579201816e-06,-1.6701297927180476e-07,0
943,4.223243551161549e-07,1.127818579201816e-06,-3.108453551161549e-07,1
944,4.239179608110539e-07,1.127818579201816e-06,-3.552641608110539e-07,1
945,3.784164113725229e-07,1.127818579201816e-06,-3.257439113725229e-07,1
946,2.873663799857082e-07,1.127818579201816e-06,-2.4725197998570815e-07,1
947,2.1790011290761247e-07,1.127818579201816e-06,-1.9286831290761248e-07,1
948,1.9229744312105105e-07,1.127818579201816e-06,-1.7911824312105105e-07,1
949,2.0841023664675215e-07,1.127818579201816e-06,-1.9705853664675214e-07,1
950,2.789827310804314e-07,1.127818579201816e-06,-2.5428103108043145e-07,1
951,3.785676155721032e-07,1.127818579201816e-06,-3.1133471557210323e-07,1
952,4.3046236436411506e-07,1.127818579201816e-06,-2.7984736436411503e-07,0
953,4.224624478318988e-07,1.127818579201816e-06,-1.6325444783189882e-07,0
954,4.5393551627889813e-07,1.127818579201816e-06,-5.9128516278898135e-08,0
955,6.223185478872925e-07,1.127818579201816e-06,2.3372452112707558e-08,0
956,9.071494997826971e-07,1.127818579201816e-06,1.5062050021730294e-07,0
957,1.1199879003649929e-06,1.127818579201816e-06,2.959120996350072e-07,0
958,1.046868300766376e-06,1.127818579201816e-06,3.312016992336242e-07,0
959,6.841113297335255e-07,1.127818579201816e-06,2.2790467026647452e-07,0
960,2.2447648329112486e-07,1.127818579201816e-06,5.073275167088752e-07,0
961,2.8258006402754477e-07,1.127818579201816e-06,6.970099359724552e-07,0
962,2.7897599515277955e-07,1.127818579201816e-06,5.500880048472205e-07,0
963,2.8414518518299746e-07,1.127818579201816e-06,2.1114181481700254e-07,0
964,2.862574983023006e-07,1.127818579201816e-06,-5.693949830230062e-08,0
965,2.9272640491826284e-07,1.127818579201816e-06,-2.0633800491826285e-07,1
966,3.2545183422757417e-07,1.127818579201816e-06,-2.9229933422757415e-07,1
967,3.4329234590770013e-07,1.127818579201816e-06,-3.1069814590770014e-07,1
968,3.026654882074141e-07,1.127818579201816e-06,-2.3504038820741412e-07,1
969,2.3865344933308364e-07,1.127818579201816e-06,-1.0657444933308364e-07,0
970,2.097939312610705e-07,1.127818579201816e-06,4.729068738929518e-09,0
971,2.245791047568221e-07,1.127818579201816e-06,7.239789524317792e-08,0
972,2.7451288684580896e-07,1.127818579201816e-06,5.693011315419108e-08,0
973,3.4493499851884736e-07,1.127818579201816e-06,-6.325699851884735e-08,0
974,4.10293452092959e-07,1.127818579201816e-06,-2.20423452092959e-07,1
975,4.521132865933501e-07,1.127818579201816e-06,-3.3413028659335015e-07,1
976,4.620269135928501e-07,1.127818579201816e-06,-3.858977135928501e-07,1
977,3.903011965924696e-07,1.127818579201816e-06,-3.4052109659246957e-07,1
978,2.69428888269025e-07,1.127818579201816e-06,-2.3726488826902501e-07,1
979,2.1324929872229406e-07,1.127818579201816e-06,-1.9108959872229405e-07,1
980,2.3676088155061359e-07,1.127818579201816e-06,-2.1820968155061358e-07,1
981,3.01945265407187e-07,1.127818579201816e-06,-2.81064065407187e-07,1
982,4.2720161013332063e-07,1.127818579201816e-06,-3.865466101333206e-07,1
983,5.89623316048217e-07,1.127818579201816e-06,-4.794743160482171e-07,1
984,6.711586878438702e-07,1.127818579201816e-06,-4.069526878438702e-07,0
985,7.236163685763168e-07,1.127818579201816e-06,-2.0939636857631679e-07,0
986,1.004084092044708e-06,1.127818579201816e-06,-7.511709204470808e-08,0
987,1.6748757753592813e-06,1.127818579201816e-06,2.2964224640718867e-08,0
988,2.5989799123228504e-06,1.127818579201816e-06,1.6639008767714984e-07,0
989,3.2263913544003534e-06,1.127818579201816e-06,2.299786455996458e-07,0
990,2.9330048700809368e-06,1.127818579201816e-06,1.2885512991906285e-07,0
991,1.8002746673046833e-06,1.127818579201816e-06,9.965332695316783e-09,0
992,2.840290211234051e-07,1.127818579201816e-06,3.6240597887659487e-07,0
993,3.1818643829564273e-07,1.127818579201816e-06,4.174955617043573e-07,0
994,3.013829765551339e-07,1.127818579201816e-06,2.3841902344486614e-07,0
995,3.051847916649089e-07,1.127818579201816e-06,-1.6934791664908895e-08,0
996,3.153712339190777e-07,1.127818579201816e-06,-1.9366323391907768e-07,1
997,3.4258450850836375e-07,1.127818579201816e-06,-2.9821810850836376e-07,1
998,3.731816980837281e-07,1.127818579201816e-06,-3.4788699808372814e-07,1
999,3.5180182973584773e-07,1.127818579201816e-06,-3.0840582973584775e-07,1
1000,2.814148921541924e-07,1.127818579201816e-06,-1.935139921541924e-07,1
1001,2.2936859156705732e-07,1.127818579201816e-06,-8.617959156705732e-08,0
1002,2.182886271418007e-07,1.127818579201816e-06,-2.4510627141800698e-08,0
1003,2.323408392995501e-07,1.127818579201816e-06,-4.204839299550107e-09,0
1004,2.489846865112323e-07,1.127818579201816e-06,-2.3755686511232284e-08,0
1005,2.5757360329302204e-07,1.127818579201816e-06,-7.686660329302206e-08,0
1006,2.623515346513423e-07,1.127818579201816e-06,-1.401225346513423e-07,1
1007,2.673054973847278e-07,1.127818579201816e-06,-1.896596973847278e-07,1
1008,2.5720885255072216e-07,1.127818579201816e-06,-2.0914015255072216e-07,1
1009,2.0743226802094378e-07,1.127818579201816e-06,-1.7744616802094378e-07,1
1010,1.5829292400817076e-07,1.127818579201816e-06,-1.3727502400817077e-07,1
1011,1.49382174672638e-07,1.127818579201816e-06,-1.32008574672638e-07,1
1012,1.671096266060997e-07,1.127818579201816e-06,-1.509476266060997e-07,1
1013,2.2038680556219888e-07,1.127818579201816e-06,-2.0095870556219888e-07,1
1014,3.3341264530428227e-07,1.127818579201816e-06,-2.9223674530428227e-07,1
1015,4.405483319421814e-07,1.127818579201816e-06,-3.3292533194218144e-07,1
1016,4.770068441412465e-07,1.127818579201816e-06,-2.2897284414124657e-07,0
1017,5.944705081315717e-07,1.127818579201816e-06,-7.600250813157162e-08,0
1018,1.0223966449691582e-06,1.127818579201816e-06,3.772335503084173e-08,0
1019,1.8378428555725288e-06,1.127818579201816e-06,1.5604714442747147e-07,0
1020,2.813904565639468e-06,1.127818579201816e-06,2.1144543436053201e-07,0
1021,3.308797624780878e-06,1.127818579201816e-06,7.044237521912263e-08,0
1022,2.747533317637976e-06,1.127818579201816e-06,-1.350633176379759e-07,0
1023,1.4880691471720732e-06,1.127818579201816e-06,-1.82799147172073e-07,0
