,R273H,max,diff,True
0,1.4383552473715182e-06,1.1061684089567915e-06,-2.336524737151828e-08,0
1,1.987472972191954e-06,1.1061684089567915e-06,2.3167027808046115e-08,0
2,1.616569863258794e-06,1.1061684089567915e-06,2.4520136741206055e-08,0
3,9.1160844428392e-07,1.1061684089567915e-06,-2.1053444283920037e-08,0
4,4.273581586066083e-07,1.1061684089567915e-06,-5.035015860660827e-08,0
5,1.8931378129562585e-07,1.1061684089567915e-06,-4.7840781295625865e-08,0
6,9.517647484051649e-08,1.1061684089567915e-06,-2.47420748405165e-08,0
7,6.387458013622322e-08,1.1061684089567915e-06,3.192951986377679e-08,0
8,5.0422350957314194e-08,1.1061684089567915e-06,1.400536490426858e-07,0
9,4.838546777829659e-08,1.1061684089567915e-06,2.857585322217034e-07,0
10,7.969995124084245e-08,1.1061684089567915e-06,4.293940487591575e-07,0
11,1.8698986306689105e-07,1.1061684089567915e-06,4.98683136933109e-07,0
12,4.144724043669164e-07,1.1061684089567915e-06,3.8380659563308357e-07,0
13,7.362137728814885e-07,1.1061684089567915e-06,5.4094227118511514e-08,0
14,1.0044072350785178e-06,1.1061684089567915e-06,-3.302792350785177e-07,0
15,1.023207959521168e-06,1.1061684089567915e-06,-5.137979595211679e-07,1
16,7.848077663344002e-07,1.1061684089567915e-06,-4.3071176633440027e-07,1
17,4.87306905751507e-07,1.1061684089567915e-06,-2.5444290575150706e-07,1
18,2.82974590559188e-07,1.1061684089567915e-06,-1.4210159055918797e-07,1
19,1.7293674732649268e-07,1.1061684089567915e-06,-8.500004732649268e-08,1
20,1.2027229991404694e-07,1.1061684089567915e-06,-3.761539991404695e-08,0
21,1.1902201444876249e-07,1.1061684089567915e-06,-2.432014448762492e-09,0
22,1.5538415163632104e-07,1.1061684089567915e-06,3.2432848363678984e-08,0
23,2.058734060628596e-07,1.1061684089567915e-06,1.1241459393714042e-07,0
24,3.828016439072925e-07,1.1061684089567915e-06,2.299763560927075e-07,0
25,1.0408345502617815e-06,1.1061684089567915e-06,3.3956544973821846e-07,0
26,2.6178923775123484e-06,1.1061684089567915e-06,6.166376224876513e-07,0
27,5.332374220639751e-06,1.1061684089567915e-06,1.5181057793602489e-06,0
28,8.714890253019117e-06,1.1061684089567915e-06,3.0631097469808827e-06,1
29,1.1093814344481093e-05,1.1061684089567915e-06,4.172385655518906e-06,1
30,1.055162268732401e-05,1.1061684089567915e-06,3.6121773126759914e-06,1
31,6.997746239530118e-06,1.1061684089567915e-06,1.9239137604698825e-06,1
32,4.267165835752781e-06,1.1061684089567915e-06,-3.8381583575278146e-07,0
33,5.218866325678771e-06,1.1061684089567915e-06,-4.398563256787712e-07,0
34,3.7671674850682884e-06,1.1061684089567915e-06,-3.2248748506828833e-07,0
35,1.8724604543303528e-06,1.1061684089567915e-06,-1.79350454330353e-07,0
36,8.036107549936687e-07,1.1061684089567915e-06,-1.1670975499366875e-07,0
37,3.736394091746588e-07,1.1061684089567915e-06,-8.81454091746588e-08,0
38,2.1575445888432713e-07,1.1061684089567915e-06,-2.868545888432711e-08,0
39,1.501284935811476e-07,1.1061684089567915e-06,1.1035550641885241e-07,0
40,1.2642687881944533e-07,1.1061684089567915e-06,3.5288812118055465e-07,0
41,1.7531510177907634e-07,1.1061684089567915e-06,6.539068982209237e-07,0
42,3.578624220098869e-07,1.1061684089567915e-06,8.903175779901132e-07,0
43,8.222198895208233e-07,1.1061684089567915e-06,8.227601104791767e-07,0
44,1.7425666975541595e-06,1.1061684089567915e-06,1.917733024458406e-07,0
45,2.8972536659710358e-06,1.1061684089567915e-06,-8.552236659710357e-07,0
46,3.5802317999404326e-06,1.1061684089567915e-06,-1.6509217999404329e-06,1
47,3.3625292722326354e-06,1.1061684089567915e-06,-1.7232492722326354e-06,1
48,2.528227542349107e-06,1.1061684089567915e-06,-1.2622175423491072e-06,1
49,1.6260770594757709e-06,1.1061684089567915e-06,-7.569280594757708e-07,1
50,1.0177565033225272e-06,1.1061684089567915e-06,-4.777135033225271e-07,1
51,7.019982182701096e-07,1.1061684089567915e-06,-3.2839221827010964e-07,1
52,5.503099999301319e-07,1.1061684089567915e-06,-1.7876899993013188e-07,0
53,5.409890409678221e-07,1.1061684089567915e-06,-3.8188040967822106e-08,0
54,6.261800345722399e-07,1.1061684089567915e-06,1.0727096542776015e-07,0
55,7.790832013117288e-07,1.1061684089567915e-06,3.5571679868827133e-07,0
56,1.4686269291249627e-06,1.1061684089567915e-06,6.710230708750372e-07,0
57,3.899758793662967e-06,1.1061684089567915e-06,9.814112063370325e-07,0
58,9.61211613325302e-06,1.1061684089567915e-06,1.7842838667469811e-06,0
59,1.887893135167048e-05,1.1061684089567915e-06,4.198568648329521e-06,1
60,2.85278677049813e-05,1.1061684089567915e-06,8.019332295018703e-06,1
61,3.260336655032318e-05,1.1061684089567915e-06,1.0166233449676816e-05,1
62,2.7496643531352504e-05,1.1061684089567915e-06,8.090356468647493e-06,1
63,1.615605682284041e-05,1.1061684089567915e-06,3.909443177159588e-06,1
64,6.0816787774356105e-06,1.1061684089567915e-06,-8.872987774356105e-07,0
65,6.800333561998533e-06,1.1061684089567915e-06,-9.457235619985328e-07,0
66,4.50126532644178e-06,1.1061684089567915e-06,-5.948853264417797e-07,0
67,2.0632360725406603e-06,1.1061684089567915e-06,-2.394460725406601e-07,0
68,8.756774058227445e-07,1.1061684089567915e-06,-1.1186940582274462e-07,0
69,4.87103598218945e-07,1.1061684089567915e-06,-1.0570159821894497e-07,0
70,3.767443048326682e-07,1.1061684089567915e-06,-9.699830483266819e-08,0
71,3.142757069978629e-07,1.1061684089567915e-06,1.8818293002137072e-08,0
72,3.054018448976122e-07,1.1061684089567915e-06,2.608171551023878e-07,0
73,4.945475771903759e-07,1.1061684089567915e-06,4.89826422809624e-07,0
74,1.0249782127091115e-06,1.1061684089567915e-06,4.893417872908887e-07,0
75,2.1419545763878123e-06,1.1061684089567915e-06,-2.6714576387812376e-08,0
76,3.995175993301372e-06,1.1061684089567915e-06,-1.2142159933013718e-06,0
77,5.942422610103295e-06,1.1061684089567915e-06,-2.5482026101032956e-06,1
78,6.877428263258471e-06,1.1061684089567915e-06,-3.128708263258472e-06,1
79,6.444498464239285e-06,1.1061684089567915e-06,-2.7286384642392853e-06,1
80,5.12207107789715e-06,1.1061684089567915e-06,-1.90289107789715e-06,1
81,3.640752745635048e-06,1.1061684089567915e-06,-1.2873827456350478e-06,1
82,2.51044469545526e-06,1.1061684089567915e-06,-9.8645469545526e-07,1
83,1.8511731541815812e-06,1.1061684089567915e-06,-7.967231541815813e-07,1
84,1.5711722502912354e-06,1.1061684089567915e-06,-5.747632502912354e-07,1
85,1.5982292735408934e-06,1.1061684089567915e-06,-3.398392735408934e-07,0
86,1.76920313263184e-06,1.1061684089567915e-06,-7.001313263183995e-08,0
87,2.087797095268644e-06,1.1061684089567915e-06,3.6284290473135613e-07,0
88,3.591016664205159e-06,1.1061684089567915e-06,9.252833357948414e-07,0
89,8.765198373795584e-06,1.1061684089567915e-06,1.636101626204418e-06,0
90,2.0549084548015608e-05,1.1061684089567915e-06,3.082215451984394e-06,0
91,3.843903857992973e-05,1.1061684089567915e-06,6.018161420070272e-06,1
92,5.410310794562872e-05,1.1061684089567915e-06,9.726992054371277e-06,1
93,5.608096743008744e-05,1.1061684089567915e-06,1.1105732569912558e-05,1
94,4.223023606336984e-05,1.1061684089567915e-06,8.146963936630162e-06,1
95,2.2258096676791626e-05,1.1061684089567915e-06,3.485203323208372e-06,1
96,4.984918261591812e-06,1.1061684089567915e-06,-4.350182615918119e-07,0
97,5.239777184826425e-06,1.1061684089567915e-06,-3.4704718482642493e-07,0
98,3.26299843324679e-06,1.1061684089567915e-06,-1.258984332467899e-07,0
99,1.4236559121241775e-06,1.1061684089567915e-06,1.3514087875822666e-08,0
100,6.454210463324541e-07,1.1061684089567915e-06,9.402953667545908e-09,0
101,4.88054470259425e-07,1.1061684089567915e-06,-9.117647025942492e-08,0
102,4.833020968048438e-07,1.1061684089567915e-06,-1.844120968048438e-07,0
103,4.4373534095212783e-07,1.1061684089567915e-06,-1.4985134095212784e-07,0
104,4.80242862479348e-07,1.1061684089567915e-06,-4.344486247934805e-08,0
105,8.428793668587095e-07,1.1061684089567915e-06,-7.44143668587095e-08,0
106,1.7188422631673625e-06,1.1061684089567915e-06,-3.8106226316736254e-07,0
107,3.336852335070373e-06,1.1061684089567915e-06,-1.0970523350703732e-06,1
108,5.661244191006177e-06,1.1061684089567915e-06,-2.1673241910061776e-06,1
109,7.870522630464814e-06,1.1061684089567915e-06,-2.9156526304648146e-06,1
110,9.01314808640393e-06,1.1061684089567915e-06,-2.67789808640393e-06,1
111,8.831653199623672e-06,1.1061684089567915e-06,-1.7758631996236723e-06,0
112,7.630906120033449e-06,1.1061684089567915e-06,-1.1466361200334484e-06,0
113,5.930654407434798e-06,1.1061684089567915e-06,-1.0950444074347985e-06,0
114,4.347327968773228e-06,1.1061684089567915e-06,-1.2247679687732284e-06,1
115,3.2971616255109777e-06,1.1061684089567915e-06,-1.1868216255109775e-06,1
116,2.8433254519663397e-06,1.1061684089567915e-06,-9.046454519663397e-07,1
117,2.9954797657047112e-06,1.1061684089567915e-06,-5.512697657047111e-07,0
118,3.417133175252424e-06,1.1061684089567915e-06,-1.0608317525242364e-07,0
119,3.982318078895864e-06,1.1061684089567915e-06,6.439919211041358e-07,0
120,6.470827820542793e-06,1.1061684089567915e-06,1.7312021794572064e-06,1
121,1.4882269278705304e-05,1.1061684089567915e-06,3.1690307212946976e-06,1
122,3.2973206667300777e-05,1.1061684089567915e-06,4.86669333269922e-06,1
123,5.786517075931049e-05,1.1061684089567915e-06,6.22532924068951e-06,1
124,7.57849925778607e-05,1.1061684089567915e-06,6.3655074221392974e-06,0
125,7.275761582505902e-05,1.1061684089567915e-06,4.6467841749409745e-06,0
126,5.058814811597317e-05,1.1061684089567915e-06,1.9108518840268215e-06,0
127,2.4659034575579926e-05,1.1061684089567915e-06,-4.173457557992758e-08,0
128,3.1794709493125668e-06,1.1061684089567915e-06,1.4964905068743295e-07,0
129,3.183870630214477e-06,1.1061684089567915e-06,3.1047936978552295e-07,0
130,1.8670767060715733e-06,1.1061684089567915e-06,3.416632939284271e-07,0
131,7.863082485461394e-07,1.1061684089567915e-06,2.8242175145386043e-07,0
132,4.1048637404741494e-07,1.1061684089567915e-06,1.7617762595258505e-07,0
133,3.7059480141556674e-07,1.1061684089567915e-06,3.457719858443329e-08,0
134,3.700234507432529e-07,1.1061684089567915e-06,-8.033645074325291e-08,0
135,3.457605572978734e-07,1.1061684089567915e-06,-1.1664655729787338e-07,0
136,4.369868767208355e-07,1.1061684089567915e-06,-1.467418767208355e-07,0
137,8.60382540168187e-07,1.1061684089567915e-06,-2.7762954016818697e-07,1
138,1.875981628245019e-06,1.1061684089567915e-06,-5.637416282450191e-07,1
139,3.8764773079571405e-06,1.1061684089567915e-06,-1.1708573079571404e-06,1
140,6.818206804216122e-06,1.1061684089567915e-06,-1.977836804216122e-06,1
141,9.796597138657366e-06,1.1061684089567915e-06,-2.1814171386573654e-06,1
142,1.172015283506352e-05,1.1061684089567915e-06,-1.2862528350635198e-06,0
143,1.1877240933644175e-05,1.1061684089567915e-06,-7.654093364417636e-08,0
144,1.0413550881311826e-05,1.1061684089567915e-06,1.32349118688172e-07,0
145,8.22137191097965e-06,1.1061684089567915e-06,-7.491419109796494e-07,0
146,6.0657760816112016e-06,1.1061684089567915e-06,-1.519966081611202e-06,1
147,4.356323967129821e-06,1.1061684089567915e-06,-1.4215239671298206e-06,1
148,3.529988041733213e-06,1.1061684089567915e-06,-7.59298041733213e-07,0
149,3.7268959234299005e-06,1.1061684089567915e-06,5.400407657009912e-08,0
150,4.315717880056428e-06,1.1061684089567915e-06,9.987921199435722e-07,0
151,5.40705844518543e-06,1.1061684089567915e-06,2.0898315548145693e-06,1
152,9.638525088965767e-06,1.1061684089567915e-06,3.4258749110342327e-06,1
153,2.1466018613443727e-05,1.1061684089567915e-06,5.273381386556273e-06,1
154,4.33006501935742e-05,1.1061684089567915e-06,7.063049806425799e-06,1
155,6.905335959546528e-05,1.1061684089567915e-06,6.676640404534715e-06,1
156,8.37448068424347e-05,1.1061684089567915e-06,2.608493157565294e-06,0
157,7.585539808758447e-05,1.1061684089567915e-06,-2.4136980875844754e-06,0
158,5.015882765882664e-05,1.1061684089567915e-06,-4.263727658826643e-06,1
159,2.3265638997554043e-05,1.1061684089567915e-06,-3.063438997554042e-06,1
160,2.334401376230501e-06,1.1061684089567915e-06,1.2383862376949937e-07,0
161,2.341181048959224e-06,1.1061684089567915e-06,3.2129895104077564e-07,0
162,1.4330864993038916e-06,1.1061684089567915e-06,3.9785350069610853e-07,0
163,7.168116424664234e-07,1.1061684089567915e-06,3.446383575335766e-07,0
164,4.471726859931656e-07,1.1061684089567915e-06,2.534303140068344e-07,0
165,3.359788357832091e-07,1.1061684089567915e-06,1.7239216421679092e-07,0
166,2.587089224631102e-07,1.1061684089567915e-06,8.482207753688977e-08,0
167,2.2828908989904696e-07,1.1061684089567915e-06,6.372910100953057e-09,0
168,3.353833345783638e-07,1.1061684089567915e-06,-6.605933457836375e-08,0
169,8.094404289320247e-07,1.1061684089567915e-06,-1.681214289320247e-07,0
170,2.127989184240902e-06,1.1061684089567915e-06,-3.837291842409021e-07,0
171,4.9526304991112565e-06,1.1061684089567915e-06,-8.97760499111257e-07,0
172,9.32154594479317e-06,1.1061684089567915e-06,-1.5214359447931696e-06,0
173,1.402346958670278e-05,1.1061684089567915e-06,-1.440369586702781e-06,0
174,1.699200321179857e-05,1.1061684089567915e-06,-1.8590321179857175e-07,0
175,1.6741345000011135e-05,1.1061684089567915e-06,1.1003549999888673e-06,0
176,1.401622320506239e-05,1.1061684089567915e-06,6.146767949376093e-07,0
177,1.0468993733758447e-05,1.1061684089567915e-06,-1.0350137337584468e-06,0
178,7.041128200967691e-06,1.1061684089567915e-06,-1.7929382009676918e-06,1
179,4.4232536858815174e-06,1.1061684089567915e-06,-1.2735336858815176e-06,1
180,3.139605926813747e-06,1.1061684089567915e-06,-1.9100592681374715e-07,0
181,3.0878623218181056e-06,1.1061684089567915e-06,1.0269376781818943e-06,0
182,3.941710660759346e-06,1.1061684089567915e-06,2.0578293392406546e-06,1
183,6.416635817203338e-06,1.1061684089567915e-06,2.764284182796662e-06,1
184,1.268713712050328e-05,1.1061684089567915e-06,3.92816287949672e-06,1
185,2.5790406181800212e-05,1.1061684089567915e-06,6.309893818199789e-06,1
186,4.665139604446153e-05,1.1061684089567915e-06,8.40450395553847e-06,1
187,6.824209206820346e-05,1.1061684089567915e-06,6.921207931796547e-06,0
188,7.711563807821678e-05,1.1061684089567915e-06,1.1885619217832228e-06,0
189,6.58603393714798e-05,1.1061684089567915e-06,-4.129439371479792e-06,0
190,4.1576123751718294e-05,1.1061684089567915e-06,-5.029523751718294e-06,1
191,1.865411514881042e-05,1.1061684089567915e-06,-3.02151514881042e-06,1
192,2.357865828391233e-06,1.1061684089567915e-06,-6.739582839123318e-08,0
193,2.6642958170385023e-06,1.1061684089567915e-06,1.1306418296149771e-07,0
194,1.950201863541498e-06,1.1061684089567915e-06,2.636981364585016e-07,0
195,1.2045054569035215e-06,1.1061684089567915e-06,2.6964454309647836e-07,0
196,7.841728835507013e-07,1.1061684089567915e-06,2.268471164492988e-07,0
197,4.967996261901284e-07,1.1061684089567915e-06,2.0130737380987165e-07,0
198,2.9934200864195993e-07,1.1061684089567915e-06,1.4520199135804006e-07,0
199,2.159178348283709e-07,1.1061684089567915e-06,8.119316517162907e-08,0
200,3.4266607401588757e-07,1.1061684089567915e-06,3.800692598411244e-08,0
201,1.0609810173345007e-06,1.1061684089567915e-06,-2.869101733450068e-08,0
202,3.1468216448136423e-06,1.1061684089567915e-06,-1.8173164481364196e-07,0
203,7.480488716599625e-06,1.1061684089567915e-06,-4.502487165996261e-07,0
204,1.4025923541723547e-05,1.1061684089567915e-06,-6.093235417235457e-07,0
205,2.0816504450288733e-05,1.1061684089567915e-06,-3.6044502887341574e-09,0
206,2.431853681589941e-05,1.1061684089567915e-06,1.7190631841005924e-06,0
207,2.268657252615994e-05,1.1061684089567915e-06,2.789627473840058e-06,1
208,1.7673176816043986e-05,1.1061684089567915e-06,1.5081231839560164e-06,0
209,1.1874210332654128e-05,1.1061684089567915e-06,-4.016103326541283e-07,0
210,7.052377881002133e-06,1.1061684089567915e-06,-1.0328678810021326e-06,0
211,4.014266550754342e-06,1.1061684089567915e-06,-6.431465507543425e-07,0
212,2.595138097124088e-06,1.1061684089567915e-06,1.494819028759119e-07,0
213,2.432916403595845e-06,1.1061684089567915e-06,1.038743596404155e-06,0
214,3.739671287354302e-06,1.1061684089567915e-06,1.598238712645697e-06,0
215,7.510774578359771e-06,1.1061684089567915e-06,1.7747054216402284e-06,0
216,1.5137596678472748e-05,1.1061684089567915e-06,2.556003321527251e-06,0
217,2.868857942002536e-05,1.1061684089567915e-06,4.3240205799746425e-06,1
218,4.843052929623991e-05,1.1061684089567915e-06,5.344270703760089e-06,1
219,6.6662011380318e-05,1.1061684089567915e-06,3.4127886196819954e-06,0
220,7.083197035313236e-05,1.1061684089567915e-06,-9.157703531323592e-07,0
221,5.7411905193776695e-05,1.1061684089567915e-06,-4.125405193776696e-06,0
222,3.5497475450840105e-05,1.1061684089567915e-06,-4.191175450840103e-06,1
223,1.6282643333352625e-05,1.1061684089567915e-06,-2.479143333352626e-06,1
224,3.5153599981269654e-06,1.1061684089567915e-06,-3.700299981269652e-07,0
225,4.399183354801914e-06,1.1061684089567915e-06,-3.1501335480191436e-07,0
226,3.5164277646051405e-06,1.1061684089567915e-06,-1.2883776460514037e-07,0
227,2.219716807362841e-06,1.1061684089567915e-06,1.4213192637158728e-08,0
228,1.3221842209464337e-06,1.1061684089567915e-06,1.0062577905356632e-07,0
229,7.428415205209303e-07,1.1061684089567915e-06,1.4470247947906972e-07,0
230,3.8077728238948606e-07,1.1061684089567915e-06,1.4940671761051394e-07,0
231,2.2237241491619548e-07,1.1061684089567915e-06,1.675185850838045e-07,0
232,4.183590940299785e-07,1.1061684089567915e-06,2.2566690597002158e-07,0
233,1.592242897206581e-06,1.1061684089567915e-06,2.7546710279341877e-07,0
234,5.026987035683701e-06,1.1061684089567915e-06,2.883829643162983e-07,0
235,1.2052020039025055e-05,1.1061684089567915e-06,3.608799609749446e-07,0
236,2.2348083129998386e-05,1.1061684089567915e-06,6.522168700016152e-07,0
237,3.246858471501284e-05,1.1061684089567915e-06,1.4788152849871603e-06,0
238,3.7276487925174324e-05,1.1061684089567915e-06,2.5668120748256743e-06,0
239,3.4370021264040446e-05,1.1061684089567915e-06,2.216778735959554e-06,0
240,2.582276714340201e-05,1.1061684089567915e-06,3.2473285659799023e-07,0
241,1.6073195840533328e-05,1.1061684089567915e-06,-9.545958405333287e-07,0
242,8.946070273973708e-06,1.1061684089567915e-06,-9.870302739737076e-07,0
243,5.2989393529333175e-06,1.1061684089567915e-06,-6.312293529333182e-07,0
244,3.827555263918099e-06,1.1061684089567915e-06,-1.2428526391809883e-07,0
245,3.4396627201096016e-06,1.1061684089567915e-06,6.069572798903985e-07,0
246,4.4640873302983815e-06,1.1061684089567915e-06,1.042482669701618e-06,0
247,8.401246006714858e-06,1.1061684089567915e-06,7.717839932851424e-07,0
248,1.714982283833796e-05,1.1061684089567915e-06,2.5467716166203833e-07,0
249,3.272276453047917e-05,1.1061684089567915e-06,-3.5164530479168206e-08,0
250,5.422670134325768e-05,1.1061684089567915e-06,-5.875013432576795e-07,0
251,7.209589163087637e-05,1.1061684089567915e-06,-1.8729916308763691e-06,0
252,7.411775411355778e-05,1.1061684089567915e-06,-3.2312541135577887e-06,0
253,6.014613309440778e-05,1.1061684089567915e-06,-3.9147330944077735e-06,0
254,3.930515423305259e-05,1.1061684089567915e-06,-3.5501542330525904e-06,1
255,1.964842905944128e-05,1.1061684089567915e-06,-2.2192290594412825e-06,1
256,5.474278603083876e-06,1.1061684089567915e-06,-8.542886030838765e-07,0
257,6.497994983275052e-06,1.1061684089567915e-06,-8.220649832750518e-07,0
258,4.842357498918753e-06,1.1061684089567915e-06,-4.85367498918753e-07,0
259,2.751188681800026e-06,1.1061684089567915e-06,-1.3426868180002593e-07,0
260,1.416347977652116e-06,1.1061684089567915e-06,7.484202234788393e-08,0
261,6.805701077925313e-07,1.1061684089567915e-06,1.5435589220746859e-07,0
262,2.993368065092087e-07,1.1061684089567915e-06,1.907801934907913e-07,0
263,2.0438590098565663e-07,1.1061684089567915e-06,2.419600990143433e-07,0
264,6.326798767423998e-07,1.1061684089567915e-06,3.4677112325760027e-07,0
265,2.656503621928797e-06,1.1061684089567915e-06,4.899363780712031e-07,0
266,8.69001513007326e-06,1.1061684089567915e-06,6.477748699267398e-07,0
267,2.1230553225468882e-05,1.1061684089567915e-06,9.040467745311174e-07,0
268,3.9156785050808116e-05,1.1061684089567915e-06,1.1066149491918822e-06,0
269,5.5797700738219106e-05,1.1061684089567915e-06,7.474992617808956e-07,0
270,6.278902076693472e-05,1.1061684089567915e-06,-7.296207669347219e-07,0
271,5.620694650432367e-05,1.1061684089567915e-06,-3.159646504323676e-06,0
272,3.9852162081098215e-05,1.1061684089567915e-06,-4.502262081098216e-06,1
273,2.305027174177345e-05,1.1061684089567915e-06,-3.5914717417734488e-06,1
274,1.2662766834247051e-05,1.1061684089567915e-06,-2.156166834247051e-06,1
275,8.374149117347473e-06,1.1061684089567915e-06,-1.4178691173474725e-06,0
276,6.606062111338957e-06,1.1061684089567915e-06,-6.995621113389567e-07,0
277,5.493746860630214e-06,1.1061684089567915e-06,2.829631393697848e-07,0
278,5.757321851561496e-06,1.1061684089567915e-06,7.368381484385032e-07,0
279,9.630746855437256e-06,1.1061684089567915e-06,-2.28068554372562e-08,0
280,2.0068334784709115e-05,1.1061684089567915e-06,-1.6985347847091138e-06,0
281,3.9666140431867465e-05,1.1061684089567915e-06,-3.147640431867466e-06,0
282,6.572216504413123e-05,1.1061684089567915e-06,-3.2250650441312245e-06,0
283,8.618569256303339e-05,1.1061684089567915e-06,-1.9526925630333953e-06,0
284,8.98899815250053e-05,1.1061684089567915e-06,-9.498815250052887e-07,0
285,7.704897762244982e-05,1.1061684089567915e-06,-1.0571776224498162e-06,0
286,5.357945493239158e-05,1.1061684089567915e-06,-1.288054932391574e-06,0
287,2.7634250361117177e-05,1.1061684089567915e-06,-9.916503611171752e-07,0
288,5.0818139698693865e-06,1.1061684089567915e-06,-3.197439698693864e-07,0
289,5.343600451696247e-06,1.1061684089567915e-06,-1.4948045169624788e-07,0
290,3.4637926129019928e-06,1.1061684089567915e-06,5.6027387098007115e-08,0
291,1.6599751083210982e-06,1.1061684089567915e-06,1.857048916789016e-07,0
292,7.182655541168062e-07,1.1061684089567915e-06,1.8144644588319373e-07,0
293,2.9851143629786937e-07,1.1061684089567915e-06,1.489215637021306e-07,0
294,1.3569166239858232e-07,1.1061684089567915e-06,1.4890833760141767e-07,0
295,2.1320678070249885e-07,1.1061684089567915e-06,1.8155321929750112e-07,0
296,1.0059856022275491e-06,1.1061684089567915e-06,2.745043977724509e-07,0
297,4.516028529018014e-06,1.1061684089567915e-06,4.014414709819856e-07,0
298,1.52485459045461e-05,1.1061684089567915e-06,5.709540954539005e-07,0
299,3.7090938171568466e-05,1.1061684089567915e-06,8.774618284315342e-07,0
300,6.558071726360504e-05,1.1061684089567915e-06,7.282827363949489e-07,0
301,8.713018354350501e-05,1.1061684089567915e-06,-1.0609835435050017e-06,0
302,8.932963180996479e-05,1.1061684089567915e-06,-4.4158318099647974e-06,0
303,7.090603782981208e-05,1.1061684089567915e-06,-7.123037829812084e-06,1
304,4.394719430342018e-05,1.1061684089567915e-06,-6.987794303420183e-06,1
305,2.302989864250369e-05,1.1061684089567915e-06,-4.834198642503689e-06,1
306,1.2649568376096214e-05,1.1061684089567915e-06,-3.0170083760962136e-06,1
307,8.617825774888907e-06,1.1061684089567915e-06,-1.9204857748889076e-06,1
308,6.535026119197324e-06,1.1061684089567915e-06,-8.504361191973229e-07,0
309,5.2627577714305545e-06,1.1061684089567915e-06,4.49922285694456e-08,0
310,5.833107762719096e-06,1.1061684089567915e-06,1.3382223728090363e-07,0
311,1.0738974415234975e-05,1.1061684089567915e-06,-1.0007144152349753e-06,0
312,2.390644873555072e-05,1.1061684089567915e-06,-2.7153487355507183e-06,0
313,4.8243416305462514e-05,1.1061684089567915e-06,-2.6734163054625146e-06,0
314,7.919791755304001e-05,1.1061684089567915e-06,6.829824469599849e-07,0
315,0.00010370941526873496,1.1061684089567915e-06,4.32758473126505e-06,0
316,0.00011061684089567915,1.1061684089567915e-06,4.600159104320854e-06,0
317,9.665312674700048e-05,1.1061684089567915e-06,2.90257325299952e-06,0
318,6.573185751401818e-05,1.1061684089567915e-06,1.4041424859818235e-06,0
319,3.1641739388612074e-05,1.1061684089567915e-06,2.6166061138792915e-07,0
320,2.51327823643031e-06,1.1061684089567915e-06,2.3852176356969e-07,0
321,2.294844059573305e-06,1.1061684089567915e-06,3.7938594042669534e-07,0
322,1.2436332614631122e-06,1.1061684089567915e-06,3.810667385368879e-07,0
323,4.813519128361825e-07,1.1061684089567915e-06,2.6590108716381754e-07,0
324,1.7367369197222226e-07,1.1061684089567915e-06,1.3077530802777777e-07,0
325,6.677284414970978e-08,1.1061684089567915e-06,6.684515585029022e-08,0
326,5.2324781960755525e-08,1.1061684089567915e-06,5.777021803924447e-08,0
327,2.480011405427423e-07,1.1061684089567915e-06,5.6551859457257694e-08,0
328,1.500509593115779e-06,1.1061684089567915e-06,9.430406884220912e-09,0
329,6.871306151462666e-06,1.1061684089567915e-06,-8.269615146266483e-08,0
330,2.208454658541029e-05,1.1061684089567915e-06,2.767534145897139e-07,0
331,4.937644226389957e-05,1.1061684089567915e-06,1.5416577361004318e-06,0
332,7.880958548714557e-05,1.1061684089567915e-06,1.945214512854429e-06,0
333,9.281527755632153e-05,1.1061684089567915e-06,-6.597775563215298e-07,0
334,8.149292268171483e-05,1.1061684089567915e-06,-4.315022681714825e-06,0
335,5.326985484836267e-05,1.1061684089567915e-06,-5.632854848362673e-06,1
336,2.6972228285728695e-05,1.1061684089567915e-06,-4.543328285728697e-06,1
337,1.2364837421503165e-05,1.1061684089567915e-06,-3.0668074215031644e-06,1
338,6.6438761240281505e-06,1.1061684089567915e-06,-2.1140161240281503e-06,1
339,4.412471545310306e-06,1.1061684089567915e-06,-1.3591215453103067e-06,1
340,3.201898315064516e-06,1.1061684089567915e-06,-6.701083150645159e-07,0
341,2.779565223008126e-06,1.1061684089567915e-06,-2.8092522300812627e-07,0
342,4.073197741914295e-06,1.1061684089567915e-06,-5.370277419142957e-07,0
343,9.534952301477987e-06,1.1061684089567915e-06,-1.6436523014779872e-06,0
344,2.3319715755754526e-05,1.1061684089567915e-06,-2.6218157557545256e-06,0
345,4.799631940232916e-05,1.1061684089567915e-06,-1.0810194023291682e-06,0
346,7.788708322200143e-05,1.1061684089567915e-06,3.1666167779985643e-06,0
347,9.988521398989908e-05,1.1061684089567915e-06,6.042786010100913e-06,0
348,0.00010352957097813208,1.1061684089567915e-06,5.217429021867932e-06,0
349,8.568098400972293e-05,1.1061684089567915e-06,2.8239159902770738e-06,0
350,5.3011813886047226e-05,1.1061684089567915e-06,8.431861139527729e-07,0
351,2.2434831572806355e-05,1.1061684089567915e-06,-1.6063157280635373e-07,0
352,6.229122508560497e-07,1.1061684089567915e-06,2.678947491439502e-07,0
353,4.833145649033054e-07,1.1061684089567915e-06,3.1418943509669463e-07,0
354,2.1546313954454928e-07,1.1061684089567915e-06,2.3630386045545067e-07,0
355,6.487046843680245e-08,1.1061684089567915e-06,1.2572353156319754e-07,0
356,1.839334169574048e-08,1.1061684089567915e-06,5.206715830425952e-08,0
357,8.118338673053117e-09,1.1061684089567915e-06,2.423356132694689e-08,0
358,2.9607214166306287e-08,1.1061684089567915e-06,1.770448583369371e-08,0
359,2.5890571002024005e-07,1.1061684089567915e-06,-1.0351710020240057e-08,0
360,1.662114727167098e-06,1.1061684089567915e-06,-1.4665472716709821e-07,0
361,7.156438952462144e-06,1.1061684089567915e-06,-2.952889524621438e-07,0
362,2.057616514298071e-05,1.1061684089567915e-06,2.7343485701929236e-07,0
363,4.0527627839650156e-05,1.1061684089567915e-06,1.4968721603498414e-06,0
364,5.6625889600656405e-05,1.1061684089567915e-06,9.358103993435961e-07,0
365,5.6918297679802736e-05,1.1061684089567915e-06,-1.8564976798027345e-06,0
366,4.0682162147288016e-05,1.1061684089567915e-06,-3.4502621472880173e-06,1
367,2.071491908000984e-05,1.1061684089567915e-06,-2.7017190800098413e-06,1
368,8.161518337778619e-06,1.1061684089567915e-06,-1.5474283377786185e-06,1
369,3.217428218783223e-06,1.1061684089567915e-06,-9.904382187832228e-07,1
370,1.6837743008323503e-06,1.1061684089567915e-06,-7.270523008323502e-07,1
371,1.0660046809230235e-06,1.1061684089567915e-06,-4.6559068092302346e-07,1
372,7.53878681120553e-07,1.1061684089567915e-06,-2.420506811205529e-07,0
373,8.5714831240401e-07,1.1061684089567915e-06,-1.9628531240401005e-07,0
374,2.044973839813205e-06,1.1061684089567915e-06,-5.276038398132051e-07,0
375,6.106288281628487e-06,1.1061684089567915e-06,-1.2852682816284873e-06,0
376,1.6042719322710463e-05,1.1061684089567915e-06,-1.8308193227104623e-06,0
377,3.294399651631001e-05,1.1061684089567915e-06,-9.772965163100077e-07,0
378,5.1326306671312107e-05,1.1061684089567915e-06,1.0446933286878973e-06,0
379,6.191350189783495e-05,1.1061684089567915e-06,2.1949981021650446e-06,0
380,5.929222528951725e-05,1.1061684089567915e-06,1.433174710482753e-06,0
381,4.416751165395477e-05,1.1061684089567915e-06,-1.0441165395477049e-07,0
382,2.380719448449381e-05,1.1061684089567915e-06,-7.525944844938102e-07,0
383,8.526212851677831e-06,1.1061684089567915e-06,-4.538128516778304e-07,0
384,5.927456128174068e-08,1.1061684089567915e-06,1.157464387182593e-07,0
385,4.1786440155103276e-08,1.1061684089567915e-06,1.0378655984489672e-07,0
386,1.725583371026743e-08,1.1061684089567915e-06,6.022736628973256e-08,0
387,4.3624656644499015e-09,1.1061684089567915e-06,2.7785034335550095e-08,0
388,8.759060084488718e-10,1.1061684089567915e-06,1.295079399155113e-08,0
389,1.6522995691047818e-09,1.1061684089567915e-06,8.379700430895219e-09,0
390,2.2250485130667958e-08,1.1061684089567915e-06,3.5385148693320426e-09,0
391,2.0855516024604706e-07,1.1061684089567915e-06,-4.320016024604707e-08,0
392,1.2291758014855608e-06,1.1061684089567915e-06,-2.408698014855607e-07,0
393,4.6026228003943196e-06,1.1061684089567915e-06,-5.891028003943201e-07,0
394,1.1285211495728518e-05,1.1061684089567915e-06,-7.344114957285186e-07,0
395,1.891216760993732e-05,1.1061684089567915e-06,-7.995676099373204e-07,0
396,2.2304890727692263e-05,1.1061684089567915e-06,-1.5641907276922598e-06,0
397,1.8413079740415874e-05,1.1061684089567915e-06,-2.3150797404158735e-06,1
398,1.0400758930279724e-05,1.1061684089567915e-06,-1.8430089302797241e-06,1
399,4.0667047063593735e-06,1.1061684089567915e-06,-8.775947063593736e-07,1
400,1.2448644090413478e-06,1.1061684089567915e-06,-3.429524090413479e-07,1
401,4.172962589803678e-07,1.1061684089567915e-06,-1.7381125898036774e-07,1
402,1.952015844528962e-07,1.1061684089567915e-06,-1.0419508445289621e-07,1
403,1.0635695696855665e-07,1.1061684089567915e-06,-5.108175696855665e-08,1
404,8.915104290294777e-08,1.1061684089567915e-06,-2.839854290294777e-08,0
405,2.2445295229997806e-07,1.1061684089567915e-06,-7.813995229997806e-08,0
406,8.406846179876217e-07,1.1061684089567915e-06,-2.718136179876217e-07,0
407,2.781514397849845e-06,1.1061684089567915e-06,-6.111443978498451e-07,0
408,7.189059680081897e-06,1.1061684089567915e-06,-8.28579680081897e-07,0
409,1.3822269593753531e-05,1.1061684089567915e-06,-5.418695937535323e-07,0
410,1.9797801042155093e-05,1.1061684089567915e-06,-4.301042155093718e-09,0
411,2.1783650206202066e-05,1.1061684089567915e-06,2.7049793797935117e-08,0
412,1.8639999104280874e-05,1.1061684089567915e-06,-4.451991042808733e-07,0
413,1.195590203443627e-05,1.1061684089567915e-06,-6.647020344362712e-07,0
414,5.354325410984525e-06,1.1061684089567915e-06,-3.8824541098452516e-07,0
415,1.5599903961397268e-06,1.1061684089567915e-06,-8.901039613972691e-08,0
416,2.0839358351456064e-09,1.1061684089567915e-06,1.633366416485439e-08,0
417,1.5609354306785355e-09,1.1061684089567915e-06,1.1829464569321465e-08,0
418,6.520680917998864e-10,1.1061684089567915e-06,5.926861908200114e-09,0
419,1.4399872173620256e-10,1.1061684089567915e-06,2.852061278263797e-09,0
420,5.83652245497239e-11,1.1061684089567915e-06,2.021554775450276e-09,0
421,9.937656613679566e-10,1.1061684089567915e-06,2.3219443386320433e-09,0
422,1.3728287327934115e-08,1.1061684089567915e-06,-2.5066873279341144e-09,0
423,1.1184189253731433e-07,1.1061684089567915e-06,-4.311379253731433e-08,1
424,5.452543762443829e-07,1.1061684089567915e-06,-1.8689137624438284e-07,1
425,1.6522328869791262e-06,1.1061684089567915e-06,-4.195728869791261e-07,1
426,3.3128685978984267e-06,1.1061684089567915e-06,-5.876385978984269e-07,0
427,4.634491158623011e-06,1.1061684089567915e-06,-7.365611586230111e-07,0
428,4.558222207709893e-06,1.1061684089567915e-06,-9.023822077098928e-07,0
429,3.0606157263401727e-06,1.1061684089567915e-06,-7.840757263401723e-07,1
430,1.3708737225049842e-06,1.1061684089567915e-06,-4.1651272250498425e-07,1
431,4.215008250166525e-07,1.1061684089567915e-06,-1.4289482501665247e-07,1
432,1.0135080514455377e-07,1.1061684089567915e-06,-4.005570514455377e-08,1
433,2.5710067461499265e-08,1.1061684089567915e-06,-1.2643667461499266e-08,1
434,8.618860864161607e-09,1.1061684089567915e-06,-3.712370864161607e-09,0
435,4.312906183935039e-09,1.1061684089567915e-06,-4.366461839350389e-10,0
436,1.1830012836022256e-08,1.1061684089567915e-06,-3.778582836022256e-09,0
437,6.548506759102948e-08,1.1061684089567915e-06,-2.665356759102948e-08,0
438,2.7880700286041816e-07,1.1061684089567915e-06,-8.730700286041817e-08,0
439,8.708155564524172e-07,1.1061684089567915e-06,-1.5981855645241725e-07,0
440,2.005535135523178e-06,1.1061684089567915e-06,-1.55395135523178e-07,0
441,3.373446251000344e-06,1.1061684089567915e-06,-1.694625100034385e-08,0
442,4.245339305333292e-06,1.1061684089567915e-06,9.526069466670863e-08,0
443,4.1232676957992165e-06,1.1061684089567915e-06,-1.997695799217032e-09,0
444,3.041328931245632e-06,1.1061684089567915e-06,-1.3305893124563218e-07,0
445,1.6130718195776591e-06,1.1061684089567915e-06,-1.1334181957765933e-07,0
446,5.82369575094649e-07,1.1061684089567915e-06,-3.536057509464909e-08,0
447,1.3701543508432846e-07,1.1061684089567915e-06,3.9556491567152663e-10,0
448,2.883341768004353e-11,1.1061684089567915e-06,6.866065823199565e-10,0
449,2.0786584301965775e-11,1.1061684089567915e-06,4.033284156980342e-10,0
450,7.456138930767109e-12,1.1061684089567915e-06,1.8431186106923291e-10,0
451,1.7387667001550035e-12,1.1061684089567915e-06,1.18066233299845e-10,0
452,1.8686823261389487e-11,1.1061684089567915e-06,2.1946017673861054e-10,0
453,4.1881702454892563e-10,1.1061684089567915e-06,3.2169597545107435e-10,0
454,5.1396624270156625e-09,1.1061684089567915e-06,-1.7206024270156625e-09,0
455,3.467868481415547e-08,1.1061684089567915e-06,-1.631288481415547e-08,1
456,1.3343792868357895e-07,1.1061684089567915e-06,-5.847072868357895e-08,1
457,3.159408739567273e-07,1.1061684089567915e-06,-1.0674387395672732e-07,1
458,5.071720470104197e-07,1.1061684089567915e-06,-1.2314704701041964e-07,0
459,5.838088497801146e-07,1.1061684089567915e-06,-1.2605084978011465e-07,0
460,4.7245553582412996e-07,1.1061684089567915e-06,-1.1651953582412991e-07,0
461,2.5452201338003767e-07,1.1061684089567915e-06,-7.292401338003766e-08,0
462,8.882463545888031e-08,1.1061684089567915e-06,-2.6879835458880308e-08,0
463,2.079522276666425e-08,1.1061684089567915e-06,-6.027022766664251e-09,0
464,3.621929860976098e-09,1.1061684089567915e-06,-1.0608998609760977e-09,0
465,5.794970419543463e-10,1.1061684089567915e-06,-1.1718004195434637e-10,0
466,1.2502022255118478e-10,1.1061684089567915e-06,1.1869977744881523e-10,0
467,2.8740586353045835e-10,1.1061684089567915e-06,2.2345136469541645e-11,0
468,2.9124604512998492e-09,1.1061684089567915e-06,-1.1989504512998492e-09,0
469,1.9180525734960935e-08,1.1061684089567915e-06,-7.683125734960935e-09,0
470,7.874922633651526e-08,1.1061684089567915e-06,-2.4754026336515257e-08,0
471,2.137823316718714e-07,1.1061684089567915e-06,-4.2960331671871396e-08,0
472,4.010750791521357e-07,1.1061684089567915e-06,-3.393307915213573e-08,0
473,5.39042212812276e-07,1.1061684089567915e-06,1.0201787187724043e-08,0
474,5.469636655023474e-07,1.1061684089567915e-06,4.2824334497652616e-08,0
475,4.341979562139453e-07,1.1061684089567915e-06,2.989704378605472e-08,0
476,2.5941518885124444e-07,1.1061684089567915e-06,7.97081114875557e-09,0
477,1.0768859306550667e-07,1.1061684089567915e-06,3.342406934493329e-09,0
478,2.9735440618818193e-08,1.1061684089567915e-06,3.1917593811818056e-09,0
479,5.416337637454029e-09,1.1061684089567915e-06,1.5156123625459714e-09,0
480,1.1759913615129643e-13,1.1061684089567915e-06,7.146860863848704e-12,0
481,1.813792120502292e-13,1.1061684089567915e-06,3.225450787949771e-12,0
482,8.296413248100247e-13,1.1061684089567915e-06,9.82068675189975e-13,0
483,2.792800503835889e-12,1.1061684089567915e-06,1.4413794961641112e-12,0
484,9.174122800950903e-12,1.1061684089567915e-06,1.3863477199049096e-11,0
485,1.0105670840663691e-10,1.1061684089567915e-06,5.845529159336308e-11,0
486,1.0022049518576111e-09,1.1061684089567915e-06,-2.4955951857611326e-11,0
487,5.4343397331098785e-09,1.1061684089567915e-06,-1.3824497331098791e-09,0
488,1.6337783480107814e-08,1.1061684089567915e-06,-4.516983480107815e-09,0
489,2.9548208361789064e-08,1.1061684089567915e-06,-3.5250083617890628e-09,0
490,3.601274048775493e-08,1.1061684089567915e-06,4.795859512245064e-09,0
491,3.2018705943307346e-08,1.1061684089567915e-06,1.012639405669265e-08,0
492,2.038603961486141e-08,1.1061684089567915e-06,7.917260385138593e-09,0
493,8.566608125225414e-09,1.1061684089567915e-06,4.329491874774588e-09,0
494,2.242545978061393e-09,1.1061684089567915e-06,2.042604021938607e-09,0
495,3.7038904615030123e-10,1.1061684089567915e-06,6.509209538496988e-10,0
496,4.2048990570663844e-11,1.1061684089567915e-06,1.1084200942933617e-10,0
497,6.398128082317082e-12,1.1061684089567915e-06,1.3199571917682917e-11,0
498,2.698750138889015e-11,1.1061684089567915e-06,-1.197970138889015e-11,0
499,2.518723656754871e-10,1.1061684089567915e-06,-1.6717826567548707e-10,1
500,2.122311539675283e-09,1.1061684089567915e-06,-1.4263535396752828e-09,1
501,1.1131927916437573e-08,1.1061684089567915e-06,-7.260217916437573e-09,1
502,3.203773785154591e-08,1.1061684089567915e-06,-1.7925537851545908e-08,1
503,5.464817439765699e-08,1.1061684089567915e-06,-2.0350074397656992e-08,1
504,6.600562473073937e-08,1.1061684089567915e-06,-8.958224730739372e-09,0
505,6.352219399249064e-08,1.1061684089567915e-06,3.4275060075093613e-09,0
506,4.8149681322315166e-08,1.1061684089567915e-06,9.150518677684828e-09,0
507,2.8327752065102202e-08,1.1061684089567915e-06,7.684347934897795e-09,0
508,1.2314933420487297e-08,1.1061684089567915e-06,3.803766579512704e-09,0
509,3.529846908397931e-09,1.1061684089567915e-06,1.5470730916020698e-09,0
510,6.318157157084553e-10,1.1061684089567915e-06,5.513442842915448e-10,0
511,7.415840415570604e-11,1.1061684089567915e-06,1.3309159584429397e-10,0
512,2.5671292098987308e-12,1.1061684089567915e-06,5.748207901012692e-13,0
513,2.4962333099226612e-11,1.1061684089567915e-06,-8.086633099226612e-12,0
514,1.251783962824713e-10,1.1061684089567915e-06,-6.79115962824713e-11,0
515,3.1351617956556305e-10,1.1061684089567915e-06,-1.7476817956556305e-10,0
516,4.007561499346477e-10,1.1061684089567915e-06,-1.3876314993464773e-10,0
517,2.866715889787088e-10,1.1061684089567915e-06,1.9418041102129117e-10,0
518,1.8132113343104969e-10,1.1061684089567915e-06,1.3188488665689505e-09,0
519,3.1812210892386886e-10,1.1061684089567915e-06,4.548917891076131e-09,0
520,6.833278008075026e-10,1.1061684089567915e-06,9.199712199192499e-09,0
521,9.218000685322735e-10,1.1061684089567915e-06,1.1908699931467727e-08,0
522,8.209534557069105e-10,1.1061684089567915e-06,1.0308346544293088e-08,0
523,5.427128080204344e-10,1.1061684089567915e-06,5.746107191979566e-09,0
524,2.660253665487297e-10,1.1061684089567915e-06,2.28021463345127e-09,0
525,8.649309682998784e-11,1.1061684089567915e-06,8.760919031700121e-10,0
526,1.8283886665455553e-11,1.1061684089567915e-06,3.177741133345445e-10,0
527,1.2501565219443624e-11,1.1061684089567915e-06,9.046543478055638e-11,0
528,4.8006824509279884e-11,1.1061684089567915e-06,7.277217549072011e-11,0
529,2.3196596735923183e-10,1.1061684089567915e-06,3.4526032640768165e-11,0
530,1.175346599290763e-09,1.1061684089567915e-06,-6.934985992907629e-10,0
531,3.965714907898146e-09,1.1061684089567915e-06,-2.601354907898146e-09,1
532,9.17763281568369e-09,1.1061684089567915e-06,-4.44913281568369e-09,0
533,1.7655813554512636e-08,1.1061684089567915e-06,-6.656413554512636e-09,0
534,2.5543160524587906e-08,1.1061684089567915e-06,-9.362660524587906e-09,0
535,2.2797797314227463e-08,1.1061684089567915e-06,-5.328897314227463e-09,0
536,1.2425299353796531e-08,1.1061684089567915e-06,3.1272006462034684e-09,0
537,5.05182112592029e-09,1.1061684089567915e-06,6.295278874079711e-09,0
538,2.037405477216421e-09,1.1061684089567915e-06,4.327744522783579e-09,1
539,8.297686967633093e-10,1.1061684089567915e-06,1.6928513032366903e-09,0
540,2.6733355767554626e-10,1.1061684089567915e-06,4.2705644232445376e-10,0
541,5.362262066558e-11,1.1061684089567915e-06,8.973737933442001e-11,0
542,6.39487790990987e-12,1.1061684089567915e-06,1.909142209009013e-11,0
543,9.171422743869416e-13,1.1061684089567915e-06,4.0018077256130586e-12,0
544,2.101437022659277e-10,1.1061684089567915e-06,8.16302977340723e-11,0
545,1.1931363221198776e-09,1.1061684089567915e-06,-9.719632211987757e-11,0
546,4.1418552312457006e-09,1.1061684089567915e-06,-1.4697852312457003e-09,0
547,8.190198294550135e-09,1.1061684089567915e-06,-3.677008294550135e-09,0
548,9.345227629660354e-09,1.1061684089567915e-06,-3.973027629660354e-09,0
549,6.5116836160614966e-09,1.1061684089567915e-06,-1.3405636160614967e-09,0
550,2.802470601221916e-09,1.1061684089567915e-06,4.050559398778083e-09,0
551,7.125694793685384e-10,1.1061684089567915e-06,1.176833052063146e-08,0
552,1.0844091742832584e-10,1.1061684089567915e-06,1.6952759082571676e-08,0
553,1.5851189785128705e-11,1.1061684089567915e-06,1.5042248810214873e-08,0
554,7.394044102434247e-12,1.1061684089567915e-06,8.529025955897565e-09,0
555,7.386043819111357e-12,1.1061684089567915e-06,3.0343239561808887e-09,0
556,8.460781094811011e-12,1.1061684089567915e-06,7.594692189051889e-10,0
557,2.404202763579684e-11,1.1061684089567915e-06,3.6400497236420316e-10,0
558,1.7071802538481897e-10,1.1061684089567915e-06,5.545589746151809e-10,0
559,8.975498501625592e-10,1.1061684089567915e-06,1.115370149837441e-09,0
560,2.9211587493580473e-09,1.1061684089567915e-06,2.0148212506419524e-09,0
561,8.384536785797332e-09,1.1061684089567915e-06,4.37703214202668e-10,0
562,2.5926798017746964e-08,1.1061684089567915e-06,-1.1127998017746966e-08,0
563,6.281039841593973e-08,1.1061684089567915e-06,-3.0718198415939725e-08,1
564,1.0003192171823859e-07,1.1061684089567915e-06,-3.527202171823859e-08,0
565,1.0667573965285344e-07,1.1061684089567915e-06,-1.9410639652853425e-08,0
566,8.331741167534731e-08,1.1061684089567915e-06,-8.027911675347315e-09,0
567,4.9638688263264674e-08,1.1061684089567915e-06,-2.0733882632646686e-09,0
568,2.050358329603896e-08,1.1061684089567915e-06,6.163816703961045e-09,0
569,5.633129333017671e-09,1.1061684089567915e-06,8.584570666982329e-09,0
570,1.2668950800494952e-09,1.1061684089567915e-06,5.311124919950505e-09,0
571,2.655700744508133e-10,1.1061684089567915e-06,2.235869925549187e-09,0
572,7.203096146915433e-11,1.1061684089567915e-06,7.505700385308459e-10,0
573,7.827865955203534e-11,1.1061684089567915e-06,1.7854034044796465e-10,0
574,1.0727834475360413e-10,1.1061684089567915e-06,5.3259655246395824e-11,0
575,9.481678551731976e-11,1.1061684089567915e-06,7.070721448268023e-11,0
576,6.145000538414844e-09,1.1061684089567915e-06,8.496194615851563e-10,0
577,1.907846640107859e-08,1.1061684089567915e-06,2.0105335989214102e-09,0
578,4.2333463250188987e-08,1.1061684089567915e-06,-3.972632501889832e-10,0
579,6.761647687562119e-08,1.1061684089567915e-06,-1.0601876875621187e-08,0
580,7.416552352334675e-08,1.1061684089567915e-06,-1.9717923523346755e-08,0
581,5.2932660974363704e-08,1.1061684089567915e-06,-1.1463960974363708e-08,0
582,2.3148477111512053e-08,1.1061684089567915e-06,9.835322888487949e-09,0
583,5.994248362414974e-09,1.1061684089567915e-06,2.5674551637585025e-08,0
584,9.532486634706987e-10,1.1061684089567915e-06,2.8260351336529302e-08,0
585,1.942662222739603e-10,1.1061684089567915e-06,2.1246633777726042e-08,0
586,3.125168780819925e-10,1.1061684089567915e-06,1.1899383121918007e-08,0
587,5.786629873724277e-10,1.1061684089567915e-06,5.564107012627573e-09,0
588,9.497730431907415e-10,1.1061684089567915e-06,4.010996956809259e-09,0
589,2.091764624605975e-09,1.1061684089567915e-06,6.692555375394025e-09,0
590,7.143402096186751e-09,1.1061684089567915e-06,1.3534197903813249e-08,0
591,2.488415358857232e-08,1.1061684089567915e-06,2.2213646411427685e-08,0
592,6.821680018134638e-08,1.1061684089567915e-06,2.0214699818653617e-08,0
593,1.636975708714803e-07,1.1061684089567915e-06,-2.5161570871480303e-08,0
594,3.561234749474394e-07,1.1061684089567915e-06,-1.3301847494743937e-07,0
595,6.108577698747957e-07,1.1061684089567915e-06,-2.3127076987479569e-07,1
596,7.343635374225987e-07,1.1061684089567915e-06,-2.1308853742259876e-07,0
597,5.88642590494535e-07,1.1061684089567915e-06,-1.0038159049453505e-07,0
598,3.218009927144452e-07,1.1061684089567915e-06,-1.3904992714445228e-08,0
599,1.3227907653416966e-07,1.1061684089567915e-06,1.5406923465830334e-08,0
600,5.010265541264636e-08,1.1061684089567915e-06,1.8501344587353635e-08,0
601,2.1067870707071634e-08,1.1061684089567915e-06,1.436012929292837e-08,0
602,7.753144948398998e-09,1.1061684089567915e-06,1.1127455051601e-08,0
603,2.787291843104698e-09,1.1061684089567915e-06,6.444468156895301e-09,0
604,2.792144684060516e-09,1.1061684089567915e-06,1.2934453159394843e-09,0
605,4.2499899554944654e-09,1.1061684089567915e-06,-1.2955599554944653e-09,0
606,5.227288377575041e-09,1.1061684089567915e-06,-1.1518683775750413e-09,0
607,4.345103667423346e-09,1.1061684089567915e-06,1.5580633257665323e-10,0
608,7.121371452499732e-08,1.1061684089567915e-06,1.1122085475002672e-08,0
609,1.5678477571679185e-07,1.1061684089567915e-06,6.258522428320816e-08,0
610,2.500193249696711e-07,1.1061684089567915e-06,1.258026750303289e-07,1
611,3.210380040647339e-07,1.1061684089567915e-06,1.1256399593526608e-07,0
612,3.1359254450135224e-07,1.1061684089567915e-06,4.457545549864774e-08,0
613,2.091275584654277e-07,1.1061684089567915e-06,2.545644153457231e-08,0
614,8.914976429714211e-08,1.1061684089567915e-06,5.0072235702857887e-08,0
615,2.4376943854132525e-08,1.1061684089567915e-06,6.082035614586748e-08,0
616,5.348771872877937e-09,1.1061684089567915e-06,4.9005628127122066e-08,0
617,3.7000832605270856e-09,1.1061684089567915e-06,3.1619816739472914e-08,0
618,8.39002102486991e-09,1.1061684089567915e-06,1.967177897513009e-08,0
619,1.7488978775534613e-08,1.1061684089567915e-06,1.7840221224465383e-08,0
620,3.3396939856994453e-08,1.1061684089567915e-06,3.087576014300555e-08,0
621,6.722077758556964e-08,1.1061684089567915e-06,6.697922241443036e-08,0
622,1.5524364567321127e-07,1.1061684089567915e-06,1.1916135432678873e-07,0
623,3.664486187745946e-07,1.1061684089567915e-06,1.3646438122540542e-07,0
624,7.840583672083581e-07,1.1061684089567915e-06,1.4443632791641872e-08,0
625,1.484194108329133e-06,1.1061684089567915e-06,-3.3566410832913313e-07,0
626,2.375020071484753e-06,1.1061684089567915e-06,-7.40030071484753e-07,1
627,2.9831219141710858e-06,1.1061684089567915e-06,-8.411819141710858e-07,0
628,2.747081325636584e-06,1.1061684089567915e-06,-5.860113256365841e-07,0
629,1.7826364246809875e-06,1.1061684089567915e-06,-2.620564246809875e-07,0
630,8.35494198041056e-07,1.1061684089567915e-06,-7.136619804105596e-08,0
631,3.179766819010715e-07,1.1061684089567915e-06,1.681431809892852e-08,0
632,1.2306692275631197e-07,1.1061684089567915e-06,4.6204077243688013e-08,0
633,5.172275043449583e-08,1.1061684089567915e-06,5.0741249565504164e-08,0
634,2.486849907866111e-08,1.1061684089567915e-06,3.905230092133889e-08,0
635,2.7182850367128522e-08,1.1061684089567915e-06,9.838749632871475e-09,0
636,4.490129121764298e-08,1.1061684089567915e-06,-1.825089121764298e-08,0
637,6.928687500660511e-08,1.1061684089567915e-06,-3.1904975006605105e-08,0
638,8.411302167518119e-08,1.1061684089567915e-06,-2.6732621675181192e-08,0
639,6.957698484980991e-08,1.1061684089567915e-06,-9.58628484980992e-09,0
640,3.702300582917581e-07,1.1061684089567915e-06,1.7498194170824188e-07,1
641,7.242838624164345e-07,1.1061684089567915e-06,5.070761375835656e-07,1
642,1.0356561934550698e-06,1.1061684089567915e-06,7.257038065449301e-07,1
643,1.1540054815893212e-06,1.1061684089567915e-06,5.548845184106788e-07,0
644,9.459629704769545e-07,1.1061684089567915e-06,2.6686702952304536e-07,0
645,5.307712628834349e-07,1.1061684089567915e-06,1.5642873711656502e-07,0
646,2.016383770924361e-07,1.1061684089567915e-06,1.431726229075639e-07,0
647,5.9557298994166776e-08,1.1061684089567915e-06,1.1265170100583322e-07,0
648,2.1795926767600128e-08,1.1061684089567915e-06,7.590417323239988e-08,0
649,2.6197276760877472e-08,1.1061684089567915e-06,5.5225323239122536e-08,0
650,7.21112282996352e-08,1.1061684089567915e-06,5.4719771700364805e-08,0
651,1.7421204769219533e-07,1.1061684089567915e-06,8.933395230780466e-08,0
652,3.4968745604548825e-07,1.1061684089567915e-06,1.9171554395451174e-07,0
653,6.836320659195803e-07,1.1061684089567915e-06,3.5206793408041956e-07,0
654,1.360880064856532e-06,1.1061684089567915e-06,4.436399351434679e-07,0
655,2.5692678810843217e-06,1.1061684089567915e-06,2.5707211891567853e-07,0
656,4.3155482927698105e-06,1.1061684089567915e-06,-3.869582927698104e-07,0
657,6.241991266110984e-06,1.1061684089567915e-06,-1.3290012661109838e-06,0
658,7.5089148914055265e-06,1.1061684089567915e-06,-1.8342348914055261e-06,1
659,7.1991249888363635e-06,1.1061684089567915e-06,-1.4933049888363633e-06,0
660,5.267920027844744e-06,1.1061684089567915e-06,-8.342800278447437e-07,0
661,2.8739013115686906e-06,1.1061684089567915e-06,-3.6945131156869083e-07,0
662,1.2055735250672457e-06,1.1061684089567915e-06,-7.727352506724561e-08,0
663,4.2823743525015995e-07,1.1061684089567915e-06,1.202905647498401e-07,0
664,1.643853436540136e-07,1.1061684089567915e-06,1.8444665634598644e-07,0
665,9.709801572828193e-08,1.1061684089567915e-06,1.5790598427171806e-07,0
666,1.0419243945023674e-07,1.1061684089567915e-06,8.243156054976328e-08,0
667,1.7087410919862197e-07,1.1061684089567915e-06,-2.7908109198621986e-08,0
668,3.183119787650818e-07,1.1061684089567915e-06,-1.468129787650818e-07,0
669,5.146209526859908e-07,1.1061684089567915e-06,-2.183739526859908e-07,0
670,6.004308985960054e-07,1.1061684089567915e-06,-1.8575389859600535e-07,0
671,4.542227406223911e-07,1.1061684089567915e-06,-8.737574062239111e-08,0
672,9.325435223992405e-07,1.1061684089567915e-06,7.667964776007597e-07,1
673,1.738536860433358e-06,1.1061684089567915e-06,1.477163139566642e-06,1
674,2.362582870709466e-06,1.1061684089567915e-06,1.5261771292905338e-06,1
675,2.3601699935870067e-06,1.1061684089567915e-06,9.020200064129933e-07,0
676,1.6551758297570587e-06,1.1061684089567915e-06,3.8802417024294106e-07,0
677,7.960470816965991e-07,1.1061684089567915e-06,2.400029183034009e-07,0
678,2.851433858218293e-07,1.1061684089567915e-06,1.8343261417817068e-07,0
679,1.0122512171098336e-07,1.1061684089567915e-06,1.1859787828901664e-07,0
680,5.124912144535367e-08,1.1061684089567915e-06,1.0110087855464631e-07,0
681,9.411978766765364e-08,1.1061684089567915e-06,1.3239321233234633e-07,0
682,2.984177626418283e-07,1.1061684089567915e-06,2.0603823735817166e-07,0
683,7.075849972921789e-07,1.1061684089567915e-06,3.9179500270782094e-07,0
684,1.3923423955171049e-06,1.1061684089567915e-06,7.651776044828954e-07,0
685,2.6443935226686584e-06,1.1061684089567915e-06,1.1470764773313416e-06,1
686,4.886040094900182e-06,1.1061684089567915e-06,1.0764399050998184e-06,0
687,8.19864197033128e-06,1.1061684089567915e-06,1.266180296687205e-07,0
688,1.1609634417043706e-05,1.1061684089567915e-06,-1.5536344170437065e-06,0
689,1.3392471603221554e-05,1.1061684089567915e-06,-2.900371603221553e-06,1
690,1.239977317898609e-05,1.1061684089567915e-06,-2.749503178986091e-06,1
691,9.113279683615954e-06,1.1061684089567915e-06,-1.5446696836159522e-06,0
692,5.290849976066414e-06,1.1061684089567915e-06,-6.074699760664142e-07,0
693,2.4639092667132057e-06,1.1061684089567915e-06,-1.9092926671320578e-07,0
694,9.776958215200115e-07,1.1061684089567915e-06,8.065417847998852e-08,0
695,3.950684588882169e-07,1.1061684089567915e-06,2.626925411117831e-07,0
696,2.382165294409718e-07,1.1061684089567915e-06,2.9411647055902824e-07,0
697,2.3992102685661496e-07,1.1061684089567915e-06,2.2276497314338505e-07,0
698,3.27721988329471e-07,1.1061684089567915e-06,7.102101167052893e-08,0
699,6.046590570777129e-07,1.1061684089567915e-06,-1.974040570777129e-07,0
700,1.2072993439530894e-06,1.1061684089567915e-06,-5.611633439530893e-07,1
701,1.8591551960961143e-06,1.1061684089567915e-06,-7.813351960961141e-07,0
702,1.914326001993109e-06,1.1061684089567915e-06,-6.256960019931091e-07,0
703,1.2415731150275246e-06,1.1061684089567915e-06,-2.716111150275246e-07,0
704,1.1630087814386766e-06,1.1061684089567915e-06,1.2464812185613235e-06,1
705,2.0641338476439635e-06,1.1061684089567915e-06,1.8897261523560358e-06,1
706,2.5836834407567447e-06,1.1061684089567915e-06,1.6988565592432556e-06,1
707,2.3191351949933714e-06,1.1061684089567915e-06,1.0119048050066288e-06,0
708,1.485553405270424e-06,1.1061684089567915e-06,4.890965947295762e-07,0
709,6.898014772201697e-07,1.1061684089567915e-06,2.5492952277983034e-07,0
710,2.655998545989017e-07,1.1061684089567915e-06,1.400371454010983e-07,0
711,1.141035636338341e-07,1.1061684089567915e-06,9.744843636616592e-08,0
712,9.254673053521348e-08,1.1061684089567915e-06,1.324532694647865e-07,0
713,2.4575194341707695e-07,1.1061684089567915e-06,2.1402805658292305e-07,0
714,6.767755757738586e-07,1.1061684089567915e-06,3.715744242261413e-07,0
715,1.4311996466020206e-06,1.1061684089567915e-06,7.513003533979793e-07,0
716,2.7140294541601694e-06,1.1061684089567915e-06,1.3202505458398314e-06,1
717,5.11523981062427e-06,1.1061684089567915e-06,1.552020189375731e-06,1
718,9.188085943443164e-06,1.1061684089567915e-06,7.493540565568346e-07,0
719,1.4051297182881253e-05,1.1061684089567915e-06,-1.1843971828812524e-06,0
720,1.7052836919850448e-05,1.1061684089567915e-06,-3.2809369198504465e-06,1
721,1.6113241928132478e-05,1.1061684089567915e-06,-3.915741928132479e-06,1
722,1.1805813667497079e-05,1.1061684089567915e-06,-2.590603667497079e-06,1
723,6.787728142542429e-06,1.1061684089567915e-06,-9.40258142542429e-07,1
724,3.2260236282539827e-06,1.1061684089567915e-06,-2.414036282539828e-07,0
725,1.3867775547981656e-06,1.1061684089567915e-06,-7.665755479816552e-08,0
726,6.153290994231584e-07,1.1061684089567915e-06,7.041590057684158e-08,0
727,3.484194869314994e-07,1.1061684089567915e-06,2.0391151306850057e-07,0
728,2.8555956716791765e-07,1.1061684089567915e-06,2.5748943283208235e-07,0
729,3.2797755899438183e-07,1.1061684089567915e-06,2.0665544100561816e-07,0
730,5.207990478381374e-07,1.1061684089567915e-06,1.3462952161862627e-08,0
731,1.1150922404204675e-06,1.1061684089567915e-06,-4.1905124042046745e-07,0
732,2.1769485545808706e-06,1.1061684089567915e-06,-1.0113085545808707e-06,1
733,2.9303484502918684e-06,1.1061684089567915e-06,-1.2273384502918685e-06,1
734,2.5454032550050583e-06,1.1061684089567915e-06,-7.812632550050581e-07,0
735,1.391248744768143e-06,1.1061684089567915e-06,-2.0918874476814292e-07,0
736,7.292760077335075e-07,1.1061684089567915e-06,1.0643139922664925e-06,1
737,1.2145592208645272e-06,1.1061684089567915e-06,1.5150207791354723e-06,1
738,1.40050545146688e-06,1.1061684089567915e-06,1.4749045485331198e-06,1
739,1.1520831161203408e-06,1.1061684089567915e-06,1.0927268838796591e-06,0
740,6.767491165769513e-07,1.1061684089567915e-06,6.542508834230488e-07,0
741,2.9078780735301036e-07,1.1061684089567915e-06,3.327321926469896e-07,0
742,1.1369292177570016e-07,1.1061684089567915e-06,1.6197107822429986e-07,0
743,6.744742701998607e-08,1.1061684089567915e-06,1.0947157298001393e-07,0
744,1.1887441385518901e-07,1.1061684089567915e-06,1.1994058614481098e-07,0
745,3.307562012979372e-07,1.1061684089567915e-06,1.6465879870206276e-07,0
746,7.484055269102356e-07,1.1061684089567915e-06,3.2209447308976434e-07,0
747,1.4792530305285696e-06,1.1061684089567915e-06,6.533769694714305e-07,0
748,2.964082750453137e-06,1.1061684089567915e-06,8.850872495468631e-07,1
749,6.019999060715072e-06,1.1061684089567915e-06,4.78520939284927e-07,0
750,1.06638639237463e-05,1.1061684089567915e-06,-7.207939237462996e-07,0
751,1.4670954634740973e-05,1.1061684089567915e-06,-2.2065546347409723e-06,1
752,1.5348806200960407e-05,1.1061684089567915e-06,-3.282706200960408e-06,1
753,1.2293813011631265e-05,1.1061684089567915e-06,-3.052843011631265e-06,1
754,7.5455465099975186e-06,1.1061684089567915e-06,-1.645506509997518e-06,1
755,3.690307990093928e-06,1.1061684089567915e-06,-5.603679900939278e-07,1
756,1.649940872283568e-06,1.1061684089567915e-06,-3.0255087228356816e-07,0
757,8.059449842379743e-07,1.1061684089567915e-06,-2.646659842379744e-07,0
758,4.7084468156344434e-07,1.1061684089567915e-06,-1.4997368156344433e-07,0
759,3.196051448054018e-07,1.1061684089567915e-06,-5.180144805401798e-09,0
760,2.361851343855781e-07,1.1061684089567915e-06,1.177548656144219e-07,0
761,2.3204801256971159e-07,1.1061684089567915e-06,1.6642498743028839e-07,0
762,4.215817843233924e-07,1.1061684089567915e-06,6.147521567660764e-08,0
763,9.891113432035864e-07,1.1061684089567915e-06,-2.7377534320358633e-07,0
764,1.719433689792076e-06,1.1061684089567915e-06,-6.001736897920761e-07,0
765,1.921096308100211e-06,1.1061684089567915e-06,-4.7410630810021125e-07,0
766,1.393833152329823e-06,1.1061684089567915e-06,-3.150315232982302e-08,0
767,6.641941458374356e-07,1.1061684089567915e-06,1.8793385416256438e-07,0
768,2.889392417569859e-07,1.1061684089567915e-06,6.81006758243014e-07,1
769,4.481969581100113e-07,1.1061684089567915e-06,1.0446930418899885e-06,1
770,4.5644201199415465e-07,1.1061684089567915e-06,1.1595679880058452e-06,1
771,3.1081569601322153e-07,1.1061684089567915e-06,9.716743039867784e-07,1
772,1.4198337527515232e-07,1.1061684089567915e-06,6.176846247248478e-07,1
773,4.5768090054550635e-08,1.1061684089567915e-06,3.166599099454494e-07,1
774,1.6700707206206228e-08,1.1061684089567915e-06,1.5671329279379376e-07,0
775,2.355852365883516e-08,1.1061684089567915e-06,9.621747634116483e-08,0
776,7.35119696953545e-08,1.1061684089567915e-06,7.81260303046455e-08,0
777,1.8384004844017962e-07,1.1061684089567915e-06,9.540595155982039e-08,0
778,3.867193329113269e-07,1.1061684089567915e-06,1.8929066708867313e-07,0
779,8.820480090484123e-07,1.1061684089567915e-06,3.0203199095158755e-07,1
780,2.207064646794788e-06,1.1061684089567915e-06,1.819853532052122e-07,0
781,4.9057096714863675e-06,1.1061684089567915e-06,-3.514696714863669e-07,0
782,8.232929243030486e-06,1.1061684089567915e-06,-1.0367492430304862e-06,0
783,1.0081335146293182e-05,1.1061684089567915e-06,-1.6350751462931802e-06,1
784,9.281377572145878e-06,1.1061684089567915e-06,-2.0646475721458776e-06,1
785,6.627576132220171e-06,1.1061684089567915e-06,-1.8777861322201703e-06,1
786,3.7794043483278084e-06,1.1061684089567915e-06,-1.198314348327808e-06,1
787,1.9055231318040924e-06,1.1061684089567915e-06,-7.344431318040924e-07,1
788,1.0490092715128237e-06,1.1061684089567915e-06,-6.021172715128237e-07,1
789,6.824212689949947e-07,1.1061684089567915e-06,-5.029922689949947e-07,1
790,4.640656154284521e-07,1.1061684089567915e-06,-3.409886154284521e-07,1
791,2.976693581193645e-07,1.1061684089567915e-06,-1.645593581193645e-07,1
792,1.8190121047336188e-07,1.1061684089567915e-06,-1.5148210473361866e-08,0
793,1.3462319171946376e-07,1.1061684089567915e-06,8.979880828053624e-08,0
794,1.9548316215736865e-07,1.1061684089567915e-06,1.2876783784263134e-07,0
795,3.9196519189088676e-07,1.1061684089567915e-06,1.0916080810911327e-07,0
796,5.87489836377203e-07,1.1061684089567915e-06,1.45379163622797e-07,0
797,5.957149793243092e-07,1.1061684089567915e-06,2.8318502067569075e-07,0
798,4.3454416751306887e-07,1.1061684089567915e-06,3.570298324869311e-07,0
799,2.35734625135712e-07,1.1061684089567915e-06,2.49164374864288e-07,0
800,1.6136699945676393e-07,1.1061684089567915e-06,4.514200005432361e-07,1
801,2.254368432147625e-07,1.1061684089567915e-06,7.408351567852376e-07,1
802,1.7446576464758142e-07,1.1061684089567915e-06,8.565942353524187e-07,1
803,7.75632053953894e-08,1.1061684089567915e-06,7.024497946046106e-07,1
804,2.107457035535829e-08,1.1061684089567915e-06,4.149514296446417e-07,1
805,3.8876514827214365e-09,1.1061684089567915e-06,1.9331234851727854e-07,1
806,1.514482085817435e-09,1.1061684089567915e-06,9.149561791418257e-08,0
807,5.831236975520599e-09,1.1061684089567915e-06,6.085636302447942e-08,0
808,2.1034856367027677e-08,1.1061684089567915e-06,5.459194363297233e-08,0
809,5.477429741559012e-08,1.1061684089567915e-06,6.420270258440989e-08,0
810,1.5037994696368158e-07,1.1061684089567915e-06,9.044905303631842e-08,0
811,4.863376950915975e-07,1.1061684089567915e-06,6.89913049084025e-08,0
812,1.3770684909173165e-06,1.1061684089567915e-06,-8.705849091731653e-08,0
813,2.875537553995642e-06,1.1061684089567915e-06,-3.080775539956422e-07,0
814,4.295413867347236e-06,1.1061684089567915e-06,-5.016038673472362e-07,0
815,4.717086069531829e-06,1.1061684089567915e-06,-7.961660695318297e-07,1
816,3.99209595240803e-06,1.1061684089567915e-06,-1.1029859524080303e-06,1
817,2.77067908592776e-06,1.1061684089567915e-06,-1.1289190859277603e-06,1
818,1.758943960897902e-06,1.1061684089567915e-06,-9.71557960897902e-07,1
819,1.1738168540837007e-06,1.1061684089567915e-06,-8.384328540837007e-07,1
820,8.380446741715402e-07,1.1061684089567915e-06,-7.005696741715402e-07,1
821,5.802447856552488e-07,1.1061684089567915e-06,-5.116201856552488e-07,1
822,3.613728141535056e-07,1.1061684089567915e-06,-3.098185141535056e-07,1
823,2.1568662514898995e-07,1.1061684089567915e-06,-1.6298972514898996e-07,1
824,1.4181403827921192e-07,1.1061684089567915e-06,-7.473623827921192e-08,0
825,9.482189009288463e-08,1.1061684089567915e-06,9.133109907115381e-09,0
826,7.534417619467952e-08,1.1061684089567915e-06,9.366682380532049e-08,0
827,1.0187701682905324e-07,1.1061684089567915e-06,1.6475098317094677e-07,0
828,1.6343025754319856e-07,1.1061684089567915e-06,2.2139174245680142e-07,0
829,2.3921601493148985e-07,1.1061684089567915e-06,2.2882798506851016e-07,0
830,2.8575095869413843e-07,1.1061684089567915e-06,1.5968104130586156e-07,0
831,2.3796033729421872e-07,1.1061684089567915e-06,5.850866270578126e-08,0
832,1.897025014476765e-07,1.1061684089567915e-06,3.2882349855232354e-07,0
833,2.565531605051463e-07,1.1061684089567915e-06,5.384188394948539e-07,0
834,2.0890527213398927e-07,1.1061684089567915e-06,5.841227278660107e-07,1
835,1.0827946884450011e-07,1.1061684089567915e-06,4.3161853115549996e-07,1
836,3.694700637478596e-08,1.1061684089567915e-06,2.2617499362521402e-07,1
837,8.409499253074171e-09,1.1061684089567915e-06,9.357250074692583e-08,1
838,1.3716315241185719e-09,1.1061684089567915e-06,4.170016847588144e-08,1
839,1.1639734252912372e-09,1.1061684089567915e-06,2.9016526574708766e-08,0
840,4.454393717364779e-09,1.1061684089567915e-06,3.0652706282635216e-08,0
841,1.7329022735338994e-08,1.1061684089567915e-06,4.097127726466102e-08,0
842,7.556981731567018e-08,1.1061684089567915e-06,4.555218268432981e-08,0
843,2.6722898086759557e-07,1.1061684089567915e-06,2.2658019132404464e-08,0
844,6.64992424048531e-07,1.1061684089567915e-06,7.675759514688977e-10,0
845,1.1777408166365415e-06,1.1061684089567915e-06,1.723918336345841e-08,0
846,1.5352071395369775e-06,1.1061684089567915e-06,-2.8537139536977557e-08,0
847,1.5681815497929414e-06,1.1061684089567915e-06,-2.513215497929414e-07,1
848,1.3988492127096205e-06,1.1061684089567915e-06,-5.498592127096206e-07,1
849,1.241613867372142e-06,1.1061684089567915e-06,-7.896608673721419e-07,1
850,1.1280214393181028e-06,1.1061684089567915e-06,-9.050924393181028e-07,1
851,9.19110653286768e-07,1.1061684089567915e-06,-8.07952653286768e-07,1
852,6.234247643490371e-07,1.1061684089567915e-06,-5.645721643490371e-07,1
853,3.6722659925371907e-07,1.1061684089567915e-06,-3.3239199925371906e-07,1
854,2.045114129899152e-07,1.1061684089567915e-06,-1.7911031298991522e-07,1
855,1.19630983314024e-07,1.1061684089567915e-06,-9.6307083314024e-08,1
856,7.705190860373315e-08,1.1061684089567915e-06,-4.645340860373315e-08,1
857,5.544162872034268e-08,1.1061684089567915e-06,-5.976928720342684e-09,0
858,4.9058159495486695e-08,1.1061684089567915e-06,2.988474050451331e-08,0
859,6.123116421791634e-08,1.1061684089567915e-06,6.847883578208365e-08,0
860,1.2736305771537824e-07,1.1061684089567915e-06,7.944394228462177e-08,0
861,2.5887745163653824e-07,1.1061684089567915e-06,2.9614548363461777e-08,0
862,3.594803384991876e-07,1.1061684089567915e-06,-4.456433849918763e-08,0
863,3.052812838767577e-07,1.1061684089567915e-06,-7.229328387675771e-08,0
864,3.415277198615173e-07,1.1061684089567915e-06,1.366292801384827e-07,0
865,4.7586241668151636e-07,1.1061684089567915e-06,2.1522058331848364e-07,0
866,4.1967732840811133e-07,1.1061684089567915e-06,2.1578767159188865e-07,0
867,2.469196542980509e-07,1.1061684089567915e-06,1.484603457019491e-07,0
868,9.765774547245457e-08,1.1061684089567915e-06,8.292425452754542e-08,0
869,2.4728801819166124e-08,1.1061684089567915e-06,4.523219818083388e-08,0
870,4.0118189761803276e-09,1.1061684089567915e-06,2.507278102381967e-08,0
871,6.135689057151647e-10,1.1061684089567915e-06,1.7098431094284836e-08,1
872,8.125894823173919e-10,1.1061684089567915e-06,1.996971051768261e-08,0
873,5.4655010382990394e-09,1.1061684089567915e-06,3.1850998961700963e-08,0
874,2.8129776251902734e-08,1.1061684089567915e-06,5.5614423748097246e-08,0
875,9.308351949854118e-08,1.1061684089567915e-06,1.140734805014588e-07,0
876,2.100914050481037e-07,1.1061684089567915e-06,2.1650659495189627e-07,0
877,3.4476255130364354e-07,1.1061684089567915e-06,2.6935644869635654e-07,0
878,4.509467600425952e-07,1.1061684089567915e-06,1.4728923995740476e-07,0
879,5.770626519789951e-07,1.1061684089567915e-06,-1.5439965197899503e-07,0
880,8.084122401920291e-07,1.1061684089567915e-06,-5.572902401920292e-07,1
881,1.0627321849307368e-06,1.1061684089567915e-06,-9.176321849307368e-07,1
882,1.1054525582555142e-06,1.1061684089567915e-06,-1.0198126582555142e-06,1
883,8.604084351028391e-07,1.1061684089567915e-06,-8.085152351028391e-07,1
884,5.060305025739413e-07,1.1061684089567915e-06,-4.749728025739413e-07,1
885,2.390852643202445e-07,1.1061684089567915e-06,-2.204776643202445e-07,1
886,1.0638278549927877e-07,1.1061684089567915e-06,-9.213238549927878e-08,1
887,4.9964831839329024e-08,1.1061684089567915e-06,-3.141643183932902e-08,0
888,2.842620423552993e-08,1.1061684089567915e-06,1.0194957644700714e-09,0
889,2.6713380955533336e-08,1.1061684089567915e-06,1.347161904446667e-08,0
890,4.2562211924254677e-08,1.1061684089567915e-06,1.3135888075745316e-08,0
891,1.0557604626649687e-07,1.1061684089567915e-06,-6.5769462664968635e-09,0
892,2.541354188912651e-07,1.1061684089567915e-06,-6.881841889126507e-08,0
893,4.564869990054576e-07,1.1061684089567915e-06,-1.6827799900545756e-07,1
894,5.697702454495224e-07,1.1061684089567915e-06,-2.397642454495224e-07,1
895,4.5896487400066717e-07,1.1061684089567915e-06,-2.0704087400066717e-07,1
896,5.102438945050452e-07,1.1061684089567915e-06,-6.314689450504518e-08,0
897,7.074537569746926e-07,1.1061684089567915e-06,-7.728675697469268e-08,0
898,6.346266872794425e-07,1.1061684089567915e-06,-6.045168727944249e-08,0
899,3.862197078250968e-07,1.1061684089567915e-06,-1.9911707825096775e-08,0
900,1.6169627025916142e-07,1.1061684089567915e-06,1.5728729740838565e-08,0
901,4.953140471267094e-08,1.1061684089567915e-06,2.3053295287329053e-08,0
902,1.3017397051762542e-08,1.1061684089567915e-06,1.5874202948237458e-08,0
903,2.8975096564037467e-09,1.1061684089567915e-06,1.2425290343596253e-08,0
904,5.935103244114235e-10,1.1061684089567915e-06,1.4644689675588578e-08,0
905,1.5511452299546318e-09,1.1061684089567915e-06,2.569735477004537e-08,1
906,8.150227587786405e-09,1.1061684089567915e-06,7.037647241221359e-08,0
907,2.732159171899077e-08,1.1061684089567915e-06,1.871194082810092e-07,0
908,6.627749430369138e-08,1.1061684089567915e-06,3.2625550569630863e-07,0
909,1.378641292849315e-07,1.1061684089567915e-06,3.055328707150685e-07,0
910,2.845053911062841e-07,1.1061684089567915e-06,3.657960889371588e-08,0
911,5.755510698436079e-07,1.1061684089567915e-06,-3.9703706984360783e-07,1
912,9.638147638061016e-07,1.1061684089567915e-06,-8.573047638061016e-07,1
913,1.1960776559176598e-06,1.1061684089567915e-06,-1.1190410559176598e-06,1
914,1.081733148750183e-06,1.1061684089567915e-06,-1.0245578487501829e-06,1
915,7.25366673832637e-07,1.1061684089567915e-06,-6.86527473832637e-07,1
916,3.643599311734431e-07,1.1061684089567915e-06,-3.427447311734431e-07,1
917,1.4498857860832732e-07,1.1061684089567915e-06,-1.3235537860832733e-07,1
918,5.547102040500462e-08,1.1061684089567915e-06,-3.916522040500462e-08,1
919,2.6152076339337657e-08,1.1061684089567915e-06,7.98492366066234e-09,0
920,1.3884396224337375e-08,1.1061684089567915e-06,5.085340377566263e-08,0
921,1.339581203059528e-08,1.1061684089567915e-06,8.245358796940471e-08,0
922,4.95207764357495e-08,1.1061684089567915e-06,8.025722356425051e-08,0
923,1.90197931954792e-07,1.1061684089567915e-06,1.607206804520797e-08,0
924,5.096700068039467e-07,1.1061684089567915e-06,-1.5865100680394671e-07,1
925,9.104099089352877e-07,1.1061684089567915e-06,-4.025149089352877e-07,1
926,1.0714617902406295e-06,1.1061684089567915e-06,-5.230597902406294e-07,1
927,8.034725706579095e-07,1.1061684089567915e-06,-4.0064457065790947e-07,1
928,6.302481458827322e-07,1.1061684089567915e-06,-1.1042614588273222e-07,0
929,8.779020091877613e-07,1.1061684089567915e-06,-1.3977700918776132e-07,0
930,7.778521738912095e-07,1.1061684089567915e-06,-1.027731738912094e-07,0
931,4.848984911922776e-07,1.1061684089567915e-06,-5.3809491192277574e-08,0
932,2.3322642233105703e-07,1.1061684089567915e-06,-2.4409422331057043e-08,0
933,9.477256291563312e-08,1.1061684089567915e-06,-1.2603362915633127e-08,0
934,3.289357694506688e-08,1.1061684089567915e-06,-3.5910769450668795e-09,0
935,8.780853398267113e-09,1.1061684089567915e-06,7.461846601732889e-09,0
936,2.00063881162081e-09,1.1061684089567915e-06,2.1234361188379194e-08,0
937,1.0037422836062183e-09,1.1061684089567915e-06,5.120245771639378e-08,0
938,3.649351071666691e-09,1.1061684089567915e-06,1.2022664892833332e-07,0
939,1.6726768785563346e-08,1.1061684089567915e-06,2.3300923121443667e-07,0
940,6.032608330202483e-08,1.1061684089567915e-06,2.9746691669797517e-07,0
941,1.7036608141955107e-07,1.1061684089567915e-06,1.6468091858044893e-07,0
942,4.0308790787031886e-07,1.1061684089567915e-06,-1.9113790787031884e-07,0
943,7.944939965470035e-07,1.1061684089567915e-06,-6.830149965470035e-07,1
944,1.1795654319558108e-06,1.1061684089567915e-06,-1.1109116319558108e-06,1
945,1.232558786612511e-06,1.1061684089567915e-06,-1.179886286612511e-06,1
946,8.986279290686377e-07,1.1061684089567915e-06,-8.585135290686377e-07,1
947,4.7534080496372653e-07,1.1061684089567915e-06,-4.503090049637265e-07,1
948,2.021425368023096e-07,1.1061684089567915e-06,-1.889633368023096e-07,1
949,8.099774708643019e-08,1.1061684089567915e-06,-6.964604708643018e-08,1
950,3.5643551981936335e-08,1.1061684089567915e-06,-1.0941851981936336e-08,0
951,1.8581233882941937e-08,1.1061684089567915e-06,4.865166611705806e-08,0
952,1.089452397257812e-08,1.1061684089567915e-06,1.397204760274219e-07,0
953,2.1968521605052382e-08,1.1061684089567915e-06,2.3723947839494763e-07,0
954,1.0778837465579929e-07,1.1061684089567915e-06,2.870186253442007e-07,0
955,4.230292642783414e-07,1.1061684089567915e-06,2.2266173572165868e-07,0
956,1.1041516093256023e-06,1.1061684089567915e-06,-4.63816093256022e-08,0
957,1.8745283421375957e-06,1.1061684089567915e-06,-4.586283421375957e-07,0
958,2.0808493748670117e-06,1.1061684089567915e-06,-7.027793748670115e-07,1
959,1.469766196174154e-06,1.1061684089567915e-06,-5.57750196174154e-07,1
960,8.206289876366377e-07,1.1061684089567915e-06,-8.88249876366377e-08,0
961,1.073033955198183e-06,1.1061684089567915e-06,-9.344395519818297e-08,0
962,9.102331907688755e-07,1.1061684089567915e-06,-8.116919076887542e-08,0
963,5.580892395485235e-07,1.1061684089567915e-06,-6.280223954852353e-08,0
964,2.6548152062524126e-07,1.1061684089567915e-06,-3.616352062524127e-08,0
965,1.1268417214566048e-07,1.1061684089567915e-06,-2.6295772145660477e-08,0
966,4.683519798449459e-08,1.1061684089567915e-06,-1.3682697984494593e-08,0
967,1.940450200463436e-08,1.1061684089567915e-06,1.3189697995365639e-08,0
968,8.33486332972381e-09,1.1061684089567915e-06,5.9290236670276196e-08,0
969,4.602029355474967e-09,1.1061684089567915e-06,1.2747697064452505e-07,0
970,9.955897622308598e-09,1.1061684089567915e-06,2.0456710237769142e-07,0
971,3.052877266730699e-08,1.1061684089567915e-06,2.6644822733269303e-07,0
972,8.878149682045393e-08,1.1061684089567915e-06,2.4266150317954613e-07,0
973,2.1341270477578725e-07,1.1061684089567915e-06,6.826529522421277e-08,0
974,4.130431921534344e-07,1.1061684089567915e-06,-2.231731921534344e-07,1
975,6.72540749006061e-07,1.1061684089567915e-06,-5.545577490060609e-07,1
976,8.57384350652074e-07,1.1061684089567915e-06,-7.81255150652074e-07,1
977,7.806964653040435e-07,1.1061684089567915e-06,-7.309163653040436e-07,1
978,4.938544234123868e-07,1.1061684089567915e-06,-4.616904234123868e-07,1
979,2.300082830424659e-07,1.1061684089567915e-06,-2.0784858304246588e-07,1
980,8.846126190324311e-08,1.1061684089567915e-06,-6.99100619032431e-08,1
981,3.03496019448781e-08,1.1061684089567915e-06,-9.468401944878102e-09,0
982,1.2386336112491836e-08,1.1061684089567915e-06,2.8268663887508167e-08,0
983,1.498466981219314e-08,1.1061684089567915e-06,9.516433018780687e-08,0
984,3.4997024696402756e-08,1.1061684089567915e-06,2.2920897530359724e-07,0
985,1.1030757654845584e-07,1.1061684089567915e-06,4.039124234515442e-07,0
986,3.737163309786997e-07,1.1061684089567915e-06,5.552506690213002e-07,0
987,1.0313104185195726e-06,1.1061684089567915e-06,6.665295814804275e-07,0
988,2.1220431229873597e-06,1.1061684089567915e-06,6.433268770126405e-07,0
989,3.107419863190057e-06,1.1061684089567915e-06,3.4895013680994214e-07,0
990,3.0880187664864557e-06,1.1061684089567915e-06,-2.615876648645609e-08,0
991,1.954483023382305e-06,1.1061684089567915e-06,-1.4424302338230486e-07,0
992,7.178256301202106e-07,1.1061684089567915e-06,-7.139063012021067e-08,0
993,8.107830651986771e-07,1.1061684089567915e-06,-7.510106519867706e-08,0
994,6.100699160104813e-07,1.1061684089567915e-06,-7.026791601048126e-08,0
995,3.302790394740013e-07,1.1061684089567915e-06,-4.20290394740013e-08,0
996,1.4296785525366171e-07,1.1061684089567915e-06,-2.125985525366172e-08,0
997,6.632607011143218e-08,1.1061684089567915e-06,-2.195967011143218e-08,0
998,3.780078606460618e-08,1.1061684089567915e-06,-1.2506086064606181e-08,0
999,2.3270641628642567e-08,1.1061684089567915e-06,2.0125358371357434e-08,0
1000,1.1563990634587535e-08,1.1061684089567915e-06,7.633690936541247e-08,0
1001,8.010605139392154e-09,1.1061684089567915e-06,1.3517839486060784e-07,0
1002,1.6494446050399832e-08,1.1061684089567915e-06,1.7728355394960017e-07,0
1003,3.4660287559507616e-08,1.1061684089567915e-06,1.9347571244049238e-07,0
1004,7.663134076227652e-08,1.1061684089567915e-06,1.4859765923772347e-07,0
1005,1.6153353014264872e-07,1.1061684089567915e-06,1.9173469857351254e-08,0
1006,2.783521861507565e-07,1.1061684089567915e-06,-1.561231861507565e-07,1
1007,3.763751528365516e-07,1.1061684089567915e-06,-2.9872935283655156e-07,1
1008,3.866366431827675e-07,1.1061684089567915e-06,-3.3856794318276747e-07,1
1009,2.9223719556386503e-07,1.1061684089567915e-06,-2.62251095563865e-07,1
1010,1.5944212357556222e-07,1.1061684089567915e-06,-1.3842422357556223e-07,1
1011,6.438891447388509e-08,1.1061684089567915e-06,-4.701531447388509e-08,1
1012,1.980049497723529e-08,1.1061684089567915e-06,-3.6384949772352896e-09,0
1013,6.218074595866877e-09,1.1061684089567915e-06,1.3210025404133122e-08,0
1014,1.0745285032361173e-08,1.1061684089567915e-06,3.0430614967638824e-08,0
1015,2.990021313787015e-08,1.1061684089567915e-06,7.772278686212985e-08,0
1016,6.829751272128299e-08,1.1061684089567915e-06,1.79736487278717e-07,0
1017,1.87127735839336e-07,1.1061684089567915e-06,3.3134026416066405e-07,0
1018,5.131511175870002e-07,1.1061684089567915e-06,5.469688824129997e-07,1
1019,1.1334266901853089e-06,1.1061684089567915e-06,8.604633098146914e-07,1
1020,1.95283580919286e-06,1.1061684089567915e-06,1.0725141908071401e-06,1
1021,2.4952766904560595e-06,1.1061684089567915e-06,8.83963309543941e-07,0
1022,2.181454914283764e-06,1.1061684089567915e-06,4.31015085716236e-07,0
1023,1.1990389851698057e-06,1.1061684089567915e-06,1.0623101483019456e-07,0
