,R282W,max,diff,True
0,1.3032725551822262e-06,1.2140235099190756e-06,1.1171744481777377e-07,0
1,1.5918503773545987e-06,1.2140235099190756e-06,4.1878962264540137e-07,0
2,1.1041648580342794e-06,1.2140235099190756e-06,5.369251419657206e-07,0
3,5.132037598354e-07,1.2140235099190756e-06,3.773512401645999e-07,0
4,2.327598964641407e-07,1.2140235099190756e-06,1.442481035358593e-07,0
5,1.4603769013271179e-07,1.2140235099190756e-06,-4.564690132711801e-09,0
6,9.570123243814533e-08,1.2140235099190756e-06,-2.5266832438145338e-08,0
7,4.9985415449180186e-08,1.2140235099190756e-06,4.581868455081982e-08,0
8,3.751003007626196e-08,1.2140235099190756e-06,1.5296596992373804e-07,0
9,6.073626319972741e-08,1.2140235099190756e-06,2.734077368002726e-07,0
10,1.487127743480974e-07,1.2140235099190756e-06,3.6038122565190255e-07,0
11,4.3888914681728537e-07,1.2140235099190756e-06,2.467838531827147e-07,0
12,1.0986764888817221e-06,1.2140235099190756e-06,-3.0039748888172213e-07,0
13,2.057976642098835e-06,1.2140235099190756e-06,-1.2676686420988349e-06,1
14,2.769191126110447e-06,1.2140235099190756e-06,-2.095063126110447e-06,1
15,2.6080175937309268e-06,1.2140235099190756e-06,-2.0986075937309268e-06,1
16,1.7115319546857368e-06,1.2140235099190756e-06,-1.3574359546857368e-06,1
17,8.049949469372344e-07,1.2140235099190756e-06,-5.721309469372345e-07,1
18,3.014212158515225e-07,1.2140235099190756e-06,-1.605482158515225e-07,1
19,1.2886233879808367e-07,1.2140235099190756e-06,-4.092563879808367e-08,0
20,1.066713731747963e-07,1.2140235099190756e-06,-2.4014473174796314e-08,0
21,1.6418167115599835e-07,1.2140235099190756e-06,-4.7591671155998354e-08,0
22,3.2553437194866865e-07,1.2140235099190756e-06,-1.3771737194866863e-07,0
23,6.604951026620946e-07,1.2140235099190756e-06,-3.422071026620946e-07,1
24,1.4196474666002086e-06,1.2140235099190756e-06,-8.068694666002085e-07,1
25,3.3762127420872637e-06,1.2140235099190756e-06,-1.9958127420872637e-06,1
26,7.548486468469077e-06,1.2140235099190756e-06,-4.313956468469077e-06,1
27,1.3606668577114549e-05,1.2140235099190756e-06,-6.756188577114549e-06,1
28,1.9008649806273278e-05,1.2140235099190756e-06,-7.2306498062732786e-06,1
29,2.0691582008047986e-05,1.2140235099190756e-06,-5.425382008047987e-06,1
30,1.7208900288663615e-05,1.2140235099190756e-06,-3.045100288663613e-06,1
31,1.0221241181587887e-05,1.2140235099190756e-06,-1.299581181587887e-06,0
32,2.7955803535954703e-06,1.2140235099190756e-06,1.0877696464045296e-06,0
33,3.064224915715446e-06,1.2140235099190756e-06,1.7147850842845541e-06,0
34,1.978255556451681e-06,1.2140235099190756e-06,1.466424443548319e-06,0
35,9.03454371634372e-07,1.2140235099190756e-06,7.896556283656278e-07,0
36,4.0244359332541095e-07,1.2140235099190756e-06,2.84457406674589e-07,0
37,2.286107141096776e-07,1.2140235099190756e-06,5.6883285890322414e-08,0
38,1.3696735100087034e-07,1.2140235099190756e-06,5.010164899912968e-08,0
39,7.841460750881483e-08,1.2140235099190756e-06,1.820693924911852e-07,0
40,8.670561616502013e-08,1.2140235099190756e-06,3.926093838349799e-07,0
41,1.914559316113506e-07,1.2140235099190756e-06,6.377660683886494e-07,0
42,5.690372746998865e-07,1.2140235099190756e-06,6.791427253001136e-07,0
43,1.6431060968026928e-06,1.2140235099190756e-06,1.8739031973072456e-09,0
44,3.7413024311185136e-06,1.2140235099190756e-06,-1.8069624311185135e-06,1
45,6.41977041635987e-06,1.2140235099190756e-06,-4.37774041635987e-06,1
46,8.133846628491722e-06,1.2140235099190756e-06,-6.204536628491723e-06,1
47,7.413607913205199e-06,1.2140235099190756e-06,-5.774327913205199e-06,1
48,4.788489163114741e-06,1.2140235099190756e-06,-3.5224791631147413e-06,1
49,2.2283855301239187e-06,1.2140235099190756e-06,-1.3592365301239186e-06,1
50,8.428349420649974e-07,1.2140235099190756e-06,-3.0279194206499737e-07,1
51,4.181953165443728e-07,1.2140235099190756e-06,-4.458931654437284e-08,0
52,4.978826075281104e-07,1.2140235099190756e-06,-1.263416075281104e-07,0
53,9.148570955316471e-07,1.2140235099190756e-06,-4.1205609553164713e-07,1
54,1.6673342633837074e-06,1.2140235099190756e-06,-9.338832633837073e-07,1
55,2.858099710552083e-06,1.2140235099190756e-06,-1.723299710552083e-06,1
56,5.0770793126438725e-06,1.2140235099190756e-06,-2.9374293126438726e-06,1
57,1.022529989151347e-05,1.2140235099190756e-06,-5.344129891513471e-06,1
58,2.0410493027881832e-05,1.2140235099190756e-06,-9.01409302788183e-06,1
59,3.377987838577475e-05,1.2140235099190756e-06,-1.070237838577475e-05,1
60,4.3557868165861924e-05,1.2140235099190756e-06,-7.010668165861922e-06,1
61,4.363331458810008e-05,1.2140235099190756e-06,-8.637145881000793e-07,0
62,3.3424873917494364e-05,1.2140235099190756e-06,2.1621260825056325e-06,0
63,1.8392269137353438e-05,1.2140235099190756e-06,1.6732308626465613e-06,0
64,3.5079730655440985e-06,1.2140235099190756e-06,1.6864069344559015e-06,1
65,3.6789568297091417e-06,1.2140235099190756e-06,2.1756531702908588e-06,1
66,2.308795812618507e-06,1.2140235099190756e-06,1.5975841873814936e-06,1
67,1.0322410154959872e-06,1.2140235099190756e-06,7.91548984504013e-07,0
68,4.595729555847273e-07,1.2140235099190756e-06,3.042350444152726e-07,0
69,2.726135812454807e-07,1.2140235099190756e-06,1.0878841875451931e-07,0
70,1.7574069417214355e-07,1.2140235099190756e-06,1.0400530582785644e-07,0
71,1.1560917031546057e-07,1.2140235099190756e-06,2.1748482968453942e-07,0
72,1.5205330448374828e-07,1.2140235099190756e-06,4.141656955162517e-07,0
73,4.346760284041196e-07,1.2140235099190756e-06,5.496979715958804e-07,0
74,1.3787033448328349e-06,1.2140235099190756e-06,1.3561665516716532e-07,0
75,3.5572285469326087e-06,1.2140235099190756e-06,-1.4419885469326088e-06,1
76,7.125276554170676e-06,1.2140235099190756e-06,-4.344316554170676e-06,1
77,1.1142483097962468e-05,1.2140235099190756e-06,-7.748263097962468e-06,1
78,1.3348114369655947e-05,1.2140235099190756e-06,-9.599394369655948e-06,1
79,1.1781167934220298e-05,1.2140235099190756e-06,-8.065307934220298e-06,1
80,7.4502894831310315e-06,1.2140235099190756e-06,-4.2311094831310316e-06,1
81,3.4965927178595223e-06,1.2140235099190756e-06,-1.143222717859522e-06,1
82,1.5079683836395744e-06,1.2140235099190756e-06,1.602161636042564e-08,0
83,1.067772650362287e-06,1.2140235099190756e-06,-1.3322650362287156e-08,0
84,1.6134030561718375e-06,1.2140235099190756e-06,-6.169940561718376e-07,1
85,2.862929582705302e-06,1.2140235099190756e-06,-1.604539582705302e-06,1
86,4.597343133321489e-06,1.2140235099190756e-06,-2.8981531333214894e-06,1
87,6.799798013198114e-06,1.2140235099190756e-06,-4.349158013198114e-06,1
88,1.0229891955841353e-05,1.2140235099190756e-06,-5.713591955841353e-06,1
89,1.7654069053516375e-05,1.2140235099190756e-06,-7.252769053516373e-06,1
90,3.1883914390201895e-05,1.2140235099190756e-06,-8.252614390201893e-06,1
91,4.97112936941931e-05,1.2140235099190756e-06,-5.254093694193098e-06,0
92,6.158480666858654e-05,1.2140235099190756e-06,2.2452933314134562e-06,0
93,5.9619885651140465e-05,1.2140235099190756e-06,7.5668143488595335e-06,1
94,4.387240459607954e-05,1.2140235099190756e-06,6.50479540392046e-06,1
95,2.294323570991728e-05,1.2140235099190756e-06,2.8000642900827182e-06,0
96,3.346294522216649e-06,1.2140235099190756e-06,1.2036054777833514e-06,1
97,3.521917857428193e-06,1.2140235099190756e-06,1.3708121425718072e-06,1
98,2.2423727549337623e-06,1.2140235099190756e-06,8.947272450662377e-07,1
99,1.056784482668739e-06,1.2140235099190756e-06,3.803855173312611e-07,0
100,5.393007864124054e-07,1.2140235099190756e-06,1.1552321358759462e-07,0
101,3.542943380380222e-07,1.2140235099190756e-06,4.258366196197785e-08,0
102,2.3828697168510565e-07,1.2140235099190756e-06,6.060302831489434e-08,0
103,1.696621734946415e-07,1.2140235099190756e-06,1.2422182650535848e-07,0
104,2.4061095397129093e-07,1.2140235099190756e-06,1.9618704602870906e-07,0
105,7.229111624609007e-07,1.2140235099190756e-06,4.5553837539099284e-08,0
106,2.1282777475130384e-06,1.2140235099190756e-06,-7.904977475130384e-07,1
107,4.872396610177362e-06,1.2140235099190756e-06,-2.6325966101773625e-06,1
108,8.784118317749301e-06,1.2140235099190756e-06,-5.290198317749301e-06,1
109,1.2740986396926072e-05,1.2140235099190756e-06,-7.786116396926073e-06,1
110,1.4605907144577207e-05,1.2140235099190756e-06,-8.270657144577207e-06,1
111,1.2691500289065435e-05,1.2140235099190756e-06,-5.6357102890654355e-06,1
112,8.270053602972725e-06,1.2140235099190756e-06,-1.7857836029727245e-06,0
113,4.373585941243059e-06,1.2140235099190756e-06,4.620240587569406e-07,0
114,2.341710443012873e-06,1.2140235099190756e-06,7.808495569871267e-07,1
115,1.985514524903638e-06,1.2140235099190756e-06,1.248254750963621e-07,0
116,3.0041893333373407e-06,1.2140235099190756e-06,-1.0655093333373407e-06,1
117,4.9380317532265985e-06,1.2140235099190756e-06,-2.4938217532265984e-06,1
118,7.27420741724353e-06,1.2140235099190756e-06,-3.96315741724353e-06,1
119,9.8584405891649e-06,1.2140235099190756e-06,-5.2321305891649e-06,1
120,1.35555777678142e-05,1.2140235099190756e-06,-5.3535477678142e-06,1
121,2.1502037236419306e-05,1.2140235099190756e-06,-3.450737236419305e-06,1
122,3.650295361035975e-05,1.2140235099190756e-06,1.336946389640248e-06,0
123,5.511812354999385e-05,1.2140235099190756e-06,8.972376450006152e-06,1
124,6.772629797308888e-05,1.2140235099190756e-06,1.442420202691112e-05,1
125,6.525024038087448e-05,1.2140235099190756e-06,1.2154159619125513e-05,1
126,4.70395264887812e-05,1.2140235099190756e-06,5.4594735112187905e-06,1
127,2.3675768716426362e-05,1.2140235099190756e-06,9.415312835736364e-07,0
128,2.871989170673038e-06,1.2140235099190756e-06,4.5713082932696166e-07,0
129,3.046941591825627e-06,1.2140235099190756e-06,4.474084081743729e-07,0
130,2.01480101287326e-06,1.2140235099190756e-06,1.939389871267403e-07,0
131,1.0699305922799185e-06,1.2140235099190756e-06,-1.2005922799186746e-09,0
132,6.488959984730211e-07,1.2140235099190756e-06,-6.223199847302115e-08,0
133,4.549765450077796e-07,1.2140235099190756e-06,-4.980454500777958e-08,0
134,3.0163691157613393e-07,1.2140235099190756e-06,-1.1949911576133963e-08,0
135,2.0614805860191342e-07,1.2140235099190756e-06,2.296594139808658e-08,0
136,2.893681001727158e-07,1.2140235099190756e-06,8.768998272842345e-10,0
137,8.727393461245226e-07,1.2140235099190756e-06,-2.899863461245225e-07,1
138,2.4762203992871866e-06,1.2140235099190756e-06,-1.1639803992871867e-06,1
139,5.4148509456167965e-06,1.2140235099190756e-06,-2.7092309456167964e-06,1
140,9.337026368384615e-06,1.2140235099190756e-06,-4.496656368384615e-06,1
141,1.3084064417594035e-05,1.2140235099190756e-06,-5.468884417594034e-06,1
142,1.4799519327350531e-05,1.2140235099190756e-06,-4.365619327350531e-06,1
143,1.3250016443122915e-05,1.2140235099190756e-06,-1.4493164431229166e-06,0
144,9.5512497553914e-06,1.2140235099190756e-06,9.946502446085977e-07,0
145,5.864684627706722e-06,1.2140235099190756e-06,1.6075453722932785e-06,0
146,3.404873557221685e-06,1.2140235099190756e-06,1.1409364427783147e-06,1
147,2.543661869175833e-06,1.2140235099190756e-06,3.911381308241673e-07,0
148,3.190269278328553e-06,1.2140235099190756e-06,-4.1957927832855283e-07,0
149,4.839415776828884e-06,1.2140235099190756e-06,-1.0585157768288842e-06,0
150,7.004580514105472e-06,1.2140235099190756e-06,-1.6900705141054714e-06,1
151,9.556258142704401e-06,1.2140235099190756e-06,-2.059368142704402e-06,1
152,1.3473564605992625e-05,1.2140235099190756e-06,-4.0916460599262486e-07,0
153,2.164132480232514e-05,1.2140235099190756e-06,5.09807519767486e-06,1
154,3.58411426044115e-05,1.2140235099190756e-06,1.4522557395588501e-05,1
155,5.2399859363281454e-05,1.2140235099190756e-06,2.333014063671854e-05,1
156,6.279476924621486e-05,1.2140235099190756e-06,2.355853075378514e-05,1
157,5.9005059794414566e-05,1.2140235099190756e-06,1.4436640205585433e-05,1
158,4.1233092379506906e-05,1.2140235099190756e-06,4.662007620493094e-06,1
159,2.0007659862424155e-05,1.2140235099190756e-06,1.9454013757584583e-07,0
160,2.1462126883634662e-06,1.2140235099190756e-06,3.1202731163653405e-07,0
161,2.31825950477024e-06,1.2140235099190756e-06,3.4422049522975974e-07,0
162,1.7301669555710525e-06,1.2140235099190756e-06,1.0077304442894765e-07,0
163,1.2403611897452496e-06,1.2140235099190756e-06,-1.7891118974524958e-07,0
164,1.0105235039287953e-06,1.2140235099190756e-06,-3.099205039287953e-07,0
165,7.683671582390143e-07,1.2140235099190756e-06,-2.5999615823901426e-07,0
166,4.7401075431311815e-07,1.2140235099190756e-06,-1.3047975431311817e-07,0
167,2.79913186200368e-07,1.2140235099190756e-06,-4.5251186200368e-08,0
168,3.551942320236113e-07,1.2140235099190756e-06,-8.587023202361126e-08,0
169,1.0171875183245515e-06,1.2140235099190756e-06,-3.758685183245515e-07,1
170,2.840179702994502e-06,1.2140235099190756e-06,-1.095919702994502e-06,1
171,6.263828007132713e-06,1.2140235099190756e-06,-2.2089580071327133e-06,1
172,1.0924046433583694e-05,1.2140235099190756e-06,-3.123936433583693e-06,1
173,1.5486679305252312e-05,1.2140235099190756e-06,-2.903579305252312e-06,1
174,1.7994094940801214e-05,1.2140235099190756e-06,-1.1879949408012154e-06,0
175,1.7066644976033098e-05,1.2140235099190756e-06,7.750550239669046e-07,0
176,1.3283090952301598e-05,1.2140235099190756e-06,1.347809047698401e-06,0
177,8.578155432389466e-06,1.2140235099190756e-06,8.558245676105339e-07,0
178,4.8160624646157884e-06,1.2140235099190756e-06,4.3212753538421086e-07,0
179,2.813619109145856e-06,1.2140235099190756e-06,3.361008908541439e-07,0
180,2.413812071775629e-06,1.2140235099190756e-06,5.347879282243712e-07,0
181,3.1831730332145905e-06,1.2140235099190756e-06,9.316269667854095e-07,0
182,4.788845843662438e-06,1.2140235099190756e-06,1.2106941563375626e-06,0
183,7.281640354213768e-06,1.2140235099190756e-06,1.8992796457862324e-06,1
184,1.1799572719448967e-05,1.2140235099190756e-06,4.815727280551033e-06,1
185,2.043824375096501e-05,1.2140235099190756e-06,1.1662056249034992e-05,1
186,3.3631300706694026e-05,1.2140235099190756e-06,2.1424599293305977e-05,1
187,4.72569923970053e-05,1.2140235099190756e-06,2.7906307602994705e-05,1
188,5.3671930130271884e-05,1.2140235099190756e-06,2.4632269869728117e-05,1
189,4.760923254391365e-05,1.2140235099190756e-06,1.4121667456086355e-05,1
190,3.1695016369759275e-05,1.2140235099190756e-06,4.8515836302407255e-06,1
191,1.48728655307009e-05,1.2140235099190756e-06,7.597344692990993e-07,0
192,1.7632579162264855e-06,1.2140235099190756e-06,5.272120837735144e-07,1
193,2.2263279106439047e-06,1.2140235099190756e-06,5.510320893560953e-07,0
194,2.2337847185297924e-06,1.2140235099190756e-06,-1.9884718529792697e-08,0
195,2.20549016612469e-06,1.2140235099190756e-06,-7.313401661246901e-07,0
196,2.041060398125418e-06,1.2140235099190756e-06,-1.030040398125418e-06,1
197,1.5361351426543243e-06,1.2140235099190756e-06,-8.380281426543242e-07,1
198,9.070661286672657e-07,1.2140235099190756e-06,-4.625221286672657e-07,1
199,4.886271554180964e-07,1.2140235099190756e-06,-1.9151615541809645e-07,0
200,4.961276533736248e-07,1.2140235099190756e-06,-1.1545465337362479e-07,0
201,1.2339023975738823e-06,1.2140235099190756e-06,-2.0161239757388227e-07,0
202,3.428293093879808e-06,1.2140235099190756e-06,-4.632030938798078e-07,0
203,7.881661878710934e-06,1.2140235099190756e-06,-8.51421878710935e-07,0
204,1.4381409217114282e-05,1.2140235099190756e-06,-9.648092171142812e-07,0
205,2.12633804955697e-05,1.2140235099190756e-06,-4.5048049556970106e-07,0
206,2.5836950666035955e-05,1.2140235099190756e-06,2.0064933396404753e-07,0
207,2.5600789230867372e-05,1.2140235099190756e-06,-1.2458923086737332e-07,0
208,2.0367387335859618e-05,1.2140235099190756e-06,-1.1860873358596155e-06,0
209,1.3006410984748135e-05,1.2140235099190756e-06,-1.5338109847481356e-06,0
210,7.04400240238645e-06,1.2140235099190756e-06,-1.0244924023864497e-06,0
211,3.7269474640163978e-06,1.2140235099190756e-06,-3.558274640163983e-07,0
212,2.494674580063319e-06,1.2140235099190756e-06,2.4994541993668126e-07,0
213,2.646260828660514e-06,1.2140235099190756e-06,8.25399171339486e-07,0
214,3.81716102611595e-06,1.2140235099190756e-06,1.5207489738840493e-06,0
215,6.298000580817563e-06,1.2140235099190756e-06,2.987479419182437e-06,1
216,1.1474857625093393e-05,1.2140235099190756e-06,6.2187423749066065e-06,1
217,2.1107014163209095e-05,1.2140235099190756e-06,1.1905585836790908e-05,1
218,3.489694854263271e-05,1.2140235099190756e-06,1.887785145736729e-05,1
219,4.7652025309950015e-05,1.2140235099190756e-06,2.242277469004998e-05,1
220,5.150206833554427e-05,1.2140235099190756e-06,1.841413166445573e-05,1
221,4.353301677370296e-05,1.2140235099190756e-06,9.753483226297036e-06,1
222,2.8225926509608253e-05,1.2140235099190756e-06,3.080373490391749e-06,0
223,1.324968206633148e-05,1.2140235099190756e-06,5.538179336685185e-07,0
224,2.360046468015515e-06,1.2140235099190756e-06,7.852835319844852e-07,1
225,3.4573388132088936e-06,1.2140235099190756e-06,6.268311867911058e-07,0
226,3.968590602020725e-06,1.2140235099190756e-06,-5.810006020207251e-07,0
227,4.134531561234304e-06,1.2140235099190756e-06,-1.9006015612343043e-06,1
228,3.7142025348017226e-06,1.2140235099190756e-06,-2.2913925348017226e-06,1
229,2.6413186334565844e-06,1.2140235099190756e-06,-1.7537746334565845e-06,1
230,1.4428881634256937e-06,1.2140235099190756e-06,-9.127041634256937e-07,1
231,6.927318554723567e-07,1.2140235099190756e-06,-3.028408554723567e-07,0
232,6.578921579700292e-07,1.2140235099190756e-06,-1.386615797002916e-08,0
233,1.6791831748047881e-06,1.2140235099190756e-06,1.8852682519521164e-07,0
234,4.812896539353456e-06,1.2140235099190756e-06,5.024734606465433e-07,0
235,1.13819215470599e-05,1.2140235099190756e-06,1.0309784529401e-06,0
236,2.1324829445512478e-05,1.2140235099190756e-06,1.6754705544875225e-06,0
237,3.22288661764976e-05,1.2140235099190756e-06,1.7185338235023965e-06,0
238,3.966542997687473e-05,1.2140235099190756e-06,1.7787002312526836e-07,0
239,3.926033042795448e-05,1.2140235099190756e-06,-2.673530427954482e-06,0
240,3.078107833603524e-05,1.2140235099190756e-06,-4.6335783360352384e-06,1
241,1.9404537080444557e-05,1.2140235099190756e-06,-4.285937080444557e-06,1
242,1.0828379420969083e-05,1.2140235099190756e-06,-2.869339420969083e-06,1
243,6.581627601259171e-06,1.2140235099190756e-06,-1.913917601259172e-06,1
244,5.26694572141203e-06,1.2140235099190756e-06,-1.5636757214120306e-06,1
245,5.4743129182790905e-06,1.2140235099190756e-06,-1.4276929182790904e-06,0
246,6.533131851074223e-06,1.2140235099190756e-06,-1.0265618510742232e-06,0
247,8.918136838701628e-06,1.2140235099190756e-06,2.548931612983724e-07,0
248,1.4846868046235462e-05,1.2140235099190756e-06,2.557631953764537e-06,1
249,2.6752681244803815e-05,1.2140235099190756e-06,5.934918755196187e-06,1
250,4.363008978560129e-05,1.2140235099190756e-06,1.0009110214398709e-05,1
251,5.8534467806366783e-05,1.2140235099190756e-06,1.1688432193633218e-05,1
252,6.290933504952773e-05,1.2140235099190756e-06,7.977164950472262e-06,1
253,5.418496235257265e-05,1.2140235099190756e-06,2.046437647427352e-06,0
254,3.649112370203156e-05,1.2140235099190756e-06,-7.361237020315632e-07,0
255,1.7988055416151314e-05,1.2140235099190756e-06,-5.588554161513147e-07,0
256,3.722927877149706e-06,1.2140235099190756e-06,8.970621228502939e-07,0
257,5.1901069439726835e-06,1.2140235099190756e-06,4.858230560273171e-07,0
258,5.586534495011693e-06,1.2140235099190756e-06,-1.2295444950116933e-06,0
259,5.367623353774414e-06,1.2140235099190756e-06,-2.750703353774414e-06,1
260,4.394775101706626e-06,1.2140235099190756e-06,-2.9035851017066263e-06,1
261,2.840857402238307e-06,1.2140235099190756e-06,-2.0059314022383067e-06,1
262,1.4177510689267203e-06,1.2140235099190756e-06,-9.276340689267203e-07,1
263,6.642685513161799e-07,1.2140235099190756e-06,-2.1792255131617995e-07,0
264,7.8131744791148e-07,1.2140235099190756e-06,1.9813355208852003e-07,0
265,2.3811202846385555e-06,1.2140235099190756e-06,7.653197153614444e-07,0
266,7.2819057092175815e-06,1.2140235099190756e-06,2.0558842907824184e-06,0
267,1.7872957821603835e-05,1.2140235099190756e-06,4.261642178396165e-06,1
268,3.421255877577091e-05,1.2140235099190756e-06,6.050841224229088e-06,1
269,5.142877938338267e-05,1.2140235099190756e-06,5.116420616617331e-06,1
270,6.126797480568037e-05,1.2140235099190756e-06,7.914251943196265e-07,0
271,5.785558408684558e-05,1.2140235099190756e-06,-4.808284086845586e-06,1
272,4.335578498110825e-05,1.2140235099190756e-06,-8.005884981108255e-06,1
273,2.6788793828870397e-05,1.2140235099190756e-06,-7.329993828870396e-06,1
274,1.5737458148671756e-05,1.2140235099190756e-06,-5.230858148671756e-06,1
275,1.1151452875196503e-05,1.2140235099190756e-06,-4.195172875196503e-06,1
276,1.0392889615407871e-05,1.2140235099190756e-06,-4.486389615407871e-06,1
277,1.1227540541765676e-05,1.2140235099190756e-06,-5.450830541765677e-06,1
278,1.2282013650784747e-05,1.2140235099190756e-06,-5.7878536507847475e-06,1
279,1.4256321328666312e-05,1.2140235099190756e-06,-4.648381328666313e-06,1
280,2.109254921062743e-05,1.2140235099190756e-06,-2.7227492106274284e-06,0
281,3.66915046631362e-05,1.2140235099190756e-06,-1.7300466313620327e-07,0
282,5.994502646686206e-05,1.2140235099190756e-06,2.5520735331379445e-06,0
283,8.2072796037592e-05,1.2140235099190756e-06,2.160203962407991e-06,0
284,9.15216298632692e-05,1.2140235099190756e-06,-2.581529863269195e-06,0
285,8.245838647327862e-05,1.2140235099190756e-06,-6.466586473278621e-06,1
286,5.761670124807439e-05,1.2140235099190756e-06,-5.3253012480743855e-06,1
287,2.8908738590363933e-05,1.2140235099190756e-06,-2.2661385903639317e-06,1
288,4.052119165882606e-06,1.2140235099190756e-06,7.099508341173938e-07,0
289,4.958414023545162e-06,1.2140235099190756e-06,2.35705976454837e-07,0
290,4.557711734908432e-06,1.2140235099190756e-06,-1.037891734908432e-06,0
291,3.741261893647783e-06,1.2140235099190756e-06,-1.8955818936477832e-06,1
292,2.7263811754881267e-06,1.2140235099190756e-06,-1.8266691754881268e-06,1
293,1.6591819717852672e-06,1.2140235099190756e-06,-1.2117489717852672e-06,1
294,8.493743798178948e-07,1.2140235099190756e-06,-5.647743798178948e-07,1
295,4.897097608665999e-07,1.2140235099190756e-06,-9.494976086659995e-08,0
296,8.875418784504137e-07,1.2140235099190756e-06,3.9294812154958626e-07,0
297,3.2313965082901364e-06,1.2140235099190756e-06,1.686073491709863e-06,1
298,1.0507905562291787e-05,1.2140235099190756e-06,5.311594437708213e-06,1
299,2.656080723766753e-05,1.2140235099190756e-06,1.1407592762332472e-05,1
300,5.076954150254126e-05,1.2140235099190756e-06,1.553945849745873e-05,1
301,7.331459506165525e-05,1.2140235099190756e-06,1.2754604938344758e-05,1
302,8.082836529488788e-05,1.2140235099190756e-06,4.085434705112116e-06,0
303,6.903410984272938e-05,1.2140235099190756e-06,-5.251109842729389e-06,1
304,4.672163170723676e-05,1.2140235099190756e-06,-9.762231707236764e-06,1
305,2.6767080699729603e-05,1.2140235099190756e-06,-8.571380699729604e-06,1
306,1.5559479158659e-05,1.2140235099190756e-06,-5.9269191586589995e-06,1
307,1.157394268381082e-05,1.2140235099190756e-06,-4.876602683810821e-06,1
308,1.1331364747191632e-05,1.2140235099190756e-06,-5.646774747191631e-06,1
309,1.2531297738051655e-05,1.2140235099190756e-06,-7.223547738051655e-06,1
310,1.3542856650045586e-05,1.2140235099190756e-06,-7.575926650045586e-06,1
311,1.56446330157305e-05,1.2140235099190756e-06,-5.906373015730499e-06,1
312,2.409933573422915e-05,1.2140235099190756e-06,-2.9082357342291476e-06,0
313,4.4218113152957736e-05,1.2140235099190756e-06,1.3518868470422627e-06,0
314,7.548631484501409e-05,1.2140235099190756e-06,4.394585154985907e-06,0
315,0.00010673845188676484,1.2140235099190756e-06,1.298548113235165e-06,0
316,0.00012140235099190756,1.2140235099190756e-06,-6.185350991907558e-06,0
317,0.00010924901799253045,1.2140235099190756e-06,-9.69331799253045e-06,1
318,7.394474356168474e-05,1.2140235099190756e-06,-6.808743561684738e-06,1
319,3.4844737131655005e-05,1.2140235099190756e-06,-2.9413371316550015e-06,1
320,2.454467058366945e-06,1.2140235099190756e-06,2.973329416330551e-07,0
321,2.551292903240009e-06,1.2140235099190756e-06,1.22937096759991e-07,0
322,1.9236329502175545e-06,1.2140235099190756e-06,-2.989329502175544e-07,0
323,1.329613995661453e-06,1.2140235099190756e-06,-5.823609956614531e-07,0
324,8.996601306273914e-07,1.2140235099190756e-06,-5.952111306273913e-07,1
325,5.647967914998231e-07,1.2140235099190756e-06,-4.311787914998231e-07,1
326,3.3191269474056137e-07,1.2140235099190756e-06,-2.218176947405614e-07,1
327,2.972526079047421e-07,1.2140235099190756e-06,7.300392095257866e-09,0
328,9.171114801662495e-07,1.2140235099190756e-06,5.928285198337505e-07,1
329,3.7318594951688454e-06,1.2140235099190756e-06,3.056750504831156e-06,1
330,1.2420064183225188e-05,1.2140235099190756e-06,9.941235816774814e-06,1
331,3.106527256421919e-05,1.2140235099190756e-06,1.9852827435780814e-05,1
332,5.660542119781056e-05,1.2140235099190756e-06,2.4149378802189433e-05,1
333,7.469955066894897e-05,1.2140235099190756e-06,1.7455949331051027e-05,1
334,7.231767290206567e-05,1.2140235099190756e-06,4.860227097934334e-06,1
335,5.283502872764101e-05,1.2140235099190756e-06,-5.198028727641014e-06,1
336,3.0448496869834272e-05,1.2140235099190756e-06,-8.019596869834274e-06,1
337,1.5219637531105796e-05,1.2140235099190756e-06,-5.921607531105796e-06,1
338,8.227894717511055e-06,1.2140235099190756e-06,-3.6980347175110553e-06,1
339,6.069638686085534e-06,1.2140235099190756e-06,-3.016288686085534e-06,1
340,6.048750286669379e-06,1.2140235099190756e-06,-3.5169602866693785e-06,1
341,6.8372551219952755e-06,1.2140235099190756e-06,-4.338615121995276e-06,1
342,7.744822460924297e-06,1.2140235099190756e-06,-4.2086524609242976e-06,1
343,1.0460518964521142e-05,1.2140235099190756e-06,-2.5692189645211418e-06,1
344,1.98290099955072e-05,1.2140235099190756e-06,8.688900044928021e-07,0
345,4.102089724585393e-05,1.2140235099190756e-06,5.894402754146062e-06,1
346,7.31349915455419e-05,1.2140235099190756e-06,7.91870845445809e-06,1
347,0.000103368989913389,1.2140235099190756e-06,2.55901008661099e-06,0
348,0.00011369981996176562,1.2140235099190756e-06,-4.952819961765616e-06,0
349,9.564177762420997e-05,1.2140235099190756e-06,-7.136877624209966e-06,1
350,5.864984847670846e-05,1.2140235099190756e-06,-4.794848476708464e-06,1
351,2.450170305249953e-05,1.2140235099190756e-06,-2.227503052499529e-06,1
352,7.35967542386192e-07,1.2140235099190756e-06,1.548394576138079e-07,0
353,6.520334585882479e-07,1.2140235099190756e-06,1.4547054141175213e-07,0
354,4.183403216011661e-07,1.2140235099190756e-06,3.342667839883385e-08,0
355,2.629342380501662e-07,1.2140235099190756e-06,-7.234023805016623e-08,0
356,1.7679103132858715e-07,1.2140235099190756e-06,-1.0633053132858716e-07,0
357,1.1446006568679454e-07,1.2140235099190756e-06,-8.210816568679454e-08,1
358,7.999301668065471e-08,1.2140235099190756e-06,-3.2681316680654714e-08,1
359,1.6097226775459313e-07,1.2140235099190756e-06,8.758173224540686e-08,1
360,7.448833645272456e-07,1.2140235099190756e-06,7.705766354727543e-07,1
361,3.188773696322903e-06,1.2140235099190756e-06,3.6723763036770973e-06,1
362,1.0458278751650284e-05,1.2140235099190756e-06,1.0391321248349717e-05,1
363,2.462364918159491e-05,1.2140235099190756e-06,1.7400850818405088e-05,1
364,4.049386413134906e-05,1.2140235099190756e-06,1.7067835868650944e-05,1
365,4.638189625647892e-05,1.2140235099190756e-06,8.679903743521082e-06,1
366,3.76675541720784e-05,1.2140235099190756e-06,-4.356541720784032e-07,0
367,2.257026880326049e-05,1.2140235099190756e-06,-4.55706880326049e-06,1
368,1.0641529429255963e-05,1.2140235099190756e-06,-4.027439429255963e-06,1
369,4.458783408678988e-06,1.2140235099190756e-06,-2.2317934086789877e-06,1
370,2.159132275713946e-06,1.2140235099190756e-06,-1.2024102757139459e-06,1
371,1.5358999801387575e-06,1.2140235099190756e-06,-9.354859801387574e-07,1
372,1.5385190629834663e-06,1.2140235099190756e-06,-1.0266910629834663e-06,1
373,1.8209024485292114e-06,1.2140235099190756e-06,-1.1600394485292114e-06,1
374,2.439106935269567e-06,1.2140235099190756e-06,-9.21736935269567e-07,1
375,4.723985949165317e-06,1.2140235099190756e-06,9.703405083468293e-08,0
376,1.1853050104477672e-05,1.2140235099190756e-06,2.3588498955223284e-06,0
377,2.707879448939832e-05,1.2140235099190756e-06,4.887905510601681e-06,1
378,4.843601728106627e-05,1.2140235099190756e-06,3.934982718933735e-06,0
379,6.520516298277191e-05,1.2140235099190756e-06,-1.096662982771917e-06,0
380,6.565055929008721e-05,1.2140235099190756e-06,-4.925159290087208e-06,0
381,4.88060892440283e-05,1.2140235099190756e-06,-4.7429892440282965e-06,1
382,2.5771019270055194e-05,1.2140235099190756e-06,-2.7164192700551933e-06,1
383,9.140786202477413e-06,1.2140235099190756e-06,-1.0683862024774118e-06,0
384,1.0550560752388114e-07,1.2140235099190756e-06,6.951539247611885e-08,0
385,8.180219813965076e-08,1.2140235099190756e-06,6.377080186034925e-08,0
386,4.8011261416789887e-08,1.2140235099190756e-06,2.9471938583210104e-08,0
387,2.9732754526414512e-08,1.2140235099190756e-06,2.4147454735854847e-09,0
388,1.9142130068709435e-08,1.2140235099190756e-06,-5.315430068709435e-09,0
389,1.1935328717624571e-08,1.2140235099190756e-06,-1.9033287176245713e-09,0
390,1.6723205499705704e-08,1.2140235099190756e-06,9.065794500294297e-09,0
391,8.413762570639308e-08,1.2140235099190756e-06,8.121737429360691e-08,1
392,4.547821810852728e-07,1.2140235099190756e-06,5.335238189147272e-07,1
393,1.9232571070165e-06,1.2140235099190756e-06,2.0902628929834995e-06,1
394,5.826111085760101e-06,1.2140235099190756e-06,4.724688914239898e-06,1
395,1.2104136622805825e-05,1.2140235099190756e-06,6.008463377194175e-06,1
396,1.6966412025082184e-05,1.2140235099190756e-06,3.774287974917819e-06,1
397,1.6108760574023252e-05,1.2140235099190756e-06,-1.0760574023251362e-08,0
398,1.0611551695607186e-05,1.2140235099190756e-06,-2.0538016956071867e-06,1
399,5.099719596310534e-06,1.2140235099190756e-06,-1.910609596310534e-06,1
400,1.9360296438984972e-06,1.2140235099190756e-06,-1.0341176438984973e-06,1
401,6.645444500117263e-07,1.2140235099190756e-06,-4.210594500117262e-07,1
402,2.770746749649599e-07,1.2140235099190756e-06,-1.8606817496495988e-07,1
403,1.817272220505969e-07,1.2140235099190756e-06,-1.264520220505969e-07,1
404,1.841864085201006e-07,1.2140235099190756e-06,-1.234339085201006e-07,1
405,2.5513059243177125e-07,1.2140235099190756e-06,-1.0881759243177125e-07,0
406,5.302145610100321e-07,1.2140235099190756e-06,3.8656438989967957e-08,0
407,1.6603943279727287e-06,1.2140235099190756e-06,5.099756720272713e-07,0
408,5.062939821442946e-06,1.2140235099190756e-06,1.2975401785570535e-06,0
409,1.1931780564388871e-05,1.2140235099190756e-06,1.348619435611128e-06,0
410,2.046044049213052e-05,1.2140235099190756e-06,-6.669404921305213e-07,0
411,2.5146159960180602e-05,1.2140235099190756e-06,-3.335459960180601e-06,1
412,2.2194320319503965e-05,1.2140235099190756e-06,-3.999520319503964e-06,1
413,1.3987619117538967e-05,1.2140235099190756e-06,-2.696419117538968e-06,1
414,6.1135529524160175e-06,1.2140235099190756e-06,-1.1474729524160174e-06,1
415,1.7693129621396026e-06,1.2140235099190756e-06,-2.983329621396028e-07,0
416,6.94285373257667e-09,1.2140235099190756e-06,1.1474746267423328e-08,0
417,4.6791350131654746e-09,1.2140235099190756e-06,8.711264986834525e-09,0
418,2.5686465939627453e-09,1.2140235099190756e-06,4.010283406037256e-09,0
419,1.537045032024819e-09,1.2140235099190756e-06,1.4590149679751807e-09,0
420,8.861017640117921e-10,1.2140235099190756e-06,1.1938182359882079e-09,0
421,8.81770329262172e-10,1.2140235099190756e-06,2.4339396707378277e-09,0
422,5.1660430824890516e-09,1.2140235099190756e-06,6.0555569175109495e-09,0
423,3.809872251846815e-08,1.2140235099190756e-06,3.0629377481531845e-08,0
424,2.1135619999136954e-07,1.2140235099190756e-06,1.4700680000863047e-07,1
425,8.080966992708488e-07,1.2140235099190756e-06,4.2456330072915126e-07,1
426,2.0703212013638346e-06,1.2140235099190756e-06,6.549087986361652e-07,1
427,3.523690043121592e-06,1.2140235099190756e-06,3.7423995687840815e-07,0
428,3.981978925516227e-06,1.2140235099190756e-06,-3.2613892551622656e-07,0
429,3.0213827489466907e-06,1.2140235099190756e-06,-7.448427489466903e-07,0
430,1.5832686028430203e-06,1.2140235099190756e-06,-6.289076028430204e-07,1
431,6.033902754810385e-07,1.2140235099190756e-06,-3.2478427548103845e-07,1
432,1.8016575237488575e-07,1.2140235099190756e-06,-1.1887065237488575e-07,1
433,4.8067402275278685e-08,1.2140235099190756e-06,-3.5001002275278684e-08,1
434,1.6137866942833365e-08,1.2140235099190756e-06,-1.1231376942833365e-08,1
435,9.392294470965478e-09,1.2140235099190756e-06,-5.516034470965477e-09,1
436,1.0818620941577569e-08,1.2140235099190756e-06,-2.767190941577569e-09,0
437,2.6037747264517828e-08,1.2140235099190756e-06,1.2793752735482171e-08,0
438,1.1029777927583757e-07,1.2140235099190756e-06,8.120222072416242e-08,0
439,4.665971148857444e-07,1.2140235099190756e-06,2.443998851142556e-07,0
440,1.4895704894472718e-06,1.2140235099190756e-06,3.605695105527283e-07,0
441,3.3648850366794463e-06,1.2140235099190756e-06,-8.385036679446344e-09,0
442,5.254437608368541e-06,1.2140235099190756e-06,-9.138376083685403e-07,1
443,5.6506029564604885e-06,1.2140235099190756e-06,-1.529332956460489e-06,1
444,4.228087967229423e-06,1.2140235099190756e-06,-1.3198179672294236e-06,1
445,2.2035059540040835e-06,1.2140235099190756e-06,-7.037759540040837e-07,1
446,7.79139986094784e-07,1.2140235099190756e-06,-2.3213098609478408e-07,1
447,1.7818053337066548e-07,1.2140235099190756e-06,-4.0769533370665496e-08,0
448,1.7218211148999946e-10,1.2140235099190756e-06,5.432578885100005e-10,0
449,9.827080186229712e-11,1.2140235099190756e-06,3.2584419813770287e-10,0
450,4.981199777607485e-11,1.2140235099190756e-06,1.4195600222392516e-10,0
451,2.739828537768724e-11,1.2140235099190756e-06,9.240671462231276e-11,0
452,1.96000959739914e-11,1.2140235099190756e-06,2.1854690402600863e-10,0
453,1.3226892143847491e-10,1.2140235099190756e-06,6.082440785615251e-10,0
454,1.647826740556508e-09,1.2140235099190756e-06,1.771233259443492e-09,0
455,1.4281684857722536e-08,1.2140235099190756e-06,4.084115142277463e-09,0
456,7.627386587544906e-08,1.2140235099190756e-06,-1.3066658754490651e-09,0
457,2.461631106765349e-07,1.2140235099190756e-06,-3.696611067653489e-08,0
458,4.917359345843893e-07,1.2140235099190756e-06,-1.0771093458438926e-07,0
459,6.303627722475772e-07,1.2140235099190756e-06,-1.7260477224757724e-07,0
460,5.37558845051969e-07,1.2140235099190756e-06,-1.8162284505196897e-07,0
461,3.154112251859663e-07,1.2140235099190756e-06,-1.3381322518596627e-07,0
462,1.3127137660387877e-07,1.2140235099190756e-06,-6.932657660387877e-08,1
463,3.966653091677374e-08,1.2140235099190756e-06,-2.4898330916773737e-08,1
464,8.848183054654882e-09,1.2140235099190756e-06,-6.2871530546548814e-09,1
465,1.6066544541946742e-09,1.2140235099190756e-06,-1.1443374541946743e-09,1
466,3.760858421690058e-10,1.2140235099190756e-06,-1.3236584216900576e-10,0
467,2.225193562142738e-10,1.2140235099190756e-06,8.723164378572619e-11,0
468,7.664790112204696e-10,1.2140235099190756e-06,9.470309887795304e-10,0
469,5.297222535852627e-09,1.2140235099190756e-06,6.200177464147374e-09,0
470,2.8548296078441508e-08,1.2140235099190756e-06,2.544690392155849e-08,0
471,1.1084983096770651e-07,1.2140235099190756e-06,5.997216903229348e-08,0
472,3.105300873559113e-07,1.2140235099190756e-06,5.66119126440887e-08,0
473,6.055365166828274e-07,1.2140235099190756e-06,-5.629251668282741e-08,0
474,8.008078093407216e-07,1.2140235099190756e-06,-2.1101980934072159e-07,1
475,7.148645708827423e-07,1.2140235099190756e-06,-2.507695708827423e-07,1
476,4.342596331547631e-07,1.2140235099190756e-06,-1.668736331547631e-07,1
477,1.802500007397193e-07,1.2140235099190756e-06,-6.921900073971929e-08,1
478,4.98866188529276e-08,1.2140235099190756e-06,-1.6959418852927602e-08,0
479,8.723180544866112e-09,1.2140235099190756e-06,-1.7912305448661118e-09,0
480,1.3058047278092225e-12,1.2140235099190756e-06,5.958655272190778e-12,0
481,6.279016348850088e-13,1.2140235099190756e-06,2.7789283651149914e-12,0
482,2.942852882884107e-13,1.2140235099190756e-06,1.5174247117115891e-12,0
483,2.0866440321178915e-13,1.2140235099190756e-06,4.025515596788211e-12,0
484,1.7909184496276154e-12,1.2140235099190756e-06,2.1246681550372383e-11,0
485,4.2350677826303114e-11,1.2140235099190756e-06,1.1716132217369688e-10,0
486,6.663450229100643e-10,1.2140235099190756e-06,3.1090397708993547e-10,0
487,5.7404942606935296e-09,1.2140235099190756e-06,-1.6886042606935302e-09,0
488,2.660224387067708e-08,1.2140235099190756e-06,-1.4781443870677082e-08,1
489,6.826833897348003e-08,1.2140235099190756e-06,-4.224513897348003e-08,1
490,1.0113920091943881e-07,1.2140235099190756e-06,-6.033060091943881e-08,1
491,9.013664000603721e-08,1.2140235099190756e-06,-4.799154000603722e-08,0
492,5.107105778540352e-08,1.2140235099190756e-06,-2.276775778540352e-08,0
493,2.0308153719273166e-08,1.2140235099190756e-06,-7.412053719273164e-09,0
494,6.29305654111626e-09,1.2140235099190756e-06,-2.0079065411162602e-09,0
495,1.5145925737672135e-09,1.2140235099190756e-06,-4.932825737672134e-10,0
496,2.543389619083088e-10,1.2140235099190756e-06,-1.0144796190830881e-10,0
497,3.032449100926677e-11,1.2140235099190756e-06,-1.0726791009266769e-11,0
498,1.9330928292174476e-11,1.2140235099190756e-06,-4.3231282921744746e-12,0
499,1.392721641815045e-10,1.2140235099190756e-06,-5.457806418150451e-11,0
500,1.1392157966909905e-09,1.2140235099190756e-06,-4.432577966909904e-10,0
501,6.219021227665591e-09,1.2140235099190756e-06,-2.347311227665591e-09,0
502,2.0208379915723514e-08,1.2140235099190756e-06,-6.096179915723512e-09,0
503,4.396908498851299e-08,1.2140235099190756e-06,-9.670984988512989e-09,0
504,7.241788075828267e-08,1.2140235099190756e-06,-1.5370480758282667e-08,0
505,9.004487919213801e-08,1.2140235099190756e-06,-2.3095179192138012e-08,1
506,8.214877800047546e-08,1.2140235099190756e-06,-2.484857800047546e-08,1
507,5.3692885568214096e-08,1.2140235099190756e-06,-1.76807855682141e-08,1
508,2.4191845763157832e-08,1.2140235099190756e-06,-8.073145763157831e-09,0
509,7.331276538915192e-09,1.2140235099190756e-06,-2.254356538915191e-09,0
510,1.4632395714581436e-09,1.2140235099190756e-06,-2.800795714581435e-10,0
511,1.8397149743697012e-10,1.2140235099190756e-06,2.327850256302989e-11,0
512,1.0892092241546123e-14,1.2140235099190756e-06,3.131057907758454e-12,0
513,7.903107001767275e-14,1.2140235099190756e-06,1.6796668929982327e-11,0
514,8.581597782173821e-13,1.2140235099190756e-06,5.640864022178262e-11,0
515,8.134400737641008e-12,1.2140235099190756e-06,1.3061359926235899e-10,0
516,5.0823136326777106e-11,1.2140235099190756e-06,2.1116986367322285e-10,0
517,2.2445106722946436e-10,1.2140235099190756e-06,2.564009327705356e-10,0
518,9.668133018555056e-10,1.2140235099190756e-06,5.333566981444946e-10,0
519,4.216938590292975e-09,1.2140235099190756e-06,6.501014097070241e-10,0
520,1.3010738698313687e-08,1.2140235099190756e-06,-3.1276986983136863e-09,0
521,2.3675105845172432e-08,1.2140235099190756e-06,-1.0844605845172431e-08,0
522,2.4846634478004707e-08,1.2140235099190756e-06,-1.3717334478004707e-08,0
523,1.502947556916145e-08,1.2140235099190756e-06,-8.74065556916145e-09,0
524,5.203910501549328e-09,1.2140235099190756e-06,-2.657670501549328e-09,0
525,1.0905866948348829e-09,1.2140235099190756e-06,-1.2800169483488294e-10,0
526,1.7796575906790922e-10,1.2140235099190756e-06,1.5809224093209084e-10,0
527,3.7219132368124736e-11,1.2140235099190756e-06,6.574786763187528e-11,0
528,3.522853296098393e-11,1.2140235099190756e-06,8.555046703901606e-11,0
529,1.4598023117177885e-10,1.2140235099190756e-06,1.2051176882822115e-10,0
530,7.04330078798158e-10,1.2140235099190756e-06,-2.2248207879815796e-10,0
531,2.596026858028684e-09,1.2140235099190756e-06,-1.231666858028684e-09,0
532,7.608713100690006e-09,1.2140235099190756e-06,-2.880213100690006e-09,0
533,1.866087362631972e-08,1.2140235099190756e-06,-7.66147362631972e-09,0
534,3.4806039753546804e-08,1.2140235099190756e-06,-1.8625539753546804e-08,1
535,4.6721238594868514e-08,1.2140235099190756e-06,-2.9252338594868514e-08,1
536,4.4127666677955684e-08,1.2140235099190756e-06,-2.8575166677955684e-08,1
537,2.7314888745007575e-08,1.2140235099190756e-06,-1.5967788745007574e-08,1
538,1.0908540366355293e-08,1.2140235099190756e-06,-4.543390366355294e-09,1
539,3.216537825717414e-09,1.2140235099190756e-06,-6.939178257174143e-10,0
540,7.920858148409488e-10,1.2140235099190756e-06,-9.769581484094873e-11,0
541,1.4976079854729525e-10,1.2140235099190756e-06,-6.4007985472952445e-12,0
542,1.9253331980384574e-11,1.2140235099190756e-06,6.2329680196154265e-12,0
543,1.6012370145650841e-12,1.2140235099190756e-06,3.317712985434916e-12,0
544,2.523702519420833e-12,1.2140235099190756e-06,2.892502974805792e-10,0
545,1.459733754483215e-11,1.2140235099190756e-06,1.081342662455168e-09,0
546,9.026653521333249e-11,1.2140235099190756e-06,2.5818034647866676e-09,0
547,5.574390310146591e-10,1.2140235099190756e-06,3.95575096898534e-09,0
548,2.522168973775227e-09,1.2140235099190756e-06,2.850031026224773e-09,0
549,7.575397112008576e-09,1.2140235099190756e-06,-2.4042771120085757e-09,0
550,1.5305469521147818e-08,1.2140235099190756e-06,-8.452439521147818e-09,0
551,2.133056989623528e-08,1.2140235099190756e-06,-8.849669896235281e-09,0
552,2.082447605878368e-08,1.2140235099190756e-06,-3.76327605878368e-09,0
553,1.4606919110858091e-08,1.2140235099190756e-06,4.5118088914190943e-10,0
554,7.743822031715224e-09,1.2140235099190756e-06,7.925979682847754e-10,0
555,3.1457944021375326e-09,1.2140235099190756e-06,-1.0408440213753239e-10,0
556,9.288709326412477e-10,1.2140235099190756e-06,-1.6094093264124774e-10,0
557,3.178453226140977e-10,1.2140235099190756e-06,7.020167738590228e-11,0
558,4.6337923034817845e-10,1.2140235099190756e-06,2.618977696518214e-10,0
559,1.095213553993985e-09,1.2140235099190756e-06,9.177064460060151e-10,0
560,2.517434085250757e-09,1.2140235099190756e-06,2.418545914749243e-09,0
561,6.361836529246548e-09,1.2140235099190756e-06,2.4604034707534518e-09,0
562,1.7462916286535753e-08,1.2140235099190756e-06,-2.664116286535755e-09,0
563,4.406684712469638e-08,1.2140235099190756e-06,-1.1974647124696375e-08,0
564,9.187540066257505e-08,1.2140235099190756e-06,-2.7115500662575048e-08,0
565,1.4909983603664666e-07,1.2140235099190756e-06,-6.183473603664665e-08,0
566,1.7807771221491574e-07,1.2140235099190756e-06,-1.0278821221491575e-07,1
567,1.4898997473992465e-07,1.2140235099190756e-06,-1.0142467473992464e-07,1
568,8.397253182795927e-08,1.2140235099190756e-06,-5.730513182795927e-08,1
569,3.03234200875894e-08,1.2140235099190756e-06,-1.6105720087589403e-08,0
570,6.64752975072815e-09,1.2140235099190756e-06,-6.950975072814975e-11,0
571,8.726918020605188e-10,1.2140235099190756e-06,1.6287481979394815e-09,0
572,7.382401443241227e-11,1.2140235099190756e-06,7.487769855675878e-10,0
573,6.947608695091409e-12,1.2140235099190756e-06,2.4987139130490856e-10,0
574,4.838002106753497e-12,1.2140235099190756e-06,1.5569999789324645e-10,0
575,4.5711160215384476e-12,1.2140235099190756e-06,1.6095288397846154e-10,0
576,2.2691883113432602e-10,1.2140235099190756e-06,6.767701168865674e-09,1
577,8.823156464444599e-10,1.2140235099190756e-06,2.020668435355554e-08,1
578,3.3308263699480877e-09,1.2140235099190756e-06,3.8605373630051916e-08,1
579,1.3392574814575776e-08,1.2140235099190756e-06,4.3622025185424224e-08,1
580,4.4510837469999615e-08,1.2140235099190756e-06,9.936762530000382e-09,0
581,1.0681404410685687e-07,1.2140235099190756e-06,-6.534534410685687e-08,1
582,1.7916880941523726e-07,1.2140235099190756e-06,-1.4618500941523727e-07,1
583,2.0703108717453847e-07,1.2140235099190756e-06,-1.7536228717453846e-07,1
584,1.6264855337176465e-07,1.2140235099190756e-06,-1.3343495337176466e-07,1
585,8.799677002100957e-08,1.2140235099190756e-06,-6.655587002100958e-08,1
586,3.603467359232723e-08,1.2140235099190756e-06,-2.3822773592327233e-08,0
587,1.3222600141526358e-08,1.2140235099190756e-06,-7.079830141526357e-09,0
588,6.364207495663579e-09,1.2140235099190756e-06,-1.4034374956635783e-09,0
589,8.615420016098513e-09,1.2140235099190756e-06,1.6889998390148796e-10,0
590,1.9131536170185764e-08,1.2140235099190756e-06,1.5460638298142362e-09,0
591,3.94297955742307e-08,1.2140235099190756e-06,7.668004425769304e-09,0
592,7.260156776437027e-08,1.2140235099190756e-06,1.5829932235629725e-08,0
593,1.2966810415501195e-07,1.2140235099190756e-06,8.867895844988038e-09,0
594,2.266241006616964e-07,1.2140235099190756e-06,-3.51910066169638e-09,0
595,3.7987427496595284e-07,1.2140235099190756e-06,-2.8727496595284845e-10,0
596,5.832417190505196e-07,1.2140235099190756e-06,-6.196671905051967e-08,0
597,7.377698533075661e-07,1.2140235099190756e-06,-2.4950885330756617e-07,0
598,7.130661507762369e-07,1.2140235099190756e-06,-4.051701507762369e-07,1
599,5.079232437514375e-07,1.2140235099190756e-06,-3.602372437514375e-07,1
600,2.563362678577629e-07,1.2140235099190756e-06,-1.877322678577629e-07,1
601,8.677612518480452e-08,1.2140235099190756e-06,-5.134812518480452e-08,0
602,1.9066976822502344e-08,1.2140235099190756e-06,-1.863768225023469e-10,0
603,2.744852803004817e-09,1.2140235099190756e-06,6.486907196995183e-09,0
604,3.3612319480439685e-10,1.2140235099190756e-06,3.749466805195603e-09,0
605,2.4527559691277537e-10,1.2140235099190756e-06,2.7091544030872246e-09,0
606,3.6059822516911773e-10,1.2140235099190756e-06,3.7148217748308825e-09,0
607,3.3919102221525403e-10,1.2140235099190756e-06,4.161718977784745e-09,0
608,6.362170317414186e-09,1.2140235099190756e-06,7.597362968258581e-08,1
609,1.829084081466697e-08,1.2140235099190756e-06,2.0107915918533305e-07,1
610,4.771475636232055e-08,1.2140235099190756e-06,3.2810724363767943e-07,1
611,1.3241785420466178e-07,1.2140235099190756e-06,3.0118414579533816e-07,1
612,3.2877614347566103e-07,1.2140235099190756e-06,2.9391856524338947e-08,0
613,6.470356822882969e-07,1.2140235099190756e-06,-4.124516822882969e-07,1
614,9.563203041546013e-07,1.2140235099190756e-06,-8.170983041546013e-07,1
615,1.010484593129744e-06,1.2140235099190756e-06,-9.252872931297441e-07,1
616,7.415888472274184e-07,1.2140235099190756e-06,-6.872344472274184e-07,1
617,3.8518974550137405e-07,1.2140235099190756e-06,-3.4986984550137406e-07,1
618,1.5614325590923153e-07,1.2140235099190756e-06,-1.2808145590923153e-07,1
619,6.624985342730287e-08,1.2140235099190756e-06,-3.092065342730287e-08,0
620,6.439907567870818e-08,1.2140235099190756e-06,-1.263756787081721e-10,0
621,1.3636215830093572e-07,1.2140235099190756e-06,-2.1621583009357255e-09,0
622,2.9068368556228427e-07,1.2140235099190756e-06,-1.6278685562284272e-08,0
623,5.220412165317674e-07,1.2140235099190756e-06,-1.9128216531767417e-08,0
624,8.127419960376909e-07,1.2140235099190756e-06,-1.4239996037690887e-08,0
625,1.1501831247855936e-06,1.2140235099190756e-06,-1.6531247855937514e-09,0
626,1.4693630167652832e-06,1.2140235099190756e-06,1.6562698323471674e-07,0
627,1.695205242536501e-06,1.2140235099190756e-06,4.4673475746349905e-07,0
628,1.8407284302037368e-06,1.2140235099190756e-06,3.203415697962631e-07,0
629,1.8411262457499802e-06,1.2140235099190756e-06,-3.205462457499802e-07,0
630,1.5743746747803572e-06,1.2140235099190756e-06,-8.102466747803572e-07,1
631,1.0666295450346576e-06,1.2140235099190756e-06,-7.318385450346576e-07,1
632,5.279779153825703e-07,1.2140235099190756e-06,-3.587069153825703e-07,1
633,1.7944520583558644e-07,1.2140235099190756e-06,-7.698120583558644e-08,0
634,4.0932747326151375e-08,1.2140235099190756e-06,2.298805267384862e-08,0
635,6.995274408395211e-09,1.2140235099190756e-06,3.0026325591604783e-08,0
636,3.903833250515528e-09,1.2140235099190756e-06,2.2746566749484473e-08,0
637,7.532435196500663e-09,1.2140235099190756e-06,2.984946480349934e-08,0
638,1.0792267087590083e-08,1.2140235099190756e-06,4.658813291240991e-08,0
639,9.965901848825993e-09,1.2140235099190756e-06,5.0024798151174e-08,0
640,6.492113501606099e-08,1.2140235099190756e-06,4.80290864983939e-07,1
641,1.5457484502446778e-07,1.2140235099190756e-06,1.0767851549755324e-06,1
642,3.132135435126113e-07,1.2140235099190756e-06,1.4481464564873886e-06,1
643,6.371806170750417e-07,1.2140235099190756e-06,1.0717093829249583e-06,1
644,1.2201251673416172e-06,1.2140235099190756e-06,-7.295167341617345e-09,0
645,2.038493896160835e-06,1.2140235099190756e-06,-1.351293896160835e-06,1
646,2.7409126139698207e-06,1.2140235099190756e-06,-2.3961016139698206e-06,1
647,2.7019765667560528e-06,1.2140235099190756e-06,-2.529767566756053e-06,1
648,1.8825701571705597e-06,1.2140235099190756e-06,-1.7848700571705596e-06,1
649,9.767041849730236e-07,1.2140235099190756e-06,-8.952815849730236e-07,1
650,4.3931323592704047e-07,1.2140235099190756e-06,-3.1248223592704046e-07,1
651,2.670688715430918e-07,1.2140235099190756e-06,-3.5228715430918035e-09,0
652,4.22966184685808e-07,1.2140235099190756e-06,1.1843681531419198e-07,0
653,9.572711311416086e-07,1.2140235099190756e-06,7.84288688583913e-08,0
654,1.8516686379888996e-06,1.2140235099190756e-06,-4.714863798889961e-08,0
655,2.9509124618417214e-06,1.2140235099190756e-06,-1.245724618417212e-07,0
656,4.010112189321792e-06,1.2140235099190756e-06,-8.152218932179195e-08,0
657,4.780832329813021e-06,1.2140235099190756e-06,1.321576701869793e-07,0
658,4.939557332164565e-06,1.2140235099190756e-06,7.351226678354355e-07,0
659,4.313067419359609e-06,1.2140235099190756e-06,1.3927525806403916e-06,0
660,3.3644566334803277e-06,1.2140235099190756e-06,1.0691833665196728e-06,0
661,2.6233356471644245e-06,1.2140235099190756e-06,-1.1888564716442473e-07,0
662,2.025135559375711e-06,1.2140235099190756e-06,-8.96835559375711e-07,1
663,1.3164333864183693e-06,1.2140235099190756e-06,-7.679053864183692e-07,1
664,6.222577416952611e-07,1.2140235099190756e-06,-2.734257416952611e-07,0
665,2.0127970475656305e-07,1.2140235099190756e-06,5.372429524343695e-08,0
666,4.829561835281411e-08,1.2140235099190756e-06,1.383283816471859e-07,0
667,2.596164111686631e-08,1.2140235099190756e-06,1.1700435888313367e-07,0
668,5.559766699391119e-08,1.2140235099190756e-06,1.1590133300608881e-07,0
669,1.0811001180753737e-07,1.2140235099190756e-06,1.8813698819246264e-07,0
670,1.4081737738120088e-07,1.2140235099190756e-06,2.738596226187992e-07,0
671,1.1488682220320089e-07,1.2140235099190756e-06,2.519601777967991e-07,0
672,2.8829627781815013e-07,1.2140235099190756e-06,1.41104372218185e-06,1
673,6.284085908559252e-07,1.2140235099190756e-06,2.5872914091440746e-06,1
674,1.083464707187757e-06,1.2140235099190756e-06,2.8052952928122427e-06,1
675,1.7108799806603537e-06,1.2140235099190756e-06,1.5513100193396463e-06,1
676,2.6086450328220944e-06,1.2140235099190756e-06,-5.654450328220946e-07,0
677,3.735989425210968e-06,1.2140235099190756e-06,-2.699939425210968e-06,1
678,4.477480009052832e-06,1.2140235099190756e-06,-4.0089040090528315e-06,1
679,4.017596044448573e-06,1.2140235099190756e-06,-3.7977730444485733e-06,1
680,2.6709760325171367e-06,1.2140235099190756e-06,-2.518626032517137e-06,1
681,1.4552453521187763e-06,1.2140235099190756e-06,-1.2287323521187763e-06,1
682,7.997508912411162e-07,1.2140235099190756e-06,-2.9529489124111624e-07,0
683,7.501479126206495e-07,1.2140235099190756e-06,3.492320873793504e-07,0
684,1.4860624840000651e-06,1.2140235099190756e-06,6.714575159999351e-07,0
685,3.1609784995916215e-06,1.2140235099190756e-06,6.304915004083785e-07,0
686,5.53701275529176e-06,1.2140235099190756e-06,4.254672447082404e-07,0
687,7.950238825376081e-06,1.2140235099190756e-06,3.750211746239191e-07,0
688,9.579192500875443e-06,1.2140235099190756e-06,4.7680749912455664e-07,0
689,9.92793195516745e-06,1.2140235099190756e-06,5.641680448325505e-07,0
690,8.706455051569459e-06,1.2140235099190756e-06,9.438149484305407e-07,0
691,6.153436327996002e-06,1.2140235099190756e-06,1.4151736720039995e-06,0
692,3.6291330209032616e-06,1.2140235099190756e-06,1.0542469790967386e-06,0
693,2.182632911918211e-06,1.2140235099190756e-06,9.034708808178901e-08,0
694,1.4769790264996657e-06,1.2140235099190756e-06,-4.1862902649966574e-07,0
695,8.896385166301255e-07,1.2140235099190756e-06,-2.3187751663012552e-07,0
696,3.875283691551799e-07,1.2140235099190756e-06,1.448046308448201e-07,0
697,1.2368717236932913e-07,1.2140235099190756e-06,3.389988276306709e-07,0
698,7.162325026785766e-08,1.2140235099190756e-06,3.271197497321423e-07,0
699,1.6628986344241367e-07,1.2140235099190756e-06,2.409651365575863e-07,0
700,4.0878871749295724e-07,1.2140235099190756e-06,2.3734728250704285e-07,0
701,7.00666341593351e-07,1.2140235099190756e-06,3.771536584066492e-07,0
702,7.628950054211752e-07,1.2140235099190756e-06,5.257349945788248e-07,0
703,5.060325008018944e-07,1.2140235099190756e-06,4.6392949919810564e-07,0
704,6.460316605618119e-07,1.2140235099190756e-06,1.7634583394381882e-06,1
705,1.3401371173709472e-06,1.2140235099190756e-06,2.6137228826290523e-06,1
706,2.084625874457021e-06,1.2140235099190756e-06,2.1979141255429795e-06,1
707,2.770967236810699e-06,1.2140235099190756e-06,5.600727631893012e-07,0
708,3.472525277256098e-06,1.2140235099190756e-06,-1.497875277256098e-06,1
709,4.146450014637211e-06,1.2140235099190756e-06,-3.201719014637211e-06,1
710,4.290989002835386e-06,1.2140235099190756e-06,-3.885352002835386e-06,1
711,3.4927874190502266e-06,1.2140235099190756e-06,-3.2812354190502264e-06,1
712,2.2670799774258403e-06,1.2140235099190756e-06,-2.0420799774258403e-06,1
713,1.3456439625944095e-06,1.2140235099190756e-06,-8.858639625944095e-07,1
714,9.603765946686507e-07,1.2140235099190756e-06,8.797340533134915e-08,0
715,1.258755846215205e-06,1.2140235099190756e-06,9.237441537847948e-07,0
716,2.6070535722834555e-06,1.2140235099190756e-06,1.4272264277165453e-06,1
717,5.201747011619298e-06,1.2140235099190756e-06,1.465512988380703e-06,1
718,8.523797251058788e-06,1.2140235099190756e-06,1.4136427489412103e-06,0
719,1.1284900998599699e-05,1.2140235099190756e-06,1.5819990014003013e-06,0
720,1.2230286422274964e-05,1.2140235099190756e-06,1.5416135777250367e-06,0
721,1.1060426774107096e-05,1.2140235099190756e-06,1.1370732258929034e-06,0
722,8.229931355039012e-06,1.2140235099190756e-06,9.852786449609883e-07,1
723,4.835445943600651e-06,1.2140235099190756e-06,1.0120240563993487e-06,1
724,2.311583220601924e-06,1.2140235099190756e-06,6.730367793980757e-07,1
725,1.1258438155393992e-06,1.2140235099190756e-06,1.8427618446060093e-07,0
726,6.647339027883431e-07,1.2140235099190756e-06,2.101109721165692e-08,0
727,3.7522568282690227e-07,1.2140235099190756e-06,1.7710531717309773e-07,0
728,1.6553889657981653e-07,1.2140235099190756e-06,3.775101034201835e-07,0
729,9.234156159617079e-08,1.2140235099190756e-06,4.422914384038292e-07,0
730,1.9612554815282345e-07,1.2140235099190756e-06,3.381364518471766e-07,0
731,5.982967114440431e-07,1.2140235099190756e-06,9.774428855595692e-08,0
732,1.3551254112942615e-06,1.2140235099190756e-06,-1.8948541129426154e-07,0
733,1.9633415635258304e-06,1.2140235099190756e-06,-2.6033156352583054e-07,0
734,1.748327425548314e-06,1.2140235099190756e-06,1.581257445168625e-08,0
735,9.501622016657774e-07,1.2140235099190756e-06,2.318977983342226e-07,0
736,9.008730743691792e-07,1.2140235099190756e-06,8.927169256308208e-07,1
737,1.7508027354111247e-06,1.2140235099190756e-06,9.787772645888748e-07,0
738,2.5055918565363937e-06,1.2140235099190756e-06,3.698181434636062e-07,0
739,2.9761606812973195e-06,1.2140235099190756e-06,-7.313506812973196e-07,0
740,3.158676585407752e-06,1.2140235099190756e-06,-1.8276765854077519e-06,1
741,3.0788052302002214e-06,1.2140235099190756e-06,-2.4552852302002217e-06,1
742,2.679027504766083e-06,1.2140235099190756e-06,-2.403363504766083e-06,1
743,1.9600288212167944e-06,1.2140235099190756e-06,-1.7831098212167943e-06,1
744,1.2502297072917505e-06,1.2140235099190756e-06,-1.0114147072917506e-06,1
745,8.264191097848724e-07,1.2140235099190756e-06,-3.3100410978487244e-07,1
746,7.408774652607415e-07,1.2140235099190756e-06,3.296225347392585e-07,0
747,1.154140092434983e-06,1.2140235099190756e-06,9.78489907565017e-07,1
748,2.4628057345464347e-06,1.2140235099190756e-06,1.3863642654535652e-06,1
749,4.8786757025258285e-06,1.2140235099190756e-06,1.619844297474171e-06,1
750,7.836350867323088e-06,1.2140235099190756e-06,2.106719132676913e-06,1
751,9.930749372666057e-06,1.2140235099190756e-06,2.5336506273339433e-06,1
752,9.918808807272314e-06,1.2140235099190756e-06,2.147291192727686e-06,1
753,7.877635512132855e-06,1.2140235099190756e-06,1.3633344878671445e-06,1
754,4.991221901071271e-06,1.2140235099190756e-06,9.088180989287292e-07,1
755,2.541099326306567e-06,1.2140235099190756e-06,5.888406736934331e-07,1
756,1.1272595435926072e-06,1.2140235099190756e-06,2.2013045640739274e-07,0
757,5.437720036261691e-07,1.2140235099190756e-06,-2.4930036261691117e-09,0
758,3.1702616228219657e-07,1.2140235099190756e-06,3.844837717803443e-09,0
759,1.823008263053957e-07,1.2140235099190756e-06,1.321241736946043e-07,0
760,9.919810849953687e-08,1.2140235099190756e-06,2.5474189150046316e-07,0
761,1.1819740405629315e-07,1.2140235099190756e-06,2.802755959437068e-07,0
762,3.719404354215392e-07,1.2140235099190756e-06,1.1111656457846086e-07,0
763,1.1067346847227954e-06,1.2140235099190756e-06,-3.913986847227953e-07,0
764,2.191844793930733e-06,1.2140235099190756e-06,-1.072584793930733e-06,1
765,2.68140221138225e-06,1.2140235099190756e-06,-1.23441221138225e-06,1
766,2.0235411774406388e-06,1.2140235099190756e-06,-6.612111774406387e-07,0
767,9.646187579451513e-07,1.2140235099190756e-06,-1.1249075794515135e-07,0
768,9.311827085780432e-07,1.2140235099190756e-06,3.876329142195686e-08,0
769,1.6704571242884143e-06,1.2140235099190756e-06,-1.7756712428841447e-07,0
770,2.1965740307740288e-06,1.2140235099190756e-06,-5.805640307740288e-07,0
771,2.3640523365936746e-06,1.2140235099190756e-06,-1.0815623365936747e-06,1
772,2.1880561643013193e-06,1.2140235099190756e-06,-1.4283881643013193e-06,1
773,1.7704768382047593e-06,1.2140235099190756e-06,-1.4080488382047592e-06,1
774,1.2455177862822285e-06,1.2140235099190756e-06,-1.0721037862822285e-06,1
775,7.687196144188826e-07,1.2140235099190756e-06,-6.489436144188826e-07,1
776,4.680673468269064e-07,1.2140235099190756e-06,-3.164293468269064e-07,1
777,3.3203998345463577e-07,1.2140235099190756e-06,-5.279398345463576e-08,0
778,3.578204776213039e-07,1.2140235099190756e-06,2.1818952237869613e-07,1
779,7.025047565906939e-07,1.2140235099190756e-06,4.81575243409306e-07,1
780,1.665984620219746e-06,1.2140235099190756e-06,7.230653797802539e-07,1
781,3.4029887237355115e-06,1.2140235099190756e-06,1.1512512762644892e-06,1
782,5.4877579808703075e-06,1.2140235099190756e-06,1.7084220191296926e-06,1
783,6.791063003296034e-06,1.2140235099190756e-06,1.6551969967039678e-06,1
784,6.358575297655433e-06,1.2140235099190756e-06,8.58154702344567e-07,0
785,4.5381027058678875e-06,1.2140235099190756e-06,2.116872941321133e-07,0
786,2.531299816520304e-06,1.2140235099190756e-06,4.979018347969636e-08,0
787,1.1793613565352292e-06,1.2140235099190756e-06,-8.281356535229228e-09,0
788,5.501891406610176e-07,1.2140235099190756e-06,-1.0329714066101756e-07,0
789,3.0965008674793403e-07,1.2140235099190756e-06,-1.3022108674793402e-07,1
790,1.8702554043244012e-07,1.2140235099190756e-06,-6.394854043244011e-08,0
791,1.03079146754065e-07,1.2140235099190756e-06,3.0030853245935006e-08,0
792,6.630581623171043e-08,1.2140235099190756e-06,1.0044718376828958e-07,0
793,1.2629165654719202e-07,1.2140235099190756e-06,9.813034345280798e-08,0
794,4.492598753117751e-07,1.2140235099190756e-06,-1.2500887531177512e-07,0
795,1.2263950362103505e-06,1.2140235099190756e-06,-7.252690362103504e-07,1
796,2.0978357792892613e-06,1.2140235099190756e-06,-1.3649667792892613e-06,1
797,2.2205534988211896e-06,1.2140235099190756e-06,-1.3416534988211896e-06,1
798,1.52543304302102e-06,1.2140235099190756e-06,-7.338590430210199e-07,1
799,7.249821774252024e-07,1.2140235099190756e-06,-2.400831774252024e-07,0
800,8.644982870608963e-07,1.2140235099190756e-06,-2.517112870608963e-07,0
801,1.4416321685155668e-06,1.2140235099190756e-06,-4.753601685155668e-07,0
802,1.7309454095246277e-06,1.2140235099190756e-06,-6.998854095246276e-07,1
803,1.6551581628315192e-06,1.2140235099190756e-06,-8.751451628315192e-07,1
804,1.3211850261100322e-06,1.2140235099190756e-06,-8.851590261100322e-07,1
805,8.845619017246244e-07,1.2140235099190756e-06,-6.873619017246245e-07,1
806,4.887735151260361e-07,1.2140235099190756e-06,-3.957634151260361e-07,1
807,2.396811307608689e-07,1.2140235099190756e-06,-1.729935307608689e-07,1
808,1.258786183382581e-07,1.2140235099190756e-06,-5.02518183382581e-08,0
809,8.643222840769894e-08,1.2140235099190756e-06,3.254477159230107e-08,0
810,1.403292772398364e-07,1.2140235099190756e-06,1.0049972276016358e-07,0
811,4.046187140815785e-07,1.2140235099190756e-06,1.5071028591842145e-07,0
812,1.0578315718804231e-06,1.2140235099190756e-06,2.3217842811957688e-07,0
813,2.170512710922198e-06,1.2140235099190756e-06,3.9694728907780154e-07,0
814,3.4124904204277664e-06,1.2140235099190756e-06,3.8131957957223347e-07,0
815,4.019285171988444e-06,1.2140235099190756e-06,-9.836517198844399e-08,0
816,3.484604305522747e-06,1.2140235099190756e-06,-5.954943055227473e-07,1
817,2.244438217483816e-06,1.2140235099190756e-06,-6.026782174838162e-07,1
818,1.1317253112746734e-06,1.2140235099190756e-06,-3.443393112746734e-07,1
819,5.10403707109076e-07,1.2140235099190756e-06,-1.7501970710907602e-07,0
820,2.532814382702319e-07,1.2140235099190756e-06,-1.1580643827023191e-07,1
821,1.418233012987839e-07,1.2140235099190756e-06,-7.31987012987839e-08,1
822,7.876690433709671e-08,1.2140235099190756e-06,-2.7212604337096706e-08,0
823,4.6324226567030944e-08,1.2140235099190756e-06,6.3726734329690555e-09,0
824,4.057380900274736e-08,1.2140235099190756e-06,2.650399099725264e-08,0
825,9.977675746930067e-08,1.2140235099190756e-06,4.178242530699338e-09,0
826,3.622272814433988e-07,1.2140235099190756e-06,-1.9321628144339879e-07,1
827,8.974727674086321e-07,1.2140235099190756e-06,-6.30844767408632e-07,1
828,1.3605268248534029e-06,1.2140235099190756e-06,-9.75704824853403e-07,1
829,1.3412285319568406e-06,1.2140235099190756e-06,-8.731845319568407e-07,1
830,9.695695964616662e-07,1.2140235099190756e-06,-5.241375964616662e-07,1
831,5.395161840497342e-07,1.2140235099190756e-06,-2.430471840497342e-07,1
832,8.40367759830252e-07,1.2140235099190756e-06,-3.2184175983025196e-07,0
833,1.3218811177135952e-06,1.2140235099190756e-06,-5.269091177135951e-07,0
834,1.4168975288247385e-06,1.2140235099190756e-06,-6.238695288247385e-07,1
835,1.145616040465975e-06,1.2140235099190756e-06,-6.05718040465975e-07,1
836,7.639742949849778e-07,1.2140235099190756e-06,-5.008522949849779e-07,1
837,4.279827687841881e-07,1.2140235099190756e-06,-3.2600076878418815e-07,1
838,1.9216998964046265e-07,1.2140235099190756e-06,-1.4909818964046266e-07,1
839,7.239197112625314e-08,1.2140235099190756e-06,-4.2211471126253134e-08,1
840,2.72690790753148e-08,1.2140235099190756e-06,7.838020924685196e-09,0
841,2.1913674002825555e-08,1.2140235099190756e-06,3.638662599717446e-08,0
842,7.160786015186412e-08,1.2140235099190756e-06,4.951413984813587e-08,0
843,2.3955607171491407e-07,1.2140235099190756e-06,5.0330928285085964e-08,0
844,6.194211431542935e-07,1.2140235099190756e-06,4.63388568457064e-08,0
845,1.221564428755694e-06,1.2140235099190756e-06,-2.658442875569414e-08,0
846,1.78655605224168e-06,1.2140235099190756e-06,-2.798860522416802e-07,0
847,1.9097401433265004e-06,1.2140235099190756e-06,-5.928801433265004e-07,1
848,1.5012728486776644e-06,1.2140235099190756e-06,-6.522828486776644e-07,1
849,9.14297086520388e-07,1.2140235099190756e-06,-4.62344086520388e-07,1
850,4.763799953999218e-07,1.2140235099190756e-06,-2.5345099539992183e-07,1
851,2.3433581386641298e-07,1.2140235099190756e-06,-1.2317781386641298e-07,0
852,1.1083947623326931e-07,1.2140235099190756e-06,-5.1986876233269315e-08,0
853,4.744538499100873e-08,1.2140235099190756e-06,-1.2610784991008733e-08,0
854,2.1125542465667916e-08,1.2140235099190756e-06,4.275557534332083e-09,0
855,1.4603651938119447e-08,1.2140235099190756e-06,8.720248061880555e-09,0
856,1.966065194742781e-08,1.2140235099190756e-06,1.0937848052572191e-08,0
857,6.574670298093109e-08,1.2140235099190756e-06,-1.628200298093109e-08,0
858,2.338124590079905e-07,1.2140235099190756e-06,-1.548695590079905e-07,1
859,5.470134586198315e-07,1.2140235099190756e-06,-4.1730345861983156e-07,1
860,8.328241707008631e-07,1.2140235099190756e-06,-6.260171707008631e-07,1
861,9.183060762074215e-07,1.2140235099190756e-06,-6.298140762074215e-07,1
862,8.078619547687934e-07,1.2140235099190756e-06,-4.929459547687935e-07,1
863,5.342186150514926e-07,1.2140235099190756e-06,-3.012306150514926e-07,1
864,9.680826754217145e-07,1.2140235099190756e-06,-4.899256754217144e-07,1
865,1.4052990958097272e-06,1.2140235099190756e-06,-7.142160958097272e-07,1
866,1.3112347406307586e-06,1.2140235099190756e-06,-6.757697406307586e-07,1
867,9.268391238491152e-07,1.2140235099190756e-06,-5.314591238491151e-07,1
868,5.830923336029321e-07,1.2140235099190756e-06,-4.0251033360293215e-07,1
869,3.283579805158999e-07,1.2140235099190756e-06,-2.583969805158999e-07,1
870,1.5075948065134142e-07,1.2140235099190756e-06,-1.2167488065134141e-07,1
871,5.3508681783101766e-08,1.2140235099190756e-06,-3.5796681783101766e-08,1
872,1.688926174217667e-08,1.2140235099190756e-06,3.893038257823329e-09,0
873,2.1641628828192043e-08,1.2140235099190756e-06,1.567487117180796e-08,0
874,6.654797300083167e-08,1.2140235099190756e-06,1.7196226999168313e-08,0
875,1.605387402517362e-07,1.2140235099190756e-06,4.6618259748263784e-08,0
876,3.348378161509672e-07,1.2140235099190756e-06,9.176018384903279e-08,0
877,5.893076132422507e-07,1.2140235099190756e-06,2.4811386757749395e-08,0
878,7.832384076897899e-07,1.2140235099190756e-06,-1.8500240768978993e-07,0
879,7.555258317097265e-07,1.2140235099190756e-06,-3.3286283170972645e-07,1
880,5.4689638255793e-07,1.2140235099190756e-06,-2.9577438255793004e-07,1
881,3.2643578785046213e-07,1.2140235099190756e-06,-1.8133578785046213e-07,1
882,1.7565151493072526e-07,1.2140235099190756e-06,-9.001161493072527e-08,0
883,8.613285584908498e-08,1.2140235099190756e-06,-3.423965584908498e-08,0
884,3.464350083923189e-08,1.2140235099190756e-06,-3.5858008392318852e-09,0
885,1.01464678290986e-08,1.2140235099190756e-06,8.461132170901399e-09,0
886,3.340462258039602e-09,1.2140235099190756e-06,1.0909937741960397e-08,0
887,5.768996212877204e-09,1.2140235099190756e-06,1.2779403787122796e-08,0
888,2.125226277761757e-08,1.2140235099190756e-06,8.193437222382432e-09,0
889,7.249427166874076e-08,1.2140235099190756e-06,-3.2309271668740756e-08,0
890,2.104668046371516e-07,1.2140235099190756e-06,-1.5476870463715162e-07,1
891,4.7466868249307205e-07,1.2140235099190756e-06,-3.7566958249307206e-07,1
892,7.913300593290783e-07,1.2140235099190756e-06,-6.060130593290783e-07,1
893,1.0041583835719594e-06,1.2140235099190756e-06,-7.159493835719593e-07,1
894,9.887464591998492e-07,1.2140235099190756e-06,-6.587404591998492e-07,1
895,7.008761974360371e-07,1.2140235099190756e-06,-4.489521974360371e-07,1
896,1.300254332998563e-06,1.2140235099190756e-06,-8.531573329985629e-07,1
897,1.7715663844612496e-06,1.2140235099190756e-06,-1.1413993844612498e-06,1
898,1.5622862811731267e-06,1.2140235099190756e-06,-9.881112811731268e-07,1
899,1.0537954981227543e-06,1.2140235099190756e-06,-6.874874981227543e-07,1
900,6.392436329663489e-07,1.2140235099190756e-06,-4.618186329663489e-07,1
901,3.5945422886882074e-07,1.2140235099190756e-06,-2.8686952886882076e-07,1
902,1.6707209687191473e-07,1.2140235099190756e-06,-1.3818049687191474e-07,1
903,5.637417422206522e-08,1.2140235099190756e-06,-4.105137422206522e-08,1
904,1.81554139788784e-08,1.2140235099190756e-06,-2.9172139788783973e-09,0
905,2.6652601135465684e-08,1.2140235099190756e-06,5.95898864534317e-10,0
906,6.233747518071772e-08,1.2140235099190756e-06,1.6189224819282274e-08,0
907,1.1112900071594953e-07,1.2140235099190756e-06,1.0331199928405045e-07,0
908,1.836847183789523e-07,1.2140235099190756e-06,2.088482816210477e-07,0
909,2.762947689295891e-07,1.2140235099190756e-06,1.6710223107041088e-07,0
910,3.29090473767632e-07,1.2140235099190756e-06,-8.005473767631993e-09,0
911,2.931826259982084e-07,1.2140235099190756e-06,-1.1466862599820839e-07,0
912,1.9204154296817282e-07,1.2140235099190756e-06,-8.553154296817283e-08,0
913,9.674160157959738e-08,1.2140235099190756e-06,-1.970500157959739e-08,0
914,4.278162802268493e-08,1.2140235099190756e-06,1.4393671977315066e-08,0
915,1.864518832507705e-08,1.2140235099190756e-06,2.019401167492295e-08,0
916,7.345592502690653e-09,1.2140235099190756e-06,1.4269607497309347e-08,0
917,2.330938905831344e-09,1.2140235099190756e-06,1.0302261094168657e-08,0
918,2.836507912958208e-09,1.2140235099190756e-06,1.346929208704179e-08,0
919,1.5324951109588482e-08,1.2140235099190756e-06,1.8812048890411515e-08,0
920,5.901734124142102e-08,1.2140235099190756e-06,5.720458758578992e-09,0
921,1.6119205381565325e-07,1.2140235099190756e-06,-6.534265381565325e-08,0
922,3.6327263647709467e-07,1.2140235099190756e-06,-2.3349463647709466e-07,1
923,7.308686515248547e-07,1.2140235099190756e-06,-5.245986515248548e-07,1
924,1.2466510722579277e-06,1.2140235099190756e-06,-8.956320722579277e-07,1
925,1.6779925979461453e-06,1.2140235099190756e-06,-1.1700975979461452e-06,1
926,1.7106613461367975e-06,1.2140235099190756e-06,-1.1622593461367975e-06,1
927,1.2277066439902643e-06,1.2140235099190756e-06,-8.248786439902643e-07,1
928,1.5531303992553678e-06,1.2140235099190756e-06,-1.0333083992553677e-06,1
929,2.0895769130015593e-06,1.2140235099190756e-06,-1.3514519130015592e-06,1
930,1.8163317531549939e-06,1.2140235099190756e-06,-1.141252753154994e-06,1
931,1.1727265439839807e-06,1.2140235099190756e-06,-7.416375439839806e-07,1
932,6.5868594821865e-07,1.2140235099190756e-06,-4.4986894821865005e-07,1
933,3.396627708644846e-07,1.2140235099190756e-06,-2.5749357086448457e-07,1
934,1.4404981482094966e-07,1.2140235099190756e-06,-1.1474731482094967e-07,1
935,4.8381264701633356e-08,1.2140235099190756e-06,-3.213856470163335e-08,1
936,2.2686460556289864e-08,1.2140235099190756e-06,5.485394437101386e-10,0
937,3.537336482757764e-08,1.2140235099190756e-06,1.6832835172422357e-08,0
938,7.428281614078758e-08,1.2140235099190756e-06,4.9593183859212436e-08,0
939,1.2169773923534068e-07,1.2140235099190756e-06,1.2803826076465933e-07,0
940,1.6269939944570705e-07,1.2140235099190756e-06,1.9509360055429295e-07,0
941,1.7972376952914202e-07,1.2140235099190756e-06,1.5532323047085797e-07,0
942,1.5866859742004422e-07,1.2140235099190756e-06,5.32814025799558e-08,0
943,1.116607735195893e-07,1.2140235099190756e-06,-1.8177351958929805e-10,0
944,6.64114892369159e-08,1.2140235099190756e-06,2.242310763084108e-09,0
945,3.9616346592923665e-08,1.2140235099190756e-06,1.3056153407076332e-08,0
946,2.6243845181096806e-08,1.2140235099190756e-06,1.38705548189032e-08,0
947,1.827040946600029e-08,1.2140235099190756e-06,6.761390533999711e-09,0
948,1.0568702400140076e-08,1.2140235099190756e-06,2.6104975998599233e-09,0
949,4.84633393260827e-09,1.2140235099190756e-06,6.50536606739173e-09,0
950,1.1250289387448195e-08,1.2140235099190756e-06,1.3451410612551803e-08,0
951,5.540554623823174e-08,1.2140235099190756e-06,1.1827353761768256e-08,0
952,1.9532045902846415e-07,1.2140235099190756e-06,-4.4705459028464145e-08,0
953,5.128812244245877e-07,1.2140235099190756e-06,-2.536732244245877e-07,0
954,1.093044939237351e-06,1.2140235099190756e-06,-6.982379392373509e-07,1
955,2.0173167833784354e-06,1.2140235099190756e-06,-1.3716257833784354e-06,1
956,3.2204515637360637e-06,1.2140235099190756e-06,-2.162681563736064e-06,1
957,4.207070697290841e-06,1.2140235099190756e-06,-2.791170697290841e-06,1
958,4.1335164801158055e-06,1.2140235099190756e-06,-2.7554464801158055e-06,1
959,2.7538177624576808e-06,1.2140235099190756e-06,-1.8418017624576808e-06,1
960,1.5328011362611594e-06,1.2140235099190756e-06,-8.009971362611593e-07,1
961,1.9390619271685793e-06,1.2140235099190756e-06,-9.594719271685793e-07,0
962,1.555966892845148e-06,1.2140235099190756e-06,-7.26902892845148e-07,0
963,9.264168101363363e-07,1.2140235099190756e-06,-4.3112981013633633e-07,0
964,4.888701845585637e-07,1.2140235099190756e-06,-2.5955218455856375e-07,1
965,2.4036279930443217e-07,1.2140235099190756e-06,-1.5397439930443218e-07,1
966,1.0186159670231557e-07,1.2140235099190756e-06,-6.870909670231558e-08,1
967,4.146464194569528e-08,1.2140235099190756e-06,-8.870441945695283e-09,0
968,2.7290287422849108e-08,1.2140235099190756e-06,4.0334812577150896e-08,0
969,4.6444364619341934e-08,1.2140235099190756e-06,8.563463538065807e-08,0
970,9.507459622715588e-08,1.2140235099190756e-06,1.1944840377284414e-07,0
971,1.492916406712058e-07,1.2140235099190756e-06,1.4768535932879423e-07,0
972,1.9210850554997198e-07,1.2140235099190756e-06,1.3933449445002806e-07,0
973,2.1016258632972587e-07,1.2140235099190756e-06,7.151541367027414e-08,0
974,1.8063438296391345e-07,1.2140235099190756e-06,9.235617036086546e-09,0
975,1.2102887989472588e-07,1.2140235099190756e-06,-3.045879894725889e-09,0
976,7.64316195384903e-08,1.2140235099190756e-06,-3.0241953849030015e-10,0
977,5.0556101404128335e-08,1.2140235099190756e-06,-7.760014041283296e-10,0
978,3.2108042462331764e-08,1.2140235099190756e-06,5.5957537668238736e-11,0
979,2.0121109038627406e-08,1.2140235099190756e-06,2.0385909613725956e-09,0
980,1.0117429070534243e-08,1.2140235099190756e-06,8.433770929465756e-09,0
981,6.053802661038808e-09,1.2140235099190756e-06,1.4827397338961193e-08,0
982,2.5307780488742272e-08,1.2140235099190756e-06,1.534721951125773e-08,0
983,1.2217778315171467e-07,1.2140235099190756e-06,-1.2028783151714667e-08,0
984,4.3347357048565037e-07,1.2140235099190756e-06,-1.6926757048565037e-07,0
985,1.185846353268716e-06,1.2140235099190756e-06,-6.71626353268716e-07,0
986,2.56326887804424e-06,1.2140235099190756e-06,-1.6343018780442401e-06,1
987,4.533073500257872e-06,1.2140235099190756e-06,-2.835233500257872e-06,1
988,6.769864293916132e-06,1.2140235099190756e-06,-4.004494293916132e-06,1
989,8.262257473024666e-06,1.2140235099190756e-06,-4.805887473024667e-06,1
990,7.426197244266825e-06,1.2140235099190756e-06,-4.364337244266825e-06,1
991,4.379283373758158e-06,1.2140235099190756e-06,-2.569043373758158e-06,1
992,9.862741916574965e-07,1.2140235099190756e-06,-3.398391916574965e-07,0
993,1.0577876185274695e-06,1.2140235099190756e-06,-3.2210561852746944e-07,0
994,7.319438587065667e-07,1.2140235099190756e-06,-1.9214185870656666e-07,0
995,4.0264244322628753e-07,1.2140235099190756e-06,-1.1439244322628753e-07,0
996,2.1284865022408688e-07,1.2140235099190756e-06,-9.114065022408689e-08,0
997,1.0381956331607506e-07,1.2140235099190756e-06,-5.9453163316075055e-08,1
998,4.232625875300147e-08,1.2140235099190756e-06,-1.7031558753001472e-08,0
999,1.7305042723702454e-08,1.2140235099190756e-06,2.6090957276297546e-08,0
1000,1.4431875351303875e-08,1.2140235099190756e-06,7.346902464869612e-08,0
1001,3.1172039305175084e-08,1.2140235099190756e-06,1.1201696069482492e-07,0
1002,6.587614588028077e-08,1.2140235099190756e-06,1.2790185411971924e-07,0
1003,1.1285754511494276e-07,1.2140235099190756e-06,1.1527845488505724e-07,0
1004,1.6763123442055334e-07,1.2140235099190756e-06,5.759776557944667e-08,0
1005,2.0163812186898967e-07,1.2140235099190756e-06,-2.093112186898969e-08,0
1006,1.7741129743287737e-07,1.2140235099190756e-06,-5.518229743287737e-08,0
1007,1.1756197936374367e-07,1.2140235099190756e-06,-3.991617936374366e-08,0
1008,6.696269087764816e-08,1.2140235099190756e-06,-1.889399087764816e-08,0
1009,3.3181055501049216e-08,1.2140235099190756e-06,-3.1949555010492163e-09,0
1010,1.4254916455906951e-08,1.2140235099190756e-06,6.76298354409305e-09,0
1011,6.425913219875576e-09,1.2140235099190756e-06,1.0947686780124422e-08,0
1012,2.7321700818880083e-09,1.2140235099190756e-06,1.3429829918111992e-08,0
1013,3.9607323723648195e-09,1.2140235099190756e-06,1.5467367627635178e-08,0
1014,2.5328606385776965e-08,1.2140235099190756e-06,1.5847293614223034e-08,0
1015,1.2688710822037482e-07,1.2140235099190756e-06,-1.9264108220374826e-08,0
1016,4.6842466127919855e-07,1.2140235099190756e-06,-2.2039066127919857e-07,0
1017,1.296286650910692e-06,1.2140235099190756e-06,-7.778186509106919e-07,1
1018,2.7337160758115403e-06,1.2140235099190756e-06,-1.6735960758115404e-06,1
1019,4.6329839523207415e-06,1.2140235099190756e-06,-2.6390939523207412e-06,1
1020,6.553787383327063e-06,1.2140235099190756e-06,-3.5284373833270624e-06,1
1021,7.403588462746117e-06,1.2140235099190756e-06,-4.024348462746116e-06,1
1022,5.960969580233632e-06,1.2140235099190756e-06,-3.3484995802336324e-06,1
1023,3.0578918458887294e-06,1.2140235099190756e-06,-1.752621845888729e-06,1
