,T125K,max,diff,True
0,1.1908129812898001e-06,1.0989761444179488e-06,2.2417701871019983e-07,0
1,1.5450845138501215e-06,1.0989761444179488e-06,4.655554861498786e-07,0
2,1.1623341902853493e-06,1.0989761444179488e-06,4.787558097146507e-07,0
3,5.623377137516534e-07,1.0989761444179488e-06,3.2821728624834647e-07,0
4,2.402148509053787e-07,1.0989761444179488e-06,1.367931490946213e-07,0
5,2.1491596519747792e-07,1.0989761444179488e-06,-7.344296519747793e-08,0
6,3.946482098250189e-07,1.0989761444179488e-06,-3.242138098250189e-07,1
7,7.376826898757649e-07,1.0989761444179488e-06,-6.418785898757648e-07,1
8,1.1945550250596322e-06,1.0989761444179488e-06,-1.0040790250596323e-06,1
9,1.6301120522796888e-06,1.0989761444179488e-06,-1.2959680522796887e-06,1
10,1.80166867140385e-06,1.0989761444179488e-06,-1.29257467140385e-06,1
11,1.6078153492344064e-06,1.0989761444179488e-06,-9.221423492344063e-07,1
12,1.2298303471300921e-06,1.0989761444179488e-06,-4.315513471300921e-07,0
13,8.748457194416978e-07,1.0989761444179488e-06,-8.453771944169785e-08,0
14,6.103489905543775e-07,1.0989761444179488e-06,6.377900944562256e-08,0
15,4.1436468253090225e-07,1.0989761444179488e-06,9.504531746909775e-08,0
16,2.788083623939542e-07,1.0989761444179488e-06,7.528763760604576e-08,0
17,1.9080576162519886e-07,1.0989761444179488e-06,4.2058238374801155e-08,0
18,1.246794917410041e-07,1.0989761444179488e-06,1.6193508258995922e-08,0
19,8.693939486298241e-08,1.0989761444179488e-06,9.97305137017585e-10,0
20,1.010072503514934e-07,1.0989761444179488e-06,-1.835035035149341e-08,0
21,1.695093798439933e-07,1.0989761444179488e-06,-5.29193798439933e-08,0
22,2.9263027066762747e-07,1.0989761444179488e-06,-1.0481327066762745e-07,0
23,5.111521260651036e-07,1.0989761444179488e-06,-1.9286412606510362e-07,0
24,9.96420891446776e-07,1.0989761444179488e-06,-3.8364289144677596e-07,1
25,2.237570542985333e-06,1.0989761444179488e-06,-8.571705429853332e-07,1
26,5.035671706867161e-06,1.0989761444179488e-06,-1.8011417068671617e-06,1
27,9.789401680008203e-06,1.0989761444179488e-06,-2.9389216800082033e-06,1
28,1.5242405232199746e-05,1.0989761444179488e-06,-3.464405232199746e-06,1
29,1.83473360711334e-05,1.0989761444179488e-06,-3.081136071133402e-06,1
30,1.6536504429502467e-05,1.0989761444179488e-06,-2.372704429502465e-06,0
31,1.0630919623480143e-05,1.0989761444179488e-06,-1.7092596234801428e-06,0
32,3.5791826399525552e-06,1.0989761444179488e-06,3.041673600474446e-07,0
33,4.24199735050171e-06,1.0989761444179488e-06,5.370126494982906e-07,0
34,2.977276536920393e-06,1.0989761444179488e-06,4.6740346307960705e-07,0
35,1.3874013474127362e-06,1.0989761444179488e-06,3.0570865258726354e-07,0
36,5.973416283830859e-07,1.0989761444179488e-06,8.955937161691406e-08,0
37,4.7181634003104726e-07,1.0989761444179488e-06,-1.8632234003104726e-07,0
38,7.323395470811022e-07,1.0989761444179488e-06,-5.452705470811022e-07,1
39,1.3155156019269574e-06,1.0989761444179488e-06,-1.0550316019269573e-06,1
40,2.1071456890089503e-06,1.0989761444179488e-06,-1.6278306890089503e-06,1
41,2.774091699392024e-06,1.0989761444179488e-06,-1.944869699392024e-06,1
42,3.0233571859962934e-06,1.0989761444179488e-06,-1.7751771859962934e-06,1
43,2.9252432673000194e-06,1.0989761444179488e-06,-1.2802632673000194e-06,0
44,2.642846013845701e-06,1.0989761444179488e-06,-7.085060138457007e-07,0
45,2.270951274842701e-06,1.0989761444179488e-06,-2.2892127484270072e-07,0
46,1.8629713966160187e-06,1.0989761444179488e-06,6.633860338398106e-08,0
47,1.4393017323789209e-06,1.0989761444179488e-06,1.999782676210791e-07,0
48,1.044755676940161e-06,1.0989761444179488e-06,2.2125432305983897e-07,0
49,7.00360261424526e-07,1.0989761444179488e-06,1.6878873857547407e-07,0
50,4.329596738485285e-07,1.0989761444179488e-06,1.0708332615147154e-07,0
51,3.035022735622562e-07,1.0989761444179488e-06,7.010372643774376e-08,0
52,3.403863799627393e-07,1.0989761444179488e-06,3.11546200372607e-08,0
53,5.491567177094989e-07,1.0989761444179488e-06,-4.635571770949891e-08,0
54,9.667297903439115e-07,1.0989761444179488e-06,-2.3327879034391146e-07,0
55,1.7338668450942554e-06,1.0989761444179488e-06,-5.990668450942553e-07,0
56,3.5134232649218016e-06,1.0989761444179488e-06,-1.3737732649218017e-06,1
57,7.996490018019984e-06,1.0989761444179488e-06,-3.115320018019984e-06,1
58,1.7345113256750147e-05,1.0989761444179488e-06,-5.948713256750145e-06,1
59,3.145581218000977e-05,1.0989761444179488e-06,-8.378312180009772e-06,1
60,4.4924139313545054e-05,1.0989761444179488e-06,-8.376939313545052e-06,1
61,4.935182274791659e-05,1.0989761444179488e-06,-6.582222747916594e-06,1
62,4.0740482962974016e-05,1.0989761444179488e-06,-5.153482962974019e-06,1
63,2.40744637145603e-05,1.0989761444179488e-06,-4.008963714560302e-06,1
64,5.930815627591866e-06,1.0989761444179488e-06,-7.36435627591866e-07,0
65,6.526819333231509e-06,1.0989761444179488e-06,-6.722093332315085e-07,0
66,4.332098565346368e-06,1.0989761444179488e-06,-4.2571856534636735e-07,0
67,1.982187382603072e-06,1.0989761444179488e-06,-1.5839738260307165e-07,0
68,8.439003117399924e-07,1.0989761444179488e-06,-8.009231173999248e-08,0
69,5.574947302749224e-07,1.0989761444179488e-06,-1.7609273027492242e-07,0
70,7.37325252306413e-07,1.0989761444179488e-06,-4.5757925230641304e-07,1
71,1.242283232771177e-06,1.0989761444179488e-06,-9.09189232771177e-07,1
72,1.8813097148391479e-06,1.0989761444179488e-06,-1.3150907148391478e-06,1
73,2.483235985575282e-06,1.0989761444179488e-06,-1.4988619855752821e-06,1
74,3.1728051900893505e-06,1.0989761444179488e-06,-1.6584851900893503e-06,1
75,3.982305721448282e-06,1.0989761444179488e-06,-1.867065721448282e-06,1
76,4.504553337567993e-06,1.0989761444179488e-06,-1.723593337567993e-06,1
77,4.458781396822194e-06,1.0989761444179488e-06,-1.0645613968221942e-06,0
78,3.950000647978184e-06,1.0989761444179488e-06,-2.0128064797818444e-07,0
79,3.2211572265880207e-06,1.0989761444179488e-06,4.947027734119794e-07,0
80,2.4446296845320167e-06,1.0989761444179488e-06,7.745503154679832e-07,0
81,1.6971351337940075e-06,1.0989761444179488e-06,6.562348662059927e-07,0
82,1.0967462481210028e-06,1.0989761444179488e-06,4.2724375187899733e-07,0
83,7.719766596218687e-07,1.0989761444179488e-06,2.824733403781312e-07,0
84,8.052576796499457e-07,1.0989761444179488e-06,1.9115132035005424e-07,0
85,1.259235247243652e-06,1.0989761444179488e-06,-8.452472436519667e-10,0
86,2.152001714452357e-06,1.0989761444179488e-06,-4.5281171445235695e-07,0
87,3.6638802948790255e-06,1.0989761444179488e-06,-1.2132402948790253e-06,1
88,7.052883545946886e-06,1.0989761444179488e-06,-2.5365835459468858e-06,1
89,1.549227986767772e-05,1.0989761444179488e-06,-5.090979867677717e-06,1
90,3.250282639812572e-05,1.0989761444179488e-06,-8.871526398125718e-06,1
91,5.6060015161122976e-05,1.0989761444179488e-06,-1.1602815161122971e-05,1
92,7.453763857761157e-05,1.0989761444179488e-06,-1.0707538577611576e-05,1
93,7.516614971240693e-05,1.0989761444179488e-06,-7.979449712406934e-06,1
94,5.6758016391986057e-05,1.0989761444179488e-06,-6.380816391986054e-06,1
95,3.0783849553517805e-05,1.0989761444179488e-06,-5.040549553517807e-06,1
96,5.8760789383507775e-06,1.0989761444179488e-06,-1.3261789383507772e-06,1
97,6.145895606541216e-06,1.0989761444179488e-06,-1.253165606541216e-06,1
98,4.034806146898292e-06,1.0989761444179488e-06,-8.977061468982919e-07,1
99,1.964867471737354e-06,1.0989761444179488e-06,-5.276974717373537e-07,0
100,9.623667664480351e-07,1.0989761444179488e-06,-3.0754276644803515e-07,0
101,6.770409431008746e-07,1.0989761444179488e-06,-2.801629431008746e-07,0
102,7.202692570175184e-07,1.0989761444179488e-06,-4.213792570175184e-07,1
103,9.385701460311956e-07,1.0989761444179488e-06,-6.446861460311957e-07,1
104,1.2988525110136757e-06,1.0989761444179488e-06,-8.620545110136758e-07,1
105,1.9609742173332875e-06,1.0989761444179488e-06,-1.1925092173332874e-06,1
106,3.274368576950887e-06,1.0989761444179488e-06,-1.936588576950887e-06,1
107,5.087212616941288e-06,1.0989761444179488e-06,-2.847412616941288e-06,1
108,6.493543713545517e-06,1.0989761444179488e-06,-2.9996237135455176e-06,1
109,6.821657003838074e-06,1.0989761444179488e-06,-1.8667870038380748e-06,1
110,6.2795664129672275e-06,1.0989761444179488e-06,5.568358703277257e-08,0
111,5.35262187284892e-06,1.0989761444179488e-06,1.7031681271510795e-06,0
112,4.242935237865105e-06,1.0989761444179488e-06,2.2413347621348956e-06,0
113,3.065469210136645e-06,1.0989761444179488e-06,1.7701407898633547e-06,1
114,2.0516317659259767e-06,1.0989761444179488e-06,1.070928234074023e-06,1
115,1.4577230166391985e-06,1.0989761444179488e-06,6.526169833608017e-07,1
116,1.4949878383532117e-06,1.0989761444179488e-06,4.4369216164678835e-07,0
117,2.245808925529839e-06,1.0989761444179488e-06,1.9840107447016126e-07,0
118,3.609776778848877e-06,1.0989761444179488e-06,-2.9872677884887666e-07,0
119,5.711142867914705e-06,1.0989761444179488e-06,-1.084832867914705e-06,1
120,1.0365986301661777e-05,1.0989761444179488e-06,-2.163956301661778e-06,1
121,2.206616256200955e-05,1.0989761444179488e-06,-4.014862562009549e-06,1
122,4.472483287140069e-05,1.0989761444179488e-06,-6.884932871400696e-06,1
123,7.31603877553086e-05,1.0989761444179488e-06,-9.0698877553086e-06,1
124,9.067262336213508e-05,1.0989761444179488e-06,-8.52212336213508e-06,1
125,8.398814671162638e-05,1.0989761444179488e-06,-6.583746711626384e-06,1
126,5.769994200911095e-05,1.0989761444179488e-06,-5.200942009110959e-06,1
127,2.8487447727542876e-05,1.0989761444179488e-06,-3.870147727542877e-06,1
128,4.1850975604771485e-06,1.0989761444179488e-06,-8.559775604771488e-07,1
129,4.487016656313459e-06,1.0989761444179488e-06,-9.92666656313459e-07,1
130,3.2259937432563185e-06,1.0989761444179488e-06,-1.017253743256318e-06,1
131,1.9472332158148305e-06,1.0989761444179488e-06,-8.785032158148307e-07,1
132,1.3664598192284715e-06,1.0989761444179488e-06,-7.797958192284715e-07,1
133,1.1697392073527249e-06,1.0989761444179488e-06,-7.645672073527249e-07,1
134,9.801032292241595e-07,1.0989761444179488e-06,-6.904162292241595e-07,1
135,8.176002199095755e-07,1.0989761444179488e-06,-5.884862199095755e-07,1
136,9.238185500540585e-07,1.0989761444179488e-06,-6.335735500540584e-07,1
137,1.6883099691214976e-06,1.0989761444179488e-06,-1.1055569691214977e-06,1
138,3.569999675056218e-06,1.0989761444179488e-06,-2.2577596750562177e-06,1
139,6.303346511910579e-06,1.0989761444179488e-06,-3.597726511910579e-06,1
140,8.64636367825255e-06,1.0989761444179488e-06,-3.8059936782525503e-06,1
141,9.642001995853996e-06,1.0989761444179488e-06,-2.0268219958539956e-06,0
142,9.323764578690621e-06,1.0989761444179488e-06,1.110135421309379e-06,0
143,8.121055503295101e-06,1.0989761444179488e-06,3.6796444967048974e-06,1
144,6.42819067740797e-06,1.0989761444179488e-06,4.117709322592029e-06,1
145,4.559896754025915e-06,1.0989761444179488e-06,2.9123332459740856e-06,1
146,2.921642064017577e-06,1.0989761444179488e-06,1.6241679359824226e-06,1
147,1.9389803115039446e-06,1.0989761444179488e-06,9.958196884960556e-07,1
148,1.8774640734385503e-06,1.0989761444179488e-06,8.932259265614499e-07,0
149,2.852961719125207e-06,1.0989761444179488e-06,9.279382808747927e-07,0
150,4.7677269474706536e-06,1.0989761444179488e-06,5.467830525293468e-07,0
151,7.832427273666888e-06,1.0989761444179488e-06,-3.355372736668881e-07,0
152,1.4269336557113516e-05,1.0989761444179488e-06,-1.2049365571135164e-06,0
153,2.8735794608827727e-05,1.0989761444179488e-06,-1.9963946088277265e-06,0
154,5.383957767738314e-05,1.0989761444179488e-06,-3.4758776773831395e-06,0
155,8.142406569763518e-05,1.0989761444179488e-06,-5.694065697635188e-06,0
156,9.316033808424451e-05,1.0989761444179488e-06,-6.807038084244516e-06,0
157,7.923063973193897e-05,1.0989761444179488e-06,-5.7889397319389724e-06,0
158,4.993526328965598e-05,1.0989761444179488e-06,-4.040163289655982e-06,1
159,2.2875137745342026e-05,1.0989761444179488e-06,-2.6729377453420246e-06,1
160,2.8649951005836067e-06,1.0989761444179488e-06,-4.0675510058360637e-07,0
161,3.5023498803260077e-06,1.0989761444179488e-06,-8.39869880326008e-07,1
162,3.154623767775828e-06,1.0989761444179488e-06,-1.323683767775828e-06,1
163,2.6403056477381907e-06,1.0989761444179488e-06,-1.5788556477381907e-06,1
164,2.4143852722587805e-06,1.0989761444179488e-06,-1.7137822722587805e-06,1
165,2.1296132881289792e-06,1.0989761444179488e-06,-1.6212422881289793e-06,1
166,1.5173649070098778e-06,1.0989761444179488e-06,-1.1738339070098778e-06,1
167,9.030015912691784e-07,1.0989761444179488e-06,-6.683395912691783e-07,1
168,7.954698194786666e-07,1.0989761444179488e-06,-5.261458194786666e-07,1
169,1.686509051244456e-06,1.0989761444179488e-06,-1.045190051244456e-06,1
170,4.067758778856743e-06,1.0989761444179488e-06,-2.3234987788567428e-06,1
171,7.784616019513839e-06,1.0989761444179488e-06,-3.729746019513839e-06,1
172,1.1644721660943954e-05,1.0989761444179488e-06,-3.844611660943953e-06,1
173,1.4082296065704284e-05,1.0989761444179488e-06,-1.4991960657042846e-06,0
174,1.4234155203994104e-05,1.0989761444179488e-06,2.571944796005894e-06,0
175,1.244591122245034e-05,1.0989761444179488e-06,5.395788777549663e-06,1
176,9.456905106436e-06,1.0989761444179488e-06,5.173994893563999e-06,1
177,6.08708053065755e-06,1.0989761444179488e-06,3.34689946934245e-06,1
178,3.3791044831501216e-06,1.0989761444179488e-06,1.8690855168498777e-06,1
179,1.924040090597109e-06,1.0989761444179488e-06,1.2256799094028906e-06,1
180,1.7454354705424873e-06,1.0989761444179488e-06,1.2031645294575127e-06,0
181,2.7937742688748784e-06,1.0989761444179488e-06,1.3210257311251216e-06,0
182,5.1048924718604935e-06,1.0989761444179488e-06,8.946475281395075e-07,0
183,9.33230899594048e-06,1.0989761444179488e-06,-1.5138899594047925e-07,0
184,1.7885934232646704e-05,1.0989761444179488e-06,-1.2706342326467036e-06,0
185,3.457827319489743e-05,1.0989761444179488e-06,-2.477973194897428e-06,0
186,5.986892887933672e-05,1.0989761444179488e-06,-4.8130288793367165e-06,0
187,8.327969840145143e-05,1.0989761444179488e-06,-8.116398401451425e-06,1
188,8.789098893094279e-05,1.0989761444179488e-06,-9.58678893094279e-06,1
189,6.944684088419227e-05,1.0989761444179488e-06,-7.71594088419227e-06,1
190,4.110307279571786e-05,1.0989761444179488e-06,-4.556472795717861e-06,1
191,1.7927447940590964e-05,1.0989761444179488e-06,-2.294847940590964e-06,1
192,3.088375811163842e-06,1.0989761444179488e-06,-7.97905811163842e-07,1
193,4.604245308612265e-06,1.0989761444179488e-06,-1.8268853086122654e-06,1
194,4.862473297222164e-06,1.0989761444179488e-06,-2.648573297222164e-06,1
195,4.253091828307553e-06,1.0989761444179488e-06,-2.778941828307553e-06,1
196,3.5153575061794084e-06,1.0989761444179488e-06,-2.5043375061794086e-06,1
197,2.630316441379676e-06,1.0989761444179488e-06,-1.932209441379676e-06,1
198,1.5837886700039797e-06,1.0989761444179488e-06,-1.1392446700039799e-06,1
199,8.144724981026845e-07,1.0989761444179488e-06,-5.173614981026845e-07,1
200,7.517422867519665e-07,1.0989761444179488e-06,-3.710692867519665e-07,1
201,1.8444913458649025e-06,1.0989761444179488e-06,-8.122013458649025e-07,1
202,4.7948314785144525e-06,1.0989761444179488e-06,-1.8297414785144522e-06,1
203,9.932093887217649e-06,1.0989761444179488e-06,-2.9018538872176504e-06,1
204,1.6158642271635738e-05,1.0989761444179488e-06,-2.7420422716357362e-06,1
205,2.0945550092588085e-05,1.0989761444179488e-06,-1.3265009258808675e-07,0
206,2.216021594952021e-05,1.0989761444179488e-06,3.877384050479793e-06,1
207,1.937949751370032e-05,1.0989761444179488e-06,6.096702486299678e-06,1
208,1.3796349100711185e-05,1.0989761444179488e-06,5.384950899288817e-06,1
209,7.913638360235959e-06,1.0989761444179488e-06,3.5589616397640402e-06,1
210,3.917012100897225e-06,1.0989761444179488e-06,2.1024978991027755e-06,1
211,2.164585305566787e-06,1.0989761444179488e-06,1.2065346944332125e-06,0
212,1.900444787596793e-06,1.0989761444179488e-06,8.441752124032071e-07,0
213,2.6430152263435327e-06,1.0989761444179488e-06,8.286447736564671e-07,0
214,4.7046505847501065e-06,1.0989761444179488e-06,6.332594152498927e-07,0
215,9.341054332991393e-06,1.0989761444179488e-06,-5.55743329913932e-08,0
216,1.8913396909286555e-05,1.0989761444179488e-06,-1.2197969092865558e-06,0
217,3.636221310630021e-05,1.0989761444179488e-06,-3.3496131063002037e-06,0
218,6.104130650829898e-05,1.0989761444179488e-06,-7.2665065082989816e-06,1
219,8.191917451648323e-05,1.0989761444179488e-06,-1.1844374516483232e-05,1
220,8.345672298194675e-05,1.0989761444179488e-06,-1.3540522981946753e-05,1
221,6.37494600581508e-05,1.0989761444179488e-06,-1.04629600581508e-05,1
222,3.665493543896741e-05,1.0989761444179488e-06,-5.348635438967406e-06,1
223,1.573304281951647e-05,1.0989761444179488e-06,-1.929542819516471e-06,1
224,4.710932283088492e-06,1.0989761444179488e-06,-1.5656022830884915e-06,1
225,7.032069556550323e-06,1.0989761444179488e-06,-2.947899556550324e-06,1
226,6.940829620396945e-06,1.0989761444179488e-06,-3.553239620396945e-06,1
227,5.207010366862557e-06,1.0989761444179488e-06,-2.9730803668625575e-06,1
228,3.43952694447483e-06,1.0989761444179488e-06,-2.01671694447483e-06,1
229,2.0630710693049663e-06,1.0989761444179488e-06,-1.1755270693049664e-06,1
230,1.0749841641901793e-06,1.0989761444179488e-06,-5.448001641901792e-07,1
231,5.855884018232169e-07,1.0989761444179488e-06,-1.9569740182321696e-07,0
232,7.893784316239431e-07,1.0989761444179488e-06,-1.4535243162394304e-07,0
233,2.292132714584948e-06,1.0989761444179488e-06,-4.244227145849484e-07,0
234,6.3029469410205e-06,1.0989761444179488e-06,-9.875769410205005e-07,0
235,1.3825706156159745e-05,1.0989761444179488e-06,-1.4128061561597455e-06,0
236,2.384769405702105e-05,1.0989761444179488e-06,-8.473940570210501e-07,0
237,3.253469655475544e-05,1.0989761444179488e-06,1.4127034452445585e-06,0
238,3.521576069650862e-05,1.0989761444179488e-06,4.627539303491379e-06,1
239,2.9979763530037293e-05,1.0989761444179488e-06,6.607036469962707e-06,1
240,1.990485750329984e-05,1.0989761444179488e-06,6.242642496700159e-06,1
241,1.0562984725644779e-05,1.0989761444179488e-06,4.55561527435522e-06,1
242,5.184077391023902e-06,1.0989761444179488e-06,2.7749626089760983e-06,1
243,3.3650324080886727e-06,1.0989761444179488e-06,1.3026775919113265e-06,0
244,3.306462535929977e-06,1.0989761444179488e-06,3.9680746407002266e-07,0
245,3.8483220657213874e-06,1.0989761444179488e-06,1.9829793427861263e-07,0
246,5.12094262798114e-06,1.0989761444179488e-06,3.856273720188591e-07,0
247,8.51371918651395e-06,1.0989761444179488e-06,6.593108134860511e-07,0
248,1.6734256826670092e-05,1.0989761444179488e-06,6.702431733299072e-07,0
249,3.340046894515925e-05,1.0989761444179488e-06,-7.128689451592514e-07,0
250,5.841895356787792e-05,1.0989761444179488e-06,-4.779753567877921e-06,0
251,8.069339315401888e-05,1.0989761444179488e-06,-1.0470493154018882e-05,1
252,8.399230428076049e-05,1.0989761444179488e-06,-1.3105804280760499e-05,1
253,6.582049307554778e-05,1.0989761444179488e-06,-9.58909307554777e-06,1
254,3.946694020516363e-05,1.0989761444179488e-06,-3.711940205163628e-06,1
255,1.797599239024014e-05,1.0989761444179488e-06,-5.467923902401416e-07,0
256,6.505287714033551e-06,1.0989761444179488e-06,-1.8852977140335513e-06,1
257,8.811419375016855e-06,1.0989761444179488e-06,-3.1354893750168542e-06,1
258,7.654560007421398e-06,1.0989761444179488e-06,-3.2975700074213978e-06,1
259,4.825115129239937e-06,1.0989761444179488e-06,-2.2081951292399372e-06,1
260,2.5311993275208344e-06,1.0989761444179488e-06,-1.0400093275208345e-06,0
261,1.20461813172497e-06,1.0989761444179488e-06,-3.696921317249702e-07,0
262,5.763179469558191e-07,1.0989761444179488e-06,-8.620094695581904e-08,0
263,4.4645489196696703e-07,1.0989761444179488e-06,-1.0889196696706154e-10,0
264,1.035405233098538e-06,1.0989761444179488e-06,-5.595423309853796e-08,0
265,3.4779655566121634e-06,1.0989761444179488e-06,-3.315255566121635e-07,0
266,1.0028116387584208e-05,1.0989761444179488e-06,-6.90326387584208e-07,0
267,2.2499253239797007e-05,1.0989761444179488e-06,-3.646532397970076e-07,0
268,3.866200001623349e-05,1.0989761444179488e-06,1.6013999837665064e-06,0
269,5.1207031222248636e-05,1.0989761444179488e-06,5.338168777751366e-06,1
270,5.2597428018921634e-05,1.0989761444179488e-06,9.461971981078363e-06,1
271,4.1732609923157376e-05,1.0989761444179488e-06,1.131469007684262e-05,1
272,2.5514582606761103e-05,1.0989761444179488e-06,9.835317393238895e-06,1
273,1.2594799403513253e-05,1.0989761444179488e-06,6.864000596486748e-06,1
274,6.3403042409081136e-06,1.0989761444179488e-06,4.166295759091887e-06,1
275,4.9661406791102825e-06,1.0989761444179488e-06,1.9901393208897176e-06,1
276,5.466805978895666e-06,1.0989761444179488e-06,4.396940211043337e-07,0
277,5.9187301837317235e-06,1.0989761444179488e-06,-1.4202018373172437e-07,0
278,6.2141687100444175e-06,1.0989761444179488e-06,2.7999128995558183e-07,0
279,8.080208884693915e-06,1.0989761444179488e-06,1.527731115306084e-06,0
280,1.5210779093773611e-05,1.0989761444179488e-06,3.1590209062263907e-06,1
281,3.256014188709361e-05,1.0989761444179488e-06,3.958358112906393e-06,0
282,6.0632914158845164e-05,1.0989761444179488e-06,1.8641858411548373e-06,0
283,8.731435006707622e-05,1.0989761444179488e-06,-3.0813500670762313e-06,0
284,9.474534537083546e-05,1.0989761444179488e-06,-5.805245370835456e-06,0
285,7.889651104951697e-05,1.0989761444179488e-06,-2.9047110495169663e-06,0
286,5.127137926933487e-05,1.0989761444179488e-06,1.0200207306651369e-06,0
287,2.535488773717443e-05,1.0989761444179488e-06,1.2877122628255727e-06,0
288,6.963614237429981e-06,1.0989761444179488e-06,-2.2015442374299805e-06,1
289,8.290943117215335e-06,1.0989761444179488e-06,-3.0968231172153357e-06,1
290,6.1997202000849275e-06,1.0989761444179488e-06,-2.6799002000849276e-06,1
291,3.2381729620817465e-06,1.0989761444179488e-06,-1.3924929620817466e-06,1
292,1.3309011632984215e-06,1.0989761444179488e-06,-4.3118916329842153e-07,0
293,4.886062082523986e-07,1.0989761444179488e-06,-4.117320825239865e-08,0
294,2.332891764050896e-07,1.0989761444179488e-06,5.131082359491038e-08,0
295,3.849498985063116e-07,1.0989761444179488e-06,9.810101493688391e-09,0
296,1.4783865995308657e-06,1.0989761444179488e-06,-1.9789659953086571e-07,0
297,5.4864616309900585e-06,1.0989761444179488e-06,-5.68991630990059e-07,0
298,1.6053375596860265e-05,1.0989761444179488e-06,-2.3387559686026486e-07,0
299,3.528707222336874e-05,1.0989761444179488e-06,2.68132777663126e-06,0
300,5.765448453777826e-05,1.0989761444179488e-06,8.65451546222173e-06,1
301,7.057473552640693e-05,1.0989761444179488e-06,1.5494464473593075e-05,1
302,6.538154043331326e-05,1.0989761444179488e-06,1.9532259566686736e-05,1
303,4.588348688488825e-05,1.0989761444179488e-06,1.7899513115111746e-05,1
304,2.4511587035723027e-05,1.0989761444179488e-06,1.244781296427697e-05,1
305,1.0702122463558546e-05,1.0989761444179488e-06,7.493577536441454e-06,1
306,5.238278820220584e-06,1.0989761444179488e-06,4.394281179779417e-06,1
307,4.4516488056682495e-06,1.0989761444179488e-06,2.24569119433175e-06,1
308,5.0246742743193424e-06,1.0989761444179488e-06,6.599157256806583e-07,0
309,5.3569938699909805e-06,1.0989761444179488e-06,-4.924386999098036e-08,0
310,5.654434809334304e-06,1.0989761444179488e-06,3.124951906656956e-07,0
311,7.917558154828785e-06,1.0989761444179488e-06,1.820701845171215e-06,0
312,1.6531696403105696e-05,1.0989761444179488e-06,4.659403596894306e-06,1
313,3.725856658988814e-05,1.0989761444179488e-06,8.311433410111859e-06,1
314,6.981192354374972e-05,1.0989761444179488e-06,1.0068976456250274e-05,1
315,0.0001001344952325574,1.0989761444179488e-06,7.902504767442613e-06,0
316,0.00010989761444179488,1.0989761444179488e-06,5.3193855582051215e-06,0
317,9.424804957407596e-05,1.0989761444179488e-06,5.307650425924039e-06,0
318,6.29943895131467e-05,1.0989761444179488e-06,4.141610486853303e-06,0
319,3.123677569579583e-05,1.0989761444179488e-06,6.666243042041754e-07,0
320,4.560630839673102e-06,1.0989761444179488e-06,-1.808830839673102e-06,1
321,4.670479720313842e-06,1.0989761444179488e-06,-1.9962497203138422e-06,1
322,2.923198182144292e-06,1.0989761444179488e-06,-1.2984981821442918e-06,1
323,1.2258279550589669e-06,1.0989761444179488e-06,-4.785749550589669e-07,0
324,3.9081388990827863e-07,1.0989761444179488e-06,-8.63648899082786e-08,0
325,1.194615978869479e-07,1.0989761444179488e-06,1.4156402113052098e-08,0
326,9.339736552237943e-08,1.0989761444179488e-06,1.6697634477620562e-08,0
327,3.7676413231530854e-07,1.0989761444179488e-06,-7.221113231530856e-08,0
328,1.863895695227232e-06,1.0989761444179488e-06,-3.539556952272321e-07,0
329,7.290376267071163e-06,1.0989761444179488e-06,-5.017662670711615e-07,0
330,2.1092064974648885e-05,1.0989761444179488e-06,1.2692350253511171e-06,0
331,4.3998138730040396e-05,1.0989761444179488e-06,6.919961269959607e-06,1
332,6.57894260392449e-05,1.0989761444179488e-06,1.4965373960755093e-05,1
333,7.112145401011921e-05,1.0989761444179488e-06,2.1034045989880783e-05,1
334,5.619130202540614e-05,1.0989761444179488e-06,2.0986597974593865e-05,1
335,3.270942599135319e-05,1.0989761444179488e-06,1.4927574008646809e-05,1
336,1.4340752476421888e-05,1.0989761444179488e-06,8.08814752357811e-06,1
337,5.253360633098598e-06,1.0989761444179488e-06,4.044669366901402e-06,1
338,2.360453245390387e-06,1.0989761444179488e-06,2.169406754609613e-06,1
339,1.986198547906851e-06,1.0989761444179488e-06,1.0671514520931488e-06,1
340,2.2361025998118454e-06,1.0989761444179488e-06,2.9568740018815483e-07,0
341,2.5562069471087748e-06,1.0989761444179488e-06,-5.7566947108774854e-08,0
342,3.3696429384651354e-06,1.0989761444179488e-06,1.6652706153486428e-07,0
343,6.508605629209028e-06,1.0989761444179488e-06,1.382694370790972e-06,0
344,1.6268548000063002e-05,1.0989761444179488e-06,4.429351999936998e-06,1
345,3.76716422886966e-05,1.0989761444179488e-06,9.243657711303395e-06,1
346,6.848380666551913e-05,1.0989761444179488e-06,1.256989333448086e-05,1
347,9.468550180276216e-05,1.0989761444179488e-06,1.124249819723783e-05,1
348,0.00010090973730488653,1.0989761444179488e-06,7.837262695113478e-06,0
349,8.366862798565671e-05,1.0989761444179488e-06,4.836272014343293e-06,0
350,5.280412275571354e-05,1.0989761444179488e-06,1.050877244286461e-06,0
351,2.3945681192006172e-05,1.0989761444179488e-06,-1.671481192006171e-06,0
352,1.4477641817900445e-06,1.0989761444179488e-06,-5.569571817900446e-07,1
353,1.243768119861422e-06,1.0989761444179488e-06,-4.4626411986142206e-07,0
354,6.3634403635332e-07,1.0989761444179488e-06,-1.8457703635332007e-07,0
355,2.1286532078945016e-07,1.0989761444179488e-06,-2.2271320789450163e-08,0
356,5.959728971907513e-08,1.0989761444179488e-06,1.0863210280924866e-08,0
357,2.973949587788585e-08,1.0989761444179488e-06,2.612404122114156e-09,0
358,6.449553062233778e-08,1.0989761444179488e-06,-1.718383062233778e-08,0
359,3.604178330660085e-07,1.0989761444179488e-06,-1.1186383306600851e-07,1
360,1.8498647034240376e-06,1.0989761444179488e-06,-3.3440470342403776e-07,0
361,6.967103292370717e-06,1.0989761444179488e-06,-1.0595329237071657e-07,0
362,1.8607233476830595e-05,1.0989761444179488e-06,2.2423665231694063e-06,0
363,3.482062144547132e-05,1.0989761444179488e-06,7.2038785545286795e-06,1
364,4.565778821144903e-05,1.0989761444179488e-06,1.190391178855097e-05,1
365,4.218383050181717e-05,1.0989761444179488e-06,1.287796949818283e-05,1
366,2.755778836575916e-05,1.0989761444179488e-06,9.674111634240838e-06,1
367,1.2832364179361043e-05,1.0989761444179488e-06,5.1808358206389554e-06,1
368,4.425932400806957e-06,1.0989761444179488e-06,2.1881575991930427e-06,1
369,1.319051395375792e-06,1.0989761444179488e-06,9.079386046242081e-07,1
370,5.399090401936007e-07,1.0989761444179488e-06,4.1681295980639937e-07,1
371,4.383291591582617e-07,1.0989761444179488e-06,1.6208484084173837e-07,0
372,5.073454669267093e-07,1.0989761444179488e-06,4.482533073290771e-09,0
373,7.094860623623127e-07,1.0989761444179488e-06,-4.8623062362312796e-08,0
374,1.386899560060005e-06,1.0989761444179488e-06,1.304704399399949e-07,0
375,3.853345985840915e-06,1.0989761444179488e-06,9.676740141590847e-07,0
376,1.109463860781064e-05,1.0989761444179488e-06,3.1172613921893596e-06,1
377,2.562168084420486e-05,1.0989761444179488e-06,6.345019155795139e-06,1
378,4.428646370670554e-05,1.0989761444179488e-06,8.084536293294467e-06,1
379,5.772335306227741e-05,1.0989761444179488e-06,6.38514693772259e-06,1
380,5.7509539367722145e-05,1.0989761444179488e-06,3.215860632277855e-06,0
381,4.360910479942195e-05,1.0989761444179488e-06,4.5399520057805146e-07,0
382,2.4467937849928046e-05,1.0989761444179488e-06,-1.413337849928045e-06,0
383,9.649258579075012e-06,1.0989761444179488e-06,-1.5768585790750114e-06,1
384,1.997558854030493e-07,1.0989761444179488e-06,-2.473488540304932e-08,0
385,1.4333621898202936e-07,1.0989761444179488e-06,2.236781017970646e-09,0
386,6.085203163580572e-08,1.0989761444179488e-06,1.663116836419427e-08,0
387,1.7352844879542637e-08,1.0989761444179488e-06,1.479465512045736e-08,0
388,6.2544106802549576e-09,1.0989761444179488e-06,7.572289319745044e-09,0
389,8.043199403165291e-09,1.0989761444179488e-06,1.9888005968347088e-09,0
390,3.724082785611096e-08,1.0989761444179488e-06,-1.145182785611096e-08,0
391,2.3426458719541555e-07,1.0989761444179488e-06,-6.890958719541557e-08,1
392,1.122454628955942e-06,1.0989761444179488e-06,-1.3414862895594182e-07,0
393,3.7901668655779608e-06,1.0989761444179488e-06,2.233531344220387e-07,0
394,8.908186971986867e-06,1.0989761444179488e-06,1.642613028013132e-06,1
395,1.449902698729014e-05,1.0989761444179488e-06,3.6135730127098597e-06,1
396,1.6343925830451874e-05,1.0989761444179488e-06,4.396774169548129e-06,1
397,1.2726661756367924e-05,1.0989761444179488e-06,3.3713382436320765e-06,1
398,6.80323998158311e-06,1.0989761444179488e-06,1.7545100184168897e-06,1
399,2.5073861464968368e-06,1.0989761444179488e-06,6.817238535031632e-07,0
400,6.659947000330483e-07,1.0989761444179488e-06,2.3591729996695164e-07,0
401,1.57183913199778e-07,1.0989761444179488e-06,8.630108680022204e-08,0
402,6.02048932076654e-08,1.0989761444179488e-06,3.0801606792334604e-08,0
403,4.9594667295698035e-08,1.0989761444179488e-06,5.680532704301966e-09,0
404,6.937213459823977e-08,1.0989761444179488e-06,-8.619634598239773e-09,0
405,1.4907829073692012e-07,1.0989761444179488e-06,-2.765290736920125e-09,0
406,4.522961680292962e-07,1.0989761444179488e-06,1.1657483197070383e-07,0
407,1.598551046773997e-06,1.0989761444179488e-06,5.71818953226003e-07,0
408,4.764064405843743e-06,1.0989761444179488e-06,1.5964155941562565e-06,1
409,1.0406988915698262e-05,1.0989761444179488e-06,2.873411084301737e-06,1
410,1.6605209633423838e-05,1.0989761444179488e-06,3.1882903665761616e-06,1
411,1.9763152280581594e-05,1.0989761444179488e-06,2.0475477194184066e-06,0
412,1.7676058804398998e-05,1.0989761444179488e-06,5.187411956010032e-07,0
413,1.1789691810492144e-05,1.0989761444179488e-06,-4.984918104921449e-07,0
414,5.715303353458022e-06,1.0989761444179488e-06,-7.492233534580219e-07,0
415,1.9240218277518428e-06,1.0989761444179488e-06,-4.530418277518429e-07,0
416,1.3463450118116975e-08,1.0989761444179488e-06,4.954149881883023e-09,0
417,7.856163299016489e-09,1.0989761444179488e-06,5.534236700983511e-09,0
418,2.704971234808493e-09,1.0989761444179488e-06,3.8739587651915075e-09,0
419,6.71223565607499e-10,1.0989761444179488e-06,2.3248364343925007e-09,0
420,3.8436439212063716e-10,1.0989761444179488e-06,1.6955556078793628e-09,0
421,1.6554776899321487e-09,1.0989761444179488e-06,1.6602323100678513e-09,0
422,1.3731254196745923e-08,1.0989761444179488e-06,-2.5096541967459224e-09,0
423,8.657191579621343e-08,1.0989761444179488e-06,-1.7843815796213434e-08,0
424,3.723350244618307e-07,1.0989761444179488e-06,-1.3972024461830681e-08,0
425,1.091665440265311e-06,1.0989761444179488e-06,1.4099455973468913e-07,0
426,2.180689442296857e-06,1.0989761444179488e-06,5.445405577031429e-07,0
427,2.9787313004953262e-06,1.0989761444179488e-06,9.191986995046737e-07,1
428,2.7971125545335027e-06,1.0989761444179488e-06,8.587274454664973e-07,0
429,1.7972675665577026e-06,1.0989761444179488e-06,4.792724334422978e-07,0
430,7.797049239402765e-07,1.0989761444179488e-06,1.7465607605972335e-07,0
431,2.2681368259422632e-07,1.0989761444179488e-06,5.1792317405773704e-08,0
432,4.55199623399932e-08,1.0989761444179488e-06,1.5775137660006797e-08,0
433,8.03279906470625e-09,1.0989761444179488e-06,5.033600935293749e-09,0
434,3.055106991476091e-09,1.0989761444179488e-06,1.8513830085239093e-09,0
435,4.669139648483662e-09,1.0989761444179488e-06,-7.928796484836619e-10,0
436,1.4848389309660733e-08,1.0989761444179488e-06,-6.796959309660733e-09,0
437,4.706873059391847e-08,1.0989761444179488e-06,-8.237230593918469e-09,0
438,1.5355360889356664e-07,1.0989761444179488e-06,3.7946391106433346e-08,0
439,4.917214519702697e-07,1.0989761444179488e-06,2.192755480297303e-07,0
440,1.2711490377397726e-06,1.0989761444179488e-06,5.789909622602275e-07,0
441,2.4374126634554518e-06,1.0989761444179488e-06,9.190873365445482e-07,1
442,3.4407009210586763e-06,1.0989761444179488e-06,8.998990789413241e-07,1
443,3.5982004002522675e-06,1.0989761444179488e-06,5.23069599747732e-07,0
444,2.7997981319036808e-06,1.0989761444179488e-06,1.0847186809631899e-07,0
445,1.6129457340256e-06,1.0989761444179488e-06,-1.1321573402560023e-07,0
446,6.669866899541762e-07,1.0989761444179488e-06,-1.1997768995417624e-07,0
447,1.8829960829314682e-07,1.0989761444179488e-06,-5.0888608293146834e-08,0
448,3.935120291923212e-10,1.0989761444179488e-06,3.2192797080767885e-10,0
449,1.7225745112573175e-10,1.0989761444179488e-06,2.5185754887426823e-10,0
450,4.383576899118689e-11,1.0989761444179488e-06,1.4793223100881312e-10,0
451,9.607466118536957e-12,1.0989761444179488e-06,1.1019753388146306e-10,0
452,3.161769921361176e-11,1.0989761444179488e-06,2.0652930078638827e-10,0
453,4.137673846339833e-10,1.0989761444179488e-06,3.2674561536601666e-10,0
454,3.833486639907265e-09,1.0989761444179488e-06,-4.144266399072649e-10,0
455,2.2935249588465145e-08,1.0989761444179488e-06,-4.5694495884651455e-09,0
456,8.709371369460804e-08,1.0989761444179488e-06,-1.2126513694608039e-08,0
457,2.0741823275579602e-07,1.0989761444179488e-06,1.7787672442039736e-09,0
458,3.15960600431335e-07,1.0989761444179488e-06,6.806439956866506e-08,0
459,3.2461384792271664e-07,1.0989761444179488e-06,1.3314415207728335e-07,0
460,2.3495024868064232e-07,1.0989761444179488e-06,1.2098575131935772e-07,0
461,1.1887286444429527e-07,1.0989761444179488e-06,6.272513555570474e-08,0
462,4.039269770844392e-08,1.0989761444179488e-06,2.1552102291556085e-08,0
463,8.924936442458324e-09,1.0989761444179488e-06,5.8432635575416756e-09,0
464,1.2875861716077901e-09,1.0989761444179488e-06,1.27344382839221e-09,0
465,1.6504647140256717e-10,1.0989761444179488e-06,2.972705285974328e-10,0
466,2.3083965310066026e-10,1.0989761444179488e-06,1.2880346899339756e-11,0
467,1.6759204373792425e-09,1.0989761444179488e-06,-1.3661694373792425e-09,1
468,9.358802188242724e-09,1.0989761444179488e-06,-7.645292188242723e-09,1
469,3.4866772225601313e-08,1.0989761444179488e-06,-2.336937222560131e-08,1
470,8.638438430890052e-08,1.0989761444179488e-06,-3.238918430890052e-08,0
471,1.5795908042749916e-07,1.0989761444179488e-06,1.2862919572500832e-08,0
472,2.5152771450779837e-07,1.0989761444179488e-06,1.1561428549220163e-07,0
473,3.5755100800871843e-07,1.0989761444179488e-06,1.916929919912816e-07,1
474,4.074541510810169e-07,1.0989761444179488e-06,1.8233384891898316e-07,1
475,3.482105423989257e-07,1.0989761444179488e-06,1.158844576010743e-07,0
476,2.2290944454886604e-07,1.0989761444179488e-06,4.4476555451133965e-08,0
477,1.070946407820217e-07,1.0989761444179488e-06,3.936359217978299e-09,0
478,3.677692481892522e-08,1.0989761444179488e-06,-3.8497248189252204e-09,0
479,8.382060791272874e-09,1.0989761444179488e-06,-1.4501107912728735e-09,0
480,3.4215929517791365e-12,1.0989761444179488e-06,3.842867048220864e-12,0
481,1.8480588854572357e-12,1.0989761444179488e-06,1.5587711145427646e-12,0
482,3.3425328336048464e-12,1.0989761444179488e-06,-1.5308228336048466e-12,0
483,3.077073212699477e-11,1.0989761444179488e-06,-2.6536552126994768e-11,1
484,3.2272882322454984e-10,1.0989761444179488e-06,-2.996912232245498e-10,1
485,2.0923801117950668e-09,1.0989761444179488e-06,-1.932868111795067e-09,1
486,8.413513001578362e-09,1.0989761444179488e-06,-7.4362640015783625e-09,1
487,2.271003213638459e-08,1.0989761444179488e-06,-1.865814213638459e-08,1
488,4.300451422825821e-08,1.0989761444179488e-06,-3.118371422825821e-08,1
489,5.5451470770279026e-08,1.0989761444179488e-06,-2.9428270770279024e-08,1
490,4.709782346525425e-08,1.0989761444179488e-06,-6.289223465254253e-09,0
491,2.7791876033929134e-08,1.0989761444179488e-06,1.4353223966070863e-08,0
492,1.2551704837275375e-08,1.0989761444179488e-06,1.5751595162724625e-08,0
493,4.261371593193914e-09,1.0989761444179488e-06,8.634728406806089e-09,0
494,9.813159928674936e-10,1.0989761444179488e-06,3.3038340071325065e-09,0
495,1.4453866359408082e-10,1.0989761444179488e-06,8.767713364059193e-10,0
496,1.5930446182172574e-11,1.0989761444179488e-06,1.3696055381782744e-10,0
497,5.0842818504568703e-11,1.0989761444179488e-06,-3.1245118504568704e-11,0
498,6.084686103065595e-10,1.0989761444179488e-06,-5.934608103065596e-10,1
499,4.4993355993210135e-09,1.0989761444179488e-06,-4.414641499321014e-09,1
500,1.999647453550925e-08,1.0989761444179488e-06,-1.9300516535509247e-08,1
501,5.197550372006206e-08,1.0989761444179488e-06,-4.8103793720062055e-08,1
502,7.852360731451155e-08,1.0989761444179488e-06,-6.441140731451155e-08,1
503,7.314058860491346e-08,1.0989761444179488e-06,-3.884248860491346e-08,1
504,5.1971113705722655e-08,1.0989761444179488e-06,5.076286294277348e-09,0
505,3.8467409353070435e-08,1.0989761444179488e-06,2.8482290646929563e-08,1
506,2.8250514651682036e-08,1.0989761444179488e-06,2.9049685348317958e-08,1
507,1.6641400373191783e-08,1.0989761444179488e-06,1.9370699626808214e-08,1
508,7.819055675701234e-09,1.0989761444179488e-06,8.299644324298767e-09,1
509,3.024303541385372e-09,1.0989761444179488e-06,2.0526164586146286e-09,0
510,8.619194446649883e-10,1.0989761444179488e-06,3.212405553350118e-10,0
511,1.5563856031590502e-10,1.0989761444179488e-06,5.161143968409499e-11,0
512,4.408046001955837e-11,1.0989761444179488e-06,-4.0938510019558365e-11,1
513,1.3810092693616086e-10,1.0989761444179488e-06,-1.2122522693616086e-10,1
514,3.0345236333129475e-10,1.0989761444179488e-06,-2.4618556333129474e-10,1
515,1.062521771662185e-09,1.0989761444179488e-06,-9.23773771662185e-10,1
516,5.879940596708378e-09,1.0989761444179488e-06,-5.617947596708378e-09,1
517,2.332028309818775e-08,1.0989761444179488e-06,-2.283943109818775e-08,1
518,5.4536757026166144e-08,1.0989761444179488e-06,-5.303658702616614e-08,1
519,7.571303973818897e-08,1.0989761444179488e-06,-7.084599973818897e-08,1
520,6.509624141730112e-08,1.0989761444179488e-06,-5.521320141730112e-08,1
521,3.59730860407701e-08,1.0989761444179488e-06,-2.31425860407701e-08,0
522,1.2961787906203462e-08,1.0989761444179488e-06,-1.832487906203462e-09,0
523,3.1149378998983434e-09,1.0989761444179488e-06,3.1738821001016564e-09,0
524,5.663771432600332e-10,1.0989761444179488e-06,1.9798628567399664e-09,0
525,9.19638577544545e-11,1.0989761444179488e-06,8.706211422455454e-10,0
526,1.2670553699331901e-11,1.0989761444179488e-06,3.2338744630066815e-10,0
527,6.190769006872291e-12,1.0989761444179488e-06,9.677623099312772e-11,0
528,5.4729369331405943e-11,1.0989761444179488e-06,6.604963066859404e-11,0
529,6.042456733387234e-10,1.0989761444179488e-06,-3.3775367333872337e-10,0
530,4.304091789645142e-09,1.0989761444179488e-06,-3.8222437896451415e-09,1
531,1.7801182032696597e-08,1.0989761444179488e-06,-1.6436822032696596e-08,1
532,4.339349997209861e-08,1.0989761444179488e-06,-3.866499997209861e-08,1
533,6.324643807193477e-08,1.0989761444179488e-06,-5.224703807193477e-08,1
534,5.4643833819372047e-08,1.0989761444179488e-06,-3.846333381937205e-08,1
535,2.7921482352443147e-08,1.0989761444179488e-06,-1.0452582352443147e-08,0
536,9.539888386338724e-09,1.0989761444179488e-06,6.012611613661276e-09,0
537,3.741178600902906e-09,1.0989761444179488e-06,7.605921399097096e-09,1
538,2.348396213472616e-09,1.0989761444179488e-06,4.016753786527383e-09,0
539,1.3955251508346895e-09,1.0989761444179488e-06,1.1270948491653102e-09,0
540,5.659399711272995e-10,1.0989761444179488e-06,1.2845002887270051e-10,0
541,1.3889096019382683e-10,1.0989761444179488e-06,4.469039806173178e-12,0
542,2.0439791176570133e-11,1.0989761444179488e-06,5.046508823429867e-12,0
543,2.14650347365292e-12,1.0989761444179488e-06,2.7724465263470798e-12,0
544,2.3111861472950087e-09,1.0989761444179488e-06,-2.0194121472950086e-09,1
545,5.617866160115304e-09,1.0989761444179488e-06,-4.521926160115303e-09,1
546,9.538239231609674e-09,1.0989761444179488e-06,-6.866169231609674e-09,1
547,1.7545281144648306e-08,1.0989761444179488e-06,-1.3032091144648306e-08,1
548,4.410111599650038e-08,1.0989761444179488e-06,-3.872891599650038e-08,1
549,1.0210972819986428e-07,1.0989761444179488e-06,-9.693860819986428e-08,1
550,1.5769162898593148e-07,1.0989761444179488e-06,-1.508385989859315e-07,1
551,1.4825778954864193e-07,1.0989761444179488e-06,-1.3577688954864193e-07,1
552,8.516476086803464e-08,1.0989761444179488e-06,-6.810356086803463e-08,1
553,3.1019319978497186e-08,1.0989761444179488e-06,-1.5961219978497186e-08,0
554,7.645657711661648e-09,1.0989761444179488e-06,8.907622883383513e-10,0
555,1.5652404895663811e-09,1.0989761444179488e-06,1.476469510433619e-09,0
556,3.733199695747461e-10,1.0989761444179488e-06,3.9461003042525384e-10,0
557,1.178829272030223e-10,1.0989761444179488e-06,2.701640727969777e-10,0
558,1.6263611838806053e-10,1.0989761444179488e-06,5.626408816119393e-10,0
559,5.511663091539171e-10,1.0989761444179488e-06,1.4617536908460829e-09,0
560,1.6719959973864879e-09,1.0989761444179488e-06,3.263984002613512e-09,0
561,5.070117871713195e-09,1.0989761444179488e-06,3.7521221282868046e-09,0
562,1.6337796602780768e-08,1.0989761444179488e-06,-1.5389966027807698e-09,0
563,4.091889786445984e-08,1.0989761444179488e-06,-8.826697864459832e-09,0
564,6.772171979173995e-08,1.0989761444179488e-06,-2.961819791739949e-09,0
565,7.270771867622553e-08,1.0989761444179488e-06,1.4557381323774488e-08,0
566,5.09110986192142e-08,1.0989761444179488e-06,2.4378401380785793e-08,0
567,2.514620128897873e-08,1.0989761444179488e-06,2.2419098711021276e-08,0
568,1.3811789567333268e-08,1.0989761444179488e-06,1.2855610432666736e-08,0
569,1.2970440467997745e-08,1.0989761444179488e-06,1.2472595320022542e-09,0
570,1.1997036131083548e-08,1.0989761444179488e-06,-5.419016131083548e-09,0
571,7.2302618872877345e-09,1.0989761444179488e-06,-4.7288218872877345e-09,0
572,2.4521511049293703e-09,1.0989761444179488e-06,-1.6295501049293701e-09,0
573,4.634722772879188e-10,1.0989761444179488e-06,-2.0665327728791883e-10,0
574,1.0456430470675488e-10,1.0989761444179488e-06,5.5973695293245074e-11,0
575,9.890524129433734e-11,1.0989761444179488e-06,6.661875870566265e-11,0
576,3.4316214152110425e-08,1.0989761444179488e-06,-2.7321594152110423e-08,1
577,7.331526782746676e-08,1.0989761444179488e-06,-5.222626782746676e-08,1
578,1.1813948845677195e-07,1.0989761444179488e-06,-7.620328845677194e-08,1
579,1.7329460674062982e-07,1.0989761444179488e-06,-1.1628000674062982e-07,1
580,2.462530065534885e-07,1.0989761444179488e-06,-1.9180540655348852e-07,1
581,3.2103098738569364e-07,1.0989761444179488e-06,-2.7956228738569363e-07,1
582,3.390474182736978e-07,1.0989761444179488e-06,-3.060636182736978e-07,1
583,2.642169037900315e-07,1.0989761444179488e-06,-2.325481037900315e-07,1
584,1.4866410502160974e-07,1.0989761444179488e-06,-1.1945050502160975e-07,1
585,6.233500169734228e-08,1.0989761444179488e-06,-4.089410169734228e-08,0
586,2.248027330064991e-08,1.0989761444179488e-06,-1.0268373300649909e-08,0
587,8.477594918981571e-09,1.0989761444179488e-06,-2.3348249189815703e-09,0
588,3.546775964217745e-09,1.0989761444179488e-06,1.4139940357822559e-09,0
589,3.6803506211610215e-09,1.0989761444179488e-06,5.103969378838979e-09,0
590,8.852942935265568e-09,1.0989761444179488e-06,1.1824657064734432e-08,0
591,2.23870274914516e-08,1.0989761444179488e-06,2.4710772508548406e-08,0
592,4.7272103543534436e-08,1.0989761444179488e-06,4.115939645646556e-08,0
593,8.639554813542112e-08,1.0989761444179488e-06,5.2140451864578875e-08,0
594,1.5383035948815313e-07,1.0989761444179488e-06,6.927464051184688e-08,0
595,2.463708291147477e-07,1.0989761444179488e-06,1.332161708852523e-07,0
596,3.117537749632537e-07,1.0989761444179488e-06,2.0952122503674623e-07,0
597,2.923445187611228e-07,1.0989761444179488e-06,1.9591648123887712e-07,0
598,1.9943942854757798e-07,1.0989761444179488e-06,1.0845657145242201e-07,0
599,1.064224669577311e-07,1.0989761444179488e-06,4.1263533042268894e-08,0
600,5.7802523609353135e-08,1.0989761444179488e-06,1.0801476390646862e-08,0
601,3.908502239111705e-08,1.0989761444179488e-06,-3.6570223911170445e-09,0
602,2.5219219901314815e-08,1.0989761444179488e-06,-6.338619901314818e-09,0
603,1.1410893658471592e-08,1.0989761444179488e-06,-2.179133658471593e-09,0
604,4.0084974001519745e-09,1.0989761444179488e-06,7.709259984802561e-11,0
605,3.4417602471598224e-09,1.0989761444179488e-06,-4.873302471598223e-10,0
606,5.53764659978813e-09,1.0989761444179488e-06,-1.4622265997881297e-09,0
607,6.885694953240882e-09,1.0989761444179488e-06,-2.3847849532408825e-09,0
608,2.3083830051314396e-07,1.0989761444179488e-06,-1.4850250051314397e-07,1
609,4.833674712848757e-07,1.0989761444179488e-06,-2.639974712848757e-07,1
610,7.436803036901364e-07,1.0989761444179488e-06,-3.678583036901364e-07,1
611,9.053391804652209e-07,1.0989761444179488e-06,-4.717371804652209e-07,1
612,9.061333523776807e-07,1.0989761444179488e-06,-5.479653523776807e-07,1
613,7.792512693747526e-07,1.0989761444179488e-06,-5.446672693747526e-07,1
614,5.941856352501354e-07,1.0989761444179488e-06,-4.5496363525013544e-07,1
615,3.9762504810205305e-07,1.0989761444179488e-06,-3.1242774810205305e-07,1
616,2.2452659127993069e-07,1.0989761444179488e-06,-1.7017219127993068e-07,1
617,1.0645909715239848e-07,1.0989761444179488e-06,-7.113919715239847e-08,0
618,4.7296892915462756e-08,1.0989761444179488e-06,-1.9235092915462757e-08,0
619,2.5674975758142235e-08,1.0989761444179488e-06,9.654224241857761e-09,0
620,3.301736709301155e-08,1.0989761444179488e-06,3.125533290698846e-08,0
621,7.363853516535412e-08,1.0989761444179488e-06,6.056146483464588e-08,0
622,1.6434429591638752e-07,1.0989761444179488e-06,1.1006070408361248e-07,0
623,3.344620306915431e-07,1.0989761444179488e-06,1.6845096930845692e-07,0
624,5.784188006623591e-07,1.0989761444179488e-06,2.2008319933764094e-07,0
625,8.842006013108091e-07,1.0989761444179488e-06,2.6432939868919076e-07,0
626,1.249252017414766e-06,1.0989761444179488e-06,3.85737982585234e-07,0
627,1.516079527777987e-06,1.0989761444179488e-06,6.25860472222013e-07,0
628,1.4638310314552862e-06,1.0989761444179488e-06,6.972389685447137e-07,0
629,1.112577620803509e-06,1.0989761444179488e-06,4.080023791964909e-07,0
630,6.828274063087077e-07,1.0989761444179488e-06,8.130059369129239e-08,0
631,3.569438707521911e-07,1.0989761444179488e-06,-2.2152870752191096e-08,0
632,1.7864309877847246e-07,1.0989761444179488e-06,-9.372098778472483e-09,0
633,9.310163352339702e-08,1.0989761444179488e-06,9.362366476602972e-09,0
634,4.715930281161963e-08,1.0989761444179488e-06,1.676149718838037e-08,0
635,2.9285102285060597e-08,1.0989761444179488e-06,7.7364977149394e-09,0
636,4.220398867889845e-08,1.0989761444179488e-06,-1.5553588678898448e-08,0
637,8.030986717031517e-08,1.0989761444179488e-06,-4.292796717031516e-08,1
638,1.2139668160518926e-07,1.0989761444179488e-06,-6.401628160518926e-08,0
639,1.2846997249689212e-07,1.0989761444179488e-06,-6.847927249689213e-08,0
640,9.510802280661169e-07,1.0989761444179488e-06,-4.058682280661169e-07,1
641,1.8187255372938989e-06,1.0989761444179488e-06,-5.873655372938987e-07,1
642,2.3869043456749027e-06,1.0989761444179488e-06,-6.255443456749027e-07,1
643,2.2800753049062352e-06,1.0989761444179488e-06,-5.711853049062352e-07,1
644,1.6755990969659104e-06,1.0989761444179488e-06,-4.627690969659106e-07,0
645,1.023666926298325e-06,1.0989761444179488e-06,-3.3646692629832497e-07,0
646,5.76737011054415e-07,1.0989761444179488e-06,-2.31926011054415e-07,0
647,3.266557428253337e-07,1.0989761444179488e-06,-1.544467428253337e-07,0
648,1.824187807982142e-07,1.0989761444179488e-06,-8.47186807982142e-08,0
649,9.830906127450294e-08,1.0989761444179488e-06,-1.688646127450293e-08,0
650,7.4551196548985e-08,1.0989761444179488e-06,5.2279803451015004e-08,0
651,1.3125279768361022e-07,1.0989761444179488e-06,1.3229320231638978e-07,0
652,3.027881170390877e-07,1.0989761444179488e-06,2.386148829609123e-07,0
653,6.498856393021437e-07,1.0989761444179488e-06,3.8581436069785623e-07,0
654,1.2896037669773818e-06,1.0989761444179488e-06,5.149162330226182e-07,0
655,2.2462453407101693e-06,1.0989761444179488e-06,5.800946592898309e-07,0
656,3.2815577426754705e-06,1.0989761444179488e-06,6.470322573245296e-07,0
657,4.164923403962893e-06,1.0989761444179488e-06,7.480665960371077e-07,0
658,4.6850993281566074e-06,1.0989761444179488e-06,9.89580671843393e-07,0
659,4.4241689767244716e-06,1.0989761444179488e-06,1.2816510232755286e-06,0
660,3.383697435562409e-06,1.0989761444179488e-06,1.0499425644375913e-06,0
661,2.207872461277883e-06,1.0989761444179488e-06,2.9657753872211665e-07,0
662,1.361955403967755e-06,1.0989761444179488e-06,-2.3365540396775493e-07,0
663,8.581702997930645e-07,1.0989761444179488e-06,-3.0964229979306444e-07,0
664,5.537375018328741e-07,1.0989761444179488e-06,-2.049055018328741e-07,0
665,3.4026855063330414e-07,1.0989761444179488e-06,-8.526455063330414e-08,0
666,2.1468751621901184e-07,1.0989761444179488e-06,-2.8063516219011827e-08,0
667,2.2412447160564467e-07,1.0989761444179488e-06,-8.115847160564468e-08,0
668,3.974035110121092e-07,1.0989761444179488e-06,-2.2590451101210922e-07,1
669,6.908644413546547e-07,1.0989761444179488e-06,-3.946174413546547e-07,1
670,9.192723643871384e-07,1.0989761444179488e-06,-5.045953643871383e-07,1
671,8.38967546040472e-07,1.0989761444179488e-06,-4.72120546040472e-07,1
672,2.3310594504998783e-06,1.0989761444179488e-06,-6.31719450499878e-07,1
673,3.899831720593482e-06,1.0989761444179488e-06,-6.841317205934823e-07,0
674,4.2979933221919515e-06,1.0989761444179488e-06,-4.0923332219195185e-07,0
675,3.30790766688974e-06,1.0989761444179488e-06,-4.57176668897401e-08,0
676,1.904098466030299e-06,1.0989761444179488e-06,1.391015339697007e-07,0
677,8.875897747848936e-07,1.0989761444179488e-06,1.4846022521510642e-07,0
678,3.729100892595968e-07,1.0989761444179488e-06,9.56659107404032e-08,0
679,1.7928568695176606e-07,1.0989761444179488e-06,4.053731304823393e-08,0
680,1.3241555106030186e-07,1.0989761444179488e-06,1.9934448939698122e-08,0
681,1.6442002083483136e-07,1.0989761444179488e-06,6.209297916516862e-08,0
682,3.200560637941266e-07,1.0989761444179488e-06,1.8439993620587333e-07,0
683,7.063302928320615e-07,1.0989761444179488e-06,3.9304970716793835e-07,0
684,1.4424545260278612e-06,1.0989761444179488e-06,7.15065473972139e-07,0
685,2.7120690484101624e-06,1.0989761444179488e-06,1.0794009515898377e-06,1
686,4.688868855965931e-06,1.0989761444179488e-06,1.273611144034069e-06,0
687,6.974862429293238e-06,1.0989761444179488e-06,1.3503975707067627e-06,0
688,8.584318415175733e-06,1.0989761444179488e-06,1.4716815848242672e-06,0
689,9.021624320022626e-06,1.0989761444179488e-06,1.4704756799773745e-06,0
690,8.276505366983734e-06,1.0989761444179488e-06,1.373764633016265e-06,0
691,6.377427863075302e-06,1.0989761444179488e-06,1.1911821369246992e-06,0
692,4.1118782602327705e-06,1.0989761444179488e-06,5.715017397672297e-07,0
693,2.5391776018928038e-06,1.0989761444179488e-06,-2.661976018928038e-07,0
694,1.784694006787997e-06,1.0989761444179488e-06,-7.26344006787997e-07,1
695,1.391643031129835e-06,1.0989761444179488e-06,-7.33882031129835e-07,0
696,1.0545371323918654e-06,1.0989761444179488e-06,-5.222041323918654e-07,0
697,7.408910127202452e-07,1.0989761444179488e-06,-2.782050127202452e-07,0
698,6.042760099342144e-07,1.0989761444179488e-06,-2.0553300993421447e-07,0
699,8.314951859256356e-07,1.0989761444179488e-06,-4.242401859256356e-07,0
700,1.5485883994764548e-06,1.0989761444179488e-06,-9.024523994764547e-07,1
701,2.5662859013591215e-06,1.0989761444179488e-06,-1.4884659013591213e-06,1
702,3.113528945739772e-06,1.0989761444179488e-06,-1.824898945739772e-06,1
703,2.4968766473763967e-06,1.0989761444179488e-06,-1.5269146473763967e-06,1
704,3.0596551644955347e-06,1.0989761444179488e-06,-6.501651644955346e-07,0
705,4.49988954202656e-06,1.0989761444179488e-06,-5.460295420265606e-07,0
706,4.32417484052478e-06,1.0989761444179488e-06,-4.163484052478002e-08,0
707,2.9175457330255133e-06,1.0989761444179488e-06,4.1349426697448694e-07,0
708,1.498966857360416e-06,1.0989761444179488e-06,4.756831426395842e-07,0
709,6.27896538195313e-07,1.0989761444179488e-06,3.1683446180468707e-07,0
710,2.4131631502765533e-07,1.0989761444179488e-06,1.6432068497234467e-07,0
711,1.4423383481502045e-07,1.0989761444179488e-06,6.731816518497957e-08,0
712,2.1866563824633962e-07,1.0989761444179488e-06,6.334361753660371e-09,0
713,4.605683492674258e-07,1.0989761444179488e-06,-7.883492674258134e-10,0
714,9.696675527780189e-07,1.0989761444179488e-06,7.868244722198102e-08,0
715,1.8788636142142289e-06,1.0989761444179488e-06,3.0363638578577097e-07,0
716,3.306343805892435e-06,1.0989761444179488e-06,7.279361941075656e-07,0
717,5.498331745346124e-06,1.0989761444179488e-06,1.1689282546538774e-06,0
718,8.524586773853757e-06,1.0989761444179488e-06,1.412853226146241e-06,0
719,1.1271490368772405e-05,1.0989761444179488e-06,1.5954096312275951e-06,0
720,1.211137155769386e-05,1.0989761444179488e-06,1.6605284423061415e-06,0
721,1.0927294708922197e-05,1.0989761444179488e-06,1.2702052910778025e-06,0
722,8.500832943981964e-06,1.0989761444179488e-06,7.14377056018036e-07,0
723,5.5189044276167694e-06,1.0989761444179488e-06,3.285655723832305e-07,0
724,3.076221579236035e-06,1.0989761444179488e-06,-9.160157923603506e-08,0
725,1.8657195861270428e-06,1.0989761444179488e-06,-5.555995861270427e-07,1
726,1.4840731629702224e-06,1.0989761444179488e-06,-7.983281629702224e-07,1
727,1.3528150002678886e-06,1.0989761444179488e-06,-8.004840002678886e-07,0
728,1.2143780358596182e-06,1.0989761444179488e-06,-6.713290358596182e-07,0
729,1.0320961249735049e-06,1.0989761444179488e-06,-4.974631249735049e-07,0
730,9.9966182112458e-07,1.0989761444179488e-06,-4.653998211245799e-07,0
731,1.4791823352360564e-06,1.0989761444179488e-06,-7.831413352360563e-07,1
732,2.7940372028037202e-06,1.0989761444179488e-06,-1.6283972028037203e-06,1
733,4.4843617716605656e-06,1.0989761444179488e-06,-2.7813517716605657e-06,1
734,5.0119487168414285e-06,1.0989761444179488e-06,-3.2478087168414285e-06,1
735,3.5797463595643365e-06,1.0989761444179488e-06,-2.3976863595643367e-06,1
736,2.0666065220196943e-06,1.0989761444179488e-06,-2.7301652201969434e-07,0
737,2.761512452122029e-06,1.0989761444179488e-06,-3.1932452122029545e-08,0
738,2.459957292379152e-06,1.0989761444179488e-06,4.154527076208478e-07,0
739,1.5916297849321873e-06,1.0989761444179488e-06,6.531802150678127e-07,0
740,8.136149227781548e-07,1.0989761444179488e-06,5.173850772218452e-07,0
741,3.5699595810725e-07,1.0989761444179488e-06,2.6652404189274994e-07,0
742,1.6771582170121596e-07,1.0989761444179488e-06,1.0794817829878406e-07,0
743,1.5915691849090906e-07,1.0989761444179488e-06,1.776208150909094e-08,0
744,3.0028643780552176e-07,1.0989761444179488e-06,-6.147143780552177e-08,0
745,6.476882678692215e-07,1.0989761444179488e-06,-1.5227326786922152e-07,0
746,1.2984923070338933e-06,1.0989761444179488e-06,-2.279923070338933e-07,0
747,2.2928065486338614e-06,1.0989761444179488e-06,-1.6017654863386124e-07,0
748,3.7725976770215142e-06,1.0989761444179488e-06,7.65723229784857e-08,0
749,6.197872239837408e-06,1.0989761444179488e-06,3.006477601625911e-07,0
750,9.459822013991699e-06,1.0989761444179488e-06,4.832479860083019e-07,0
751,1.1758143141649824e-05,1.0989761444179488e-06,7.062568583501765e-07,0
752,1.1351133989965926e-05,1.0989761444179488e-06,7.149660100340737e-07,0
753,8.83969781697755e-06,1.0989761444179488e-06,4.0127218302245005e-07,0
754,5.764889408037861e-06,1.0989761444179488e-06,1.3515059196213966e-07,0
755,3.10972236053583e-06,1.0989761444179488e-06,2.0217639464170207e-08,0
756,1.480057049779229e-06,1.0989761444179488e-06,-1.3266704977922904e-07,0
757,8.610004612076473e-07,1.0989761444179488e-06,-3.197214612076474e-07,1
758,7.989100856806545e-07,1.0989761444179488e-06,-4.780390856806545e-07,1
759,9.648211679006271e-07,1.0989761444179488e-06,-6.503961679006272e-07,1
760,1.1093126194358965e-06,1.0989761444179488e-06,-7.553726194358966e-07,1
761,1.0565074324746644e-06,1.0989761444179488e-06,-6.580344324746644e-07,1
762,9.653770006607671e-07,1.0989761444179488e-06,-4.823200006607671e-07,1
763,1.3278234865220335e-06,1.0989761444179488e-06,-6.124874865220334e-07,1
764,2.4873369660837867e-06,1.0989761444179488e-06,-1.3680769660837868e-06,1
765,3.830442534331312e-06,1.0989761444179488e-06,-2.383452534331312e-06,1
766,3.9767561285722875e-06,1.0989761444179488e-06,-2.6144261285722875e-06,1
767,2.6031376644060324e-06,1.0989761444179488e-06,-1.7510096644060324e-06,1
768,8.844003250736069e-07,1.0989761444179488e-06,8.55456749263931e-08,0
769,1.2067936874195406e-06,1.0989761444179488e-06,2.8609631258045925e-07,0
770,1.1282329128499664e-06,1.0989761444179488e-06,4.877770871500335e-07,0
771,7.572557694609057e-07,1.0989761444179488e-06,5.252342305390943e-07,0
772,3.892429908710232e-07,1.0989761444179488e-06,3.704250091289769e-07,0
773,1.7020176457586932e-07,1.0989761444179488e-06,1.9222623542413073e-07,0
774,8.890329949363408e-08,1.0989761444179488e-06,8.451070050636591e-08,0
775,1.0744502004676829e-07,1.0989761444179488e-06,1.2330979953231711e-08,0
776,2.2082363051219622e-07,1.0989761444179488e-06,-6.918563051219622e-08,0
777,4.68279329822439e-07,1.0989761444179488e-06,-1.8903332982243897e-07,1
778,8.854133450471393e-07,1.0989761444179488e-06,-3.094033450471393e-07,1
779,1.5325112734439233e-06,1.0989761444179488e-06,-3.4843127344392337e-07,1
780,2.691378884601033e-06,1.0989761444179488e-06,-3.023288846010328e-07,0
781,4.737336410398404e-06,1.0989761444179488e-06,-1.830964103984031e-07,0
782,7.201958272528618e-06,1.0989761444179488e-06,-5.778272528617984e-09,0
783,8.349589819376753e-06,1.0989761444179488e-06,9.667018062324864e-08,0
784,7.133433782513627e-06,1.0989761444179488e-06,8.329621748637294e-08,0
785,4.690378814916164e-06,1.0989761444179488e-06,5.941118508383682e-08,0
786,2.5322549280231687e-06,1.0989761444179488e-06,4.8835071976831554e-08,0
787,1.159032992751119e-06,1.0989761444179488e-06,1.2047007248880939e-08,0
788,5.001430420768865e-07,1.0989761444179488e-06,-5.32510420768865e-08,0
789,3.0228757926750486e-07,1.0989761444179488e-06,-1.2285857926750485e-07,1
790,3.606185953822736e-07,1.0989761444179488e-06,-2.3754159538227358e-07,1
791,5.440264925011328e-07,1.0989761444179488e-06,-4.109164925011328e-07,1
792,6.630923427632322e-07,1.0989761444179488e-06,-4.963393427632322e-07,1
793,5.964560006267553e-07,1.0989761444179488e-06,-3.7203400062675534e-07,1
794,4.96444111810989e-07,1.0989761444179488e-06,-1.72193111810989e-07,0
795,6.702244695095976e-07,1.0989761444179488e-06,-1.6909846950959752e-07,0
796,1.2499933106436129e-06,1.0989761444179488e-06,-5.171243106436129e-07,0
797,1.8826372678359455e-06,1.0989761444179488e-06,-1.0037372678359455e-06,1
798,1.9063551099437637e-06,1.0989761444179488e-06,-1.1147811099437636e-06,1
799,1.2068262234395711e-06,1.0989761444179488e-06,-7.219272234395711e-07,1
800,3.818221226143709e-07,1.0989761444179488e-06,2.3096487738562912e-07,0
801,5.748612036830332e-07,1.0989761444179488e-06,3.914107963169669e-07,0
802,5.506003041260411e-07,1.0989761444179488e-06,4.804596958739591e-07,0
803,3.5417288235063757e-07,1.0989761444179488e-06,4.258401176493624e-07,0
804,1.6864852770057356e-07,1.0989761444179488e-06,2.6737747229942646e-07,0
805,6.568437545537813e-08,1.0989761444179488e-06,1.3151562454462187e-07,0
806,3.564007204647334e-08,1.0989761444179488e-06,5.737002795352666e-08,0
807,6.527614409056172e-08,1.0989761444179488e-06,1.4114559094382929e-09,0
808,1.4465299292722835e-07,1.0989761444179488e-06,-6.902619292722834e-08,0
809,2.6637980025579966e-07,1.0989761444179488e-06,-1.4740280025579966e-07,1
810,4.530869271217682e-07,1.0989761444179488e-06,-2.122579271217682e-07,1
811,8.111012335743298e-07,1.0989761444179488e-06,-2.5577223357432986e-07,1
812,1.523231461426332e-06,1.0989761444179488e-06,-2.3322146142633198e-07,0
813,2.6438868733046883e-06,1.0989761444179488e-06,-7.642687330468854e-08,0
814,3.710613038355111e-06,1.0989761444179488e-06,8.319696164488874e-08,0
815,3.81698444650793e-06,1.0989761444179488e-06,1.039355534920699e-07,0
816,2.805359839064545e-06,1.0989761444179488e-06,8.375016093545471e-08,0
817,1.5798086940448174e-06,1.0989761444179488e-06,6.19513059551824e-08,0
818,7.630221540225368e-07,1.0989761444179488e-06,2.436384597746317e-08,0
819,3.3071285404768875e-07,1.0989761444179488e-06,4.67114595231128e-09,0
820,1.3907631278156565e-07,1.0989761444179488e-06,-1.6013127815656475e-09,0
821,8.724959970423745e-08,1.0989761444179488e-06,-1.8624999704237452e-08,0
822,1.0761743879149664e-07,1.0989761444179488e-06,-5.606313879149664e-08,0
823,1.4838819481345752e-07,1.0989761444179488e-06,-9.569129481345753e-08,1
824,1.6787439952120677e-07,1.0989761444179488e-06,-1.0079659952120677e-07,1
825,1.6448628984479447e-07,1.0989761444179488e-06,-6.053128984479447e-08,0
826,1.8366069729560167e-07,1.0989761444179488e-06,-1.4649697295601662e-08,0
827,2.912611799666861e-07,1.0989761444179488e-06,-2.4633179966686112e-08,0
828,5.099582580090136e-07,1.0989761444179488e-06,-1.251362580090136e-07,0
829,7.234754265550472e-07,1.0989761444179488e-06,-2.554314265550472e-07,0
830,7.214574078207605e-07,1.0989761444179488e-06,-2.760254078207605e-07,0
831,4.6905869929654034e-07,1.0989761444179488e-06,-1.7258969929654036e-07,0
832,2.3168238568551225e-07,1.0989761444179488e-06,2.8684361431448785e-07,0
833,3.198284188023939e-07,1.0989761444179488e-06,4.751435811976062e-07,0
834,2.7784506566310573e-07,1.0989761444179488e-06,5.151829343368943e-07,0
835,1.6442245077614008e-07,1.0989761444179488e-06,3.7547554922386e-07,1
836,6.974285614555316e-08,1.0989761444179488e-06,1.9337914385444683e-07,1
837,2.4077193434457942e-08,1.0989761444179488e-06,7.790480656554205e-08,1
838,2.161266880524263e-08,1.0989761444179488e-06,2.1459131194757375e-08,0
839,4.8708915269454004e-08,1.0989761444179488e-06,-1.8528415269454e-08,0
840,8.548230635473447e-08,1.0989761444179488e-06,-5.037520635473447e-08,1
841,1.1942068204083994e-07,1.0989761444179488e-06,-6.112038204083992e-08,1
842,1.8718051823789644e-07,1.0989761444179488e-06,-6.605851823789645e-08,0
843,3.830241970607533e-07,1.0989761444179488e-06,-9.313719706075327e-08,0
844,7.469380806528381e-07,1.0989761444179488e-06,-8.117808065283822e-08,0
845,1.1473455987145422e-06,1.0989761444179488e-06,4.763440128545766e-08,0
846,1.3349113074527416e-06,1.0989761444179488e-06,1.7175869254725832e-07,0
847,1.147172784518651e-06,1.0989761444179488e-06,1.6968721548134907e-07,0
848,7.409206186574571e-07,1.0989761444179488e-06,1.0806938134254284e-07,0
849,4.0256339043941654e-07,1.0989761444179488e-06,4.938960956058351e-08,0
850,2.0068464075865813e-07,1.0989761444179488e-06,2.224435924134187e-08,0
851,8.317008089688443e-08,1.0989761444179488e-06,2.7987919103115564e-08,0
852,2.7455007249723387e-08,1.0989761444179488e-06,3.139759275027661e-08,0
853,1.2371216436249789e-08,1.0989761444179488e-06,2.246338356375021e-08,0
854,1.2179034936212959e-08,1.0989761444179488e-06,1.322206506378704e-08,0
855,1.490910364393824e-08,1.0989761444179488e-06,8.414796356061762e-09,0
856,2.164136326696207e-08,1.0989761444179488e-06,8.957136733037932e-09,0
857,3.713784375544045e-08,1.0989761444179488e-06,1.232685624455955e-08,0
858,6.801976753477883e-08,1.0989761444179488e-06,1.0923132465221173e-08,0
859,1.319163595250868e-07,1.0989761444179488e-06,-2.206359525086807e-09,0
860,2.3679834291441712e-07,1.0989761444179488e-06,-2.999134291441711e-08,0
861,3.515967742442595e-07,1.0989761444179488e-06,-6.310477424425951e-08,0
862,3.9688273280186015e-07,1.0989761444179488e-06,-8.196673280186019e-08,0
863,3.0132863903601473e-07,1.0989761444179488e-06,-6.834063903601473e-08,0
864,1.5239686467999476e-07,1.0989761444179488e-06,3.257601353200053e-07,0
865,1.8523762560802375e-07,1.0989761444179488e-06,5.058453743919763e-07,0
866,1.4019089579622752e-07,1.0989761444179488e-06,4.952741042037724e-07,1
867,7.01203490583079e-08,1.0989761444179488e-06,3.252596509416921e-07,1
868,2.35906929323784e-08,1.0989761444179488e-06,1.5699130706762159e-07,1
869,8.154191111126128e-09,1.0989761444179488e-06,6.180680888887387e-08,0
870,1.2630436195260625e-08,1.0989761444179488e-06,1.6454163804739373e-08,0
871,2.7079898790518762e-08,1.0989761444179488e-06,-9.367898790518762e-09,0
872,4.384814252262822e-08,1.0989761444179488e-06,-2.3065842522628218e-08,0
873,5.99530093082213e-08,1.0989761444179488e-06,-2.26365093082213e-08,0
874,9.069943408034132e-08,1.0989761444179488e-06,-6.95523408034134e-09,0
875,1.7172181925139606e-07,1.0989761444179488e-06,3.5435180748603924e-08,0
876,2.878890856585485e-07,1.0989761444179488e-06,1.3870891434145146e-07,0
877,3.533126599669649e-07,1.0989761444179488e-06,2.6080634003303516e-07,0
878,3.256393754740585e-07,1.0989761444179488e-06,2.7259662452594147e-07,0
879,2.3681028874792967e-07,1.0989761444179488e-06,1.8585271125207036e-07,0
880,1.4480424076926002e-07,1.0989761444179488e-06,1.0631775923073997e-07,0
881,8.286350921316684e-08,1.0989761444179488e-06,6.223649078683316e-08,0
882,4.160559642504304e-08,1.0989761444179488e-06,4.403430357495695e-08,0
883,1.4460512299805788e-08,1.0989761444179488e-06,3.743268770019421e-08,0
884,3.1210017398701452e-09,1.0989761444179488e-06,2.7936698260129857e-08,0
885,6.632498852251903e-10,1.0989761444179488e-06,1.7944350114774808e-08,0
886,4.6121690514004866e-10,1.0989761444179488e-06,1.378918309485995e-08,0
887,8.968445648675973e-10,1.0989761444179488e-06,1.7651555435132404e-08,0
888,2.754616244746613e-09,1.0989761444179488e-06,2.6691083755253388e-08,0
889,8.614601899719894e-09,1.0989761444179488e-06,3.157039810028011e-08,0
890,2.9157826935742413e-08,1.0989761444179488e-06,2.654027306425758e-08,0
891,8.944539219876537e-08,1.0989761444179488e-06,9.553707801234633e-09,0
892,2.0752711499695192e-07,1.0989761444179488e-06,-2.2210114996951904e-08,0
893,3.446373585930345e-07,1.0989761444179488e-06,-5.642835859303446e-08,0
894,3.886106044250447e-07,1.0989761444179488e-06,-5.8604604425044713e-08,0
895,2.7991945895884535e-07,1.0989761444179488e-06,-2.7995458958845347e-08,0
896,9.000328679215852e-08,1.0989761444179488e-06,3.5709371320784145e-07,0
897,9.418776383732212e-08,1.0989761444179488e-06,5.359792361626779e-07,1
898,6.103990583522828e-08,1.0989761444179488e-06,5.131350941647717e-07,1
899,2.9695265401709168e-08,1.0989761444179488e-06,3.3661273459829083e-07,1
900,1.4197077547142098e-08,1.0989761444179488e-06,1.632279224528579e-07,0
901,1.0326971829362721e-08,1.0989761444179488e-06,6.225772817063727e-08,0
902,2.0312188946955406e-08,1.0989761444179488e-06,8.579411053044594e-09,0
903,4.78535598681029e-08,1.0989761444179488e-06,-3.25307598681029e-08,1
904,8.645243291213733e-08,1.0989761444179488e-06,-7.121423291213733e-08,1
905,1.2338231624529115e-07,1.0989761444179488e-06,-9.613381624529116e-08,1
906,1.5750804031197578e-07,1.0989761444179488e-06,-7.898134031197579e-08,0
907,1.9181016455354443e-07,1.0989761444179488e-06,2.263083544645555e-08,0
908,1.9606944342013766e-07,1.0989761444179488e-06,1.9646355657986235e-07,0
909,1.4603994183194687e-07,1.0989761444179488e-06,2.973570581680531e-07,0
910,7.832725792329773e-08,1.0989761444179488e-06,2.427577420767023e-07,0
911,3.46885149316764e-08,1.0989761444179488e-06,1.438254850683236e-07,0
912,1.7256920813299262e-08,1.0989761444179488e-06,8.925307918670073e-08,0
913,1.0601945418580694e-08,1.0989761444179488e-06,6.64346545814193e-08,0
914,5.195922018138594e-09,1.0989761444179488e-06,5.1979377981861405e-08,0
915,1.477355514324605e-09,1.0989761444179488e-06,3.7361844485675395e-08,0
916,2.2441214337867623e-10,1.0989761444179488e-06,2.1390787856621325e-08,0
917,5.4804717426240434e-11,1.0989761444179488e-06,1.257839528257376e-08,0
918,4.1533143629295835e-10,1.0989761444179488e-06,1.5890468563707043e-08,0
919,2.6129861742692634e-09,1.0989761444179488e-06,3.1524013825730736e-08,0
920,9.394168481575621e-09,1.0989761444179488e-06,5.534363151842439e-08,0
921,2.381439036055461e-08,1.0989761444179488e-06,7.203500963944538e-08,0
922,6.069425126602005e-08,1.0989761444179488e-06,6.908374873397996e-08,0
923,1.5896717596628367e-07,1.0989761444179488e-06,4.730282403371631e-08,0
924,3.4064358098510914e-07,1.0989761444179488e-06,1.0375419014890862e-08,0
925,5.312788097224716e-07,1.0989761444179488e-06,-2.3383809722471553e-08,0
926,5.732178454197058e-07,1.0989761444179488e-06,-2.481584541970572e-08,0
927,4.1231187412017353e-07,1.0989761444179488e-06,-9.483874120173514e-09,0
928,9.109948354189444e-08,1.0989761444179488e-06,4.287225164581055e-07,0
929,1.1788588718602846e-07,1.0989761444179488e-06,6.202391128139716e-07,0
930,1.002167852818929e-07,1.0989761444179488e-06,5.748622147181072e-07,0
931,6.497133589068989e-08,1.0989761444179488e-06,3.6611766410931013e-07,0
932,4.1875786663144346e-08,1.0989761444179488e-06,1.6694121333685562e-07,0
933,5.196838981118083e-08,1.0989761444179488e-06,3.020081018881917e-08,0
934,1.0983454785269165e-07,1.0989761444179488e-06,-8.053204785269164e-08,1
935,2.1058400362766604e-07,1.0989761444179488e-06,-1.9434130362766605e-07,1
936,3.4754289333461715e-07,1.0989761444179488e-06,-3.2430789333461714e-07,1
937,5.145505946019216e-07,1.0989761444179488e-06,-4.6234439460192157e-07,1
938,6.401470792213839e-07,1.0989761444179488e-06,-5.16271079221384e-07,1
939,6.231878109849925e-07,1.0989761444179488e-06,-3.7345181098499254e-07,0
940,4.670887128275315e-07,1.0989761444179488e-06,-1.0929571282753151e-07,0
941,2.636084672147652e-07,1.0989761444179488e-06,7.143853278523478e-08,0
942,1.0651540792241453e-07,1.0989761444179488e-06,1.0543459207758548e-07,0
943,3.0896186301145935e-08,1.0989761444179488e-06,8.058281369885407e-08,0
944,7.437144743760392e-09,1.0989761444179488e-06,6.121665525623961e-08,0
945,1.830903653207656e-09,1.0989761444179488e-06,5.084159634679234e-08,0
946,4.267523029124559e-10,1.0989761444179488e-06,3.968764769708755e-08,0
947,7.295445473608994e-11,1.0989761444179488e-06,2.4958845545263913e-08,0
948,6.056757672431786e-11,1.0989761444179488e-06,1.3118632423275681e-08,0
949,7.174650530615357e-10,1.0989761444179488e-06,1.0634234946938465e-08,0
950,5.46976768012183e-09,1.0989761444179488e-06,1.923193231987817e-08,0
951,2.4089912350500048e-08,1.0989761444179488e-06,4.314298764949995e-08,0
952,6.549295243626154e-08,1.0989761444179488e-06,8.512204756373846e-08,0
953,1.3484640082034893e-07,1.0989761444179488e-06,1.2436159917965107e-07,0
954,2.773335329339741e-07,1.0989761444179488e-06,1.1747346706602588e-07,0
955,5.776802662463544e-07,1.0989761444179488e-06,6.801073375364566e-08,0
956,1.0291197270916849e-06,1.0989761444179488e-06,2.8650272908315214e-08,0
957,1.4029920443419115e-06,1.0989761444179488e-06,1.2907955658088558e-08,0
958,1.3758844641318206e-06,1.0989761444179488e-06,2.185535868179652e-09,0
959,9.223342816929365e-07,1.0989761444179488e-06,-1.0318281692936439e-08,0
960,1.709277849965506e-07,1.0989761444179488e-06,5.608762150034494e-07,0
961,2.0010608340732434e-07,1.0989761444179488e-06,7.794839165926757e-07,0
962,1.5110456509747738e-07,1.0989761444179488e-06,6.779594349025227e-07,0
963,9.282287853614453e-08,1.0989761444179488e-06,4.024641214638555e-07,0
964,9.531629657919244e-08,1.0989761444179488e-06,1.3400170342080755e-07,0
965,1.8443958976302715e-07,1.0989761444179488e-06,-9.805118976302715e-08,1
966,3.4870852733502674e-07,1.0989761444179488e-06,-3.155560273350267e-07,1
967,5.908945923060297e-07,1.0989761444179488e-06,-5.583003923060297e-07,1
968,9.276862561257587e-07,1.0989761444179488e-06,-8.600611561257587e-07,1
969,1.2556909791859664e-06,1.0989761444179488e-06,-1.1236119791859664e-06,1
970,1.3277092335114746e-06,1.0989761444179488e-06,-1.1131862335114746e-06,1
971,1.0797839949065931e-06,1.0989761444179488e-06,-7.82806994906593e-07,1
972,7.029061717354534e-07,1.0989761444179488e-06,-3.714631717354534e-07,1
973,3.6393444756164287e-07,1.0989761444179488e-06,-8.225644756164285e-08,0
974,1.4729354264893772e-07,1.0989761444179488e-06,4.257645735106227e-08,0
975,5.0546944710288396e-08,1.0989761444179488e-06,6.743605528971159e-08,0
976,1.5503873511750847e-08,1.0989761444179488e-06,6.062532648824916e-08,0
977,3.598369336409904e-09,1.0989761444179488e-06,4.61817306635901e-08,0
978,5.136990696768082e-10,1.0989761444179488e-06,3.16503009303232e-08,0
979,8.69287589299724e-11,1.0989761444179488e-06,2.207277124107003e-08,0
980,7.527876767566117e-10,1.0989761444179488e-06,1.7798412323243387e-08,0
981,6.670048287237925e-09,1.0989761444179488e-06,1.4211151712762076e-08,0
982,3.418833228716274e-08,1.0989761444179488e-06,6.466667712837263e-09,0
983,1.0678565463544429e-07,1.0989761444179488e-06,3.3633453645557104e-09,0
984,2.2818390476191534e-07,1.0989761444179488e-06,3.602209523808466e-08,0
985,4.256302934767207e-07,1.0989761444179488e-06,8.858970652327929e-08,0
986,8.613267112715072e-07,1.0989761444179488e-06,6.764028872849273e-08,0
987,1.7257688732044557e-06,1.0989761444179488e-06,-2.7928873204455543e-08,0
988,2.8558295402197583e-06,1.0989761444179488e-06,-9.045954021975804e-08,0
989,3.5372486743292412e-06,1.0989761444179488e-06,-8.0878674329242e-08,0
990,3.0929078993823172e-06,1.0989761444179488e-06,-3.1047899382317643e-08,0
991,1.814344256556078e-06,1.0989761444179488e-06,-4.104256556077842e-09,0
992,1.263199493910751e-07,1.0989761444179488e-06,5.201150506089249e-07,0
993,1.3106592193158007e-07,1.0989761444179488e-06,6.046160780684199e-07,0
994,9.363021828670313e-08,1.0989761444179488e-06,4.461717817132969e-07,0
995,7.659007863217907e-08,1.0989761444179488e-06,2.1165992136782094e-07,0
996,1.2654985670478301e-07,1.0989761444179488e-06,-4.84185670478302e-09,0
997,2.3246846635431852e-07,1.0989761444179488e-06,-1.8810206635431851e-07,1
998,3.886023233305927e-07,1.0989761444179488e-06,-3.633076233305927e-07,1
999,6.257590397204236e-07,1.0989761444179488e-06,-5.823630397204236e-07,1
1000,9.052242719093651e-07,1.0989761444179488e-06,-8.173233719093651e-07,1
1001,1.0610880569722411e-06,1.0989761444179488e-06,-9.178990569722411e-07,1
1002,9.62040215072772e-07,1.0989761444179488e-06,-7.68262215072772e-07,1
1003,6.943418442387689e-07,1.0989761444179488e-06,-4.6620584423876885e-07,1
1004,4.1087669492147815e-07,1.0989761444179488e-06,-1.8564769492147814e-07,0
1005,1.99242536427943e-07,1.0989761444179488e-06,-1.8535536427943027e-08,0
1006,8.700983530155627e-08,1.0989761444179488e-06,3.521916469844373e-08,0
1007,3.702323819935607e-08,1.0989761444179488e-06,4.062256180064394e-08,0
1008,1.2489464773280044e-08,1.0989761444179488e-06,3.557923522671996e-08,0
1009,2.604001581227405e-09,1.0989761444179488e-06,2.7382098418772594e-08,0
1010,3.0775570795850775e-10,1.0989761444179488e-06,2.0710144292041493e-08,0
1011,2.379506434411617e-10,1.0989761444179488e-06,1.7135649356558836e-08,0
1012,2.6074334139659394e-09,1.0989761444179488e-06,1.355456658603406e-08,0
1013,1.7138347482139947e-08,1.0989761444179488e-06,2.289752517860052e-09,0
1014,6.625650643681193e-08,1.0989761444179488e-06,-2.508060643681193e-08,0
1015,1.6472044848180551e-07,1.0989761444179488e-06,-5.709744848180552e-08,0
1016,3.094679846862371e-07,1.0989761444179488e-06,-6.143398468623712e-08,0
1017,5.67692768309109e-07,1.0989761444179488e-06,-4.922476830910895e-08,0
1018,1.1519722181545686e-06,1.0989761444179488e-06,-9.185221815456871e-08,0
1019,2.195305815402993e-06,1.0989761444179488e-06,-2.0141581540299263e-07,0
1020,3.3130836634702988e-06,1.0989761444179488e-06,-2.877336634702986e-07,0
1021,3.634620600576461e-06,1.0989761444179488e-06,-2.553806005764606e-07,0
1022,2.7501844311068984e-06,1.0989761444179488e-06,-1.3771443110689843e-07,0
1023,1.372965748911542e-06,1.0989761444179488e-06,-6.769574891154174e-08,0
