,T125R,max,diff,True
0,1.6444902308216343e-06,1.0984206599276616e-06,-2.2950023082163432e-07,0
1,2.1464828524351015e-06,1.0984206599276616e-06,-1.358428524351014e-07,0
2,1.6540128888764592e-06,1.0984206599276616e-06,-1.2922888876459223e-08,0
3,8.815609211383227e-07,1.0984206599276616e-06,8.994078861677246e-09,0
4,4.068111464060979e-07,1.0984206599276616e-06,-2.980314640609787e-08,0
5,2.102361677082184e-07,1.0984206599276616e-06,-6.876316770821842e-08,0
6,1.4680918722905525e-07,1.0984206599276616e-06,-7.637478722905526e-08,1
7,1.1937116884485723e-07,1.0984206599276616e-06,-2.356706884485722e-08,0
8,9.639751610659127e-08,1.0984206599276616e-06,9.407848389340872e-08,0
9,9.011419644595993e-08,1.0984206599276616e-06,2.440298035540401e-07,0
10,1.3281710828721126e-07,1.0984206599276616e-06,3.7627689171278874e-07,0
11,2.586046455763352e-07,1.0984206599276616e-06,4.2706835442366485e-07,0
12,4.822867089823428e-07,1.0984206599276616e-06,3.1599229101765715e-07,0
13,7.955393764646675e-07,1.0984206599276616e-06,-5.231376464667521e-09,0
14,1.101426414672257e-06,1.0984206599276616e-06,-4.27298414672257e-07,1
15,1.232760490138442e-06,1.0984206599276616e-06,-7.233504901384419e-07,1
16,1.1427574824401418e-06,1.0984206599276616e-06,-7.886614824401418e-07,1
17,9.167572018664837e-07,1.0984206599276616e-06,-6.838932018664837e-07,1
18,6.633502331830024e-07,1.0984206599276616e-06,-5.224772331830024e-07,1
19,4.469059092026549e-07,1.0984206599276616e-06,-3.5896920920265494e-07,1
20,2.944770595499357e-07,1.0984206599276616e-06,-2.118201595499357e-07,1
21,2.2349461685245185e-07,1.0984206599276616e-06,-1.0690461685245185e-07,0
22,2.126664029615949e-07,1.0984206599276616e-06,-2.4849402961594883e-08,0
23,2.3165589631044211e-07,1.0984206599276616e-06,8.663210368955791e-08,0
24,3.4947104280638573e-07,1.0984206599276616e-06,2.633069571936143e-07,0
25,8.838558024932897e-07,1.0984206599276616e-06,4.965441975067102e-07,0
26,2.558509383080144e-06,1.0984206599276616e-06,6.760206169198555e-07,0
27,6.1180228508072506e-06,1.0984206599276616e-06,7.324571491927496e-07,0
28,1.0987713788963474e-05,1.0984206599276616e-06,7.902862110365257e-07,0
29,1.4597475680710898e-05,1.0984206599276616e-06,6.687243192891015e-07,0
30,1.4202095061397946e-05,1.0984206599276616e-06,-3.829506139794444e-08,0
31,9.669495238046808e-06,1.0984206599276616e-06,-7.478352380468079e-07,0
32,4.5617488568741965e-06,1.0984206599276616e-06,-6.783988568741967e-07,0
33,5.292359481263802e-06,1.0984206599276616e-06,-5.133494812638017e-07,0
34,3.661120931995867e-06,1.0984206599276616e-06,-2.164409319958669e-07,0
35,1.7383812750601657e-06,1.0984206599276616e-06,-4.5271275060165915e-08,0
36,7.454803124349585e-07,1.0984206599276616e-06,-5.857931243495849e-08,0
37,4.282393792204883e-07,1.0984206599276616e-06,-1.4274537922048828e-07,0
38,3.515814911449057e-07,1.0984206599276616e-06,-1.645124911449057e-07,1
39,3.043483709543541e-07,1.0984206599276616e-06,-4.386437095435408e-08,0
40,2.7611153064143713e-07,1.0984206599276616e-06,2.0320346935856287e-07,0
41,3.443378981212388e-07,1.0984206599276616e-06,4.848841018787611e-07,0
42,5.734289735267287e-07,1.0984206599276616e-06,6.747510264732714e-07,0
43,9.827301316582836e-07,1.0984206599276616e-06,6.622498683417164e-07,0
44,1.6125006069863757e-06,1.0984206599276616e-06,3.218393930136244e-07,0
45,2.480004739896794e-06,1.0984206599276616e-06,-4.3797473989679384e-07,0
46,3.312779001218378e-06,1.0984206599276616e-06,-1.3834690012183783e-06,1
47,3.6308438954267485e-06,1.0984206599276616e-06,-1.9915638954267485e-06,1
48,3.2414937272541315e-06,1.0984206599276616e-06,-1.975483727254132e-06,1
49,2.4947194894957784e-06,1.0984206599276616e-06,-1.6255704894957783e-06,1
50,1.7614664241074338e-06,1.0984206599276616e-06,-1.2214234241074338e-06,1
51,1.186169870136523e-06,1.0984206599276616e-06,-8.12563870136523e-07,1
52,9.227808995709056e-07,1.0984206599276616e-06,-5.512398995709056e-07,1
53,1.0137243621744286e-06,1.0984206599276616e-06,-5.109233621744286e-07,1
54,1.2331916733866543e-06,1.0984206599276616e-06,-4.997406733866542e-07,0
55,1.3895132443253479e-06,1.0984206599276616e-06,-2.5471324432534773e-07,0
56,1.8075557912206162e-06,1.0984206599276616e-06,3.3209420877938373e-07,0
57,3.8193300014055694e-06,1.0984206599276616e-06,1.0618399985944301e-06,0
58,9.967720759385194e-06,1.0984206599276616e-06,1.4286792406148075e-06,0
59,2.170034196842293e-05,1.0984206599276616e-06,1.3771580315770692e-06,0
60,3.5145870486773195e-05,1.0984206599276616e-06,1.401329513226806e-06,0
61,4.200800877778477e-05,1.0984206599276616e-06,7.615912222152296e-07,0
62,3.675350887482726e-05,1.0984206599276616e-06,-1.166508874827261e-06,0
63,2.2446861273948975e-05,1.0984206599276616e-06,-2.3813612739489753e-06,0
64,6.490926228211382e-06,1.0984206599276616e-06,-1.296546228211382e-06,0
65,6.9498526058031965e-06,1.0984206599276616e-06,-1.095242605803196e-06,0
66,4.420436403667087e-06,1.0984206599276616e-06,-5.140564036670861e-07,0
67,1.971191130087722e-06,1.0984206599276616e-06,-1.4740113008772205e-07,0
68,9.009551909407377e-07,1.0984206599276616e-06,-1.3714719094073777e-07,0
69,5.977498015289968e-07,1.0984206599276616e-06,-2.1634780152899676e-07,0
70,4.912355434257611e-07,1.0984206599276616e-06,-2.1148954342576114e-07,0
71,4.010462486897976e-07,1.0984206599276616e-06,-6.795224868979761e-08,0
72,3.907925182890767e-07,1.0984206599276616e-06,1.7542648171092325e-07,0
73,5.81997709526921e-07,1.0984206599276616e-06,4.0237629047307893e-07,0
74,1.005491326170006e-06,1.0984206599276616e-06,5.088286738299943e-07,0
75,1.6510378862295975e-06,1.0984206599276616e-06,4.642021137704024e-07,0
76,2.6847672078600847e-06,1.0984206599276616e-06,9.619279213991516e-08,0
77,4.2926592132445526e-06,1.0984206599276616e-06,-8.984392132445528e-07,0
78,6.032629844275203e-06,1.0984206599276616e-06,-2.283909844275203e-06,1
79,6.7155840642632175e-06,1.0984206599276616e-06,-2.9997240642632175e-06,1
80,5.863451493399356e-06,1.0984206599276616e-06,-2.6442714933993558e-06,1
81,4.3282450942010626e-06,1.0984206599276616e-06,-1.9748750942010623e-06,1
82,2.9018425284335547e-06,1.0984206599276616e-06,-1.3778525284335546e-06,1
83,2.075563914896378e-06,1.0984206599276616e-06,-1.021113914896378e-06,1
84,2.2227699645813755e-06,1.0984206599276616e-06,-1.2263609645813755e-06,1
85,3.0815357134609963e-06,1.0984206599276616e-06,-1.8231457134609963e-06,1
86,3.7932098247240777e-06,1.0984206599276616e-06,-2.0940198247240773e-06,1
87,4.030161051057911e-06,1.0984206599276616e-06,-1.579521051057911e-06,1
88,4.886515301405316e-06,1.0984206599276616e-06,-3.7021530140531606e-07,0
89,9.291629232763477e-06,1.0984206599276616e-06,1.1096707672365247e-06,0
90,2.1596129519837527e-05,1.0984206599276616e-06,2.0351704801624746e-06,0
91,4.23030415273936e-05,1.0984206599276616e-06,2.1541584726064025e-06,0
92,6.214857475215291e-05,1.0984206599276616e-06,1.6815252478470877e-06,0
93,6.752800838073786e-05,1.0984206599276616e-06,-3.413083807378588e-07,0
94,5.3616895671342245e-05,1.0984206599276616e-06,-3.2396956713422425e-06,0
95,2.9705583174136268e-05,1.0984206599276616e-06,-3.96228317413627e-06,1
96,5.83348357555913e-06,1.0984206599276616e-06,-1.28358357555913e-06,1
97,5.841441847033521e-06,1.0984206599276616e-06,-9.487118470335207e-07,0
98,3.606966729086943e-06,1.0984206599276616e-06,-4.698667290869431e-07,0
99,1.7450604390026588e-06,1.0984206599276616e-06,-3.078904390026586e-07,0
100,9.392054388510649e-07,1.0984206599276616e-06,-2.843814388510649e-07,0
101,6.306909729353223e-07,1.0984206599276616e-06,-2.3381297293532224e-07,0
102,4.6417671036657526e-07,1.0984206599276616e-06,-1.6528671036657526e-07,0
103,3.558890041102037e-07,1.0984206599276616e-06,-6.200500411020369e-08,0
104,3.698681957323013e-07,1.0984206599276616e-06,6.692980426769868e-08,0
105,6.012888584964747e-07,1.0984206599276616e-06,1.6717614150352532e-07,0
106,1.1163677828477811e-06,1.0984206599276616e-06,2.2141221715221888e-07,0
107,2.0898099954802243e-06,1.0984206599276616e-06,1.499900045197754e-07,0
108,3.942659991572266e-06,1.0984206599276616e-06,-4.487399915722664e-07,0
109,6.880841149817412e-06,1.0984206599276616e-06,-1.9259711498174123e-06,1
110,9.778714456068536e-06,1.0984206599276616e-06,-3.443464456068536e-06,1
111,1.0538090799793994e-05,1.0984206599276616e-06,-3.482300799793994e-06,1
112,8.764344712373274e-06,1.0984206599276616e-06,-2.280074712373274e-06,0
113,6.032370548916373e-06,1.0984206599276616e-06,-1.1967605489163733e-06,0
114,3.7836791531621653e-06,1.0984206599276616e-06,-6.611191531621655e-07,0
115,2.889938600409312e-06,1.0984206599276616e-06,-7.795986004093119e-07,1
116,3.54854288700853e-06,1.0984206599276616e-06,-1.6098628870085298e-06,1
117,4.927010516750088e-06,1.0984206599276616e-06,-2.4828005167500883e-06,1
118,5.915977680638902e-06,1.0984206599276616e-06,-2.6049276806389016e-06,1
119,6.66130460425407e-06,1.0984206599276616e-06,-2.0349946042540704e-06,1
120,9.013069258039653e-06,1.0984206599276616e-06,-8.110392580396541e-07,0
121,1.6791005025587892e-05,1.0984206599276616e-06,1.2602949744121089e-06,0
122,3.4523075205351144e-05,1.0984206599276616e-06,3.3168247946488528e-06,0
123,6.019626558967549e-05,1.0984206599276616e-06,3.894234410324512e-06,0
124,7.992153383957302e-05,1.0984206599276616e-06,2.2289661604269785e-06,0
125,7.863431703656866e-05,1.0984206599276616e-06,-1.2299170365686685e-06,0
126,5.6385707996608277e-05,1.0984206599276616e-06,-3.886707996608283e-06,1
127,2.831011786690957e-05,1.0984206599276616e-06,-3.692817866909571e-06,1
128,4.057485349539138e-06,1.0984206599276616e-06,-7.283653495391382e-07,0
129,4.239277704769039e-06,1.0984206599276616e-06,-7.44927704769039e-07,0
130,2.9633148596483007e-06,1.0984206599276616e-06,-7.545748596483003e-07,1
131,1.722135713560413e-06,1.0984206599276616e-06,-6.534057135604131e-07,1
132,1.0281180516076344e-06,1.0984206599276616e-06,-4.4145405160763444e-07,0
133,6.571126656718278e-07,1.0984206599276616e-06,-2.519406656718278e-07,0
134,4.3043947477070075e-07,1.0984206599276616e-06,-1.407524747707008e-07,0
135,3.091827888915019e-07,1.0984206599276616e-06,-8.006878889150188e-08,0
136,3.0759975598953405e-07,1.0984206599276616e-06,-1.7354755989534035e-08,0
137,5.250835697133904e-07,1.0984206599276616e-06,5.766943028660965e-08,0
138,1.2513138764224205e-06,1.0984206599276616e-06,6.09261235775794e-08,0
139,3.0431706294127617e-06,1.0984206599276616e-06,-3.375506294127616e-07,0
140,6.404130045678625e-06,1.0984206599276616e-06,-1.563760045678625e-06,1
141,1.0825849385931202e-05,1.0984206599276616e-06,-3.2106693859312016e-06,1
142,1.419784496111421e-05,1.0984206599276616e-06,-3.7639449611142093e-06,1
143,1.440274094882643e-05,1.0984206599276616e-06,-2.602040948826432e-06,0
144,1.150799733469323e-05,1.0984206599276616e-06,-9.620973346932316e-07,0
145,7.4552030109943836e-06,1.0984206599276616e-06,1.702698900561707e-08,0
146,4.294452605884976e-06,1.0984206599276616e-06,2.5135739411502376e-07,0
147,3.0050347224033033e-06,1.0984206599276616e-06,-7.023472240330303e-08,0
148,3.2829238023933643e-06,1.0984206599276616e-06,-5.122338023933642e-07,0
149,4.243471868817318e-06,1.0984206599276616e-06,-4.6257186881731865e-07,0
150,5.5292775739838605e-06,1.0984206599276616e-06,-2.1476757398386016e-07,0
151,7.904706315926402e-06,1.0984206599276616e-06,-4.078163159264022e-07,0
152,1.3305649502219091e-05,1.0984206599276616e-06,-2.4124950221909154e-07,0
153,2.5207599529918133e-05,1.0984206599276616e-06,1.5318004700818671e-06,0
154,4.621336694047586e-05,1.0984206599276616e-06,4.150333059524139e-06,0
155,7.052435768642874e-05,1.0984206599276616e-06,5.205642313571256e-06,0
156,8.312397956247334e-05,1.0984206599276616e-06,3.229320437526657e-06,0
157,7.399973600423844e-05,1.0984206599276616e-06,-5.580360042384399e-07,0
158,4.897007304035273e-05,1.0984206599276616e-06,-3.0749730403527306e-06,0
159,2.320533884635755e-05,1.0984206599276616e-06,-3.0031388463575493e-06,1
160,3.208370442096707e-06,1.0984206599276616e-06,-7.501304420967065e-07,1
161,3.7606128509276847e-06,1.0984206599276616e-06,-1.098132850927685e-06,1
162,2.9966228434394667e-06,1.0984206599276616e-06,-1.1656828434394666e-06,1
163,1.936093771581284e-06,1.0984206599276616e-06,-8.746437715812839e-07,1
164,1.1860863036487958e-06,1.0984206599276616e-06,-4.854833036487958e-07,0
165,7.039485390686767e-07,1.0984206599276616e-06,-1.9557753906867672e-07,0
166,4.0828506217703756e-07,1.0984206599276616e-06,-6.475406217703757e-08,0
167,2.579588320698929e-07,1.0984206599276616e-06,-2.329683206989287e-08,0
168,2.596960097008825e-07,1.0984206599276616e-06,9.627990299117538e-09,0
169,6.288344884049716e-07,1.0984206599276616e-06,1.2484511595028385e-08,0
170,1.989262845320512e-06,1.0984206599276616e-06,-2.450028453205122e-07,0
171,5.215097760966487e-06,1.0984206599276616e-06,-1.1602277609664877e-06,1
172,1.0428745278630587e-05,1.0984206599276616e-06,-2.6286352786305864e-06,1
173,1.6011452549597842e-05,1.0984206599276616e-06,-3.4283525495978424e-06,1
174,1.936620201628553e-05,1.0984206599276616e-06,-2.5601020162855314e-06,0
175,1.8706131627706453e-05,1.0984206599276616e-06,-8.644316277064502e-07,0
176,1.4276489543110422e-05,1.0984206599276616e-06,3.5441045688957705e-07,0
177,8.63353497778268e-06,1.0984206599276616e-06,8.004450222173199e-07,0
178,4.5951203699525054e-06,1.0984206599276616e-06,6.530696300474939e-07,0
179,2.820513485631261e-06,1.0984206599276616e-06,3.292065143687387e-07,0
180,2.402576475887687e-06,1.0984206599276616e-06,5.460235241123129e-07,0
181,2.869525605945671e-06,1.0984206599276616e-06,1.245274394054329e-06,0
182,4.750485215689401e-06,1.0984206599276616e-06,1.2490547843106001e-06,0
183,8.994648337076082e-06,1.0984206599276616e-06,1.8627166292391827e-07,0
184,1.6991749328922927e-05,1.0984206599276616e-06,-3.764493289229268e-07,0
185,3.129741441647052e-05,1.0984206599276616e-06,8.028855835294789e-07,0
186,5.23172529206331e-05,1.0984206599276616e-06,2.738647079366902e-06,0
187,7.189520892479291e-05,1.0984206599276616e-06,3.268091075207092e-06,0
188,7.740116200828286e-05,1.0984206599276616e-06,9.030379917171412e-07,0
189,6.443042517377571e-05,1.0984206599276616e-06,-2.699525173775706e-06,0
190,4.081926514873026e-05,1.0984206599276616e-06,-4.272665148730259e-06,1
191,1.8943320321391338e-05,1.0984206599276616e-06,-3.3107203213913375e-06,1
192,3.3135672593274585e-06,1.0984206599276616e-06,-1.0230972593274586e-06,1
193,4.2876330827298965e-06,1.0984206599276616e-06,-1.5102730827298965e-06,1
194,3.7155552640365753e-06,1.0984206599276616e-06,-1.5016552640365756e-06,1
195,2.4648469732565075e-06,1.0984206599276616e-06,-9.906969732565077e-07,1
196,1.3804136792254369e-06,1.0984206599276616e-06,-3.693936792254368e-07,0
197,6.723987961206625e-07,1.0984206599276616e-06,2.5708203879337543e-08,0
198,3.067287141005527e-07,1.0984206599276616e-06,1.378152858994473e-07,0
199,1.8061628693074925e-07,1.0984206599276616e-06,1.1649471306925072e-07,0
200,3.0196049898412305e-07,1.0984206599276616e-06,7.871250101587696e-08,0
201,1.0725496025773212e-06,1.0984206599276616e-06,-4.0259602577321196e-08,0
202,3.5586448425079863e-06,1.0984206599276616e-06,-5.93554842507986e-07,0
203,8.928236559632861e-06,1.0984206599276616e-06,-1.8979965596328626e-06,1
204,1.671345614704448e-05,1.0984206599276616e-06,-3.2968561470444794e-06,1
205,2.400374396098881e-05,1.0984206599276616e-06,-3.1908439609888104e-06,1
206,2.7274569609554714e-05,1.0984206599276616e-06,-1.2369696095547112e-06,0
207,2.4669287371966664e-05,1.0984206599276616e-06,8.069126280333345e-07,0
208,1.751279944657811e-05,1.0984206599276616e-06,1.668500553421891e-06,0
209,9.96686892884589e-06,1.0984206599276616e-06,1.5057310711541096e-06,0
210,5.246707223549003e-06,1.0984206599276616e-06,7.728027764509971e-07,0
211,3.2151679975666773e-06,1.0984206599276616e-06,1.5595200243332218e-07,0
212,2.434945258609769e-06,1.0984206599276616e-06,3.09674741390231e-07,0
213,2.711185901328434e-06,1.0984206599276616e-06,7.604740986715659e-07,0
214,4.955985268016076e-06,1.0984206599276616e-06,3.8192473198392335e-07,0
215,1.0036239115658084e-05,1.0984206599276616e-06,-7.507591156580841e-07,0
216,1.9007984329891724e-05,1.0984206599276616e-06,-1.3143843298917248e-06,0
217,3.3963787313171255e-05,1.0984206599276616e-06,-9.511873131712518e-07,0
218,5.427795392602724e-05,1.0984206599276616e-06,-5.031539260272436e-07,0
219,7.115093881929282e-05,1.0984206599276616e-06,-1.076138819292827e-06,0
220,7.311734918264027e-05,1.0984206599276616e-06,-3.201149182640266e-06,0
221,5.8242127376629124e-05,1.0984206599276616e-06,-4.955627376629125e-06,0
222,3.575961789112211e-05,1.0984206599276616e-06,-4.45331789112211e-06,1
223,1.645459372623775e-05,1.0984206599276616e-06,-2.6510937262377497e-06,1
224,4.332336478745445e-06,1.0984206599276616e-06,-1.1870064787454451e-06,1
225,5.675666015878984e-06,1.0984206599276616e-06,-1.5914960158789843e-06,1
226,4.765349478849536e-06,1.0984206599276616e-06,-1.3777594788495359e-06,1
227,2.8755873549612788e-06,1.0984206599276616e-06,-6.416573549612789e-07,0
228,1.3766707368916521e-06,1.0984206599276616e-06,4.613926310834789e-08,0
229,5.570337233307458e-07,1.0984206599276616e-06,3.3051027666925424e-07,0
230,2.3565067325943232e-07,1.0984206599276616e-06,2.9453332674056765e-07,0
231,1.9837403958223233e-07,1.0984206599276616e-06,1.9151696041776766e-07,0
232,5.323138744879784e-07,1.0984206599276616e-06,1.1171212551202164e-07,0
233,2.030200393564993e-06,1.0984206599276616e-06,-1.6249039356499333e-07,0
234,6.444505590906723e-06,1.0984206599276616e-06,-1.1291355909067238e-06,0
235,1.526227994807735e-05,1.0984206599276616e-06,-2.8493799480773518e-06,1
236,2.7047541300878795e-05,1.0984206599276616e-06,-4.0472413008787944e-06,1
237,3.7121682390449485e-05,1.0984206599276616e-06,-3.174282390449485e-06,0
238,4.042931417189892e-05,1.0984206599276616e-06,-5.86014171898922e-07,0
239,3.484472355784233e-05,1.0984206599276616e-06,1.742076442157669e-06,0
240,2.3504069389029073e-05,1.0984206599276616e-06,2.6434306109709274e-06,0
241,1.2813988377037108e-05,1.0984206599276616e-06,2.3046116229628918e-06,1
242,6.6713269275640485e-06,1.0984206599276616e-06,1.2877130724359521e-06,0
243,4.2762017152369916e-06,1.0984206599276616e-06,3.9150828476300766e-07,0
244,3.3825582244488213e-06,1.0984206599276616e-06,3.207117755511785e-07,0
245,3.4031916998530138e-06,1.0984206599276616e-06,6.434283001469863e-07,0
246,5.165567539341647e-06,1.0984206599276616e-06,3.410024606583528e-07,0
247,9.83662436401749e-06,1.0984206599276616e-06,-6.635943640174897e-07,0
248,1.907054182127332e-05,1.0984206599276616e-06,-1.6660418212733195e-06,0
249,3.515610591802358e-05,1.0984206599276616e-06,-2.468505918023577e-06,0
250,5.6988792558173574e-05,1.0984206599276616e-06,-3.3495925581735744e-06,0
251,7.453749603961727e-05,1.0984206599276616e-06,-4.314596039617266e-06,0
252,7.561626929581123e-05,1.0984206599276616e-06,-4.729769295811232e-06,0
253,5.98729620168821e-05,1.0984206599276616e-06,-3.641562016882097e-06,0
254,3.767048237702203e-05,1.0984206599276616e-06,-1.915482377022032e-06,0
255,1.8446880346693634e-05,1.0984206599276616e-06,-1.0176803466936354e-06,0
256,5.593081565932485e-06,1.0984206599276616e-06,-9.730915659324849e-07,0
257,6.776003245766385e-06,1.0984206599276616e-06,-1.1000732457663845e-06,0
258,5.128092798980619e-06,1.0984206599276616e-06,-7.711027989806188e-07,0
259,2.732727033544364e-06,1.0984206599276616e-06,-1.1580703354436416e-07,0
260,1.1501354924335754e-06,1.0984206599276616e-06,3.4105450756642453e-07,0
261,4.5355164196557357e-07,1.0984206599276616e-06,3.8137435803442634e-07,0
262,2.886830642224797e-07,1.0984206599276616e-06,2.0143393577752035e-07,0
263,4.7102764721501634e-07,1.0984206599276616e-06,-2.4681647215016374e-08,0
264,1.3001179027638994e-06,1.0984206599276616e-06,-3.206669027638994e-07,0
265,4.0577172706814425e-06,1.0984206599276616e-06,-9.112772706814427e-07,0
266,1.1373189398123108e-05,1.0984206599276616e-06,-2.0353993981231084e-06,0
267,2.4999536237140225e-05,1.0984206599276616e-06,-2.864936237140225e-06,0
268,4.2378703841316935e-05,1.0984206599276616e-06,-2.1153038413169366e-06,0
269,5.699696179111271e-05,1.0984206599276616e-06,-4.5176179111270753e-07,0
270,6.139249649343236e-05,1.0984206599276616e-06,6.66903506567641e-07,0
271,5.190759791264092e-05,1.0984206599276616e-06,1.1397020873590792e-06,0
272,3.3795781633043125e-05,1.0984206599276616e-06,1.5541183669568736e-06,0
273,1.766899693087802e-05,1.0984206599276616e-06,1.7898030691219806e-06,0
274,9.085113400076444e-06,1.0984206599276616e-06,1.4214865999235565e-06,0
275,6.116298651227015e-06,1.0984206599276616e-06,8.399813487729854e-07,0
276,5.037239639477093e-06,1.0984206599276616e-06,8.69260360522907e-07,0
277,4.523352996641964e-06,1.0984206599276616e-06,1.2533570033580355e-06,0
278,5.412879398715071e-06,1.0984206599276616e-06,1.0812806012849287e-06,0
279,9.563934999093884e-06,1.0984206599276616e-06,4.400500090611546e-08,0
280,2.0031085685329395e-05,1.0984206599276616e-06,-1.6612856853293935e-06,0
281,4.010951064943908e-05,1.0984206599276616e-06,-3.5910106494390807e-06,0
282,6.724255303834688e-05,1.0984206599276616e-06,-4.745453038346878e-06,0
283,8.819764607215951e-05,1.0984206599276616e-06,-3.964646072159521e-06,0
284,9.042540808617244e-05,1.0984206599276616e-06,-1.4853080861724355e-06,0
285,7.510932163870657e-05,1.0984206599276616e-06,8.824783612934302e-07,0
286,5.096276281200196e-05,1.0984206599276616e-06,1.3286371879980485e-06,0
287,2.6419611349070318e-05,1.0984206599276616e-06,2.229886509296834e-07,0
288,4.854374872483779e-06,1.0984206599276616e-06,-9.230487248377846e-08,0
289,5.197490311601886e-06,1.0984206599276616e-06,-3.3703116018874506e-09,0
290,3.4223604337850183e-06,1.0984206599276616e-06,9.745956621498161e-08,0
291,1.5634892545425629e-06,1.0984206599276616e-06,2.82190745457437e-07,0
292,5.8868488033407e-07,1.0984206599276616e-06,3.1102711966593e-07,0
293,2.89305904369561e-07,1.0984206599276616e-06,1.5812709563043894e-07,0
294,3.993599866411587e-07,1.0984206599276616e-06,-1.1475998664115868e-07,0
295,9.54773722621417e-07,1.0984206599276616e-06,-5.60013722621417e-07,1
296,2.3787361116449487e-06,1.0984206599276616e-06,-1.0982461116449487e-06,1
297,6.48435417594172e-06,1.0984206599276616e-06,-1.5668841759417203e-06,1
298,1.692240167616777e-05,1.0984206599276616e-06,-1.102901676167769e-06,0
299,3.58611872735167e-05,1.0984206599276616e-06,2.107212726483298e-06,0
300,6.012799233177299e-05,1.0984206599276616e-06,6.181007668227002e-06,1
301,8.047061637590898e-05,1.0984206599276616e-06,5.598583624091027e-06,1
302,8.422181651716641e-05,1.0984206599276616e-06,6.919834828335807e-07,0
303,6.640586228394679e-05,1.0984206599276616e-06,-2.62286228394679e-06,0
304,3.901748843081067e-05,1.0984206599276616e-06,-2.0580884308106745e-06,0
305,1.8317196363215887e-05,1.0984206599276616e-06,-1.2149636321588759e-07,0
306,8.815240162697995e-06,1.0984206599276616e-06,8.173198373020058e-07,0
307,5.932774751751866e-06,1.0984206599276616e-06,7.645652482481336e-07,0
308,4.9579049934126035e-06,1.0984206599276616e-06,7.266850065873972e-07,0
309,4.4146343551705995e-06,1.0984206599276616e-06,8.931156448294007e-07,0
310,5.16153034018992e-06,1.0984206599276616e-06,8.0539965981008e-07,0
311,9.811944618560942e-06,1.0984206599276616e-06,-7.368461856094135e-08,0
312,2.317725953610607e-05,1.0984206599276616e-06,-1.9861595361060675e-06,0
313,4.945157266952392e-05,1.0984206599276616e-06,-3.881572669523922e-06,0
314,8.305783119325709e-05,1.0984206599276616e-06,-3.1769311932570906e-06,0
315,0.00010710196734832184,1.0984206599276616e-06,9.350326516781722e-07,0
316,0.00010984206599276617,1.0984206599276616e-06,5.374934007233839e-06,0
317,9.24679911105226e-05,1.0984206599276616e-06,7.087708889477401e-06,0
318,6.185532766123908e-05,1.0984206599276616e-06,5.280672338760922e-06,1
319,3.004692065687387e-05,1.0984206599276616e-06,1.8564793431261326e-06,0
320,2.2701388579099987e-06,1.0984206599276616e-06,4.816611420900013e-07,0
321,2.0880902755870853e-06,1.0984206599276616e-06,5.861397244129149e-07,0
322,1.152430492997976e-06,1.0984206599276616e-06,4.7226950700202414e-07,0
323,4.467904607621477e-07,1.0984206599276616e-06,3.004625392378523e-07,0
324,1.847546109275683e-07,1.0984206599276616e-06,1.1969438907243174e-07,0
325,1.8078922568123484e-07,1.0984206599276616e-06,-4.717122568123484e-08,0
326,3.9099798439152974e-07,1.0984206599276616e-06,-2.8090298439152976e-07,1
327,9.192442880480708e-07,1.0984206599276616e-06,-6.146912880480708e-07,1
328,2.376989642695915e-06,1.0984206599276616e-06,-8.670496426959149e-07,1
329,7.153505866415819e-06,1.0984206599276616e-06,-3.648958664158175e-07,0
330,1.927181990780936e-05,1.0984206599276616e-06,3.0894800921906426e-06,1
331,4.085130597691374e-05,1.0984206599276616e-06,1.0066794023086263e-05,1
332,6.730916107198968e-05,1.0984206599276616e-06,1.3445638928010316e-05,1
333,8.496570786194519e-05,1.0984206599276616e-06,7.189792138054805e-06,1
334,7.918143297720459e-05,1.0984206599276616e-06,-2.0035329772045805e-06,0
335,5.286703584428028e-05,1.0984206599276616e-06,-5.230035844280285e-06,1
336,2.555003786748184e-05,1.0984206599276616e-06,-3.1211378674818414e-06,1
337,9.874944286596867e-06,1.0984206599276616e-06,-5.769142865968667e-07,0
338,4.175312756505851e-06,1.0984206599276616e-06,3.54547243494149e-07,0
339,2.762956587083769e-06,1.0984206599276616e-06,2.903934129162309e-07,0
340,2.359816930215362e-06,1.0984206599276616e-06,1.719730697846382e-07,0
341,2.2174202607876288e-06,1.0984206599276616e-06,2.8121973921237115e-07,0
342,3.205889032822525e-06,1.0984206599276616e-06,3.302809671774747e-07,0
343,8.122896511123926e-06,1.0984206599276616e-06,-2.315965111239262e-07,0
344,2.2298270268919118e-05,1.0984206599276616e-06,-1.6003702689191172e-06,0
345,4.9142590950547806e-05,1.0984206599276616e-06,-2.227290950547811e-06,0
346,8.096914577519697e-05,1.0984206599276616e-06,8.455422480302193e-08,0
347,0.00010163163301353368,1.0984206599276616e-06,4.296366986466309e-06,0
348,0.00010125731024119972,1.0984206599276616e-06,7.4896897588002835e-06,0
349,8.041664808469058e-05,1.0984206599276616e-06,8.088251915309421e-06,1
350,4.829175735517107e-05,1.0984206599276616e-06,5.563242644828926e-06,1
351,2.027181784865053e-05,1.0984206599276616e-06,2.0023821513494704e-06,1
352,5.189212113257029e-07,1.0984206599276616e-06,3.71885788674297e-07,0
353,3.943771409511945e-07,1.0984206599276616e-06,4.031268590488055e-07,0
354,1.7506689651582822e-07,1.0984206599276616e-06,2.7670010348417175e-07,0
355,6.524024037997929e-08,1.0984206599276616e-06,1.253537596200207e-07,0
356,5.974520323805687e-08,1.0984206599276616e-06,1.071529676194313e-08,0
357,1.1533810053863487e-07,1.0984206599276616e-06,-8.298620053863487e-08,1
358,2.3379900545798768e-07,1.0984206599276616e-06,-1.8648730545798769e-07,1
359,5.4291625634518e-07,1.0984206599276616e-06,-2.9436225634518004e-07,1
360,1.7977132290924812e-06,1.0984206599276616e-06,-2.8225322909248127e-07,0
361,6.11289012314515e-06,1.0984206599276616e-06,7.4825987685485e-07,0
362,1.6331946449657053e-05,1.0984206599276616e-06,4.517653550342948e-06,1
363,3.28414490161884e-05,1.0984206599276616e-06,9.183050983811597e-06,1
364,4.933185870166941e-05,1.0984206599276616e-06,8.229841298330594e-06,1
365,5.3725741108044926e-05,1.0984206599276616e-06,1.336058891955076e-06,0
366,4.092516483879941e-05,1.0984206599276616e-06,-3.69326483879941e-06,1
367,2.147615046761023e-05,1.0984206599276616e-06,-3.462950467610231e-06,1
368,7.99217524215925e-06,1.0984206599276616e-06,-1.3780852421592498e-06,0
369,2.4118219930834827e-06,1.0984206599276616e-06,-1.8483199308348253e-07,0
370,8.836661946123207e-07,1.0984206599276616e-06,7.305580538767933e-08,0
371,5.815717376494219e-07,1.0984206599276616e-06,1.8842262350578177e-08,0
372,5.037593397673654e-07,1.0984206599276616e-06,8.068660232634636e-09,0
373,5.61886601692221e-07,1.0984206599276616e-06,9.897639830777891e-08,0
374,1.3826639983001001e-06,1.0984206599276616e-06,1.3470600169989974e-07,0
375,4.964564425034914e-06,1.0984206599276616e-06,-1.4354442503491394e-07,0
376,1.485259507058028e-05,1.0984206599276616e-06,-6.406950705802792e-07,0
377,3.2332958034476506e-05,1.0984206599276616e-06,-3.6625803447650623e-07,0
378,5.1092679730235495e-05,1.0984206599276616e-06,1.278320269764509e-06,0
379,6.086587304129027e-05,1.0984206599276616e-06,3.242626958709728e-06,0
380,5.6532220630276134e-05,1.0984206599276616e-06,4.193179369723866e-06,0
381,4.033245726290097e-05,1.0984206599276616e-06,3.7306427370990307e-06,1
382,2.083926203703587e-05,1.0984206599276616e-06,2.215337962964131e-06,1
383,7.304424653646479e-06,1.0984206599276616e-06,7.679753463535221e-07,0
384,5.895271814013499e-08,1.0984206599276616e-06,1.16068281859865e-07,0
385,3.70673768307441e-08,1.0984206599276616e-06,1.0850562316925591e-07,0
386,1.4238612434714669e-08,1.0984206599276616e-06,6.324458756528532e-08,0
387,1.3345149937818193e-08,1.0984206599276616e-06,1.8802350062181805e-08,0
388,3.7605542451954876e-08,1.0984206599276616e-06,-2.3778842451954877e-08,0
389,8.158836269844425e-08,1.0984206599276616e-06,-7.155636269844426e-08,1
390,1.4333185417184533e-07,1.0984206599276616e-06,-1.1754285417184534e-07,1
391,3.233767081674869e-07,1.0984206599276616e-06,-1.580217081674869e-07,1
392,1.0861261309497344e-06,1.0984206599276616e-06,-9.782013094973432e-08,0
393,3.4959712483184195e-06,1.0984206599276616e-06,5.175487516815799e-07,0
394,8.642575997631744e-06,1.0984206599276616e-06,1.9082240023682554e-06,1
395,1.5724648935140203e-05,1.0984206599276616e-06,2.387951064859797e-06,1
396,2.035903344720898e-05,1.0984206599276616e-06,3.8166655279102193e-07,0
397,1.8025120182077494e-05,1.0984206599276616e-06,-1.927120182077493e-06,0
398,1.0647868829202491e-05,1.0984206599276616e-06,-2.090118829202492e-06,1
399,4.203653564869858e-06,1.0984206599276616e-06,-1.0145435648698578e-06,1
400,1.1622416000095992e-06,1.0984206599276616e-06,-2.603296000095993e-07,0
401,2.70067756257798e-07,1.0984206599276616e-06,-2.658275625779798e-08,0
402,8.45975576750726e-08,1.0984206599276616e-06,6.4089423249274e-09,0
403,5.024828444523525e-08,1.0984206599276616e-06,5.02691555476475e-09,0
404,4.549776793943478e-08,1.0984206599276616e-06,1.525473206056522e-08,0
405,1.0471629405421596e-07,1.0984206599276616e-06,4.159670594578403e-08,0
406,5.084932007872211e-07,1.0984206599276616e-06,6.037779921277894e-08,0
407,2.133120854388755e-06,1.0984206599276616e-06,3.724914561124493e-08,0
408,6.338294319099522e-06,1.0984206599276616e-06,2.218568090047746e-08,0
409,1.3072622339744486e-05,1.0984206599276616e-06,2.077776602555132e-07,0
410,1.9099749909321965e-05,1.0984206599276616e-06,6.937500906780347e-07,0
411,2.0659663754529225e-05,1.0984206599276616e-06,1.1510362454707764e-06,0
412,1.7041923427036532e-05,1.0984206599276616e-06,1.1528765729634684e-06,0
413,1.0459673259432226e-05,1.0984206599276616e-06,8.315267405677734e-07,0
414,4.487233853377937e-06,1.0984206599276616e-06,4.788461466220634e-07,0
415,1.2681862624288182e-06,1.0984206599276616e-06,2.0279373757118167e-07,0
416,3.212453974430118e-09,1.0984206599276616e-06,1.520514602556988e-08,0
417,1.6664839348117565e-09,1.0984206599276616e-06,1.1723916065188244e-08,0
418,1.2236601733298119e-09,1.0984206599276616e-06,5.355269826670189e-09,0
419,4.695978621887345e-09,1.0984206599276616e-06,-1.699918621887345e-09,0
420,1.5497009207258744e-08,1.0984206599276616e-06,-1.3417089207258744e-08,1
421,3.439291548807821e-08,1.0984206599276616e-06,-3.107720548807821e-08,1
422,5.959248235792197e-08,1.0984206599276616e-06,-4.837088235792196e-08,1
423,1.211906374032886e-07,1.0984206599276616e-06,-5.246253740328861e-08,1
424,3.676555573302642e-07,1.0984206599276616e-06,-9.292557330264191e-09,0
425,1.1019591915382677e-06,1.0984206599276616e-06,1.3070080846173232e-07,0
426,2.5269909800072963e-06,1.0984206599276616e-06,1.982390199927034e-07,0
427,4.071801083439356e-06,1.0984206599276616e-06,-1.7387108343935638e-07,0
428,4.378157207925843e-06,1.0984206599276616e-06,-7.223172079258427e-07,0
429,3.056910578506114e-06,1.0984206599276616e-06,-7.803705785061136e-07,1
430,1.3836695054682049e-06,1.0984206599276616e-06,-4.29308505468205e-07,1
431,4.184415666071606e-07,1.0984206599276616e-06,-1.398355666071606e-07,1
432,9.704294189598822e-08,1.0984206599276616e-06,-3.5747841895988225e-08,1
433,2.342513575309193e-08,1.0984206599276616e-06,-1.0358735753091931e-08,1
434,6.083363303820154e-09,1.0984206599276616e-06,-1.1768733038201539e-09,0
435,1.9254731322488705e-09,1.0984206599276616e-06,1.95078686775113e-09,0
436,3.383743641849302e-09,1.0984206599276616e-06,4.667686358150698e-09,0
437,2.348861333885168e-08,1.0984206599276616e-06,1.5342886661148318e-08,0
438,1.4287627524301344e-07,1.0984206599276616e-06,4.8623724756986546e-08,0
439,6.028548032732488e-07,1.0984206599276616e-06,1.0814219672675113e-07,0
440,1.6902913352279698e-06,1.0984206599276616e-06,1.5984866477203037e-07,0
441,3.136434715144076e-06,1.0984206599276616e-06,2.200652848559239e-07,0
442,3.9727605414461765e-06,1.0984206599276616e-06,3.678394585538239e-07,0
443,3.644670538398253e-06,1.0984206599276616e-06,4.7659946160174647e-07,0
444,2.5273512850955783e-06,1.0984206599276616e-06,3.809187149044215e-07,0
445,1.2843738172015891e-06,1.0984206599276616e-06,2.1535618279841067e-07,0
446,4.414617039737796e-07,1.0984206599276616e-06,1.0554729602622036e-07,0
447,9.58358738957532e-08,1.0984206599276616e-06,4.157512610424679e-08,0
448,5.280236533739547e-11,1.0984206599276616e-06,6.626376346626046e-10,0
449,4.073234951274914e-11,1.0984206599276616e-06,3.8338265048725083e-10,0
450,2.828402613409544e-10,1.0984206599276616e-06,-9.107226134095437e-11,0
451,2.067831554849259e-09,1.0984206599276616e-06,-1.948026554849259e-09,1
452,8.2051377490703e-09,1.0984206599276616e-06,-7.9669907490703e-09,1
453,1.6960138577467655e-08,1.0984206599276616e-06,-1.6219625577467655e-08,1
454,1.989402705264453e-08,1.0984206599276616e-06,-1.6474967052644527e-08,1
455,2.4513080073989233e-08,1.0984206599276616e-06,-6.147280073989233e-09,0
456,6.760045567220099e-08,1.0984206599276616e-06,7.366744327799011e-09,0
457,2.0004705493487289e-07,1.0984206599276616e-06,9.149945065127104e-09,0
458,4.132649623251437e-07,1.0984206599276616e-06,-2.923996232514364e-08,0
459,5.470094382333325e-07,1.0984206599276616e-06,-8.925143823333255e-08,0
460,4.5623479854413004e-07,1.0984206599276616e-06,-1.0029879854413e-07,0
461,2.419822094956487e-07,1.0984206599276616e-06,-6.03842094956487e-08,0
462,8.523553891385595e-08,1.0984206599276616e-06,-2.329073891385594e-08,0
463,2.4750911855455826e-08,1.0984206599276616e-06,-9.982711855455826e-09,0
464,9.158365650775055e-09,1.0984206599276616e-06,-6.597335650775055e-09,1
465,3.3370636600819056e-09,1.0984206599276616e-06,-2.8747466600819056e-09,1
466,7.207101380523347e-10,1.0984206599276616e-06,-4.769901380523346e-10,0
467,1.158016651019053e-10,1.0984206599276616e-06,1.9394933489809468e-10,0
468,4.746372185209058e-10,1.0984206599276616e-06,1.2388727814790943e-09,0
469,4.607174814499247e-09,1.0984206599276616e-06,6.890225185500754e-09,0
470,2.969315694887728e-08,1.0984206599276616e-06,2.430204305112272e-08,0
471,1.1747529452302554e-07,1.0984206599276616e-06,5.334670547697445e-08,0
472,2.8409174244638876e-07,1.0984206599276616e-06,8.305025755361123e-08,0
473,4.321703450156355e-07,1.0984206599276616e-06,1.1707365498436451e-07,0
474,4.382993842608801e-07,1.0984206599276616e-06,1.5148861573911994e-07,0
475,3.258210280625148e-07,1.0984206599276616e-06,1.382739719374852e-07,1
476,1.8682554268637328e-07,1.0984206599276616e-06,8.056045731362673e-08,0
477,7.630002804574265e-08,1.0984206599276616e-06,3.473097195425735e-08,0
478,1.9744610422090607e-08,1.0984206599276616e-06,1.3182589577909392e-08,0
479,3.027996964872437e-09,1.0984206599276616e-06,3.903953035127563e-09,0
480,5.661516081270537e-13,1.0984206599276616e-06,6.698308391872947e-12,0
481,1.0323945523085251e-11,1.0984206599276616e-06,-6.9171155230852515e-12,0
482,1.3211916361831008e-10,1.0984206599276616e-06,-1.3030745361831007e-10,1
483,8.274044203794275e-10,1.0984206599276616e-06,-8.231702403794275e-10,1
484,2.5144662084369634e-09,1.0984206599276616e-06,-2.4914286084369634e-09,1
485,3.7247770855278336e-09,1.0984206599276616e-06,-3.565265085527834e-09,1
486,2.907958519065812e-09,1.0984206599276616e-06,-1.930709519065812e-09,1
487,2.828347879437971e-09,1.0984206599276616e-06,1.2235421205620283e-09,0
488,9.126623450224685e-09,1.0984206599276616e-06,2.6941765497753146e-09,0
489,2.4932666568197495e-08,1.0984206599276616e-06,1.090533431802507e-09,0
490,3.9500125773223264e-08,1.0984206599276616e-06,1.308474226776733e-09,0
491,3.646828889029769e-08,1.0984206599276616e-06,5.676811109702309e-09,0
492,2.061361994767424e-08,1.0984206599276616e-06,7.689680052325763e-09,0
493,7.586367844845796e-09,1.0984206599276616e-06,5.309732155154206e-09,0
494,2.1771912588724187e-09,1.0984206599276616e-06,2.107958741127581e-09,0
495,8.703848827443966e-10,1.0984206599276616e-06,1.5092511725560342e-10,0
496,4.438637337897988e-10,1.0984206599276616e-06,-2.9097273378979874e-10,0
497,1.417018178945611e-10,1.0984206599276616e-06,-1.221041178945611e-10,1
498,2.291479413752236e-11,1.0984206599276616e-06,-7.906994137522358e-12,0
499,5.5287497677315814e-12,1.0984206599276616e-06,7.916535023226841e-11,0
500,6.701865690772893e-11,1.0984206599276616e-06,6.289393430922712e-10,0
501,7.204355809122905e-10,1.0984206599276616e-06,3.15127441908771e-09,1
502,4.352272457696624e-09,1.0984206599276616e-06,9.759927542303377e-09,1
503,1.4740272560594114e-08,1.0984206599276616e-06,1.9557827439405885e-08,1
504,2.855292795644108e-08,1.0984206599276616e-06,2.8494472043558923e-08,1
505,3.3078565555621385e-08,1.0984206599276616e-06,3.387113444437861e-08,1
506,2.5445307785442914e-08,1.0984206599276616e-06,3.185489221455708e-08,1
507,1.50269542802446e-08,1.0984206599276616e-06,2.0985145719755397e-08,1
508,6.8525332383783104e-09,1.0984206599276616e-06,9.26616676162169e-09,1
509,2.0668702124595296e-09,1.0984206599276616e-06,3.010049787540471e-09,0
510,3.650210828685081e-10,1.0984206599276616e-06,8.18138917131492e-10,0
511,3.61328800568414e-11,1.0984206599276616e-06,1.711171199431586e-10,0
512,5.319476396395192e-13,1.0984206599276616e-06,2.610002360360481e-12,0
513,4.4438011252580795e-12,1.0984206599276616e-06,1.243189887474192e-11,0
514,2.3741049885084614e-11,1.0984206599276616e-06,3.3525750114915383e-11,0
515,8.025907715089575e-11,1.0984206599276616e-06,5.848892284910424e-11,0
516,1.5516645542580168e-10,1.0984206599276616e-06,1.0682654457419828e-10,0
517,1.5821891073437803e-10,1.0984206599276616e-06,3.2263308926562193e-10,0
518,1.0148852595398024e-10,1.0984206599276616e-06,1.39868147404602e-09,0
519,1.9044031590323863e-10,1.0984206599276616e-06,4.6765996840967604e-09,0
520,6.789986773824902e-10,1.0984206599276616e-06,9.204041322617511e-09,0
521,1.3886619384727806e-09,1.0984206599276616e-06,1.144183806152722e-08,0
522,1.504888034676544e-09,1.0984206599276616e-06,9.624411965323455e-09,0
523,8.998307155147253e-10,1.0984206599276616e-06,5.388989284485274e-09,0
524,3.1815764090535874e-10,1.0984206599276616e-06,2.228082359094641e-09,0
525,7.49049943783427e-11,1.0984206599276616e-06,8.876800056216573e-10,0
526,1.899444073929839e-11,1.0984206599276616e-06,3.1706355926070167e-10,0
527,1.0599926434790883e-11,1.0984206599276616e-06,9.236707356520912e-11,0
528,8.059807561966807e-12,1.0984206599276616e-06,1.1271919243803318e-10,0
529,1.1350183024076087e-11,1.0984206599276616e-06,2.551418169759239e-10,0
530,2.3567499983068395e-11,1.0984206599276616e-06,4.582805000169316e-10,0
531,4.4635580459347684e-11,1.0984206599276616e-06,1.3197244195406525e-09,0
532,9.85843494468864e-11,1.0984206599276616e-06,4.629915650553114e-09,0
533,2.4950734077763817e-10,1.0984206599276616e-06,1.0749892659222362e-08,0
534,5.719045534197073e-10,1.0984206599276616e-06,1.5608595446580292e-08,1
535,1.1130359757454166e-09,1.0984206599276616e-06,1.6355864024254584e-08,1
536,1.4735533152509605e-09,1.0984206599276616e-06,1.4078946684749039e-08,1
537,1.1589574594055727e-09,1.0984206599276616e-06,1.0188142540594429e-08,1
538,5.896210311760023e-10,1.0984206599276616e-06,5.775528968823997e-09,1
539,2.396499618243413e-10,1.0984206599276616e-06,2.2829700381756583e-09,1
540,7.796193295411596e-11,1.0984206599276616e-06,6.164280670458841e-10,1
541,1.6373168394299547e-11,1.0984206599276616e-06,1.2698683160570045e-10,0
542,1.937779469984e-12,1.0984206599276616e-06,2.3548520530016e-11,0
543,1.33784330055575e-13,1.0984206599276616e-06,4.7851656699444246e-12,0
544,9.8153697905994e-11,1.0984206599276616e-06,1.93620302094006e-10,0
545,4.5291903835035824e-10,1.0984206599276616e-06,6.430209616496418e-10,0
546,1.0677344110289879e-09,1.0984206599276616e-06,1.6043355889710124e-09,0
547,1.314601532039687e-09,1.0984206599276616e-06,3.1985884679603126e-09,0
548,8.988808847572457e-10,1.0984206599276616e-06,4.473319115242755e-09,0
549,3.912712487878301e-10,1.0984206599276616e-06,4.77984875121217e-09,0
550,1.2587919926874958e-10,1.0984206599276616e-06,6.7271508007312505e-09,0
551,3.2696714987533475e-11,1.0984206599276616e-06,1.2448203285012465e-08,0
552,1.6169581837706716e-11,1.0984206599276616e-06,1.7045030418162293e-08,0
553,1.7950508648786017e-11,1.0984206599276616e-06,1.5040149491351215e-08,0
554,1.320525059872671e-11,1.0984206599276616e-06,8.523214749401273e-09,0
555,5.516680980447363e-12,1.0984206599276616e-06,3.0361933190195527e-09,0
556,3.656091998355147e-12,1.0984206599276616e-06,7.642739080016448e-10,0
557,1.5287423738730818e-11,1.0984206599276616e-06,3.7275957626126916e-10,0
558,6.756846014075404e-11,1.0984206599276616e-06,6.577085398592458e-10,0
559,2.368975685337626e-10,1.0984206599276616e-06,1.7760224314662375e-09,0
560,6.312861448581171e-10,1.0984206599276616e-06,4.3046938551418824e-09,0
561,1.3638698916067085e-09,1.0984206599276616e-06,7.458370108393291e-09,0
562,2.409716722628304e-09,1.0984206599276616e-06,1.2389083277371695e-08,0
563,3.316504302724388e-09,1.0984206599276616e-06,2.8775695697275617e-08,1
564,4.2744709721852226e-09,1.0984206599276616e-06,6.048542902781477e-08,1
565,5.21148770260056e-09,1.0984206599276616e-06,8.205361229739946e-08,1
566,4.232838095873077e-09,1.0984206599276616e-06,7.105666190412691e-08,1
567,1.865762861700608e-09,1.0984206599276616e-06,4.56995371382994e-08,1
568,4.42299118470336e-10,1.0984206599276616e-06,2.6225100881529668e-08,1
569,6.80589148355469e-11,1.0984206599276616e-06,1.4149641085164452e-08,0
570,9.591213705773106e-12,1.0984206599276616e-06,6.568428786294227e-09,0
571,1.4178740698763318e-12,1.0984206599276616e-06,2.500022125930124e-09,0
572,3.956285182555365e-13,1.0984206599276616e-06,8.222053714817446e-10,0
573,1.2464795796663869e-12,1.0984206599276616e-06,2.555725204203336e-10,0
574,4.123919404368243e-12,1.0984206599276616e-06,1.564140805956317e-10,0
575,6.9519007678069185e-12,1.0984206599276616e-06,1.5857209923219307e-10,0
576,4.194474013067932e-09,1.0984206599276616e-06,2.800145986932069e-09,0
577,1.4115214436062983e-08,1.0984206599276616e-06,6.973785563937018e-09,0
578,2.535288006129478e-08,1.0984206599276616e-06,1.6583319938705225e-08,0
579,2.5917645903387684e-08,1.0984206599276616e-06,3.109695409661232e-08,0
580,1.6973890389728682e-08,1.0984206599276616e-06,3.7473709610271315e-08,1
581,8.056668608106361e-09,1.0984206599276616e-06,3.341203139189364e-08,1
582,2.7837932441021888e-09,1.0984206599276616e-06,3.0200006755897815e-08,0
583,6.359562916508485e-10,1.0984206599276616e-06,3.103284370834915e-08,0
584,8.805834368803574e-11,1.0984206599276616e-06,2.9125541656311966e-08,0
585,7.151952913662628e-12,1.0984206599276616e-06,2.1433748047086338e-08,0
586,4.285141302762238e-12,1.0984206599276616e-06,1.2207614858697238e-08,0
587,5.2652476396719714e-11,1.0984206599276616e-06,6.090117523603282e-09,0
588,3.823546732904242e-10,1.0984206599276616e-06,4.5784153267095765e-09,0
589,1.6927174006576079e-09,1.0984206599276616e-06,7.091602599342393e-09,0
590,5.356020641954804e-09,1.0984206599276616e-06,1.5321579358045196e-08,0
591,1.3372812515487663e-08,1.0984206599276616e-06,3.372498748451234e-08,0
592,2.683177681389696e-08,1.0984206599276616e-06,6.159972318610303e-08,0
593,4.548516219236343e-08,1.0984206599276616e-06,9.305083780763657e-08,0
594,6.327873143418697e-08,1.0984206599276616e-06,1.5982626856581304e-07,1
595,6.682394787060101e-08,1.0984206599276616e-06,3.12763052129399e-07,1
596,5.5583194178225074e-08,1.0984206599276616e-06,4.6569180582177487e-07,1
597,3.791676024710278e-08,1.0984206599276616e-06,4.5034423975289717e-07,1
598,1.937183849216573e-08,1.0984206599276616e-06,2.8852416150783426e-07,1
599,7.02858021223729e-09,1.0984206599276616e-06,1.406574197877627e-07,1
600,2.074781409506712e-09,1.0984206599276616e-06,6.652921859049328e-08,0
601,5.091314503995567e-10,1.0984206599276616e-06,3.4918868549600445e-08,0
602,8.09252435075692e-11,1.0984206599276616e-06,1.879967475649243e-08,0
603,1.4185274830831215e-11,1.0984206599276616e-06,9.217574725169167e-09,0
604,6.159381728304235e-11,1.0984206599276616e-06,4.0239961827169575e-09,0
605,2.819373916235397e-10,1.0984206599276616e-06,2.6724926083764603e-09,0
606,6.764106782009066e-10,1.0984206599276616e-06,3.3990093217990935e-09,0
607,8.30642420612399e-10,1.0984206599276616e-06,3.6702675793876005e-09,0
608,5.1992043910126516e-08,1.0984206599276616e-06,3.0343756089873477e-08,1
609,1.3614696398993678e-07,1.0984206599276616e-06,8.322303601006323e-08,1
610,2.077596391898846e-07,1.0984206599276616e-06,1.6806236081011538e-07,1
611,2.0226553682224138e-07,1.0984206599276616e-06,2.3133646317775859e-07,1
612,1.3853052965340804e-07,1.0984206599276616e-06,2.1963747034659194e-07,1
613,6.979027154813793e-08,1.0984206599276616e-06,1.6479372845186207e-07,0
614,2.4637307206480953e-08,1.0984206599276616e-06,1.1458469279351904e-07,0
615,5.4907118043842915e-09,1.0984206599276616e-06,7.970658819561572e-08,0
616,7.023431119713127e-10,1.0984206599276616e-06,5.365205688802869e-08,0
617,6.034247637045236e-11,1.0984206599276616e-06,3.525955752362955e-08,0
618,2.252793089922356e-10,1.0984206599276616e-06,2.7836520691007763e-08,0
619,2.2300819855001228e-09,1.0984206599276616e-06,3.3099118014499876e-08,0
620,1.2626112913583788e-08,1.0984206599276616e-06,5.164658708641622e-08,0
621,4.5628584867741385e-08,1.0984206599276616e-06,8.857141513225861e-08,1
622,1.2009843381136606e-07,1.0984206599276616e-06,1.5430656618863394e-07,0
623,2.4850801336058355e-07,1.0984206599276616e-06,2.5440498663941647e-07,0
624,4.1643301192721245e-07,1.0984206599276616e-06,3.8206898807278757e-07,0
625,5.762417544373191e-07,1.0984206599276616e-06,5.722882455626807e-07,0
626,6.463714056519416e-07,1.0984206599276616e-06,9.886185943480584e-07,1
627,5.672030676008947e-07,1.0984206599276616e-06,1.5747369323991055e-06,1
628,3.814381240653721e-07,1.0984206599276616e-06,1.779631875934628e-06,1
629,1.9945446814770805e-07,1.0984206599276616e-06,1.3211255318522919e-06,1
630,8.851328074467332e-08,1.0984206599276616e-06,6.756147192553267e-07,1
631,3.63186124889128e-08,1.0984206599276616e-06,2.984723875110872e-07,1
632,1.2235509990811569e-08,1.0984206599276616e-06,1.570354900091884e-07,0
633,2.677052202874364e-09,1.0984206599276616e-06,9.978694779712563e-08,0
634,4.569296308406221e-10,1.0984206599276616e-06,6.346387036915937e-08,0
635,9.664997010883828e-10,1.0984206599276616e-06,3.6055100298911614e-08,0
636,4.647084081617282e-09,1.0984206599276616e-06,2.200331591838272e-08,0
637,1.3944727738844264e-08,1.0984206599276616e-06,2.343717226115574e-08,0
638,2.3439577144317206e-08,1.0984206599276616e-06,3.394082285568279e-08,0
639,2.1487334601136788e-08,1.0984206599276616e-06,3.850336539886321e-08,0
640,3.116762820837571e-07,1.0984206599276616e-06,2.3353571791624288e-07,1
641,6.921749821041522e-07,1.0984206599276616e-06,5.391850178958479e-07,1
642,9.583005909352506e-07,1.0984206599276616e-06,8.030594090647493e-07,1
643,8.839842743462423e-07,1.0984206599276616e-06,8.249057256537577e-07,1
644,5.779542621787339e-07,1.0984206599276616e-06,6.348757378212659e-07,0
645,2.7052402684227967e-07,1.0984206599276616e-06,4.166759731577203e-07,0
646,8.440091212026061e-08,1.0984206599276616e-06,2.6041008787973936e-07,0
647,1.5887450255465428e-08,1.0984206599276616e-06,1.5632154974453457e-07,0
648,1.696660069274324e-09,1.0984206599276616e-06,9.600343993072569e-08,0
649,3.32101373840137e-10,1.0984206599276616e-06,8.109049862615987e-08,0
650,3.0389387425219178e-09,1.0984206599276616e-06,1.237920612574781e-07,0
651,2.3839468023620208e-08,1.0984206599276616e-06,2.397065319763798e-07,0
652,1.1786514641536453e-07,1.0984206599276616e-06,4.2353785358463547e-07,1
653,4.0145782870741095e-07,1.0984206599276616e-06,6.342421712925889e-07,1
654,1.0147623325116462e-06,1.0984206599276616e-06,7.897576674883538e-07,0
655,1.9748958752789524e-06,1.0984206599276616e-06,8.514441247210478e-07,0
656,2.9736564659839227e-06,1.0984206599276616e-06,9.549335340160774e-07,0
657,3.469973871812162e-06,1.0984206599276616e-06,1.4430161281878385e-06,0
658,3.2352689597812527e-06,1.0984206599276616e-06,2.4394110402187477e-06,1
659,2.4686699842643574e-06,1.0984206599276616e-06,3.2371500157356428e-06,1
660,1.5063327991233269e-06,1.0984206599276616e-06,2.9273072008766738e-06,1
661,7.323682713548226e-07,1.0984206599276616e-06,1.772081728645177e-06,1
662,3.00309759797388e-07,1.0984206599276616e-06,8.279902402026121e-07,1
663,1.0481834028606217e-07,1.0984206599276616e-06,4.437096597139379e-07,0
664,2.775391244612639e-08,1.0984206599276616e-06,3.2107808755387364e-07,0
665,6.0767959716547256e-09,1.0984206599276616e-06,2.489272040283453e-07,0
666,7.661635246810191e-09,1.0984206599276616e-06,1.7896236475318983e-07,0
667,3.253968791456138e-08,1.0984206599276616e-06,1.104263120854386e-07,0
668,1.026100507515292e-07,1.0984206599276616e-06,6.888894924847079e-08,0
669,2.0561255718145196e-07,1.0984206599276616e-06,9.063444281854803e-08,0
670,2.493076258735791e-07,1.0984206599276616e-06,1.6536937412642095e-07,0
671,1.817750031334727e-07,1.0984206599276616e-06,1.850719968665273e-07,0
672,9.98501269939031e-07,1.0984206599276616e-06,7.008387300609692e-07,1
673,1.9628496620657857e-06,1.0984206599276616e-06,1.2528503379342143e-06,1
674,2.413231003041693e-06,1.0984206599276616e-06,1.4755289969583066e-06,1
675,1.945602378375706e-06,1.0984206599276616e-06,1.3165876216242939e-06,1
676,1.0719392176465747e-06,1.0984206599276616e-06,9.71260782353425e-07,0
677,4.045794952266199e-07,1.0984206599276616e-06,6.314705047733801e-07,0
678,1.0009878562397318e-07,1.0984206599276616e-06,3.684772143760268e-07,0
679,1.5431953359726042e-08,1.0984206599276616e-06,2.0439104664027395e-07,0
680,1.884688389008185e-09,1.0984206599276616e-06,1.504653116109918e-07,0
681,3.4674963531228466e-09,1.0984206599276616e-06,2.2304550364687715e-07,0
682,2.098938178602024e-08,1.0984206599276616e-06,4.834666182139797e-07,1
683,1.1648078933570075e-07,1.0984206599276616e-06,9.828992106642992e-07,1
684,5.113486105800045e-07,1.0984206599276616e-06,1.6461713894199957e-06,1
685,1.6607142854125132e-06,1.0984206599276616e-06,2.130755714587487e-06,1
686,3.98425063331522e-06,1.0984206599276616e-06,1.9782293666847804e-06,1
687,7.09708011229776e-06,1.0984206599276616e-06,1.2281798877022402e-06,0
688,9.33359567719548e-06,1.0984206599276616e-06,7.224043228045198e-07,0
689,9.268698094793547e-06,1.0984206599276616e-06,1.2234019052064537e-06,0
690,7.421439793007636e-06,1.0984206599276616e-06,2.2288302069923637e-06,1
691,4.952745430987632e-06,1.0984206599276616e-06,2.6158645690123696e-06,1
692,2.6585403306811767e-06,1.0984206599276616e-06,2.0248396693188235e-06,1
693,1.1274578793684617e-06,1.0984206599276616e-06,1.1455221206315383e-06,1
694,3.923707036274026e-07,1.0984206599276616e-06,6.659792963725974e-07,0
695,1.1600774823770245e-07,1.0984206599276616e-06,5.417532517622975e-07,0
696,3.3086279340863914e-08,1.0984206599276616e-06,4.992467206591361e-07,0
697,2.6278251881761688e-08,1.0984206599276616e-06,4.3640774811823835e-07,0
698,9.21627351894705e-08,1.0984206599276616e-06,3.0658026481052947e-07,0
699,3.3088431662771594e-07,1.0984206599276616e-06,7.637068337228403e-08,0
700,7.998751004545159e-07,1.0984206599276616e-06,-1.5373910045451583e-07,0
701,1.2256421074346034e-06,1.0984206599276616e-06,-1.478221074346032e-07,0
702,1.172234486846837e-06,1.0984206599276616e-06,1.1639551315316302e-07,0
703,7.035618555946101e-07,1.0984206599276616e-06,2.6640014440538996e-07,0
704,1.6054000996166368e-06,1.0984206599276616e-06,8.040899003833634e-07,0
705,2.7450025443959734e-06,1.0984206599276616e-06,1.2088574556040259e-06,0
706,2.8847840059513664e-06,1.0984206599276616e-06,1.397755994048634e-06,1
707,1.958865329769005e-06,1.0984206599276616e-06,1.3721746702309952e-06,1
708,8.937694993733034e-07,1.0984206599276616e-06,1.080880500626697e-06,1
709,2.773704513874339e-07,1.0984206599276616e-06,6.673605486125662e-07,1
710,5.888885644306903e-08,1.0984206599276616e-06,3.46748143556931e-07,1
711,9.695039640593574e-09,1.0984206599276616e-06,2.0185696035940645e-07,0
712,7.1814673372407796e-09,1.0984206599276616e-06,2.178185326627592e-07,0
713,2.774597968114588e-08,1.0984206599276616e-06,4.3203402031885413e-07,1
714,9.709587155047302e-08,1.0984206599276616e-06,9.512541284495269e-07,1
715,3.6157257001798937e-07,1.0984206599276616e-06,1.8209274299820105e-06,1
716,1.2890024388946693e-06,1.0984206599276616e-06,2.7452775611053315e-06,1
717,3.6342549255580917e-06,1.0984206599276616e-06,3.0330050744419094e-06,1
718,7.648646910014223e-06,1.0984206599276616e-06,2.288793089985775e-06,1
719,1.1793645643157885e-05,1.0984206599276616e-06,1.0732543568421155e-06,0
720,1.3319594202700431e-05,1.0984206599276616e-06,4.523057972995698e-07,0
721,1.1584805175769894e-05,1.0984206599276616e-06,6.126948242301058e-07,0
722,8.376009929120305e-06,1.0984206599276616e-06,8.392000708796954e-07,1
723,5.0646985864508e-06,1.0984206599276616e-06,7.827714135492e-07,0
724,2.402325617881067e-06,1.0984206599276616e-06,5.822943821189328e-07,0
725,8.632072357025694e-07,1.0984206599276616e-06,4.469127642974307e-07,0
726,2.458792220457002e-07,1.0984206599276616e-06,4.3986577795429984e-07,0
727,6.746921066050559e-08,1.0984206599276616e-06,4.848617893394944e-07,0
728,3.6953051848401276e-08,1.0984206599276616e-06,5.060959481515987e-07,0
729,9.000017406245074e-08,1.0984206599276616e-06,4.446328259375492e-07,0
730,3.714411705786731e-07,1.0984206599276616e-06,1.628208294213269e-07,0
731,1.1455384289821495e-06,1.0984206599276616e-06,-4.494974289821494e-07,0
732,2.3000389667692784e-06,1.0984206599276616e-06,-1.1343989667692784e-06,1
733,2.9304093984175025e-06,1.0984206599276616e-06,-1.2273993984175026e-06,1
734,2.3450237493422827e-06,1.0984206599276616e-06,-5.808837493422825e-07,0
735,1.186136095502427e-06,1.0984206599276616e-06,-4.076095502427006e-09,0
736,1.3914732229127079e-06,1.0984206599276616e-06,4.0211677708729216e-07,0
737,2.1065269519671267e-06,1.0984206599276616e-06,6.230530480328729e-07,0
738,1.977704712479514e-06,1.0984206599276616e-06,8.977052875204858e-07,0
739,1.2254760959880266e-06,1.0984206599276616e-06,1.0193339040119733e-06,0
740,5.254759419939741e-07,1.0984206599276616e-06,8.05524058006026e-07,1
741,1.6325521374638073e-07,1.0984206599276616e-06,4.6026478625361926e-07,1
742,4.1454922914098407e-08,1.0984206599276616e-06,2.3420907708590163e-07,1
743,1.230360455898485e-08,1.0984206599276616e-06,1.6461539544101514e-07,0
744,1.9230421103822115e-08,1.0984206599276616e-06,2.1958457889617787e-07,0
745,6.306344496531366e-08,1.0984206599276616e-06,4.3235155503468627e-07,1
746,1.8898673713016074e-07,1.0984206599276616e-06,8.815132628698392e-07,1
747,6.149461054108442e-07,1.0984206599276616e-06,1.517683894589156e-06,1
748,1.8789221190027992e-06,1.0984206599276616e-06,1.9702478809972007e-06,1
749,4.579005110253754e-06,1.0984206599276616e-06,1.9195148897462455e-06,1
750,8.338636947201393e-06,1.0984206599276616e-06,1.6044330527986075e-06,0
751,1.1027992486334712e-05,1.0984206599276616e-06,1.4364075136652884e-06,0
752,1.0824628310692801e-05,1.0984206599276616e-06,1.2414716893071985e-06,0
753,8.532826127561548e-06,1.0984206599276616e-06,7.081438724384522e-07,0
754,5.766675491488165e-06,1.0984206599276616e-06,1.333645085118356e-07,0
755,3.2225903430815575e-06,1.0984206599276616e-06,-9.265034308155736e-08,0
756,1.3666733771844851e-06,1.0984206599276616e-06,-1.928337718448517e-08,0
757,4.2300085995908186e-07,1.0984206599276616e-06,1.182781400409181e-07,0
758,1.0122811217172748e-07,1.0984206599276616e-06,2.1964288782827253e-07,0
759,2.6024186902491508e-08,1.0984206599276616e-06,2.8840081309750853e-07,0
760,3.138565467465068e-08,1.0984206599276616e-06,3.2255434532534935e-07,0
761,1.4769785026336686e-07,1.0984206599276616e-06,2.507751497366331e-07,0
762,5.836290856518649e-07,1.0984206599276616e-06,-1.005720856518648e-07,0
763,1.5383082147089423e-06,1.0984206599276616e-06,-8.229722147089422e-07,1
764,2.6503562455524133e-06,1.0984206599276616e-06,-1.5310962455524134e-06,1
765,2.9232085627615887e-06,1.0984206599276616e-06,-1.4762185627615889e-06,1
766,2.0498313450660054e-06,1.0984206599276616e-06,-6.875013450660054e-07,1
767,9.294909101247305e-07,1.0984206599276616e-06,-7.736291012473049e-08,0
768,1.0334691160765192e-06,1.0984206599276616e-06,-6.352311607651916e-08,0
769,1.5736668558415971e-06,1.0984206599276616e-06,-8.077685584159726e-08,0
770,1.5240785611399745e-06,1.0984206599276616e-06,9.19314388600254e-08,0
771,9.690841334321866e-07,1.0984206599276616e-06,3.1340586656781334e-07,0
772,4.141456264518707e-07,1.0984206599276616e-06,3.455223735481294e-07,0
773,1.313390091740797e-07,1.0984206599276616e-06,2.3108899082592034e-07,0
774,3.962147859547134e-08,1.0984206599276616e-06,1.3379252140452866e-07,0
775,1.7652100304018525e-08,1.0984206599276616e-06,1.0212389969598148e-07,0
776,2.3592686388742536e-08,1.0984206599276616e-06,1.2804531361125747e-07,0
777,6.334741227452525e-08,1.0984206599276616e-06,2.1589858772547475e-07,1
778,2.0666561193379636e-07,1.0984206599276616e-06,3.6934438806620365e-07,1
779,6.925243769009306e-07,1.0984206599276616e-06,4.915556230990693e-07,1
780,1.9593349387275534e-06,1.0984206599276616e-06,4.2971506127244666e-07,0
781,4.255697978156874e-06,1.0984206599276616e-06,2.985420218431269e-07,0
782,6.742873069735773e-06,1.0984206599276616e-06,4.5330693026422675e-07,0
783,7.72182954315679e-06,1.0984206599276616e-06,7.244304568432117e-07,0
784,6.6827663409091925e-06,1.0984206599276616e-06,5.339636590908077e-07,0
785,4.729613471122738e-06,1.0984206599276616e-06,2.0176528877262512e-08,0
786,2.872473706464505e-06,1.0984206599276616e-06,-2.9138370646450467e-07,0
787,1.4521299543319432e-06,1.0984206599276616e-06,-2.810499543319432e-07,0
788,5.821180417476754e-07,1.0984206599276616e-06,-1.3522604174767536e-07,0
789,1.8509374015627442e-07,1.0984206599276616e-06,-5.664740156274404e-09,0
790,4.7207740093834414e-08,1.0984206599276616e-06,7.58692599061656e-08,0
791,1.1498221689047769e-08,1.0984206599276616e-06,1.2161177831095223e-07,0
792,2.2723104378708243e-08,1.0984206599276616e-06,1.4402989562129177e-07,0
793,1.1581247692639051e-07,1.0984206599276616e-06,1.0860952307360949e-07,0
794,4.0716111469777173e-07,1.0984206599276616e-06,-8.291011469777175e-08,0
795,9.571182072788127e-07,1.0984206599276616e-06,-4.559922072788127e-07,1
796,1.4745472169475046e-06,1.0984206599276616e-06,-7.416782169475046e-07,1
797,1.4651311850168957e-06,1.0984206599276616e-06,-5.862311850168957e-07,0
798,9.56342498279301e-07,1.0984206599276616e-06,-1.6476849827930093e-07,0
799,4.367469862516719e-07,1.0984206599276616e-06,4.8152013748328106e-08,0
800,1.1597225276999516e-06,1.0984206599276616e-06,-5.469355276999515e-07,1
801,1.8805406177760068e-06,1.0984206599276616e-06,-9.142686177760068e-07,1
802,1.8621656056003623e-06,1.0984206599276616e-06,-8.311056056003622e-07,1
803,1.1517344779839886e-06,1.0984206599276616e-06,-3.717214779839886e-07,0
804,4.819651735920754e-07,1.0984206599276616e-06,-4.593917359207536e-08,0
805,1.6479188673860767e-07,1.0984206599276616e-06,3.2408113261392324e-08,0
806,6.225356035358485e-08,1.0984206599276616e-06,3.075653964641515e-08,0
807,3.602943426639695e-08,1.0984206599276616e-06,3.0658165733603065e-08,0
808,3.256242930675629e-08,1.0984206599276616e-06,4.306437069324372e-08,0
809,5.12617491270024e-08,1.0984206599276616e-06,6.77152508729976e-08,0
810,1.640951453314639e-07,1.0984206599276616e-06,7.673385466853608e-08,0
811,5.651339233942028e-07,1.0984206599276616e-06,-9.804923394202846e-09,0
812,1.5100691094694098e-06,1.0984206599276616e-06,-2.200591094694098e-07,0
813,2.9503044068574883e-06,1.0984206599276616e-06,-3.828444068574886e-07,0
814,4.126673307209312e-06,1.0984206599276616e-06,-3.328633072093118e-07,0
815,4.192071263092414e-06,1.0984206599276616e-06,-2.7115126309241465e-07,0
816,3.2814412703110775e-06,1.0984206599276616e-06,-3.923312703110777e-07,0
817,2.15662591435092e-06,1.0984206599276616e-06,-5.1486591435092e-07,1
818,1.2624878708755907e-06,1.0984206599276616e-06,-4.751018708755907e-07,1
819,6.559508828057623e-07,1.0984206599276616e-06,-3.2056688280576226e-07,1
820,2.882398134569828e-07,1.0984206599276616e-06,-1.507648134569828e-07,1
821,1.002785592290036e-07,1.0984206599276616e-06,-3.16539592290036e-08,0
822,2.578261159869901e-08,1.0984206599276616e-06,2.5771688401300994e-08,0
823,5.577520610511375e-09,1.0984206599276616e-06,4.7119379389488624e-08,0
824,9.776633501338154e-09,1.0984206599276616e-06,5.7301166498661847e-08,0
825,4.6706247779655524e-08,1.0984206599276616e-06,5.724875222034448e-08,0
826,1.54382845331663e-07,1.0984206599276616e-06,1.4628154668336994e-08,0
827,3.3819680138494925e-07,1.0984206599276616e-06,-7.156880138494925e-08,0
828,4.95454077065005e-07,1.0984206599276616e-06,-1.1063207706500506e-07,0
829,5.175217782144124e-07,1.0984206599276616e-06,-4.9477778214412444e-08,0
830,4.3660699691575966e-07,1.0984206599276616e-06,8.825003084240324e-09,0
831,3.0797688837366977e-07,1.0984206599276616e-06,-1.1507888373669793e-08,0
832,1.5127448506677368e-06,1.0984206599276616e-06,-9.942188506677367e-07,1
833,2.3227110810864216e-06,1.0984206599276616e-06,-1.5277390810864215e-06,1
834,2.186366785265727e-06,1.0984206599276616e-06,-1.393338785265727e-06,1
835,1.3351457731183435e-06,1.0984206599276616e-06,-7.952477731183434e-07,1
836,5.821694082623963e-07,1.0984206599276616e-06,-3.190474082623963e-07,1
837,2.092315448601407e-07,1.0984206599276616e-06,-1.072495448601407e-07,1
838,7.394861226281924e-08,1.0984206599276616e-06,-3.0876812262819235e-08,0
839,3.2236535664023446e-08,1.0984206599276616e-06,-2.056035664023442e-09,0
840,1.8725073820661527e-08,1.0984206599276616e-06,1.638202617933847e-08,0
841,2.221661140223532e-08,1.0984206599276616e-06,3.608368859776469e-08,0
842,8.374786674921282e-08,1.0984206599276616e-06,3.7374133250787166e-08,0
843,3.02779358426836e-07,1.0984206599276616e-06,-1.2892358426835978e-08,0
844,7.835799736090534e-07,1.0984206599276616e-06,-1.1781997360905352e-07,0
845,1.4333260622755557e-06,1.0984206599276616e-06,-2.3834606227555583e-07,0
846,1.846014494077513e-06,1.0984206599276616e-06,-3.3934449407751317e-07,1
847,1.747126237946244e-06,1.0984206599276616e-06,-4.3026623794624397e-07,1
848,1.3735185273145919e-06,1.0984206599276616e-06,-5.245285273145919e-07,1
849,1.0288187145435816e-06,1.0984206599276616e-06,-5.768657145435816e-07,1
850,7.288617034734135e-07,1.0984206599276616e-06,-5.059327034734135e-07,1
851,4.2118664417101424e-07,1.0984206599276616e-06,-3.1002864417101424e-07,1
852,1.7439769829404758e-07,1.0984206599276616e-06,-1.1554509829404759e-07,1
853,4.9158038221223024e-08,1.0984206599276616e-06,-1.4323438221223025e-08,0
854,9.275380084911593e-09,1.0984206599276616e-06,1.6125719915088406e-08,0
855,1.3404410811722186e-09,1.0984206599276616e-06,2.1983458918827784e-08,0
856,1.911190817586215e-09,1.0984206599276616e-06,2.8687309182413786e-08,0
857,9.445697491848248e-09,1.0984206599276616e-06,4.001900250815175e-08,0
858,3.1600361785177404e-08,1.0984206599276616e-06,4.73425382148226e-08,0
859,7.555463939299906e-08,1.0984206599276616e-06,5.415536060700093e-08,0
860,1.5682799985972354e-07,1.0984206599276616e-06,4.9979000140276465e-08,0
861,2.971635085872263e-07,1.0984206599276616e-06,-8.671508587226292e-09,0
862,4.27270955531187e-07,1.0984206599276616e-06,-1.1235495553118706e-07,0
863,3.9198052289363324e-07,1.0984206599276616e-06,-1.5899252289363325e-07,0
864,1.486384182740791e-06,1.0984206599276616e-06,-1.008227182740791e-06,1
865,2.2366943979654977e-06,1.0984206599276616e-06,-1.5456113979654977e-06,1
866,2.1230919942093468e-06,1.0984206599276616e-06,-1.4876269942093468e-06,1
867,1.328855795878628e-06,1.0984206599276616e-06,-9.334757958786281e-07,1
868,5.969957831624406e-07,1.0984206599276616e-06,-4.164137831624406e-07,1
869,2.192351554246428e-07,1.0984206599276616e-06,-1.492741554246428e-07,1
870,6.926761786642629e-08,1.0984206599276616e-06,-4.0183017866426295e-08,1
871,1.7630274902386002e-08,1.0984206599276616e-06,8.172509761399791e-11,0
872,4.301865376932522e-09,1.0984206599276616e-06,1.648043462306748e-08,0
873,5.72850498778098e-09,1.0984206599276616e-06,3.158799501221902e-08,0
874,2.9128786987006833e-08,1.0984206599276616e-06,5.461541301299315e-08,0
875,1.1578297505520216e-07,1.0984206599276616e-06,9.137402494479782e-08,0
876,3.188776063955303e-07,1.0984206599276616e-06,1.0772039360446967e-07,0
877,5.834717426293153e-07,1.0984206599276616e-06,3.064725737068478e-08,0
878,7.214379832049988e-07,1.0984206599276616e-06,-1.2320198320499885e-07,0
879,6.964593739144421e-07,1.0984206599276616e-06,-2.7379637391444205e-07,1
880,6.580247264820275e-07,1.0984206599276616e-06,-4.069027264820275e-07,1
881,6.537912953362808e-07,1.0984206599276616e-06,-5.086912953362808e-07,1
882,5.646336877396133e-07,1.0984206599276616e-06,-4.789937877396133e-07,1
883,3.448680674799732e-07,1.0984206599276616e-06,-2.929748674799732e-07,1
884,1.3784323092138938e-07,1.0984206599276616e-06,-1.0678553092138937e-07,1
885,3.6378954763185284e-08,1.0984206599276616e-06,-1.7771354763185286e-08,0
886,6.627208416823375e-09,1.0984206599276616e-06,7.623191583176623e-09,0
887,9.961839397221272e-10,1.0984206599276616e-06,1.7552216060277872e-08,0
888,6.653774202030992e-10,1.0984206599276616e-06,2.87803225797969e-08,0
889,2.689700179369004e-09,1.0984206599276616e-06,3.7495299820631e-08,0
890,1.2549173085892914e-08,1.0984206599276616e-06,4.314892691410708e-08,0
891,4.772221234878873e-08,1.0984206599276616e-06,5.1276887651211275e-08,0
892,1.4255887153869e-07,1.0984206599276616e-06,4.275812846131003e-08,0
893,3.14404388755975e-07,1.0984206599276616e-06,-2.6195388755974955e-08,0
894,4.5795993477220154e-07,1.0984206599276616e-06,-1.2795393477220156e-07,0
895,4.015596159436208e-07,1.0984206599276616e-06,-1.4963561594362079e-07,0
896,1.235390277899305e-06,1.0984206599276616e-06,-7.88293277899305e-07,1
897,1.9212584478059708e-06,1.0984206599276616e-06,-1.2910914478059707e-06,1
898,1.8899313779115814e-06,1.0984206599276616e-06,-1.3157563779115813e-06,1
899,1.22520639450829e-06,1.0984206599276616e-06,-8.588983945082899e-07,1
900,5.651920465273482e-07,1.0984206599276616e-06,-3.8776704652734817e-07,1
901,2.047964979637018e-07,1.0984206599276616e-06,-1.3221179796370178e-07,1
902,5.967838402386745e-08,1.0984206599276616e-06,-3.078678402386745e-08,1
903,1.3036402055812117e-08,1.0984206599276616e-06,2.2863979441878833e-09,0
904,2.9620675091523423e-09,1.0984206599276616e-06,1.227613249084766e-08,0
905,5.226722725981213e-09,1.0984206599276616e-06,2.2021777274018787e-08,0
906,1.9395572876153632e-08,1.0984206599276616e-06,5.913112712384637e-08,0
907,6.519000575996152e-08,1.0984206599276616e-06,1.4925099424003847e-07,0
908,1.602350350530907e-07,1.0984206599276616e-06,2.322979649469093e-07,0
909,2.693331886843348e-07,1.0984206599276616e-06,1.7406381131566516e-07,0
910,3.5107270439556496e-07,1.0984206599276616e-06,-2.998770439556497e-08,0
911,4.3099859690296706e-07,1.0984206599276616e-06,-2.52484596902967e-07,1
912,5.259980221044869e-07,1.0984206599276616e-06,-4.1948802210448684e-07,1
913,5.696112301330599e-07,1.0984206599276616e-06,-4.925746301330599e-07,1
914,4.6727691327012856e-07,1.0984206599276616e-06,-4.101016132701286e-07,1
915,2.718859765141093e-07,1.0984206599276616e-06,-2.3304677651410928e-07,1
916,1.1731852444430196e-07,1.0984206599276616e-06,-9.570332444430196e-08,1
917,3.923166539476272e-08,1.0984206599276616e-06,-2.659846539476272e-08,0
918,1.0288794320517884e-08,1.0984206599276616e-06,6.017005679482116e-09,0
919,4.6746883780657034e-09,1.0984206599276616e-06,2.946231162193429e-08,0
920,7.2220954432693065e-09,1.0984206599276616e-06,5.7515704556730704e-08,0
921,1.6551188209873546e-08,1.0984206599276616e-06,7.929821179012645e-08,0
922,5.2533065137149837e-08,1.0984206599276616e-06,7.724493486285018e-08,0
923,1.4108453167192992e-07,1.0984206599276616e-06,6.518546832807006e-08,0
924,2.9799499014821703e-07,1.0984206599276616e-06,5.302400985178297e-08,0
925,5.001256941954297e-07,1.0984206599276616e-06,7.769305804570328e-09,0
926,6.028434092478543e-07,1.0984206599276616e-06,-5.444140924785426e-08,0
927,4.6727727489929207e-07,1.0984206599276616e-06,-6.444927489929206e-08,0
928,1.0535210981453494e-06,1.0984206599276616e-06,-5.336990981453495e-07,0
929,1.648775871170149e-06,1.0984206599276616e-06,-9.10650871170149e-07,1
930,1.612067023236766e-06,1.0984206599276616e-06,-9.369880232367659e-07,1
931,1.0428193716753329e-06,1.0984206599276616e-06,-6.117303716753329e-07,1
932,4.936458199471622e-07,1.0984206599276616e-06,-2.8482881994716224e-07,1
933,1.9026114019392347e-07,1.0984206599276616e-06,-1.0809194019392348e-07,1
934,6.11876288993207e-08,1.0984206599276616e-06,-3.188512889932069e-08,1
935,1.791288071194381e-08,1.0984206599276616e-06,-1.6701807119438072e-09,0
936,1.1722985290027256e-08,1.0984206599276616e-06,1.1512014709972746e-08,0
937,2.1285356105168305e-08,1.0984206599276616e-06,3.0920843894831694e-08,0
938,3.8919645417760815e-08,1.0984206599276616e-06,8.49563545822392e-08,0
939,6.78890570787504e-08,1.0984206599276616e-06,1.818469429212496e-07,0
940,1.155698522097485e-07,1.0984206599276616e-06,2.422231477902515e-07,0
941,1.95614887383086e-07,1.0984206599276616e-06,1.3943211261691398e-07,0
942,3.182821939724761e-07,1.0984206599276616e-06,-1.063321939724761e-07,0
943,4.5056333940137797e-07,1.0984206599276616e-06,-3.3908433940137795e-07,1
944,5.312170993238971e-07,1.0984206599276616e-06,-4.625632993238971e-07,1
945,5.12340036467001e-07,1.0984206599276616e-06,-4.59667536467001e-07,1
946,4.034948384416544e-07,1.0984206599276616e-06,-3.633804384416544e-07,1
947,2.5919396204047045e-07,1.0984206599276616e-06,-2.3416216204047045e-07,1
948,1.293273445890788e-07,1.0984206599276616e-06,-1.1614814458907881e-07,1
949,4.666138664992225e-08,1.0984206599276616e-06,-3.530968664992225e-08,1
950,1.6083473668502143e-08,1.0984206599276616e-06,8.618226331497856e-09,0
951,1.644423973229172e-08,1.0984206599276616e-06,5.078866026770828e-08,0
952,2.6694101366564622e-08,1.0984206599276616e-06,1.2392089863343537e-07,0
953,6.116977632567513e-08,1.0984206599276616e-06,1.9803822367432487e-07,0
954,1.80342067900112e-07,1.0984206599276616e-06,2.14464932099888e-07,0
955,4.3445047478150394e-07,1.0984206599276616e-06,2.1124052521849615e-07,0
956,8.160760327080276e-07,1.0984206599276616e-06,2.4169396729197245e-07,0
957,1.1797628565191082e-06,1.0984206599276616e-06,2.3613714348089185e-07,0
958,1.222326993697547e-06,1.0984206599276616e-06,1.5574300630245322e-07,0
959,8.410499575675433e-07,1.0984206599276616e-06,7.096604243245669e-08,0
960,1.0107611487793705e-06,1.0984206599276616e-06,-2.7895714877937046e-07,0
961,1.4150441845100798e-06,1.0984206599276616e-06,-4.354541845100798e-07,0
962,1.2394362409839314e-06,1.0984206599276616e-06,-4.1037224098393127e-07,0
963,7.573544019413896e-07,1.0984206599276616e-06,-2.6206740194138957e-07,0
964,3.785967995591896e-07,1.0984206599276616e-06,-1.4927879955918961e-07,0
965,1.7603045080793397e-07,1.0984206599276616e-06,-8.964205080793397e-08,1
966,8.076194202988054e-08,1.0984206599276616e-06,-4.760944202988054e-08,1
967,4.129663884054338e-08,1.0984206599276616e-06,-8.70243884054338e-09,0
968,3.1046171724114944e-08,1.0984206599276616e-06,3.657892827588506e-08,0
969,3.3607393805305226e-08,1.0984206599276616e-06,9.847160619469477e-08,0
970,4.3284770817036526e-08,1.0984206599276616e-06,1.7123822918296348e-07,0
971,7.786577245843781e-08,1.0984206599276616e-06,2.1911122754156223e-07,0
972,1.5504755344883526e-07,1.0984206599276616e-06,1.7639544655116478e-07,0
973,2.7156641484781963e-07,1.0984206599276616e-06,1.0111585152180383e-08,0
974,4.028598546160537e-07,1.0984206599276616e-06,-2.1298985461605368e-07,1
975,4.977457316250754e-07,1.0984206599276616e-06,-3.797627316250754e-07,1
976,5.035814760687032e-07,1.0984206599276616e-06,-4.2745227606870324e-07,1
977,4.4586166903499677e-07,1.0984206599276616e-06,-3.9608156903499677e-07,1
978,3.6374512503995106e-07,1.0984206599276616e-06,-3.3158112503995106e-07,1
979,2.5216285861608226e-07,1.0984206599276616e-06,-2.3000315861608226e-07,1
980,1.3163467840624475e-07,1.0984206599276616e-06,-1.1308347840624475e-07,1
981,5.1545387978934457e-08,1.0984206599276616e-06,-3.066418797893446e-08,1
982,2.2176039785532306e-08,1.0984206599276616e-06,1.8478960214467697e-08,0
983,2.222547478307696e-08,1.0984206599276616e-06,8.792352521692304e-08,0
984,5.520596338209958e-08,1.0984206599276616e-06,2.0900003661790043e-07,0
985,1.8297510219680623e-07,1.0984206599276616e-06,3.312448978031938e-07,0
986,5.159398911816884e-07,1.0984206599276616e-06,4.130271088183115e-07,0
987,1.1719689419137807e-06,1.0984206599276616e-06,5.258710580862194e-07,0
988,2.1464849488931257e-06,1.0984206599276616e-06,6.188850511068746e-07,0
989,2.9486693375464886e-06,1.0984206599276616e-06,5.077006624535106e-07,0
990,2.813207862388473e-06,1.0984206599276616e-06,2.486521376115266e-07,0
991,1.7673564529014404e-06,1.0984206599276616e-06,4.288354709855967e-08,0
992,6.759157971377712e-07,1.0984206599276616e-06,-2.9480797137771182e-08,0
993,7.603695571844293e-07,1.0984206599276616e-06,-2.468755718442927e-08,0
994,5.506297393117437e-07,1.0984206599276616e-06,-1.0827739311743596e-08,0
995,3.146548621302825e-07,1.0984206599276616e-06,-2.6404862130282488e-08,0
996,1.885978734540485e-07,1.0984206599276616e-06,-6.688987345404852e-08,0
997,1.250108761570271e-07,1.0984206599276616e-06,-8.06444761570271e-08,1
998,7.466492826880309e-08,1.0984206599276616e-06,-4.937022826880309e-08,1
999,3.966123108578217e-08,1.0984206599276616e-06,3.734768914217833e-09,0
1000,2.6102988907608262e-08,1.0984206599276616e-06,6.179791109239174e-08,0
1001,2.5398312239883496e-08,1.0984206599276616e-06,1.177906877601165e-07,0
1002,4.4290089440087846e-08,1.0984206599276616e-06,1.4948791055991216e-07,0
1003,9.746060196060221e-08,1.0984206599276616e-06,1.306753980393978e-07,0
1004,1.7493868539987904e-07,1.0984206599276616e-06,5.0290314600120974e-08,0
1005,2.6821846646566446e-07,1.0984206599276616e-06,-8.751146646566448e-08,0
1006,3.665247281782172e-07,1.0984206599276616e-06,-2.442957281782172e-07,1
1007,4.034604371097627e-07,1.0984206599276616e-06,-3.258146371097627e-07,1
1008,3.496845718562125e-07,1.0984206599276616e-06,-3.0161587185621254e-07,1
1009,2.815338143221032e-07,1.0984206599276616e-06,-2.515477143221032e-07,1
1010,2.2642530434359522e-07,1.0984206599276616e-06,-2.0540740434359523e-07,1
1011,1.5147731836593895e-07,1.0984206599276616e-06,-1.3410371836593894e-07,1
1012,7.547757822771954e-08,1.0984206599276616e-06,-5.9315578227719545e-08,1
1013,3.2869665172801535e-08,1.0984206599276616e-06,-1.3441565172801536e-08,0
1014,1.621404921680175e-08,1.0984206599276616e-06,2.496185078319825e-08,0
1015,2.1223178841034006e-08,1.0984206599276616e-06,8.639982115896599e-08,0
1016,7.391028889026576e-08,1.0984206599276616e-06,1.7412371110973422e-07,0
1017,2.4662190160842237e-07,1.0984206599276616e-06,2.718460983915777e-07,0
1018,6.733068921744692e-07,1.0984206599276616e-06,3.8681310782553075e-07,0
1019,1.4924076011434743e-06,1.0984206599276616e-06,5.014823988565259e-07,0
1020,2.567770734988789e-06,1.0984206599276616e-06,4.5757926501121104e-07,0
1021,3.1761912326739516e-06,1.0984206599276616e-06,2.030487673260488e-07,0
1022,2.653785081618508e-06,1.0984206599276616e-06,-4.131508161850801e-08,0
1023,1.428058603340778e-06,1.0984206599276616e-06,-1.2278860334077784e-07,0
