,V173A,max,diff,True
0,1.4293655470384046e-06,1.1041045874948324e-06,-1.4375547038404626e-08,0
1,1.9970948177435052e-06,1.1041045874948324e-06,1.354518225649487e-08,0
2,1.612806403105446e-06,1.1041045874948324e-06,2.8283596894554044e-08,0
3,8.545021075418601e-07,1.1041045874948324e-06,3.605289245813986e-08,0
4,3.66280833121284e-07,1.1041045874948324e-06,1.0727166878715984e-08,0
5,1.5442662950763835e-07,1.1041045874948324e-06,-1.2953629507638362e-08,0
6,7.025014891585626e-08,1.1041045874948324e-06,1.84251084143731e-10,0
7,4.1993424929333183e-08,1.1041045874948324e-06,5.3810675070666824e-08,0
8,3.095646085850392e-08,1.1041045874948324e-06,1.5951953914149607e-07,0
9,2.982993773908155e-08,1.1041045874948324e-06,3.0431406226091846e-07,0
10,5.1131541324536114e-08,1.1041045874948324e-06,4.5796245867546386e-07,0
11,9.882560227492283e-08,1.1041045874948324e-06,5.868473977250773e-07,0
12,1.8579396587931486e-07,1.1041045874948324e-06,6.124850341206851e-07,0
13,3.2466150712829924e-07,1.1041045874948324e-06,4.6564649287170074e-07,0
14,4.625084163296856e-07,1.1041045874948324e-06,2.1161958367031446e-07,0
15,4.910545589805493e-07,1.1041045874948324e-06,1.8355441019450675e-08,0
16,3.881435314439935e-07,1.1041045874948324e-06,-3.4047531443993556e-08,0
17,2.4355200671050193e-07,1.1041045874948324e-06,-1.0688006710501921e-08,0
18,1.3059592099597704e-07,1.1041045874948324e-06,1.0277079004022985e-08,0
19,6.245936278190426e-08,1.1041045874948324e-06,2.547733721809574e-08,0
20,2.7535701985507918e-08,1.1041045874948324e-06,5.512119801449207e-08,0
21,1.748250583493126e-08,1.1041045874948324e-06,9.910749416506874e-08,0
22,2.2981623348340214e-08,1.1041045874948324e-06,1.6483537665165982e-07,0
23,4.466812168656861e-08,1.1041045874948324e-06,2.7361987831343143e-07,1
24,1.7866320990845055e-07,1.1041045874948324e-06,4.3411479009154946e-07,1
25,8.402791537784085e-07,1.1041045874948324e-06,5.401208462215915e-07,1
26,2.9896526921763216e-06,1.1041045874948324e-06,2.4487730782367806e-07,0
27,7.460795750235342e-06,1.1041045874948324e-06,-6.103157502353418e-07,0
28,1.3062752022674464e-05,1.1041045874948324e-06,-1.2847520226744642e-06,0
29,1.6363034273105224e-05,1.1041045874948324e-06,-1.0968342731052239e-06,0
30,1.4844729560622839e-05,1.1041045874948324e-06,-6.809295606228371e-07,0
31,9.543247344691714e-06,1.1041045874948324e-06,-6.215873446917133e-07,0
32,4.145201184063657e-06,1.1041045874948324e-06,-2.61851184063657e-07,0
33,4.940161362207912e-06,1.1041045874948324e-06,-1.6115136220791165e-07,0
34,3.4775179936896857e-06,1.1041045874948324e-06,-3.283799368968556e-08,0
35,1.6340287533933227e-06,1.1041045874948324e-06,5.908124660667712e-08,0
36,6.288690094897829e-07,1.1041045874948324e-06,5.803199051021709e-08,0
37,2.412861749174535e-07,1.1041045874948324e-06,4.420782508254648e-08,0
38,1.1437690366268287e-07,1.1041045874948324e-06,7.269209633731715e-08,0
39,8.390849330860281e-08,1.1041045874948324e-06,1.7657550669139722e-07,0
40,7.783062464973417e-08,1.1041045874948324e-06,4.014843753502658e-07,0
41,1.0083237135969783e-07,1.1041045874948324e-06,7.283896286403022e-07,0
42,1.809667312622276e-07,1.1041045874948324e-06,1.0672132687377725e-06,0
43,3.61073733441388e-07,1.1041045874948324e-06,1.283906266558612e-06,0
44,7.352944165043159e-07,1.1041045874948324e-06,1.1990455834956843e-06,0
45,1.2813265313548305e-06,1.1041045874948324e-06,7.607034686451696e-07,0
46,1.6625163575113488e-06,1.1041045874948324e-06,2.667936424886509e-07,0
47,1.5981881809220294e-06,1.1041045874948324e-06,4.109181907797064e-08,0
48,1.2099380501885049e-06,1.1041045874948324e-06,5.607194981149502e-08,0
49,7.697549208556405e-07,1.1041045874948324e-06,9.939407914435958e-08,0
50,4.3745698653197796e-07,1.1041045874948324e-06,1.0258601346802208e-07,0
51,2.309505819034632e-07,1.1041045874948324e-06,1.4265541809653675e-07,0
52,1.2296477427167466e-07,1.1041045874948324e-06,2.485762257283253e-07,1
53,9.241947490588538e-08,1.1041045874948324e-06,4.103815250941146e-07,1
54,1.2500298472543525e-07,1.1041045874948324e-06,6.084480152745649e-07,1
55,2.81677587569264e-07,1.1041045874948324e-06,8.531224124307361e-07,1
56,9.742180705884796e-07,1.1041045874948324e-06,1.1654319294115204e-06,1
57,3.627792099625759e-06,1.1041045874948324e-06,1.2533779003742404e-06,0
58,1.0919350575023254e-05,1.1041045874948324e-06,4.77049424976748e-07,0
59,2.413616728919119e-05,1.1041045874948324e-06,-1.0586672891911905e-06,0
60,3.8516284656233726e-05,1.1041045874948324e-06,-1.969084656233725e-06,0
61,4.4551815297772864e-05,1.1041045874948324e-06,-1.7822152977728663e-06,0
62,3.730295567866024e-05,1.1041045874948324e-06,-1.715955678660245e-06,0
63,2.190881196432499e-05,1.1041045874948324e-06,-1.8433119643249909e-06,0
64,5.925853100537179e-06,1.1041045874948324e-06,-7.314731005371789e-07,0
65,6.623805531424993e-06,1.1041045874948324e-06,-7.691955314249922e-07,0
66,4.411433722825172e-06,1.1041045874948324e-06,-5.050537228251711e-07,0
67,1.945604370917335e-06,1.1041045874948324e-06,-1.2181437091733486e-07,0
68,6.730584916779304e-07,1.1041045874948324e-06,9.074950832206951e-08,0
69,2.35428648548496e-07,1.1041045874948324e-06,1.45973351451504e-07,0
70,1.254138871164259e-07,1.1041045874948324e-06,1.543321128835741e-07,0
71,9.978810985187811e-08,1.1041045874948324e-06,2.3330589014812185e-07,0
72,9.194633153375279e-08,1.1041045874948324e-06,4.742726684662472e-07,0
73,1.380365460420583e-07,1.1041045874948324e-06,8.463374539579416e-07,0
74,3.2456891845071724e-07,1.1041045874948324e-06,1.189751081549283e-06,0
75,8.287250959292784e-07,1.1041045874948324e-06,1.2865149040707215e-06,0
76,1.83432349344976e-06,1.1041045874948324e-06,9.466365065502398e-07,0
77,3.0027089471552014e-06,1.1041045874948324e-06,3.915110528447983e-07,0
78,3.5450835513062294e-06,1.1041045874948324e-06,2.0363644869377009e-07,0
79,3.225583877261805e-06,1.1041045874948324e-06,4.902761227381949e-07,0
80,2.496806436306489e-06,1.1041045874948324e-06,7.223735636935108e-07,0
81,1.7394015340206012e-06,1.1041045874948324e-06,6.13968465979399e-07,0
82,1.0789454567015685e-06,1.1041045874948324e-06,4.450445432984316e-07,0
83,6.18084234202195e-07,1.1041045874948324e-06,4.3636576579780495e-07,1
84,3.994692120536959e-07,1.1041045874948324e-06,5.96939787946304e-07,1
85,3.92966151728102e-07,1.1041045874948324e-06,8.65423848271898e-07,1
86,5.943330629075983e-07,1.1041045874948324e-06,1.1048569370924017e-06,1
87,1.161733834128631e-06,1.1041045874948324e-06,1.2889061658713691e-06,1
88,2.9706275210713746e-06,1.1041045874948324e-06,1.5456724789286257e-06,1
89,8.740527827761893e-06,1.1041045874948324e-06,1.6607721722381083e-06,0
90,2.254369292918728e-05,1.1041045874948324e-06,1.0876070708127222e-06,0
91,4.447002302992766e-05,1.1041045874948324e-06,-1.2823029927656621e-08,0
92,6.460008059664821e-05,1.1041045874948324e-06,-7.69980596648212e-07,0
93,6.863247637621438e-05,1.1041045874948324e-06,-1.4457763762143862e-06,0
94,5.288855366601673e-05,1.1041045874948324e-06,-2.5113536660167302e-06,0
95,2.856604435742593e-05,1.1041045874948324e-06,-2.8227443574259313e-06,0
96,5.710725609203943e-06,1.1041045874948324e-06,-1.1608256092039427e-06,1
97,6.0837131498947565e-06,1.1041045874948324e-06,-1.1909831498947563e-06,1
98,3.872466309796874e-06,1.1041045874948324e-06,-7.353663097968736e-07,0
99,1.6452556166447184e-06,1.1041045874948324e-06,-2.0808561664471816e-07,0
100,5.527409331393333e-07,1.1041045874948324e-06,1.0208306686066671e-07,0
101,1.850949898137879e-07,1.1041045874948324e-06,2.1178301018621214e-07,0
102,8.013826965959304e-08,1.1041045874948324e-06,2.1875173034040698e-07,0
103,4.6774703405704113e-08,1.1041045874948324e-06,2.4710929659429587e-07,0
104,5.477907476763171e-08,1.1041045874948324e-06,3.820189252323683e-07,0
105,1.564984664973461e-07,1.1041045874948324e-06,6.11966533502654e-07,0
106,5.142223801630629e-07,1.1041045874948324e-06,8.235576198369371e-07,1
107,1.4726101380403082e-06,1.1041045874948324e-06,7.671898619596915e-07,0
108,3.248281747931154e-06,1.1041045874948324e-06,2.4563825206884565e-07,0
109,5.2861073222392285e-06,1.1041045874948324e-06,-3.312373222392292e-07,0
110,6.504943289654264e-06,1.1041045874948324e-06,-1.696932896542643e-07,0
111,6.371808893171477e-06,1.1041045874948324e-06,6.839811068285223e-07,0
112,5.12850616951662e-06,1.1041045874948324e-06,1.3557638304833806e-06,0
113,3.4193059865230538e-06,1.1041045874948324e-06,1.416304013476946e-06,0
114,2.0004409641238132e-06,1.1041045874948324e-06,1.1221190358761865e-06,1
115,1.2010478188701305e-06,1.1041045874948324e-06,9.092921811298697e-07,1
116,9.767796453180307e-07,1.1041045874948324e-06,9.619003546819694e-07,1
117,1.2759902810657231e-06,1.1041045874948324e-06,1.168219718934277e-06,1
118,2.0836372576937642e-06,1.1041045874948324e-06,1.227412742306236e-06,1
119,3.569243520346646e-06,1.1041045874948324e-06,1.0570664796533538e-06,1
120,7.2239519927712965e-06,1.1041045874948324e-06,9.780780072287027e-07,0
121,1.7052209094102474e-05,1.1041045874948324e-06,9.99090905897527e-07,0
122,3.749004827473324e-05,1.1041045874948324e-06,3.498517252667577e-07,0
123,6.547126885645008e-05,1.1041045874948324e-06,-1.3807688564500812e-06,0
124,8.515411326437629e-05,1.1041045874948324e-06,-3.003613264376291e-06,0
125,8.097750548455454e-05,1.1041045874948324e-06,-3.5731054845545505e-06,0
126,5.5934736719976355e-05,1.1041045874948324e-06,-3.435736719976362e-06,0
127,2.7343267257538026e-05,1.1041045874948324e-06,-2.725967257538027e-06,1
128,4.3644381002853855e-06,1.1041045874948324e-06,-1.0353181002853858e-06,1
129,4.608462441126618e-06,1.1041045874948324e-06,-1.1141124411266185e-06,1
130,2.973622216384104e-06,1.1041045874948324e-06,-7.648822163841035e-07,1
131,1.335500753216356e-06,1.1041045874948324e-06,-2.667707532163562e-07,0
132,4.925163428898666e-07,1.1041045874948324e-06,9.41476571101334e-08,0
133,1.5758663507743757e-07,1.1041045874948324e-06,2.475853649225625e-07,0
134,4.483948124023367e-08,1.1041045874948324e-06,2.448475187597663e-07,0
135,2.642848086970929e-08,1.1041045874948324e-06,2.026855191302907e-07,0
136,5.4054748758904293e-08,1.1041045874948324e-06,2.361902512410957e-07,1
137,1.8802881498568328e-07,1.1041045874948324e-06,3.9472418501431673e-07,1
138,6.976762992753464e-07,1.1041045874948324e-06,6.145637007246536e-07,1
139,2.1071757836458616e-06,1.1041045874948324e-06,5.984442163541385e-07,0
140,4.8642928183896124e-06,1.1041045874948324e-06,-2.3922818389612574e-08,0
141,8.472723110762635e-06,1.1041045874948324e-06,-8.575431107626343e-07,0
142,1.1162607005148603e-05,1.1041045874948324e-06,-7.287070051486028e-07,0
143,1.1191373824980499e-05,1.1041045874948324e-06,6.093261750194996e-07,0
144,8.532579116169298e-06,1.1041045874948324e-06,2.0133208838307008e-06,0
145,5.118840453515828e-06,1.1041045874948324e-06,2.3533895464841727e-06,1
146,2.7306111058025757e-06,1.1041045874948324e-06,1.815198894197424e-06,1
147,1.6427910503324057e-06,1.1041045874948324e-06,1.2920089496675946e-06,1
148,1.5874247467525215e-06,1.1041045874948324e-06,1.1832652532474787e-06,0
149,2.459973200195064e-06,1.1041045874948324e-06,1.3209267998049357e-06,0
150,4.148555052788845e-06,1.1041045874948324e-06,1.1659549472111557e-06,0
151,6.7449920878899246e-06,1.1041045874948324e-06,7.518979121100749e-07,0
152,1.2167964207612045e-05,1.1041045874948324e-06,8.964357923879545e-07,0
153,2.540120511701294e-05,1.1041045874948324e-06,1.3381948829870602e-06,0
154,5.056929459674589e-05,1.1041045874948324e-06,-2.0559459674589263e-07,0
155,8.036353657275878e-05,1.1041045874948324e-06,-4.6335365727587805e-06,0
156,9.451201781245171e-05,1.1041045874948324e-06,-8.158717812451716e-06,1
157,8.094425672472647e-05,1.1041045874948324e-06,-7.50255672472647e-06,1
158,5.057585226151643e-05,1.1041045874948324e-06,-4.680752261516428e-06,1
159,2.267102833519128e-05,1.1041045874948324e-06,-2.4688283351912786e-06,1
160,3.5748906512576707e-06,1.1041045874948324e-06,-1.1166506512576705e-06,1
161,3.908396691143463e-06,1.1041045874948324e-06,-1.2459166911434635e-06,1
162,2.766517626542492e-06,1.1041045874948324e-06,-9.355776265424917e-07,1
163,1.4802064280773257e-06,1.1041045874948324e-06,-4.187564280773257e-07,0
164,6.42863296195245e-07,1.1041045874948324e-06,5.773970380475501e-08,0
165,2.1407078302121631e-07,1.1041045874948324e-06,2.943002169787837e-07,0
166,6.230082172587655e-08,1.1041045874948324e-06,2.812301782741234e-07,0
167,3.702638688479747e-08,1.1041045874948324e-06,1.9763561311520255e-07,1
168,7.735667798394398e-08,1.1041045874948324e-06,1.9196732201605606e-07,1
169,2.813321417542726e-07,1.1041045874948324e-06,3.599868582457274e-07,1
170,1.0253843827392135e-06,1.1041045874948324e-06,7.188756172607864e-07,1
171,3.1176965478810766e-06,1.1041045874948324e-06,9.371734521189229e-07,0
172,7.33967623164994e-06,1.1041045874948324e-06,4.6043376835006046e-07,0
173,1.2962018774958544e-05,1.1041045874948324e-06,-3.789187749585444e-07,0
174,1.7132809813890765e-05,1.1041045874948324e-06,-3.2670981389076664e-07,0
175,1.684235102284933e-05,1.1041045874948324e-06,9.993489771506728e-07,0
176,1.220893400933815e-05,1.1041045874948324e-06,2.42196599066185e-06,1
177,6.7718773711843725e-06,1.1041045874948324e-06,2.6621026288156276e-06,1
178,3.22774719075415e-06,1.1041045874948324e-06,2.020442809245849e-06,1
179,1.7054489081153464e-06,1.1041045874948324e-06,1.4442710918846534e-06,1
180,1.602457443561314e-06,1.1041045874948324e-06,1.3461425564386861e-06,1
181,2.6479168084999765e-06,1.1041045874948324e-06,1.4668831915000235e-06,0
182,4.8072382878346815e-06,1.1041045874948324e-06,1.1923017121653195e-06,0
183,8.353255443782325e-06,1.1041045874948324e-06,8.276645562176751e-07,0
184,1.5332293860633718e-05,1.1041045874948324e-06,1.2830061393662822e-06,0
185,3.050610217567449e-05,1.1041045874948324e-06,1.5941978243255127e-06,0
186,5.617153694651796e-05,1.1041045874948324e-06,-1.1156369465179547e-06,0
187,8.194473300624529e-05,1.1041045874948324e-06,-6.781433006245282e-06,0
188,8.88292519271525e-05,1.1041045874948324e-06,-1.0525051927152504e-05,1
189,7.104048885978032e-05,1.1041045874948324e-06,-9.309588859780316e-06,1
190,4.215997338690887e-05,1.1041045874948324e-06,-5.613373386908871e-06,1
191,1.833258245267701e-05,1.1041045874948324e-06,-2.6999824526770113e-06,1
192,3.076481209551705e-06,1.1041045874948324e-06,-7.860112095517052e-07,1
193,3.661872790648738e-06,1.1041045874948324e-06,-8.845127906487381e-07,1
194,2.9319501231772027e-06,1.1041045874948324e-06,-7.180501231772031e-07,0
195,1.7309592814847358e-06,1.1041045874948324e-06,-2.568092814847359e-07,0
196,8.013147652456645e-07,1.1041045874948324e-06,2.0970523475433558e-07,0
197,3.110194721078979e-07,1.1041045874948324e-06,3.870875278921021e-07,0
198,1.1474469522082484e-07,1.1041045874948324e-06,3.2979930477917514e-07,0
199,6.170931869360746e-08,1.1041045874948324e-06,2.354016813063925e-07,1
200,1.3383637711476981e-07,1.1041045874948324e-06,2.468366228852302e-07,1
201,5.155467654674287e-07,1.1041045874948324e-06,5.167432345325713e-07,1
202,1.8092703321604881e-06,1.1041045874948324e-06,1.1558196678395122e-06,1
203,5.103006925452719e-06,1.1041045874948324e-06,1.9272330745472793e-06,1
204,1.1128423462308007e-05,1.1041045874948324e-06,2.288176537691994e-06,0
205,1.8722609363024488e-05,1.1041045874948324e-06,2.0902906369755105e-06,0
206,2.418557419574873e-05,1.1041045874948324e-06,1.8520258042512717e-06,0
207,2.3358726350231605e-05,1.1041045874948324e-06,2.1174736497683936e-06,0
208,1.6564770080360515e-05,1.1041045874948324e-06,2.616529919639487e-06,1
209,8.878681629305883e-06,1.1041045874948324e-06,2.5939183706941166e-06,1
210,3.924167409731749e-06,1.1041045874948324e-06,2.0953425902682517e-06,1
211,1.7455120112556137e-06,1.1041045874948324e-06,1.6256079887443858e-06,1
212,1.347515903789696e-06,1.1041045874948324e-06,1.397104096210304e-06,1
213,2.3195570160097757e-06,1.1041045874948324e-06,1.1521029839902242e-06,0
214,4.843948953075667e-06,1.1041045874948324e-06,4.939610469243325e-07,0
215,9.531124696865754e-06,1.1041045874948324e-06,-2.4564469686575424e-07,0
216,1.8210087678982564e-05,1.1041045874948324e-06,-5.164876789825646e-07,0
217,3.3967708008216164e-05,1.1041045874948324e-06,-9.55108008216161e-07,0
218,5.6633167973100196e-05,1.1041045874948324e-06,-2.8583679731001974e-06,0
219,7.619812731769463e-05,1.1041045874948324e-06,-6.123327317694632e-06,1
220,7.83797651673303e-05,1.1041045874948324e-06,-8.463565167330297e-06,1
221,6.095337203326024e-05,1.1041045874948324e-06,-7.666872033260242e-06,1
222,3.6062764898408556e-05,1.1041045874948324e-06,-4.756464898408554e-06,1
223,1.6073394405231493e-05,1.1041045874948324e-06,-2.269894405231494e-06,1
224,3.2245835076400338e-06,1.1041045874948324e-06,-7.92535076400336e-08,0
225,4.3145966244792925e-06,1.1041045874948324e-06,-2.3042662447929313e-07,0
226,3.829117940096251e-06,1.1041045874948324e-06,-4.4152794009625053e-07,0
227,2.567962167685329e-06,1.1041045874948324e-06,-3.340321676853293e-07,0
228,1.4504778670004781e-06,1.1041045874948324e-06,-2.7667867000478124e-08,0
229,6.941311938633876e-07,1.1041045874948324e-06,1.9341280613661244e-07,0
230,2.711432682844119e-07,1.1041045874948324e-06,2.590407317155881e-07,0
231,1.1913322878240349e-07,1.1041045874948324e-06,2.707577712175965e-07,0
232,2.520261591339318e-07,1.1041045874948324e-06,3.919998408660683e-07,0
233,1.0394076055807308e-06,1.1041045874948324e-06,8.28302394419269e-07,0
234,3.538305058348031e-06,1.1041045874948324e-06,1.7770649416519685e-06,1
235,9.227632713635533e-06,1.1041045874948324e-06,3.1852672863644664e-06,1
236,1.8636539621784515e-05,1.1041045874948324e-06,4.363760378215486e-06,1
237,2.9737759013423995e-05,1.1041045874948324e-06,4.209640986576005e-06,1
238,3.702597710753265e-05,1.1041045874948324e-06,2.817322892467352e-06,0
239,3.477055185450102e-05,1.1041045874948324e-06,1.8162481454989788e-06,0
240,2.4155614313564734e-05,1.1041045874948324e-06,1.991885686435266e-06,0
241,1.270285073471734e-05,1.1041045874948324e-06,2.415749265282659e-06,1
242,5.5902851070717834e-06,1.1041045874948324e-06,2.368754892928217e-06,1
243,2.6427045859321684e-06,1.1041045874948324e-06,2.025005414067831e-06,1
244,2.0998366957201224e-06,1.1041045874948324e-06,1.6034333042798773e-06,1
245,3.1946649901490193e-06,1.1041045874948324e-06,8.519550098509808e-07,0
246,6.094899582574903e-06,1.1041045874948324e-06,-5.883295825749032e-07,0
247,1.1545605844764195e-05,1.1041045874948324e-06,-2.372575844764195e-06,1
248,2.115932240104808e-05,1.1041045874948324e-06,-3.7548224010480813e-06,1
249,3.7075561943296034e-05,1.1041045874948324e-06,-4.387961943296032e-06,1
250,5.781234881959486e-05,1.1041045874948324e-06,-4.17314881959486e-06,0
251,7.374812550084908e-05,1.1041045874948324e-06,-3.525225500849077e-06,0
252,7.389685063676346e-05,1.1041045874948324e-06,-3.0103506367634665e-06,0
253,5.829445342105386e-05,1.1041045874948324e-06,-2.0630534210538528e-06,0
254,3.6596330831291215e-05,1.1041045874948324e-06,-8.413308312912163e-07,0
255,1.776953350426091e-05,1.1041045874948324e-06,-3.403335042609102e-07,0
256,4.9212608535553385e-06,1.1041045874948324e-06,-3.0127085355533854e-07,0
257,6.593095556967227e-06,1.1041045874948324e-06,-9.171655569672264e-07,0
258,5.9758002688501485e-06,1.1041045874948324e-06,-1.6188102688501484e-06,0
259,4.263246371106397e-06,1.1041045874948324e-06,-1.6463263711063974e-06,1
260,2.519309029086952e-06,1.1041045874948324e-06,-1.028119029086952e-06,0
261,1.1621928094933077e-06,1.1041045874948324e-06,-3.2726680949330776e-07,0
262,4.0314782788044094e-07,1.1041045874948324e-06,8.696917211955908e-08,0
263,1.7774506638217024e-07,1.1041045874948324e-06,2.686009336178297e-07,0
264,5.140902214209782e-07,1.1041045874948324e-06,4.653607785790218e-07,0
265,2.253032018157373e-06,1.1041045874948324e-06,8.934079818426269e-07,0
266,7.496211768169885e-06,1.1041045874948324e-06,1.841578231830115e-06,0
267,1.865786369792889e-05,1.1041045874948324e-06,3.476736302071111e-06,1
268,3.590782987358938e-05,1.1041045874948324e-06,4.355570126410615e-06,1
269,5.415692114891719e-05,1.1041045874948324e-06,2.3882788510828137e-06,0
270,6.333682348594239e-05,1.1041045874948324e-06,-1.2774234859423938e-06,0
271,5.612530030117327e-05,1.1041045874948324e-06,-3.078000301173271e-06,0
272,3.688712145370271e-05,1.1041045874948324e-06,-1.5372214537027088e-06,0
273,1.843445888649788e-05,1.1041045874948324e-06,1.024341113502122e-06,0
274,8.119349229345649e-06,1.1041045874948324e-06,2.3872507706543515e-06,1
275,4.2567626907481525e-06,1.1041045874948324e-06,2.6995173092518476e-06,1
276,3.470970529796012e-06,1.1041045874948324e-06,2.435529470203988e-06,1
277,4.433023750704219e-06,1.1041045874948324e-06,1.3436862492957804e-06,0
278,7.141780926829028e-06,1.1041045874948324e-06,-6.476209268290287e-07,0
279,1.2410371340141694e-05,1.1041045874948324e-06,-2.8024313401416944e-06,1
280,2.2710169970559892e-05,1.1041045874948324e-06,-4.3403699705598906e-06,1
281,4.095633502950152e-05,1.1041045874948324e-06,-4.437835029501523e-06,0
282,6.47172226383566e-05,1.1041045874948324e-06,-2.2201226383565986e-06,0
283,8.336746815339692e-05,1.1041045874948324e-06,8.655318466030664e-07,0
284,8.648581953528272e-05,1.1041045874948324e-06,2.4542804647172876e-06,0
285,7.355150200347342e-05,1.1041045874948324e-06,2.440297996526581e-06,0
286,5.083385945453606e-05,1.1041045874948324e-06,1.4575405454639428e-06,0
287,2.657302202505596e-05,1.1041045874948324e-06,6.957797494404032e-08,0
288,5.86997206795194e-06,1.1041045874948324e-06,-1.1079020679519397e-06,0
289,7.171944218665554e-06,1.1041045874948324e-06,-1.9778242186655548e-06,1
290,6.086231172171962e-06,1.1041045874948324e-06,-2.5664111721719625e-06,1
291,4.1054114390156254e-06,1.1041045874948324e-06,-2.2597314390156256e-06,1
292,2.264037013527041e-06,1.1041045874948324e-06,-1.364325013527041e-06,1
293,9.605023725595956e-07,1.1041045874948324e-06,-5.130693725595956e-07,1
294,3.1506462745614955e-07,1.1041045874948324e-06,-3.0464627456149555e-08,0
295,2.4750581925984027e-07,1.1041045874948324e-06,1.472541807401597e-07,0
296,1.1202578319176362e-06,1.1041045874948324e-06,1.6023216808236377e-07,0
297,4.919900735705304e-06,1.1041045874948324e-06,-2.4307357053043988e-09,0
298,1.5842389719488643e-05,1.1041045874948324e-06,-2.288971948864304e-08,0
299,3.757670475716265e-05,1.1041045874948324e-06,3.916952428373508e-07,0
300,6.70346178686719e-05,1.1041045874948324e-06,-7.256178686719067e-07,0
301,9.155411836875028e-05,1.1041045874948324e-06,-5.4849183687502725e-06,0
302,9.582670002680056e-05,1.1041045874948324e-06,-1.0912900026800572e-05,1
303,7.501647447623279e-05,1.1041045874948324e-06,-1.1233474476232791e-05,1
304,4.289334031155384e-05,1.1041045874948324e-06,-5.9339403115538395e-06,1
305,1.8660047451375173e-05,1.1041045874948324e-06,-4.64347451375174e-07,0
306,7.523101123579524e-06,1.1041045874948324e-06,2.1094588764204767e-06,1
307,3.9393642222428096e-06,1.1041045874948324e-06,2.75797577775719e-06,1
308,3.1359659299442237e-06,1.1041045874948324e-06,2.548624070055777e-06,1
309,3.629520503588356e-06,1.1041045874948324e-06,1.6782294964116442e-06,0
310,5.579850050648121e-06,1.1041045874948324e-06,3.8707994935187874e-07,0
311,1.0561699785076236e-05,1.1041045874948324e-06,-8.234397850762358e-07,0
312,2.259815463458493e-05,1.1041045874948324e-06,-1.4070546345849305e-06,0
313,4.565317557566696e-05,1.1041045874948324e-06,-8.317557566696001e-08,0
314,7.640667459113037e-05,1.1041045874948324e-06,3.4742254088696305e-06,0
315,0.00010214374350059964,1.1041045874948324e-06,5.893256499400366e-06,0
316,0.00011041045874948325,1.1041045874948324e-06,4.806541250516758e-06,0
317,9.717969464184395e-05,1.1041045874948324e-06,2.3760053581560497e-06,0
318,6.664633308755702e-05,1.1041045874948324e-06,4.89666912442983e-07,0
319,3.2726291337074465e-05,1.1041045874948324e-06,-8.228913370744614e-07,0
320,3.5144360413387636e-06,1.1041045874948324e-06,-7.626360413387635e-07,0
321,3.874005529712173e-06,1.1041045874948324e-06,-1.199775529712173e-06,1
322,3.020235769028344e-06,1.1041045874948324e-06,-1.3955357690283437e-06,1
323,1.8739496338121768e-06,1.1041045874948324e-06,-1.1266966338121768e-06,1
324,9.263779008458464e-07,1.1041045874948324e-06,-6.219289008458464e-07,1
325,3.464334153871972e-07,1.1041045874948324e-06,-2.128154153871972e-07,1
326,1.6470980989756573e-07,1.1041045874948324e-06,-5.461480989756574e-08,0
327,4.767161593432353e-07,1.1041045874948324e-06,-1.7216315934323533e-07,1
328,2.2634305355425302e-06,1.1041045874948324e-06,-7.534905355425303e-07,1
329,8.849891950351385e-06,1.1041045874948324e-06,-2.061281950351384e-06,1
330,2.591261609609645e-05,1.1041045874948324e-06,-3.5513160960964484e-06,1
331,5.557794518089293e-05,1.1041045874948324e-06,-4.6598451808929276e-06,1
332,8.814126120994852e-05,1.1041045874948324e-06,-7.386461209948528e-06,1
333,0.00010465808838446064,1.1041045874948324e-06,-1.2502588384460643e-05,1
334,9.262395227823459e-05,1.1041045874948324e-06,-1.5446052278234585e-05,1
335,5.9848313816581296e-05,1.1041045874948324e-06,-1.2211313816581298e-05,1
336,2.8004697119940528e-05,1.1041045874948324e-06,-5.57579711994053e-06,1
337,1.0142627696291671e-05,1.1041045874948324e-06,-8.445976962916712e-07,0
338,3.6141772944113968e-06,1.1041045874948324e-06,9.156827055886034e-07,0
339,1.801509235755776e-06,1.1041045874948324e-06,1.2518407642442238e-06,1
340,1.3601560837641077e-06,1.1041045874948324e-06,1.1716339162358925e-06,1
341,1.5294671743743725e-06,1.1041045874948324e-06,9.691728256256274e-07,0
342,2.7605802711832628e-06,1.1041045874948324e-06,7.75589728816737e-07,0
343,7.1466630503576615e-06,1.1041045874948324e-06,7.446369496423387e-07,0
344,1.9114744958480967e-05,1.1041045874948324e-06,1.5831550415190332e-06,0
345,4.2411144486950295e-05,1.1041045874948324e-06,4.5041555130496995e-06,1
346,7.2986291110609e-05,1.1041045874948324e-06,8.06740888939099e-06,1
347,9.769914423114362e-05,1.1041045874948324e-06,8.228855768856375e-06,0
348,0.00010367432624290559,1.1041045874948324e-06,5.072673757094422e-06,0
349,8.645800640201879e-05,1.1041045874948324e-06,2.046893597981215e-06,0
350,5.389576038785189e-05,1.1041045874948324e-06,-4.076038785189246e-08,0
351,2.3420194091893964e-05,1.1041045874948324e-06,-1.1459940918939632e-06,0
352,1.0251805655916005e-06,1.1041045874948324e-06,-1.343735655916006e-07,0
353,9.700748859295868e-07,1.1041045874948324e-06,-1.725708859295868e-07,0
354,6.382905844059771e-07,1.1041045874948324e-06,-1.8652358440597716e-07,0
355,3.2251994016665924e-07,1.1041045874948324e-06,-1.3192594016665925e-07,0
356,1.2522336879230066e-07,1.1041045874948324e-06,-5.4762868792300666e-08,0
357,6.317060527193985e-08,1.1041045874948324e-06,-3.081870527193984e-08,0
358,1.660696951305273e-07,1.1041045874948324e-06,-1.1875799513052732e-07,1
359,6.766706103616156e-07,1.1041045874948324e-06,-4.2811661036161566e-07,1
360,2.721426224172673e-06,1.1041045874948324e-06,-1.205966224172673e-06,1
361,9.442909903296628e-06,1.1041045874948324e-06,-2.581759903296628e-06,1
362,2.4747264614314356e-05,1.1041045874948324e-06,-3.897664614314355e-06,1
363,4.688069782831643e-05,1.1041045874948324e-06,-4.856197828316434e-06,1
364,6.420935094359133e-05,1.1041045874948324e-06,-6.647650943591333e-06,1
365,6.371066524065266e-05,1.1041045874948324e-06,-8.648865240652654e-06,1
366,4.553521278050187e-05,1.1041045874948324e-06,-8.303312780501869e-06,1
367,2.3324717317988942e-05,1.1041045874948324e-06,-5.311517317988943e-06,1
368,8.703221677186669e-06,1.1041045874948324e-06,-2.0891316771866688e-06,1
369,2.589759116056924e-06,1.1041045874948324e-06,-3.6276911605692393e-07,0
370,8.073605898949305e-07,1.1041045874948324e-06,1.4936141010506955e-07,0
371,3.8799789929112097e-07,1.1041045874948324e-06,2.124161007088791e-07,0
372,2.8900568610148237e-07,1.1041045874948324e-06,2.2282231389851768e-07,0
373,3.7767812481776156e-07,1.1041045874948324e-06,2.8318487518223837e-07,0
374,1.0989708328720586e-06,1.1041045874948324e-06,4.183991671279413e-07,0
375,3.957140605858767e-06,1.1041045874948324e-06,8.638793941412325e-07,0
376,1.1887312377187026e-05,1.1041045874948324e-06,2.3245876228129745e-06,0
377,2.676562850389605e-05,1.1041045874948324e-06,5.201071496103949e-06,1
378,4.4663573511471416e-05,1.1041045874948324e-06,7.707426488528588e-06,1
379,5.666721481692077e-05,1.1041045874948324e-06,7.441285183079231e-06,1
380,5.573553250601912e-05,1.1041045874948324e-06,4.989867493980881e-06,0
381,4.182088198872475e-05,1.1041045874948324e-06,2.242218011275255e-06,0
382,2.2792538012430926e-05,1.1041045874948324e-06,2.620619875690747e-07,0
383,8.445437625640104e-06,1.1041045874948324e-06,-3.730376256401029e-07,0
384,1.3380982170181856e-07,1.1041045874948324e-06,4.121117829818143e-08,0
385,1.0054947405386633e-07,1.1041045874948324e-06,4.5023525946133675e-08,0
386,5.010228985131648e-08,1.1041045874948324e-06,2.7380910148683508e-08,0
387,1.8255204486368e-08,1.1041045874948324e-06,1.3892295513631996e-08,0
388,8.872290425726219e-09,1.1041045874948324e-06,4.954409574273782e-09,0
389,2.7225674037934487e-08,1.1041045874948324e-06,-1.7193674037934487e-08,1
390,1.0754514716089668e-07,1.1041045874948324e-06,-8.175614716089667e-08,1
391,4.101160917041013e-07,1.1041045874948324e-06,-2.447610917041013e-07,1
392,1.5935677195710334e-06,1.1041045874948324e-06,-6.052617195710333e-07,1
393,5.135379542567692e-06,1.1041045874948324e-06,-1.1218595425676927e-06,1
394,1.2001543521000353e-05,1.1041045874948324e-06,-1.4507435210003542e-06,0
395,1.9734455902602546e-05,1.1041045874948324e-06,-1.6218559026025462e-06,0
396,2.272094629910413e-05,1.1041045874948324e-06,-1.9802462991041262e-06,0
397,1.8188194149568515e-05,1.1041045874948324e-06,-2.0901941495685147e-06,0
398,1.0115175384852407e-05,1.1041045874948324e-06,-1.5574253848524077e-06,0
399,3.973796658498648e-06,1.1041045874948324e-06,-7.846866584986478e-07,0
400,1.1618123009171084e-06,1.1041045874948324e-06,-2.599003009171085e-07,0
401,2.946606063932997e-07,1.1041045874948324e-06,-5.117560639329964e-08,0
402,9.517499576606773e-08,1.1041045874948324e-06,-4.168495766067725e-09,0
403,5.270230045444181e-08,1.1041045874948324e-06,2.5728995455581885e-09,0
404,3.9647707871749615e-08,1.1041045874948324e-06,2.1104792128250386e-08,0
405,7.812739448068823e-08,1.1041045874948324e-06,6.818560551931177e-08,0
406,3.588495794491796e-07,1.1041045874948324e-06,2.1002142055082043e-07,0
407,1.5089992141371789e-06,1.1041045874948324e-06,6.613707858628212e-07,0
408,4.604881480272845e-06,1.1041045874948324e-06,1.755598519727155e-06,1
409,9.852956603595143e-06,1.1041045874948324e-06,3.427443396404856e-06,1
410,1.524526051624158e-05,1.1041045874948324e-06,4.548239483758419e-06,1
411,1.7759644294809294e-05,1.1041045874948324e-06,4.051055705190707e-06,1
412,1.5663666997875174e-05,1.1041045874948324e-06,2.5311330021248267e-06,1
413,1.01632795299262e-05,1.1041045874948324e-06,1.1279204700738e-06,0
414,4.65086805436666e-06,1.1041045874948324e-06,3.1521194563333965e-07,0
415,1.4224811438702559e-06,1.1041045874948324e-06,4.849885612974398e-08,0
416,9.44844722976878e-09,1.1041045874948324e-06,8.969152770231219e-09,0
417,5.305680863787221e-09,1.1041045874948324e-06,8.084719136212778e-09,0
418,1.7183636580502067e-09,1.1041045874948324e-06,4.8605663419497935e-09,0
419,4.773820674180083e-10,1.1041045874948324e-06,2.5186779325819913e-09,0
420,1.1090857381823777e-09,1.1041045874948324e-06,9.708342618176223e-10,0
421,5.790005179603059e-09,1.1041045874948324e-06,-2.474295179603059e-09,0
422,2.652907735444368e-08,1.1041045874948324e-06,-1.530747735444368e-08,1
423,1.2314172380678004e-07,1.1041045874948324e-06,-5.4413623806780045e-08,1
424,5.056953079367384e-07,1.1041045874948324e-06,-1.4733230793673838e-07,1
425,1.5043536734247169e-06,1.1041045874948324e-06,-2.7169367342471683e-07,0
426,3.033889948394133e-06,1.1041045874948324e-06,-3.086599483941334e-07,0
427,4.1334863623801736e-06,1.1041045874948324e-06,-2.355563623801736e-07,0
428,3.7849221342844057e-06,1.1041045874948324e-06,-1.2908213428440566e-07,0
429,2.306961156545803e-06,1.1041045874948324e-06,-3.042115654580245e-08,0
430,9.428696051893274e-07,1.1041045874948324e-06,1.1491394810672503e-08,0
431,2.7190475384297177e-07,1.1041045874948324e-06,6.701246157028256e-09,0
432,6.60057292798071e-08,1.1041045874948324e-06,-4.710629279807103e-09,0
433,2.0418487667507104e-08,1.1041045874948324e-06,-7.352087667507105e-09,0
434,8.951552355344847e-09,1.1041045874948324e-06,-4.045062355344847e-09,0
435,4.3481547105250684e-09,1.1041045874948324e-06,-4.71894710525068e-10,0
436,3.264064715459466e-09,1.1041045874948324e-06,4.7873652845405344e-09,0
437,1.4281793581865612e-08,1.1041045874948324e-06,2.4549706418134387e-08,0
438,8.623224208617049e-08,1.1041045874948324e-06,1.052677579138295e-07,0
439,3.575381976090414e-07,1.1041045874948324e-06,3.534588023909586e-07,1
440,9.872668774940935e-07,1.1041045874948324e-06,8.628731225059067e-07,1
441,1.9042345035348816e-06,1.1041045874948324e-06,1.4522654964651183e-06,1
442,2.712655214491262e-06,1.1041045874948324e-06,1.6279447855087384e-06,1
443,2.8768517233352737e-06,1.1041045874948324e-06,1.2444182766647257e-06,1
444,2.2002883613377467e-06,1.1041045874948324e-06,7.079816386622531e-07,1
445,1.1965273377416702e-06,1.1041045874948324e-06,3.0320266225832963e-07,0
446,4.6601704568156576e-07,1.1041045874948324e-06,8.099195431843418e-08,0
447,1.2624659637653814e-07,1.1041045874948324e-06,1.1164403623461843e-08,0
448,2.8458623621883163e-10,1.1041045874948324e-06,4.3085376378116843e-10,0
449,1.0842194435559737e-10,1.1041045874948324e-06,3.1569305564440263e-10,0
450,2.1673062892350122e-11,1.1041045874948324e-06,1.7009493710764988e-10,0
451,1.1641649173626106e-11,1.1041045874948324e-06,1.081633508263739e-10,0
452,9.288930760919886e-11,1.1041045874948324e-06,1.4525769239080118e-10,0
453,6.977033443568462e-10,1.1041045874948324e-06,4.2809655643153806e-11,0
454,4.757833522616427e-09,1.1041045874948324e-06,-1.3387735226164268e-09,0
455,2.7569811173804825e-08,1.1041045874948324e-06,-9.204011173804826e-09,0
456,1.0990812291229267e-07,1.1041045874948324e-06,-3.494092291229267e-08,0
457,2.776232711690743e-07,1.1041045874948324e-06,-6.842627116907432e-08,0
458,4.4616061111643417e-07,1.1041045874948324e-06,-6.213561111643411e-08,0
459,4.5963933182956497e-07,1.1041045874948324e-06,-1.8813318295649822e-09,0
460,3.013583566792736e-07,1.1041045874948324e-06,5.457764332072646e-08,0
461,1.2500608327997804e-07,1.1041045874948324e-06,5.6591916720021966e-08,0
462,3.3472776327904803e-08,1.1041045874948324e-06,2.8472023672095202e-08,0
463,6.687820578741487e-09,1.1041045874948324e-06,8.080379421258512e-09,0
464,1.8105829338562325e-09,1.1041045874948324e-06,7.504470661437677e-10,0
465,8.290587842268717e-10,1.1041045874948324e-06,-3.6674178422687177e-10,0
466,3.1034926183958535e-10,1.1041045874948324e-06,-6.662926183958534e-11,0
467,1.0394048523154536e-10,1.1041045874948324e-06,2.0581051476845463e-10,0
468,3.001852548715926e-10,1.1041045874948324e-06,1.4133247451284074e-09,0
469,2.42862129829822e-09,1.1041045874948324e-06,9.06877870170178e-09,0
470,1.2772528276437924e-08,1.1041045874948324e-06,4.1222671723562075e-08,0
471,4.4613514977004954e-08,1.1041045874948324e-06,1.2620848502299504e-07,1
472,1.1135634861685696e-07,1.1041045874948324e-06,2.5578565138314306e-07,1
473,2.059367723847767e-07,1.1041045874948324e-06,3.4330722761522334e-07,1
474,2.7672877784381245e-07,1.1041045874948324e-06,3.130592221561876e-07,1
475,2.561004262264201e-07,1.1041045874948324e-06,2.079945737735799e-07,1
476,1.585004795116763e-07,1.1041045874948324e-06,1.088855204883237e-07,1
477,6.798246386288414e-08,1.1041045874948324e-06,4.3048536137115855e-08,0
478,2.17370182521969e-08,1.1041045874948324e-06,1.1190181747803098e-08,0
479,5.060999628367157e-09,1.1041045874948324e-06,1.870950371632843e-09,0
480,1.6342547067821145e-12,1.1041045874948324e-06,5.630205293217886e-12,0
481,5.134952829461126e-13,1.1041045874948324e-06,2.893334717053888e-12,0
482,6.469928212131521e-13,1.1041045874948324e-06,1.1647171787868477e-12,0
483,2.113754888250231e-12,1.1041045874948324e-06,2.1204251117497695e-12,0
484,8.640568212232987e-12,1.1041045874948324e-06,1.4397031787767012e-11,0
485,8.797974058989233e-11,1.1041045874948324e-06,7.153225941010766e-11,0
486,8.743721542242605e-10,1.1041045874948324e-06,1.0287684577573925e-10,0
487,5.252517380161388e-09,1.1041045874948324e-06,-1.2006273801613889e-09,0
488,1.8078536967743222e-08,1.1041045874948324e-06,-6.257736967743223e-09,0
489,3.658020846399986e-08,1.1041045874948324e-06,-1.0557008463999857e-08,0
490,4.428756980675936e-08,1.1041045874948324e-06,-3.478969806759364e-09,0
491,3.1703542047850814e-08,1.1041045874948324e-06,1.0441557952149183e-08,0
492,1.3155103407577442e-08,1.1041045874948324e-06,1.514819659242256e-08,0
493,3.160926632123841e-09,1.1041045874948324e-06,9.735173367876161e-09,0
494,4.588379922242364e-10,1.1041045874948324e-06,3.826312007775763e-09,0
495,5.580880695629305e-11,1.1041045874948324e-06,9.65501193043707e-10,0
496,1.734456682513194e-11,1.1041045874948324e-06,1.3554643317486806e-10,0
497,7.548181596942601e-12,1.1041045874948324e-06,1.2049518403057398e-11,0
498,2.7668924368519294e-12,1.1041045874948324e-06,1.2240907563148071e-11,0
499,7.468925016357782e-12,1.1041045874948324e-06,7.722517498364221e-11,0
500,4.942527633015078e-11,1.1041045874948324e-06,6.465327236698494e-10,0
501,2.4519968617064956e-10,1.1041045874948324e-06,3.6265103138293504e-09,1
502,9.241620031095753e-10,1.1041045874948324e-06,1.3188037996890427e-08,1
503,2.9182646229259605e-09,1.1041045874948324e-06,3.137983537707404e-08,1
504,7.35529647322109e-09,1.1041045874948324e-06,4.969210352677891e-08,1
505,1.30033118687887e-08,1.1041045874948324e-06,5.3946388131211296e-08,1
506,1.4838788211870533e-08,1.1041045874948324e-06,4.246141178812946e-08,1
507,1.0652350216586425e-08,1.1041045874948324e-06,2.5359749783413573e-08,1
508,4.843502680556798e-09,1.1041045874948324e-06,1.1275197319443203e-08,1
509,1.4614413325956876e-09,1.1041045874948324e-06,3.615478667404313e-09,1
510,3.231583580515941e-10,1.1041045874948324e-06,8.600016419484059e-10,0
511,5.3588044738475335e-11,1.1041045874948324e-06,1.5366195526152467e-10,0
512,3.398421528984308e-12,1.1041045874948324e-06,-2.5647152898430817e-13,0
513,3.029040746885427e-11,1.1041045874948324e-06,-1.341470746885427e-11,0
514,1.296308720399756e-10,1.1041045874948324e-06,-7.23640720399756e-11,0
515,2.670694058245604e-10,1.1041045874948324e-06,-1.283214058245604e-10,0
516,2.6896114975098e-10,1.1041045874948324e-06,-6.968149750980024e-12,0
517,1.50079562613563e-10,1.1041045874948324e-06,3.3077243738643693e-10,0
518,1.4350474248571475e-10,1.1041045874948324e-06,1.3566652575142855e-09,0
519,4.829216892677856e-10,1.1041045874948324e-06,4.384118310732214e-09,0
520,1.2722258649501948e-09,1.1041045874948324e-06,8.610814135049807e-09,0
521,2.013460574974979e-09,1.1041045874948324e-06,1.0817039425025022e-08,0
522,1.860986843804877e-09,1.1041045874948324e-06,9.268313156195123e-09,0
523,9.59248910433933e-10,1.1041045874948324e-06,5.329571089566067e-09,0
524,2.640553204339378e-10,1.1041045874948324e-06,2.2821846795660617e-09,0
525,3.8238985880363625e-11,1.1041045874948324e-06,9.243460141196363e-10,0
526,4.420002349444031e-12,1.1041045874948324e-06,3.3163799765055605e-10,0
527,5.018722030739255e-12,1.1041045874948324e-06,9.794827796926075e-11,0
528,1.2874907401708198e-11,1.1041045874948324e-06,1.079040925982918e-10,0
529,5.409637088342753e-11,1.1041045874948324e-06,2.1239562911657246e-10,0
530,2.543793697853093e-10,1.1041045874948324e-06,2.2746863021469074e-10,0
531,1.0081946061559369e-09,1.1041045874948324e-06,3.5616539384406315e-10,0
532,3.0472939741776155e-09,1.1041045874948324e-06,1.6812060258223844e-09,0
533,6.245384173018517e-09,1.1041045874948324e-06,4.754015826981483e-09,0
534,7.847240343059072e-09,1.1041045874948324e-06,8.333259656940929e-09,0
535,5.6797438034158205e-09,1.1041045874948324e-06,1.178915619658418e-08,0
536,2.404707332490098e-09,1.1041045874948324e-06,1.3147792667509902e-08,1
537,7.634333919081045e-10,1.1041045874948324e-06,1.0583666608091896e-08,1
538,2.959185717375804e-10,1.1041045874948324e-06,6.069231428262419e-09,1
539,1.2383427484881728e-10,1.1041045874948324e-06,2.3987857251511826e-09,1
540,3.8269550481737354e-11,1.1041045874948324e-06,6.561204495182627e-10,1
541,7.798205604626996e-12,1.1041045874948324e-06,1.35561794395373e-10,1
542,1.1479606112149774e-12,1.1041045874948324e-06,2.4338339388785022e-11,0
543,2.9276935968687865e-13,1.1041045874948324e-06,4.626180640313121e-12,0
544,2.347365421774433e-10,1.1041045874948324e-06,5.703745782255669e-11,0
545,1.4393428573720524e-09,1.1041045874948324e-06,-3.4340285737205236e-10,0
546,4.2644201605970515e-09,1.1041045874948324e-06,-1.5923501605970512e-09,0
547,6.229916073187765e-09,1.1041045874948324e-06,-1.7167260731877653e-09,0
548,4.862600891969187e-09,1.1041045874948324e-06,5.095991080308134e-10,0
549,2.5265441967358584e-09,1.1041045874948324e-06,2.6445758032641414e-09,0
550,1.0716493229315847e-09,1.1041045874948324e-06,5.7813806770684155e-09,0
551,3.2244153906592585e-10,1.1041045874948324e-06,1.2158458460934074e-08,0
552,6.892287817652404e-11,1.1041045874948324e-06,1.6992277121823478e-08,0
553,2.743409210371257e-11,1.1041045874948324e-06,1.5030665907896288e-08,0
554,1.6971100746948438e-11,1.1041045874948324e-06,8.51944889925305e-09,0
555,6.838368803359632e-12,1.1041045874948324e-06,3.0348716311966407e-09,0
556,8.462869921653603e-12,1.1041045874948324e-06,7.594671300783463e-10,0
557,6.250385145748479e-11,1.1041045874948324e-06,3.255431485425152e-10,0
558,2.666953830209236e-10,1.1041045874948324e-06,4.585816169790763e-10,0
559,6.338996605079263e-10,1.1041045874948324e-06,1.3790203394920738e-09,0
560,1.3982761418070933e-09,1.1041045874948324e-06,3.5377038581929062e-09,0
561,4.624837758461546e-09,1.1041045874948324e-06,4.197402241538454e-09,0
562,1.4971320778298598e-08,1.1041045874948324e-06,-1.725207782985994e-10,0
563,3.6820165899923e-08,1.1041045874948324e-06,-4.7279658999229945e-09,0
564,6.640385253529714e-08,1.1041045874948324e-06,-1.6439525352971445e-09,0
565,8.590281371088432e-08,1.1041045874948324e-06,1.3622862891156923e-09,0
566,7.418750472235903e-08,1.1041045874948324e-06,1.101995277640963e-09,0
567,3.9923804078188365e-08,1.1041045874948324e-06,7.64149592181164e-09,0
568,1.3865885754856744e-08,1.1041045874948324e-06,1.2801514245143261e-08,0
569,3.676042952964737e-09,1.1041045874948324e-06,1.0541657047035262e-08,0
570,7.838410302165226e-10,1.1041045874948324e-06,5.794178969783477e-09,0
571,1.0960693520368307e-10,1.1041045874948324e-06,2.3918330647963174e-09,0
572,9.994932311880008e-12,1.1041045874948324e-06,8.126060676881202e-10,0
573,1.0920689273075046e-11,1.1041045874948324e-06,2.4589831072692494e-10,0
574,3.8663736717857706e-11,1.1041045874948324e-06,1.2187426328214226e-10,0
575,7.410479694377063e-11,1.1041045874948324e-06,9.141920305622936e-11,0
576,3.127630264456671e-09,1.1041045874948324e-06,3.86698973554333e-09,0
577,1.3073172783539304e-08,1.1041045874948324e-06,8.015827216460697e-09,0
578,2.7981604450491894e-08,1.1041045874948324e-06,1.395459554950811e-08,0
579,3.403528189896036e-08,1.1041045874948324e-06,2.297931810103964e-08,0
580,2.9169772860783984e-08,1.1041045874948324e-06,2.5277827139216013e-08,0
581,1.9633506011567066e-08,1.1041045874948324e-06,2.183519398843293e-08,0
582,8.721635136660056e-09,1.1041045874948324e-06,2.4262164863339948e-08,0
583,2.1597982260887787e-09,1.1041045874948324e-06,2.950900177391122e-08,0
584,2.833197740716209e-10,1.1041045874948324e-06,2.893028022592838e-08,0
585,1.9948355518793505e-11,1.1041045874948324e-06,2.142095164448121e-08,0
586,2.9028739412668367e-12,1.1041045874948324e-06,1.2208997126058733e-08,0
587,3.7970140881155656e-11,1.1041045874948324e-06,6.1047998591188455e-09,0
588,4.249869809023481e-10,1.1041045874948324e-06,4.535783019097653e-09,0
589,2.5619642929112684e-09,1.1041045874948324e-06,6.222355707088732e-09,0
590,8.311871550890286e-09,1.1041045874948324e-06,1.2365728449109714e-08,0
591,1.7471854842832963e-08,1.1041045874948324e-06,2.9625945157167042e-08,0
592,3.712010555739246e-08,1.1041045874948324e-06,5.131139444260753e-08,0
593,9.475577956223653e-08,1.1041045874948324e-06,4.3780220437763465e-08,0
594,2.1265225888733e-07,1.1041045874948324e-06,1.0452741112670001e-08,0
595,3.446925938258909e-07,1.1041045874948324e-06,3.4894406174109116e-08,0
596,3.974050766295022e-07,1.1041045874948324e-06,1.238699233704977e-07,0
597,3.414576698313443e-07,1.1041045874948324e-06,1.4680333016865562e-07,0
598,2.1520009354133925e-07,1.1041045874948324e-06,9.269590645866075e-08,0
599,9.800978116359416e-08,1.1041045874948324e-06,4.967621883640583e-08,0
600,3.651128069468696e-08,1.1041045874948324e-06,3.2092719305313034e-08,0
601,1.1680312834461874e-08,1.1041045874948324e-06,2.374768716553813e-08,0
602,2.5820798799847147e-09,1.1041045874948324e-06,1.6298520120015283e-08,0
603,3.81487561349282e-10,1.1041045874948324e-06,8.850272438650718e-09,0
604,4.363297611061537e-10,1.1041045874948324e-06,3.6492602388938466e-09,0
605,1.7638931905896976e-09,1.1041045874948324e-06,1.1905368094103025e-09,0
606,4.360469191846717e-09,1.1041045874948324e-06,-2.85049191846717e-10,0
607,6.1050342784921726e-09,1.1041045874948324e-06,-1.604124278492173e-09,0
608,3.025088883574667e-08,1.1041045874948324e-06,5.208491116425332e-08,1
609,8.898650589882429e-08,1.1041045874948324e-06,1.303834941011757e-07,1
610,1.595102284309493e-07,1.1041045874948324e-06,2.1631177156905068e-07,1
611,1.8913539965076466e-07,1.1041045874948324e-06,2.444666003492353e-07,1
612,1.5593257208989927e-07,1.1041045874948324e-06,2.0223542791010072e-07,1
613,8.741624261843327e-08,1.1041045874948324e-06,1.4716775738156672e-07,0
614,3.140235825987337e-08,1.1041045874948324e-06,1.0781964174012663e-07,0
615,6.861583135960117e-09,1.1041045874948324e-06,7.83357168640399e-08,0
616,8.778434492266986e-10,1.1041045874948324e-06,5.34765565507733e-08,0
617,8.269698145601266e-11,1.1041045874948324e-06,3.523720301854399e-08,0
618,2.0712777268491875e-10,1.1041045874948324e-06,2.785467222731508e-08,0
619,1.5175935097951027e-09,1.1041045874948324e-06,3.381160649020489e-08,0
620,8.6447056613023e-09,1.1041045874948324e-06,5.562799433869771e-08,0
621,3.4819514606696435e-08,1.1041045874948324e-06,9.938048539330357e-08,1
622,9.623939235059725e-08,1.1041045874948324e-06,1.7816560764940276e-07,0
623,2.066960089390606e-07,1.1041045874948324e-06,2.962169910609394e-07,0
624,4.0576150698375006e-07,1.1041045874948324e-06,3.9274049301624995e-07,0
625,7.477171441430684e-07,1.1041045874948324e-06,4.0081285585693146e-07,0
626,1.1456663253148591e-06,1.1041045874948324e-06,4.893236746851408e-07,0
627,1.2969085731776646e-06,1.1041045874948324e-06,8.450314268223354e-07,0
628,1.0619636512446309e-06,1.1041045874948324e-06,1.099106348755369e-06,0
629,6.478752333915741e-07,1.1041045874948324e-06,8.727047666084258e-07,0
630,2.956104948440586e-07,1.1041045874948324e-06,4.6851750515594143e-07,0
631,1.0850579420769858e-07,1.1041045874948324e-06,2.2628520579230146e-07,0
632,3.909541756055002e-08,1.1041045874948324e-06,1.3017558243944996e-07,0
633,1.2419445092652126e-08,1.1041045874948324e-06,9.004455490734787e-08,0
634,3.1222720412966803e-09,1.1041045874948324e-06,6.079852795870331e-08,0
635,5.494296079773701e-09,1.1041045874948324e-06,3.15273039202263e-08,0
636,2.4816065789297464e-08,1.1041045874948324e-06,1.8343342107025383e-09,0
637,7.141347643120119e-08,1.1041045874948324e-06,-3.403157643120119e-08,0
638,1.245025193868542e-07,1.1041045874948324e-06,-6.71221193868542e-08,0
639,1.2856294067143098e-07,1.1041045874948324e-06,-6.857224067143098e-08,0
640,3.0945068038030163e-07,1.1041045874948324e-06,2.3576131961969837e-07,1
641,7.017582599256555e-07,1.1041045874948324e-06,5.296017400743447e-07,1
642,1.0170512438249496e-06,1.1041045874948324e-06,7.443087561750504e-07,1
643,9.676973912331768e-07,1.1041045874948324e-06,7.411926087668232e-07,1
644,6.149517689587479e-07,1.1041045874948324e-06,5.978782310412519e-07,0
645,2.6552114841619874e-07,1.1041045874948324e-06,4.216788515838012e-07,0
646,7.783052899077285e-08,1.1041045874948324e-06,2.6698047100922714e-07,0
647,1.492763445717225e-08,1.1041045874948324e-06,1.5728136554282775e-07,0
648,1.8479310112666666e-09,1.1041045874948324e-06,9.585216898873334e-08,0
649,1.133497522903689e-09,1.1041045874948324e-06,8.028910247709632e-08,0
650,7.334046143219062e-09,1.1041045874948324e-06,1.1949695385678094e-07,0
651,3.5780276067408935e-08,1.1041045874948324e-06,2.2776572393259106e-07,0
652,1.2943881676840888e-07,1.1041045874948324e-06,4.119641832315911e-07,1
653,3.5734169656099856e-07,1.1041045874948324e-06,6.783583034390013e-07,1
654,7.875371915080901e-07,1.1041045874948324e-06,1.0169828084919098e-06,1
655,1.4862123012969048e-06,1.1041045874948324e-06,1.3401276987030954e-06,0
656,2.443662787155685e-06,1.1041045874948324e-06,1.4849272128443152e-06,0
657,3.340946495508869e-06,1.1041045874948324e-06,1.5720435044911315e-06,0
658,3.590865945450914e-06,1.1041045874948324e-06,2.0838140545490864e-06,1
659,2.9099732630393813e-06,1.1041045874948324e-06,2.795846736960619e-06,1
660,1.7293020250417563e-06,1.1041045874948324e-06,2.704337974958244e-06,1
661,7.405883706758515e-07,1.1041045874948324e-06,1.7638616293241483e-06,1
662,2.274100942847891e-07,1.1041045874948324e-06,9.008899057152109e-07,1
663,5.6521307845129336e-08,1.1041045874948324e-06,4.920066921548707e-07,0
664,1.5571050234889532e-08,1.1041045874948324e-06,3.332609497651105e-07,0
665,5.685740037963818e-09,1.1041045874948324e-06,2.493182599620362e-07,0
666,1.7619292144169078e-08,1.1041045874948324e-06,1.6900470785583094e-07,0
667,1.0264323958715435e-07,1.1041045874948324e-06,4.032276041284563e-08,0
668,3.70520410940176e-07,1.1041045874948324e-06,-1.99021410940176e-07,1
669,8.019621304955025e-07,1.1041045874948324e-06,-5.057151304955025e-07,1
670,1.0396492870385736e-06,1.1041045874948324e-06,-6.249722870385736e-07,1
671,7.934210826666703e-07,1.1041045874948324e-06,-4.2657408266667033e-07,1
672,1.2127438360871358e-06,1.1041045874948324e-06,4.865961639128644e-07,0
673,2.291914279442806e-06,1.1041045874948324e-06,9.237857205571942e-07,1
674,2.7523562079370664e-06,1.1041045874948324e-06,1.1364037920629333e-06,1
675,2.1442947821004703e-06,1.1041045874948324e-06,1.1178952178995298e-06,1
676,1.1103855703724183e-06,1.1041045874948324e-06,9.328144296275815e-07,0
677,3.9591590722269697e-07,1.1041045874948324e-06,6.401340927773031e-07,0
678,9.978960290238227e-08,1.1041045874948324e-06,3.687863970976177e-07,0
679,1.7602685241071537e-08,1.1041045874948324e-06,2.0222031475892847e-07,0
680,4.986386084702039e-09,1.1041045874948324e-06,1.4736361391529795e-07,0
681,2.2303899575742386e-08,1.1041045874948324e-06,2.042091004242576e-07,0
682,1.0569466281025119e-07,1.1041045874948324e-06,3.9876133718974876e-07,0
683,3.548934315889613e-07,1.1041045874948324e-06,7.444865684110386e-07,1
684,9.131222464809707e-07,1.1041045874948324e-06,1.2443977535190295e-06,1
685,1.9534909174633393e-06,1.1041045874948324e-06,1.8379790825366608e-06,1
686,3.650029399573877e-06,1.1041045874948324e-06,2.3124506004261235e-06,1
687,5.908343041185181e-06,1.1041045874948324e-06,2.416916958814819e-06,0
688,7.908500685174232e-06,1.1041045874948324e-06,2.1474993148257682e-06,0
689,8.429378508882711e-06,1.1041045874948324e-06,2.0627214911172894e-06,0
690,7.054557682426518e-06,1.1041045874948324e-06,2.595712317573481e-06,1
691,4.510433034171922e-06,1.1041045874948324e-06,3.0581769658280797e-06,1
692,2.105017801056772e-06,1.1041045874948324e-06,2.5783621989432284e-06,1
693,7.054230053622837e-07,1.1041045874948324e-06,1.5675569946377164e-06,1
694,1.82111017670143e-07,1.1041045874948324e-06,8.76238982329857e-07,1
695,4.620833990142098e-08,1.1041045874948324e-06,6.11552660098579e-07,0
696,1.435352863433297e-08,1.1041045874948324e-06,5.179794713656671e-07,0
697,1.6753154970783773e-08,1.1041045874948324e-06,4.4593284502921625e-07,0
698,1.1548790297435858e-07,1.1041045874948324e-06,2.832550970256414e-07,0
699,5.687453833749725e-07,1.1041045874948324e-06,-1.6149038337497255e-07,0
700,1.6532112138224946e-06,1.1041045874948324e-06,-1.0070752138224947e-06,1
701,2.8355602984404616e-06,1.1041045874948324e-06,-1.7577402984404614e-06,1
702,2.8605616178227512e-06,1.1041045874948324e-06,-1.5719316178227512e-06,1
703,1.6825433796645006e-06,1.1041045874948324e-06,-7.125813796645006e-07,1
704,1.8305955030755562e-06,1.1041045874948324e-06,5.788944969244439e-07,0
705,2.9706439007831336e-06,1.1041045874948324e-06,9.832160992168657e-07,0
706,3.036940337698324e-06,1.1041045874948324e-06,1.2455996623016765e-06,0
707,2.042855714559171e-06,1.1041045874948324e-06,1.2881842854408293e-06,1
708,9.570151563952713e-07,1.1041045874948324e-06,1.0176348436047289e-06,1
709,3.339236976640473e-07,1.1041045874948324e-06,6.108073023359527e-07,0
710,8.969121577335976e-08,1.1041045874948324e-06,3.1594578422664026e-07,0
711,2.2667656600933336e-08,1.1041045874948324e-06,1.8888434339906667e-07,0
712,4.054543892815256e-08,1.1041045874948324e-06,1.8445456107184741e-07,0
713,1.7609061531014343e-07,1.1041045874948324e-06,2.8368938468985657e-07,0
714,5.597307196384509e-07,1.1041045874948324e-06,4.886192803615489e-07,0
715,1.3150716025534636e-06,1.1041045874948324e-06,8.674283974465362e-07,0
716,2.5543970714957473e-06,1.1041045874948324e-06,1.4798829285042535e-06,1
717,4.612449521346814e-06,1.1041045874948324e-06,2.0548104786531872e-06,1
718,7.700776185641279e-06,1.1041045874948324e-06,2.2366638143587197e-06,1
719,1.0913977735694972e-05,1.1041045874948324e-06,1.9529222643050283e-06,0
720,1.241616309070809e-05,1.1041045874948324e-06,1.3557369092919116e-06,0
721,1.1281884231780673e-05,1.1041045874948324e-06,9.156157682193263e-07,0
722,8.17325257178178e-06,1.1041045874948324e-06,1.04195742821822e-06,1
723,4.526528939298436e-06,1.1041045874948324e-06,1.3209410607015641e-06,1
724,1.8400248424326692e-06,1.1041045874948324e-06,1.1445951575673307e-06,1
725,5.70912349345126e-07,1.1041045874948324e-06,7.392076506548741e-07,1
726,1.58342512373673e-07,1.1041045874948324e-06,5.27402487626327e-07,0
727,4.5529677550971696e-08,1.1041045874948324e-06,5.068013224490284e-07,0
728,1.4598212810647395e-08,1.1041045874948324e-06,5.284507871893526e-07,0
729,3.844117172047533e-08,1.1041045874948324e-06,4.961918282795247e-07,0
730,2.5446269936100694e-07,1.1041045874948324e-06,2.797993006389931e-07,0
731,1.0403365582989224e-06,1.1041045874948324e-06,-3.442955582989224e-07,0
732,2.5226541976455884e-06,1.1041045874948324e-06,-1.3570141976455884e-06,1
733,3.6122060488006234e-06,1.1041045874948324e-06,-1.9091960488006235e-06,1
734,3.0372419435178862e-06,1.1041045874948324e-06,-1.273101943517886e-06,1
735,1.507850821400255e-06,1.1041045874948324e-06,-3.25790821400255e-07,0
736,1.2738258962983658e-06,1.1041045874948324e-06,5.197641037016342e-07,0
737,1.7963402622660926e-06,1.1041045874948324e-06,9.332397377339069e-07,0
738,1.6629729767674385e-06,1.1041045874948324e-06,1.2124370232325613e-06,0
739,1.1013538322292903e-06,1.1041045874948324e-06,1.1434561677707096e-06,1
740,5.632618728403125e-07,1.1041045874948324e-06,7.677381271596875e-07,1
741,2.2990033300558076e-07,1.1041045874948324e-06,3.9361966699441923e-07,0
742,7.340350444388338e-08,1.1041045874948324e-06,2.0226049555611663e-07,1
743,3.64033953497068e-08,1.1041045874948324e-06,1.405156046502932e-07,0
744,1.0960082560785136e-07,1.1041045874948324e-06,1.2921417439214862e-07,0
745,3.680816119198919e-07,1.1041045874948324e-06,1.2733338808010806e-07,0
746,9.284990454108783e-07,1.1041045874948324e-06,1.4200095458912163e-07,0
747,1.8064235226255416e-06,1.1041045874948324e-06,3.262064773744585e-07,0
748,3.032119040746165e-06,1.1041045874948324e-06,8.170509592538349e-07,0
749,5.020382432407329e-06,1.1041045874948324e-06,1.4781375675926705e-06,1
750,7.886690352603398e-06,1.1041045874948324e-06,2.0563796473966027e-06,1
751,1.030938082984221e-05,1.1041045874948324e-06,2.15501917015779e-06,1
752,1.0644033230087324e-05,1.1041045874948324e-06,1.4220667699126758e-06,0
753,8.800375474815475e-06,1.1041045874948324e-06,4.4059452518452444e-07,0
754,5.80114075682609e-06,1.1041045874948324e-06,9.889924317391018e-08,0
755,2.9327107186144335e-06,1.1041045874948324e-06,1.9722928138556666e-07,0
756,1.116536380080812e-06,1.1041045874948324e-06,2.3085361991918785e-07,0
757,3.2907548320789773e-07,1.1041045874948324e-06,2.1220351679210223e-07,0
758,7.918593586664988e-08,1.1041045874948324e-06,2.416850641333501e-07,0
759,1.653439770497163e-08,1.1041045874948324e-06,2.978906022950284e-07,0
760,6.605148250936692e-09,1.1041045874948324e-06,3.473348517490633e-07,0
761,3.682668754253997e-08,1.1041045874948324e-06,3.6164631245746e-07,0
762,2.1379836190504404e-07,1.1041045874948324e-06,2.69258638094956e-07,0
763,7.480759636681256e-07,1.1041045874948324e-06,-3.2739963668125545e-08,0
764,1.5595020676637615e-06,1.1041045874948324e-06,-4.4024206766376155e-07,0
765,1.9230333339544047e-06,1.1041045874948324e-06,-4.760433339544049e-07,0
766,1.4132615528412443e-06,1.1041045874948324e-06,-5.093155284124423e-08,0
767,6.41789250187081e-07,1.1041045874948324e-06,2.10338749812919e-07,0
768,5.68636390652086e-07,1.1041045874948324e-06,4.01309609347914e-07,0
769,7.992165414591374e-07,1.1041045874948324e-06,6.936734585408625e-07,0
770,7.714458613754772e-07,1.1041045874948324e-06,8.445641386245228e-07,0
771,5.537712703564678e-07,1.1041045874948324e-06,7.287187296435321e-07,0
772,3.119370544576173e-07,1.1041045874948324e-06,4.4773094554238276e-07,0
773,1.3806530550851732e-07,1.1041045874948324e-06,2.2436269449148273e-07,0
774,5.078559683446015e-08,1.1041045874948324e-06,1.2262840316553984e-07,0
775,3.268855754380543e-08,1.1041045874948324e-06,8.708744245619456e-08,0
776,8.40076149502917e-08,1.1041045874948324e-06,6.76303850497083e-08,0
777,2.4822187714304773e-07,1.1041045874948324e-06,3.102412285695228e-08,0
778,5.648195945305282e-07,1.1041045874948324e-06,1.1190405469471846e-08,0
779,1.0309866289354805e-06,1.1041045874948324e-06,1.530933710645194e-07,0
780,1.801148153789121e-06,1.1041045874948324e-06,5.879018462108791e-07,1
781,3.253990115871532e-06,1.1041045874948324e-06,1.3002498841284686e-06,1
782,5.239874015356927e-06,1.1041045874948324e-06,1.9563059846430733e-06,1
783,6.530342215537817e-06,1.1041045874948324e-06,1.9159177844621842e-06,1
784,6.114250713451678e-06,1.1041045874948324e-06,1.1024792865483222e-06,0
785,4.457036494584552e-06,1.1041045874948324e-06,2.927535054154487e-07,0
786,2.594019249900632e-06,1.1041045874948324e-06,-1.2929249900631524e-08,0
787,1.175615065808138e-06,1.1041045874948324e-06,-4.535065808137993e-09,0
788,4.045385522048975e-07,1.1041045874948324e-06,4.2353447795102485e-08,0
789,1.165748797785266e-07,1.1041045874948324e-06,6.285412022147341e-08,0
790,3.688829534547922e-08,1.1041045874948324e-06,8.61887046545208e-08,0
791,1.5907322928683388e-08,1.1041045874948324e-06,1.1720267707131661e-07,0
792,1.1303530946756623e-08,1.1041045874948324e-06,1.554494690532434e-07,0
793,2.7873732275940232e-08,1.1041045874948324e-06,1.9654826772405976e-07,0
794,1.0891729474679669e-07,1.1041045874948324e-06,2.153337052532033e-07,0
795,2.910770140499569e-07,1.1041045874948324e-06,2.1004898595004314e-07,0
796,4.978049398810012e-07,1.1041045874948324e-06,2.3506406011899876e-07,0
797,5.529696879596354e-07,1.1041045874948324e-06,3.259303120403646e-07,0
798,4.1127376476492967e-07,1.1041045874948324e-06,3.803002352350703e-07,0
799,2.07955001749365e-07,1.1041045874948324e-06,2.7694399825063497e-07,0
800,3.308674139680903e-07,1.1041045874948324e-06,2.8191958603190975e-07,0
801,5.111961494198597e-07,1.1041045874948324e-06,4.5507585058014033e-07,0
802,5.6522937718971e-07,1.1041045874948324e-06,4.658306228102901e-07,0
803,4.7589815461629047e-07,1.1041045874948324e-06,3.041148453837095e-07,0
804,3.087335492240412e-07,1.1041045874948324e-06,1.272924507759588e-07,0
805,1.5087401958714394e-07,1.1041045874948324e-06,4.6325980412856055e-08,0
806,5.508896202373601e-08,1.1041045874948324e-06,3.792113797626399e-08,0
807,1.9183244633373458e-08,1.1041045874948324e-06,4.7504355366626555e-08,0
808,2.270655211323549e-08,1.1041045874948324e-06,5.292024788676452e-08,0
809,5.78467875153239e-08,1.1041045874948324e-06,6.113021248467611e-08,0
810,1.3656614425689858e-07,1.1041045874948324e-06,1.0426285574310141e-07,1
811,3.254974841267303e-07,1.1041045874948324e-06,2.2983151587326966e-07,1
812,7.862726334774183e-07,1.1041045874948324e-06,5.037373665225817e-07,1
813,1.658144052435604e-06,1.1041045874948324e-06,9.093159475643957e-07,1
814,2.673288172748737e-06,1.1041045874948324e-06,1.1205218272512628e-06,1
815,3.065192274535745e-06,1.1041045874948324e-06,8.557277254642547e-07,1
816,2.5376826011929594e-06,1.1041045874948324e-06,3.514273988070405e-07,0
817,1.642853986352241e-06,1.1041045874948324e-06,-1.0939863522410584e-09,0
818,8.59239312541914e-07,1.1041045874948324e-06,-7.185331254191394e-08,0
819,3.440985880787134e-07,1.1041045874948324e-06,-8.714588078713392e-09,0
820,1.1486011637611498e-07,1.1041045874948324e-06,2.2614883623885022e-08,0
821,4.847407565190007e-08,1.1041045874948324e-06,2.015052434809993e-08,0
822,3.0265425938477387e-08,1.1041045874948324e-06,2.1288874061522616e-08,0
823,2.254369856123833e-08,1.1041045874948324e-06,3.015320143876167e-08,0
824,1.868173322717517e-08,1.1041045874948324e-06,4.8396066772824834e-08,0
825,3.952519806789617e-08,1.1041045874948324e-06,6.442980193210384e-08,0
826,1.0841199499957763e-07,1.1041045874948324e-06,6.059900500042237e-08,0
827,2.1433366106394734e-07,1.1041045874948324e-06,5.2294338936052656e-08,0
828,3.063737390740243e-07,1.1041045874948324e-06,7.844826092597568e-08,0
829,3.1632792279349205e-07,1.1041045874948324e-06,1.5171607720650795e-07,0
830,2.295949975690381e-07,1.1041045874948324e-06,2.1583700243096188e-07,0
831,1.1626382980549936e-07,1.1041045874948324e-06,1.8020517019450063e-07,0
832,2.8489592938871445e-07,1.1041045874948324e-06,2.3363007061128562e-07,0
833,5.317732479888068e-07,1.1041045874948324e-06,2.6319875201119333e-07,0
834,6.77557387448671e-07,1.1041045874948324e-06,1.1547061255132899e-07,0
835,6.086693199331007e-07,1.1041045874948324e-06,-6.877131993310062e-08,0
836,3.856011328904482e-07,1.1041045874948324e-06,-1.224791328904482e-07,0
837,1.6632311938612368e-07,1.1041045874948324e-06,-6.434111938612369e-08,0
838,4.824451957314602e-08,1.1041045874948324e-06,-5.172719573146011e-09,0
839,1.193227243616318e-08,1.1041045874948324e-06,1.8248227563836824e-08,0
840,5.522953707700188e-09,1.1041045874948324e-06,2.958414629229981e-08,0
841,9.500740213192163e-09,1.1041045874948324e-06,4.879955978680785e-08,0
842,3.990196513961407e-08,1.1041045874948324e-06,8.122003486038592e-08,0
843,1.488985990628285e-07,1.1041045874948324e-06,1.4098840093717153e-07,1
844,4.1166625679963796e-07,1.1041045874948324e-06,2.5409374320036193e-07,0
845,8.320197619827565e-07,1.1041045874948324e-06,3.629602380172434e-07,1
846,1.1909693696427596e-06,1.1041045874948324e-06,3.1570063035724034e-07,1
847,1.2070210640430774e-06,1.1041045874948324e-06,1.0983893595692265e-07,0
848,9.192949581795057e-07,1.1041045874948324e-06,-7.030495817950574e-08,0
849,5.584071976814485e-07,1.1041045874948324e-06,-1.0645419768144842e-07,0
850,2.670801039947893e-07,1.1041045874948324e-06,-4.415110399478931e-08,0
851,9.834932858237633e-08,1.1041045874948324e-06,1.2808671417623669e-08,0
852,3.1910794647887283e-08,1.1041045874948324e-06,2.6941805352112713e-08,0
853,1.3258789529572885e-08,1.1041045874948324e-06,2.1575810470427113e-08,0
854,9.475063922585006e-09,1.1041045874948324e-06,1.592603607741499e-08,0
855,9.384886012911349e-09,1.1041045874948324e-06,1.3939013987088653e-08,0
856,2.002650043102406e-08,1.1041045874948324e-06,1.057199956897594e-08,0
857,6.381881646052233e-08,1.1041045874948324e-06,-1.4354116460522332e-08,0
858,1.569651792908035e-07,1.1041045874948324e-06,-7.80222792908035e-08,0
859,2.6864920169059906e-07,1.1041045874948324e-06,-1.3893920169059908e-07,1
860,3.157468405464286e-07,1.1041045874948324e-06,-1.089398405464286e-07,0
861,2.748817834810325e-07,1.1041045874948324e-06,1.3610216518967521e-08,0
862,2.0733596117735e-07,1.1041045874948324e-06,1.0758003882264996e-07,0
863,1.3350118531510706e-07,1.1041045874948324e-06,9.948681468489293e-08,0
864,4.0287391774603314e-07,1.1041045874948324e-06,7.528308225396687e-08,0
865,7.510074501575005e-07,1.1041045874948324e-06,-5.99244501575005e-08,0
866,9.15881700680608e-07,1.1041045874948324e-06,-2.8041670068060803e-07,0
867,7.671933441961082e-07,1.1041045874948324e-06,-3.718133441961082e-07,1
868,4.6109386260291645e-07,1.1041045874948324e-06,-2.8051186260291646e-07,1
869,2.0893561601517306e-07,1.1041045874948324e-06,-1.3897461601517306e-07,1
870,8.311211616264251e-08,1.1041045874948324e-06,-5.402751616264251e-08,1
871,3.7181529881394824e-08,1.1041045874948324e-06,-1.9469529881394824e-08,1
872,1.5721116286172185e-08,1.1041045874948324e-06,5.061183713827815e-09,0
873,9.075590495653827e-09,1.1041045874948324e-06,2.8240909504346176e-08,0
874,3.0812382490995844e-08,1.1041045874948324e-06,5.293181750900414e-08,0
875,1.0973992805605624e-07,1.1041045874948324e-06,9.741707194394374e-08,0
876,2.6832242088765363e-07,1.1041045874948324e-06,1.5827557911234634e-07,0
877,4.706785548480058e-07,1.1041045874948324e-06,1.4344044515199428e-07,0
878,6.129439292941985e-07,1.1041045874948324e-06,-1.470792929419848e-08,0
879,5.934843968924176e-07,1.1041045874948324e-06,-1.7082139689241753e-07,0
880,4.2019330618503205e-07,1.1041045874948324e-06,-1.6907130618503206e-07,1
881,2.1686938419258546e-07,1.1041045874948324e-06,-7.176938419258546e-08,0
882,9.056857694867377e-08,1.1041045874948324e-06,-4.928676948673784e-09,0
883,4.195951749228613e-08,1.1041045874948324e-06,9.93368250771387e-09,0
884,2.2399268811643395e-08,1.1041045874948324e-06,8.658431188356608e-09,0
885,9.420201880562855e-09,1.1041045874948324e-06,9.187398119437144e-09,0
886,4.3320796592353765e-09,1.1041045874948324e-06,9.918320340764623e-09,0
887,1.0673248125360609e-08,1.1041045874948324e-06,7.875151874639392e-09,0
888,3.5071701334588965e-08,1.1041045874948324e-06,-5.626001334588963e-09,0
889,8.712522577999867e-08,1.1041045874948324e-06,-4.6940225779998665e-08,0
890,1.6787356073301485e-07,1.1041045874948324e-06,-1.1217546073301486e-07,1
891,2.423878080121251e-07,1.1041045874948324e-06,-1.433887080121251e-07,1
892,2.7611590936992803e-07,1.1041045874948324e-06,-9.079890936992801e-08,0
893,2.8695373343707377e-07,1.1041045874948324e-06,1.2552665629262705e-09,0
894,2.768097062243504e-07,1.1041045874948324e-06,5.319629377564959e-08,0
895,2.1125158069253022e-07,1.1041045874948324e-06,4.0672419307469777e-08,0
896,5.388534598299992e-07,1.1041045874948324e-06,-9.175645982999921e-08,0
897,9.785880219023701e-07,1.1041045874948324e-06,-3.484210219023702e-07,0
898,1.1956100389974705e-06,1.1041045874948324e-06,-6.214350389974705e-07,1
899,1.0388677044708231e-06,1.1041045874948324e-06,-6.725597044708231e-07,1
900,6.861464878466361e-07,1.1041045874948324e-06,-5.087214878466361e-07,1
901,3.5790062491890775e-07,1.1041045874948324e-06,-2.8531592491890777e-07,1
902,1.4890721472853574e-07,1.1041045874948324e-06,-1.2001561472853575e-07,1
903,5.067984718762082e-08,1.1041045874948324e-06,-3.535704718762082e-08,1
904,1.4013487869492502e-08,1.1041045874948324e-06,1.2247121305074999e-09,0
905,1.1369327875617645e-08,1.1041045874948324e-06,1.5879172124382356e-08,0
906,4.5796835415383866e-08,1.1041045874948324e-06,3.272986458461613e-08,0
907,1.3568656418780642e-07,1.1041045874948324e-06,7.875443581219356e-08,0
908,2.614843613126613e-07,1.1041045874948324e-06,1.3104863868733874e-07,0
909,3.611089303628987e-07,1.1041045874948324e-06,8.22880696371013e-08,0
910,3.889758289590496e-07,1.1041045874948324e-06,-6.789082895904961e-08,0
911,3.2174484532511715e-07,1.1041045874948324e-06,-1.4323084532511715e-07,0
912,1.903288282802549e-07,1.1041045874948324e-06,-8.381882828025491e-08,0
913,8.285946613225883e-08,1.1041045874948324e-06,-5.822866132258837e-09,0
914,4.512254087591215e-08,1.1041045874948324e-06,1.2052759124087847e-08,0
915,4.3588488195346434e-08,1.1041045874948324e-06,-4.749288195346435e-09,0
916,3.304273739672025e-08,1.1041045874948324e-06,-1.1427537396720248e-08,0
917,1.3928027635754347e-08,1.1041045874948324e-06,-1.2948276357543466e-09,0
918,5.934783354610125e-09,1.1041045874948324e-06,1.0371016645389874e-08,0
919,1.5686410148011206e-08,1.1041045874948324e-06,1.845058985198879e-08,0
920,4.74991509868513e-08,1.1041045874948324e-06,1.7238649013148708e-08,0
921,1.049795446383776e-07,1.1041045874948324e-06,-9.1301446383776e-09,0
922,1.8977129401805672e-07,1.1041045874948324e-06,-5.999329401805671e-08,0
923,3.024518051254809e-07,1.1041045874948324e-06,-9.61818051254809e-08,0
924,4.2922058351076433e-07,1.1041045874948324e-06,-7.820158351076433e-08,0
925,5.269949610539974e-07,1.1041045874948324e-06,-1.909996105399742e-08,0
926,5.301256172787857e-07,1.1041045874948324e-06,1.8276382721214336e-08,0
927,3.922969067265449e-07,1.1041045874948324e-06,1.0531093273455134e-08,0
928,7.268936170962315e-07,1.1041045874948324e-06,-2.0707161709623158e-07,0
929,1.2866795750284523e-06,1.1041045874948324e-06,-5.485545750284523e-07,0
930,1.5469337471107486e-06,1.1041045874948324e-06,-8.718547471107485e-07,1
931,1.351893210712957e-06,1.1041045874948324e-06,-9.20804210712957e-07,1
932,8.823268453704092e-07,1.1041045874948324e-06,-6.735098453704092e-07,1
933,4.179714299628834e-07,1.1041045874948324e-06,-3.358022299628834e-07,1
934,1.4516390538142586e-07,1.1041045874948324e-06,-1.1586140538142587e-07,1
935,4.139451444204174e-08,1.1041045874948324e-06,-2.5151814442041735e-08,1
936,1.1924229364675055e-08,1.1041045874948324e-06,1.1310770635324947e-08,0
937,1.4457643066367624e-08,1.1041045874948324e-06,3.774855693363237e-08,0
938,4.7061019261743156e-08,1.1041045874948324e-06,7.681498073825687e-08,0
939,1.1160071839150336e-07,1.1041045874948324e-06,1.3813528160849664e-07,0
940,1.8894340977882657e-07,1.1041045874948324e-06,1.6884959022117343e-07,0
941,2.4266035114414524e-07,1.1041045874948324e-06,9.238664885585475e-08,0
942,2.346247034623857e-07,1.1041045874948324e-06,-2.2674703462385695e-08,0
943,1.584986524342027e-07,1.1041045874948324e-06,-4.7019652434202696e-08,0
944,7.044394496193282e-08,1.1041045874948324e-06,-1.7901449619328187e-09,0
945,2.719738003543744e-08,1.1041045874948324e-06,2.5475119964562557e-08,0
946,2.596951674696445e-08,1.1041045874948324e-06,1.4144883253035556e-08,0
947,2.9309723597758324e-08,1.1041045874948324e-06,-4.277923597758323e-09,0
948,1.7939157092095278e-08,1.1041045874948324e-06,-4.759957092095279e-09,0
949,6.2453849149578864e-09,1.1041045874948324e-06,5.1063150850421136e-09,0
950,7.577019079913628e-09,1.1041045874948324e-06,1.712468092008637e-08,0
951,2.8725640601303114e-08,1.1041045874948324e-06,3.850725939869689e-08,0
952,7.76729258062514e-08,1.1041045874948324e-06,7.29420741937486e-08,0
953,1.7195045464476953e-07,1.1041045874948324e-06,8.725754535523047e-08,0
954,3.5878550125540085e-07,1.1041045874948324e-06,3.6021498744599144e-08,0
955,6.831781894932711e-07,1.1041045874948324e-06,-3.748718949327098e-08,0
956,1.0944846517628453e-06,1.1041045874948324e-06,-3.671465176284518e-08,0
957,1.3704688345224311e-06,1.1041045874948324e-06,4.543116547756892e-08,0
958,1.2748960984185491e-06,1.1041045874948324e-06,1.0317390158145107e-07,0
959,8.404106752038475e-07,1.1041045874948324e-06,7.160532479615255e-08,0
960,9.127302481375167e-07,1.1041045874948324e-06,-1.8092624813751671e-07,0
961,1.4323477108516388e-06,1.1041045874948324e-06,-4.5275771085163873e-07,0
962,1.5454081743021122e-06,1.1041045874948324e-06,-7.163441743021121e-07,0
963,1.2168846177220877e-06,1.1041045874948324e-06,-7.215976177220877e-07,1
964,7.049550507838887e-07,1.1041045874948324e-06,-4.756370507838887e-07,1
965,3.2268262921844173e-07,1.1041045874948324e-06,-2.3629422921844175e-07,1
966,1.4322751140719168e-07,1.1041045874948324e-06,-1.1007501140719169e-07,1
967,6.132435637781219e-08,1.1041045874948324e-06,-2.8730156377812187e-08,0
968,2.4283716197032807e-08,1.1041045874948324e-06,4.33413838029672e-08,0
969,3.0891135460077514e-08,1.1041045874948324e-06,1.0118786453992249e-07,0
970,7.392406103907668e-08,1.1041045874948324e-06,1.4059893896092334e-07,0
971,1.368003692863549e-07,1.1041045874948324e-06,1.6017663071364514e-07,0
972,2.0187942704840342e-07,1.1041045874948324e-06,1.2956357295159661e-07,0
973,2.4781133234737923e-07,1.1041045874948324e-06,3.3866667652620785e-08,0
974,2.409501260165465e-07,1.1041045874948324e-06,-5.108012601654651e-08,0
975,1.6299897957618124e-07,1.1041045874948324e-06,-4.5015979576181246e-08,0
976,6.926078665390599e-08,1.1041045874948324e-06,6.868413346094018e-09,0
977,2.3822764558807976e-08,1.1041045874948324e-06,2.595733544119203e-08,0
978,1.7079971068565595e-08,1.1041045874948324e-06,1.5084028931434407e-08,0
979,1.3435039786997125e-08,1.1041045874948324e-06,8.724660213002877e-09,0
980,5.713492245326329e-09,1.1041045874948324e-06,1.283770775467367e-08,0
981,2.211471778355617e-09,1.1041045874948324e-06,1.8669728221644382e-08,0
982,6.822663654261604e-09,1.1041045874948324e-06,3.38323363457384e-08,0
983,2.8068149925181065e-08,1.1041045874948324e-06,8.208085007481894e-08,0
984,1.047143493517703e-07,1.1041045874948324e-06,1.5949165064822972e-07,0
985,3.53579628314541e-07,1.1041045874948324e-06,1.60640371685459e-07,0
986,9.372775168691496e-07,1.1041045874948324e-06,-8.310516869149631e-09,0
987,1.8909549537008382e-06,1.1041045874948324e-06,-1.9311495370083806e-07,0
988,2.9079169816510107e-06,1.1041045874948324e-06,-1.4254698165101044e-07,0
989,3.344642440432276e-06,1.1041045874948324e-06,1.1172755956772325e-07,0
990,2.807207702526143e-06,1.1041045874948324e-06,2.546522974738564e-07,0
991,1.6467369949459075e-06,1.1041045874948324e-06,1.6350300505409258e-07,0
992,6.985837121954428e-07,1.1041045874948324e-06,-5.214871219544278e-08,0
993,8.738766073412272e-07,1.1041045874948324e-06,-1.3819460734122715e-07,0
994,7.576086271298141e-07,1.1041045874948324e-06,-2.17806627129814e-07,0
995,4.980361702280455e-07,1.1041045874948324e-06,-2.0978617022804547e-07,0
996,2.741594302860769e-07,1.1041045874948324e-06,-1.5245143028607693e-07,1
997,1.5655467682079285e-07,1.1041045874948324e-06,-1.1218827682079284e-07,1
998,9.303346910666574e-08,1.1041045874948324e-06,-6.773876910666574e-08,1
999,4.206248805975784e-08,1.1041045874948324e-06,1.3335119402421636e-09,0
1000,2.0269458435916038e-08,1.1041045874948324e-06,6.763144156408396e-08,0
1001,3.1891960321567574e-08,1.1041045874948324e-06,1.1129703967843242e-07,0
1002,5.77165337165005e-08,1.1041045874948324e-06,1.360614662834995e-07,0
1003,8.702225883888852e-08,1.1041045874948324e-06,1.4111374116111148e-07,0
1004,1.2787035670108161e-07,1.1041045874948324e-06,9.73586432989184e-08,0
1005,1.7540723640089107e-07,1.1041045874948324e-06,5.299763599108907e-09,0
1006,1.7918208539833978e-07,1.1041045874948324e-06,-5.695308539833978e-08,0
1007,1.1234863360847177e-07,1.1041045874948324e-06,-3.470283360847176e-08,0
1008,4.308059013980634e-08,1.1041045874948324e-06,4.988109860193665e-09,0
1009,2.046597019474593e-08,1.1041045874948324e-06,9.52012980525407e-09,0
1010,1.8081257561990244e-08,1.1041045874948324e-06,2.9366424380097567e-09,0
1011,1.066628410736053e-08,1.1041045874948324e-06,6.707315892639469e-09,0
1012,3.1403458558882026e-09,1.1041045874948324e-06,1.3021654144111796e-08,0
1013,8.21209564612873e-10,1.1041045874948324e-06,1.8606890435387125e-08,0
1014,3.3211148924418905e-09,1.1041045874948324e-06,3.785478510755811e-08,0
1015,2.4704484485304708e-08,1.1041045874948324e-06,8.291851551469529e-08,0
1016,1.3396469726186435e-07,1.1041045874948324e-06,1.1406930273813564e-07,0
1017,4.790441221060133e-07,1.1041045874948324e-06,3.9423877893986736e-08,0
1018,1.1922309354733318e-06,1.1041045874948324e-06,-1.321109354733319e-07,0
1019,2.2156084914631407e-06,1.1041045874948324e-06,-2.2171849146314044e-07,0
1020,3.1048642125870183e-06,1.1041045874948324e-06,-7.951421258701811e-08,0
1021,3.199671605294635e-06,1.1041045874948324e-06,1.7956839470536527e-07,0
1022,2.3573885391503586e-06,1.1041045874948324e-06,2.5508146084964137e-07,0
1023,1.1793480023502542e-06,1.1041045874948324e-06,1.2592199764974605e-07,0
