,Y163C,max,diff,True
0,1.388593203113045e-06,1.2299787158951542e-06,2.6396796886954982e-08,0
1,1.935632386616785e-06,1.2299787158951542e-06,7.500761338321518e-08,0
2,1.6931979680928884e-06,1.2299787158951542e-06,-5.210796809288838e-08,0
3,9.956580414614307e-07,1.2299787158951542e-06,-1.0510304146143081e-07,0
4,4.2232327188079594e-07,1.2299787158951542e-06,-4.531527188079593e-08,0
5,1.4170796584986314e-07,1.2299787158951542e-06,-2.349658498631562e-10,0
6,4.332533583621335e-08,1.2299787158951542e-06,2.710906416378664e-08,0
7,3.036705669035373e-08,1.2299787158951542e-06,6.543704330964628e-08,0
8,1.1223246007305246e-07,1.2299787158951542e-06,7.824353992694753e-08,0
9,4.210483678888395e-07,1.2299787158951542e-06,-8.69043678888395e-08,0
10,1.1601865153197901e-06,1.2299787158951542e-06,-6.510925153197901e-07,0
11,2.2980468080909678e-06,1.2299787158951542e-06,-1.6123738080909678e-06,1
12,3.276053933890516e-06,1.2299787158951542e-06,-2.477774933890516e-06,1
13,3.435886047054802e-06,1.2299787158951542e-06,-2.645578047054802e-06,1
14,2.7826121143402167e-06,1.2299787158951542e-06,-2.1084841143402167e-06,1
15,1.923485194959869e-06,1.2299787158951542e-06,-1.414075194959869e-06,1
16,1.2869326190228008e-06,1.2299787158951542e-06,-9.328366190228008e-07,1
17,8.774249118281975e-07,1.2299787158951542e-06,-6.445609118281975e-07,1
18,6.19101364081566e-07,1.2299787158951542e-06,-4.78228364081566e-07,1
19,4.6091475481971063e-07,1.2299787158951542e-06,-3.729780548197106e-07,1
20,3.613414886138804e-07,1.2299787158951542e-06,-2.786845886138804e-07,1
21,3.0838385517942325e-07,1.2299787158951542e-06,-1.9179385517942324e-07,1
22,3.14422361369886e-07,1.2299787158951542e-06,-1.26605361369886e-07,0
23,4.801686015382184e-07,1.2299787158951542e-06,-1.6188060153821837e-07,0
24,1.2137062560482234e-06,1.2299787158951542e-06,-6.009282560482234e-07,1
25,3.4723863932337257e-06,1.2299787158951542e-06,-2.0919863932337257e-06,1
26,8.085995465182068e-06,1.2299787158951542e-06,-4.8514654651820685e-06,1
27,1.3936038162702631e-05,1.2299787158951542e-06,-7.085558162702631e-06,1
28,1.774422958865338e-05,1.2299787158951542e-06,-5.966229588653382e-06,1
29,1.707287267540535e-05,1.2299787158951542e-06,-1.8066726754053502e-06,0
30,1.2584819283767724e-05,1.2299787158951542e-06,1.578980716232278e-06,0
31,6.9563883109162366e-06,1.2299787158951542e-06,1.9652716890837637e-06,1
32,3.5298046235090376e-06,1.2299787158951542e-06,3.5354537649096226e-07,0
33,4.592041693119873e-06,1.2299787158951542e-06,1.8696830688012746e-07,0
34,3.816962426047293e-06,1.2299787158951542e-06,-3.7228242604729303e-07,0
35,2.175161809463768e-06,1.2299787158951542e-06,-4.820518094637683e-07,0
36,9.101088763074836e-07,1.2299787158951542e-06,-2.2320787630748368e-07,0
37,2.9539263312131055e-07,1.2299787158951542e-06,-9.898633121310544e-09,0
38,8.749823378733676e-08,1.2299787158951542e-06,9.957076621266326e-08,0
39,9.355595676568212e-08,1.2299787158951542e-06,1.669280432343179e-07,0
40,3.392462982106961e-07,1.2299787158951542e-06,1.400687017893039e-07,0
41,1.1022090413550416e-06,1.2299787158951542e-06,-2.7298704135504156e-07,0
42,2.7709759694196318e-06,1.2299787158951542e-06,-1.5227959694196317e-06,1
43,5.2653174688224364e-06,1.2299787158951542e-06,-3.6203374688224367e-06,1
44,7.561419349808771e-06,1.2299787158951542e-06,-5.627079349808771e-06,1
45,8.41232870113302e-06,1.2299787158951542e-06,-6.37029870113302e-06,1
46,7.630619590357009e-06,1.2299787158951542e-06,-5.701309590357009e-06,1
47,6.043766714167493e-06,1.2299787158951542e-06,-4.404486714167493e-06,1
48,4.383875428925597e-06,1.2299787158951542e-06,-3.1178654289255967e-06,1
49,3.021983180081543e-06,1.2299787158951542e-06,-2.152834180081543e-06,1
50,2.116092097699569e-06,1.2299787158951542e-06,-1.576049097699569e-06,1
51,1.5604393725958496e-06,1.2299787158951542e-06,-1.1868333725958497e-06,1
52,1.1979939919098859e-06,1.2299787158951542e-06,-8.264529919098859e-07,1
53,1.0077566702524246e-06,1.2299787158951542e-06,-5.049556702524246e-07,1
54,1.0416521821350085e-06,1.2299787158951542e-06,-3.082011821350084e-07,0
55,1.5755544929092315e-06,1.2299787158951542e-06,-4.407544929092314e-07,0
56,3.826969155141968e-06,1.2299787158951542e-06,-1.6873191551419679e-06,1
57,1.0372262317303446e-05,1.2299787158951542e-06,-5.491092317303447e-06,1
58,2.282595495481859e-05,1.2299787158951542e-06,-1.1429554954818588e-05,1
59,3.742923551843283e-05,1.2299787158951542e-06,-1.435173551843283e-05,1
60,4.579164133224845e-05,1.2299787158951542e-06,-9.244441332248451e-06,1
61,4.2595970870161874e-05,1.2299787158951542e-06,1.7362912983812345e-07,0
62,3.024938141147441e-05,1.2299787158951542e-06,5.337618588525587e-06,1
63,1.5910722509164498e-05,1.2299787158951542e-06,4.154777490835501e-06,1
64,5.124134096397287e-06,1.2299787158951542e-06,7.024590360271301e-08,0
65,6.4264044916850865e-06,1.2299787158951542e-06,-5.71794491685086e-07,0
66,5.128362513633173e-06,1.2299787158951542e-06,-1.2219825136331723e-06,0
67,2.8241250064647234e-06,1.2299787158951542e-06,-1.0003350064647233e-06,1
68,1.177698755011023e-06,1.2299787158951542e-06,-4.138907550110232e-07,0
69,3.9863545134130117e-07,1.2299787158951542e-06,-1.7233451341301154e-08,0
70,1.3723589839140935e-07,1.2299787158951542e-06,1.4251010160859065e-07,0
71,1.603654610286288e-07,1.2299787158951542e-06,1.7272853897137117e-07,0
72,4.993764396361704e-07,1.2299787158951542e-06,6.684256036382961e-08,0
73,1.4595265883937099e-06,1.2299787158951542e-06,-4.751525883937099e-07,0
74,3.4941266585331366e-06,1.2299787158951542e-06,-1.9798066585331364e-06,1
75,6.725015355623533e-06,1.2299787158951542e-06,-4.609775355623533e-06,1
76,1.0352889965342867e-05,1.2299787158951542e-06,-7.5719299653428675e-06,1
77,1.2871024161863525e-05,1.2299787158951542e-06,-9.476804161863525e-06,1
78,1.3192631444283215e-05,1.2299787158951542e-06,-9.443911444283216e-06,1
79,1.1401916796352756e-05,1.2299787158951542e-06,-7.686056796352756e-06,1
80,8.502961730510982e-06,1.2299787158951542e-06,-5.283781730510982e-06,1
81,5.7881325914186425e-06,1.2299787158951542e-06,-3.4347625914186423e-06,1
82,3.997216641159185e-06,1.2299787158951542e-06,-2.4732266411591845e-06,1
83,2.9700593153447467e-06,1.2299787158951542e-06,-1.9156093153447466e-06,1
84,2.3175162302818985e-06,1.2299787158951542e-06,-1.3211072302818986e-06,1
85,1.998711057178231e-06,1.2299787158951542e-06,-7.403210571782312e-07,1
86,2.09336964700758e-06,1.2299787158951542e-06,-3.941796470075798e-07,0
87,3.063291290950072e-06,1.2299787158951542e-06,-6.126512909500717e-07,0
88,6.8482546160666325e-06,1.2299787158951542e-06,-2.3319546160666323e-06,1
89,1.6965662610874465e-05,1.2299787158951542e-06,-6.564362610874463e-06,1
90,3.503705427141283e-05,1.2299787158951542e-06,-1.1405754271412825e-05,1
91,5.5465624486043286e-05,1.2299787158951542e-06,-1.100842448604328e-05,1
92,6.652225505811754e-05,1.2299787158951542e-06,-2.692155058117544e-06,0
93,6.057618670569824e-05,1.2299787158951542e-06,6.610513294301756e-06,1
94,4.171151147313245e-05,1.2299787158951542e-06,8.665688526867552e-06,1
95,2.112290297992872e-05,1.2299787158951542e-06,4.620397020071278e-06,1
96,5.715539785825717e-06,1.2299787158951542e-06,-1.1656397858257166e-06,1
97,6.851819155166318e-06,1.2299787158951542e-06,-1.9590891551663176e-06,1
98,5.203091891865718e-06,1.2299787158951542e-06,-2.065991891865718e-06,1
99,2.7867775972676337e-06,1.2299787158951542e-06,-1.3496075972676335e-06,1
100,1.189768309850915e-06,1.2299787158951542e-06,-5.349443098509151e-07,1
101,4.4362430025499983e-07,1.2299787158951542e-06,-4.674630025499979e-08,0
102,1.83539097539249e-07,1.2299787158951542e-06,1.1535090246075101e-07,0
103,1.9023785100874734e-07,1.2299787158951542e-06,1.0364614899125265e-07,0
104,4.951951389436851e-07,1.2299787158951542e-06,-5.839713894368511e-08,0
105,1.4018437779153277e-06,1.2299787158951542e-06,-6.333787779153277e-07,0
106,3.4123303189899973e-06,1.2299787158951542e-06,-2.0745503189899973e-06,1
107,6.8710765014839205e-06,1.2299787158951542e-06,-4.63127650148392e-06,1
108,1.1341896605604273e-05,1.2299787158951542e-06,-7.847976605604272e-06,1
109,1.528355510554513e-05,1.2299787158951542e-06,-1.032868510554513e-05,1
110,1.681947142332745e-05,1.2299787158951542e-06,-1.0484221423327451e-05,1
111,1.5229388694520978e-05,1.2299787158951542e-06,-8.17359869452098e-06,1
112,1.1516985516183205e-05,1.2299787158951542e-06,-5.032715516183205e-06,1
113,7.677003224381885e-06,1.2299787158951542e-06,-2.8413932243818852e-06,1
114,5.118615763272026e-06,1.2299787158951542e-06,-1.996055763272026e-06,1
115,3.759755730856015e-06,1.2299787158951542e-06,-1.6494157308560148e-06,1
116,3.0347855307272582e-06,1.2299787158951542e-06,-1.0961055307272582e-06,1
117,2.7336412077935213e-06,1.2299787158951542e-06,-2.8943120779352117e-07,0
118,2.818612140272116e-06,1.2299787158951542e-06,4.924378597278842e-07,0
119,3.9905457486974254e-06,1.2299787158951542e-06,6.357642513025745e-07,0
120,8.52116002619352e-06,1.2299787158951542e-06,-3.1913002619352026e-07,0
121,1.961592073541427e-05,1.2299787158951542e-06,-1.5646207354142692e-06,0
122,3.82165969467993e-05,1.2299787158951542e-06,-3.7669694679930165e-07,0
123,5.8424989881806015e-05,1.2299787158951542e-06,5.665510118193984e-06,0
124,6.835148930260167e-05,1.2299787158951542e-06,1.3799010697398325e-05,1
125,6.077167591422179e-05,1.2299787158951542e-06,1.6632724085778206e-05,1
126,4.094112930575107e-05,1.2299787158951542e-06,1.1557870694248923e-05,1
127,2.0436276905629295e-05,1.2299787158951542e-06,4.181023094370704e-06,1
128,5.6711554231422285e-06,1.2299787158951542e-06,-2.3420354231422287e-06,1
129,6.570501164812974e-06,1.2299787158951542e-06,-3.0761511648129743e-06,1
130,4.866090820418791e-06,1.2299787158951542e-06,-2.6573508204187905e-06,1
131,2.5953246487892217e-06,1.2299787158951542e-06,-1.5265946487892219e-06,1
132,1.1390953725885578e-06,1.2299787158951542e-06,-5.524313725885579e-07,1
133,4.5733683029505824e-07,1.2299787158951542e-06,-5.216483029505822e-08,0
134,1.9858931882401067e-07,1.2299787158951542e-06,9.10976811759893e-08,0
135,1.720124277299105e-07,1.2299787158951542e-06,5.710157227008949e-08,0
136,4.177213903076129e-07,1.2299787158951542e-06,-1.274763903076129e-07,0
137,1.2365468816971507e-06,1.2299787158951542e-06,-6.537938816971507e-07,1
138,3.138443906798616e-06,1.2299787158951542e-06,-1.8262039067986159e-06,1
139,6.52596357411037e-06,1.2299787158951542e-06,-3.8203435741103705e-06,1
140,1.1151729755774478e-05,1.2299787158951542e-06,-6.311359755774478e-06,1
141,1.561485126653961e-05,1.2299787158951542e-06,-7.99967126653961e-06,1
142,1.7822201227581327e-05,1.2299787158951542e-06,-7.388301227581327e-06,1
143,1.6528719487384217e-05,1.2299787158951542e-06,-4.728019487384218e-06,1
144,1.2503900916031395e-05,1.2299787158951542e-06,-1.958000916031396e-06,0
145,8.107729047907494e-06,1.2299787158951542e-06,-6.35499047907493e-07,0
146,5.162520936041632e-06,1.2299787158951542e-06,-6.167109360416328e-07,0
147,3.6980533003781327e-06,1.2299787158951542e-06,-7.632533003781324e-07,0
148,3.0551806646645487e-06,1.2299787158951542e-06,-2.844906646645486e-07,0
149,2.790037163046243e-06,1.2299787158951542e-06,9.908628369537565e-07,0
150,2.826642660800398e-06,1.2299787158951542e-06,2.487867339199602e-06,1
151,4.044542655235492e-06,1.2299787158951542e-06,3.452347344764507e-06,1
152,8.540143073203485e-06,1.2299787158951542e-06,4.524256926796515e-06,1
153,1.8775878312211043e-05,1.2299787158951542e-06,7.963521687788957e-06,1
154,3.4977053895689283e-05,1.2299787158951542e-06,1.5386646104310717e-05,1
155,5.156925547031869e-05,1.2299787158951542e-06,2.4160744529681307e-05,1
156,5.870944307702789e-05,1.2299787158951542e-06,2.764385692297211e-05,1
157,5.144412511996418e-05,1.2299787158951542e-06,2.199757488003582e-05,1
158,3.4689869923927984e-05,1.2299787158951542e-06,1.1205230076072017e-05,1
159,1.7527989596375978e-05,1.2299787158951542e-06,2.674210403624023e-06,1
160,5.429078470441633e-06,1.2299787158951542e-06,-2.970838470441633e-06,1
161,6.3723934063294265e-06,1.2299787158951542e-06,-3.7099134063294268e-06,1
162,4.925805797284346e-06,1.2299787158951542e-06,-3.0948657972843457e-06,1
163,2.84111888303707e-06,1.2299787158951542e-06,-1.7796688830370702e-06,1
164,1.3642051430808227e-06,1.2299787158951542e-06,-6.636021430808228e-07,1
165,5.622516506186908e-07,1.2299787158951542e-06,-5.388065061869079e-08,0
166,2.0972755705550198e-07,1.2299787158951542e-06,1.33803442944498e-07,0
167,1.3354720823192788e-07,1.2299787158951542e-06,1.0111479176807214e-07,0
168,3.214434038795981e-07,1.2299787158951542e-06,-5.211940387959805e-08,0
169,1.0452654654732409e-06,1.2299787158951542e-06,-4.0394646547324086e-07,1
170,2.859480572782137e-06,1.2299787158951542e-06,-1.115220572782137e-06,1
171,6.2847495791325654e-06,1.2299787158951542e-06,-2.229879579132566e-06,1
172,1.1086049169831577e-05,1.2299787158951542e-06,-3.2859391698315766e-06,1
173,1.5714503024319968e-05,1.2299787158951542e-06,-3.1314030243199677e-06,1
174,1.7961677028202123e-05,1.2299787158951542e-06,-1.1555770282021246e-06,0
175,1.6548471334159227e-05,1.2299787158951542e-06,1.293228665840775e-06,0
176,1.237407610138138e-05,1.2299787158951542e-06,2.256823898618619e-06,0
177,7.938215612404468e-06,1.2299787158951542e-06,1.4957643875955326e-06,1
178,5.012205907314551e-06,1.2299787158951542e-06,2.3598409268544812e-07,0
179,3.5607750132551523e-06,1.2299787158951542e-06,-4.110550132551525e-07,0
180,2.860157076807568e-06,1.2299787158951542e-06,8.844292319243215e-08,0
181,2.4524945055661967e-06,1.2299787158951542e-06,1.6623054944338032e-06,1
182,2.4172769616699e-06,1.2299787158951542e-06,3.582263038330101e-06,1
183,3.6255893737242567e-06,1.2299787158951542e-06,5.555330626275744e-06,1
184,7.739032020760299e-06,1.2299787158951542e-06,8.876267979239701e-06,1
185,1.6639565262614512e-05,1.2299787158951542e-06,1.546073473738549e-05,1
186,3.0172008918639263e-05,1.2299787158951542e-06,2.488389108136074e-05,1
187,4.325539260235077e-05,1.2299787158951542e-06,3.190790739764924e-05,1
188,4.8273464961438705e-05,1.2299787158951542e-06,3.0030735038561296e-05,1
189,4.218141371483086e-05,1.2299787158951542e-06,1.954948628516914e-05,1
190,2.8746605913706187e-05,1.2299787158951542e-06,7.799994086293813e-06,1
191,1.4705500241141391e-05,1.2299787158951542e-06,9.270997588586087e-07,0
192,5.254250071237034e-06,1.2299787158951542e-06,-2.9637800712370343e-06,1
193,6.522391272443058e-06,1.2299787158951542e-06,-3.7450312724430576e-06,1
194,5.496896103451322e-06,1.2299787158951542e-06,-3.282996103451322e-06,1
195,3.513612194526787e-06,1.2299787158951542e-06,-2.039462194526787e-06,1
196,1.8241788862741531e-06,1.2299787158951542e-06,-8.131588862741531e-07,1
197,7.814016028718153e-07,1.2299787158951542e-06,-8.329460287181524e-08,0
198,2.9723150883699003e-07,1.2299787158951542e-06,1.4731249116300995e-07,0
199,1.6668798472556925e-07,1.2299787158951542e-06,1.304230152744307e-07,0
200,3.397430511808283e-07,1.2299787158951542e-06,4.092994881917171e-08,0
201,1.1320514997419372e-06,1.2299787158951542e-06,-9.97614997419372e-08,0
202,3.224413926098642e-06,1.2299787158951542e-06,-2.593239260986416e-07,0
203,7.274883200497991e-06,1.2299787158951542e-06,-2.44643200497992e-07,0
204,1.3085443082061968e-05,1.2299787158951542e-06,3.311569179380337e-07,0
205,1.892012589006074e-05,1.2299787158951542e-06,1.8927741099392578e-06,0
206,2.1986991149013997e-05,1.2299787158951542e-06,4.050608850986006e-06,1
207,2.048130708966176e-05,1.2299787158951542e-06,4.994892910338238e-06,1
208,1.55068765455876e-05,1.2299787158951542e-06,3.674423454412403e-06,1
209,1.0113057550487302e-05,1.2299787158951542e-06,1.3595424495126968e-06,0
210,6.406581915782244e-06,1.2299787158951542e-06,-3.8707191578224334e-07,0
211,4.4727485448243895e-06,1.2299787158951542e-06,-1.10162854482439e-06,0
212,3.473526986061417e-06,1.2299787158951542e-06,-7.289069860614167e-07,0
213,2.794379815296489e-06,1.2299787158951542e-06,6.772801847035108e-07,0
214,2.5798144755806055e-06,1.2299787158951542e-06,2.7580955244193937e-06,1
215,3.806767339298113e-06,1.2299787158951542e-06,5.4787126607018866e-06,1
216,8.001103046583528e-06,1.2299787158951542e-06,9.692496953416472e-06,1
217,1.665175671552808e-05,1.2299787158951542e-06,1.6360843284471924e-05,1
218,2.911502843340216e-05,1.2299787158951542e-06,2.465977156659784e-05,1
219,4.069286412367955e-05,1.2299787158951542e-06,2.9381935876320446e-05,1
220,4.531306939235499e-05,1.2299787158951542e-06,2.4603130607645008e-05,1
221,4.045771793091877e-05,1.2299787158951542e-06,1.2828782069081228e-05,1
222,2.862744423914768e-05,1.2299787158951542e-06,2.6788557608523213e-06,0
223,1.533552439382075e-05,1.2299787158951542e-06,-1.532024393820751e-06,0
224,6.028041966346473e-06,1.2299787158951542e-06,-2.8827119663464724e-06,1
225,7.82077579375196e-06,1.2299787158951542e-06,-3.7366057937519612e-06,1
226,6.798510503079378e-06,1.2299787158951542e-06,-3.4109205030793778e-06,1
227,4.386853517412204e-06,1.2299787158951542e-06,-2.1529235174122038e-06,1
228,2.279588263859101e-06,1.2299787158951542e-06,-8.567782638591011e-07,0
229,9.78992490974948e-07,1.2299787158951542e-06,-9.144849097494796e-08,0
230,3.6179772438889657e-07,1.2299787158951542e-06,1.6838627561110344e-07,0
231,1.9826407850166482e-07,1.2299787158951542e-06,1.9162692149833516e-07,0
232,4.4748964802558996e-07,1.2299787158951542e-06,1.9653635197441012e-07,0
233,1.555237504413321e-06,1.2299787158951542e-06,3.124724955866788e-07,0
234,4.5829829727962055e-06,1.2299787158951542e-06,7.32387027203794e-07,0
235,1.0824758669801712e-05,1.2299787158951542e-06,1.5881413301982878e-06,0
236,2.0466210318748366e-05,1.2299787158951542e-06,2.534089681251635e-06,0
237,3.07956116706338e-05,1.2299787158951542e-06,3.1517883293662e-06,0
238,3.656067245244093e-05,1.2299787158951542e-06,3.2826275475590703e-06,0
239,3.429071979092608e-05,1.2299787158951542e-06,2.29608020907392e-06,0
240,2.600484699501441e-05,1.2299787158951542e-06,1.4265300498559114e-07,0
241,1.6997399963307293e-05,1.2299787158951542e-06,-1.878799963307293e-06,0
242,1.0878218765332147e-05,1.2299787158951542e-06,-2.919178765332146e-06,1
243,7.836390010656631e-06,1.2299787158951542e-06,-3.1686800106566318e-06,1
244,6.336836147759332e-06,1.2299787158951542e-06,-2.633566147759332e-06,1
245,5.1289102202518444e-06,1.2299787158951542e-06,-1.0822902202518444e-06,0
246,4.386330242958757e-06,1.2299787158951542e-06,1.1202397570412429e-06,0
247,5.607792167284427e-06,1.2299787158951542e-06,3.5652378327155736e-06,1
248,1.080550512810518e-05,1.2299787158951542e-06,6.598994871894819e-06,1
249,2.1493067229834024e-05,1.2299787158951542e-06,1.1194532770165978e-05,1
250,3.632467325764875e-05,1.2299787158951542e-06,1.731452674235125e-05,1
251,5.0039490052418234e-05,1.2299787158951542e-06,2.0183409947581767e-05,1
252,5.65756763509646e-05,1.2299787158951542e-06,1.4310823649035392e-05,1
253,5.276653957447026e-05,1.2299787158951542e-06,3.4648604255297475e-06,0
254,3.963577037109135e-05,1.2299787158951542e-06,-3.880770371091351e-06,1
255,2.248259188657374e-05,1.2299787158951542e-06,-5.05339188657374e-06,1
256,7.981573945935265e-06,1.2299787158951542e-06,-3.361583945935265e-06,1
257,9.687006540159821e-06,1.2299787158951542e-06,-4.01107654015982e-06,1
258,7.66050699273561e-06,1.2299787158951542e-06,-3.3035169927356096e-06,1
259,4.458683914180079e-06,1.2299787158951542e-06,-1.8417639141800793e-06,1
260,2.1207439303671847e-06,1.2299787158951542e-06,-6.295539303671848e-07,0
261,8.4001260606474e-07,1.2299787158951542e-06,-5.086606064740076e-09,0
262,2.9559163073145297e-07,1.2299787158951542e-06,1.9452536926854705e-07,0
263,2.2983568883491463e-07,1.2299787158951542e-06,2.1651031116508533e-07,0
264,7.455124126398034e-07,1.2299787158951542e-06,2.3393858736019663e-07,0
265,2.746035916410495e-06,1.2299787158951542e-06,4.0040408358950497e-07,0
266,8.248531013698553e-06,1.2299787158951542e-06,1.0892589863014471e-06,0
267,1.962111426753232e-05,1.2299787158951542e-06,2.51348573246768e-06,0
268,3.680446857380515e-05,1.2299787158951542e-06,3.458931426194846e-06,1
269,5.428704712433749e-05,1.2299787158951542e-06,2.258152875662512e-06,0
270,6.277283861660255e-05,1.2299787158951542e-06,-7.134386166025565e-07,0
271,5.6953668338807327e-05,1.2299787158951542e-06,-3.9063683388073305e-06,1
272,4.131707311231578e-05,1.2299787158951542e-06,-5.967173112315782e-06,1
273,2.5818635928726425e-05,1.2299787158951542e-06,-6.359835928726424e-06,1
274,1.6392570009099483e-05,1.2299787158951542e-06,-5.885970009099482e-06,1
275,1.2239585948783494e-05,1.2299787158951542e-06,-5.283305948783494e-06,1
276,1.0105638435937682e-05,1.2299787158951542e-06,-4.199138435937682e-06,1
277,8.139857616994486e-06,1.2299787158951542e-06,-2.363147616994487e-06,1
278,6.951635670934625e-06,1.2299787158951542e-06,-4.574756709346258e-07,0
279,8.890736902680928e-06,1.2299787158951542e-06,7.172030973190716e-07,0
280,1.7211189760893666e-05,1.2299787158951542e-06,1.1586102391063354e-06,0
281,3.422605175815522e-05,1.2299787158951542e-06,2.2924482418447826e-06,0
282,5.7301896478324754e-05,1.2299787158951542e-06,5.195203521675248e-06,0
283,7.813416380266748e-05,1.2299787158951542e-06,6.0988361973325086e-06,0
284,8.804523980057623e-05,1.2299787158951542e-06,8.948601994237713e-07,0
285,8.249068668976163e-05,1.2299787158951542e-06,-6.498886689761631e-06,1
286,6.20123378474362e-05,1.2299787158951542e-06,-9.720937847436194e-06,1
287,3.462599841826487e-05,1.2299787158951542e-06,-7.983398418264866e-06,1
288,7.6211991967663726e-06,1.2299787158951542e-06,-2.8591291967663724e-06,1
289,8.2484670381602e-06,1.2299787158951542e-06,-3.0543470381602013e-06,1
290,5.707463355512909e-06,1.2299787158951542e-06,-2.1876433555129092e-06,1
291,2.871346198369161e-06,1.2299787158951542e-06,-1.0256661983691613e-06,0
292,1.196718789046632e-06,1.2299787158951542e-06,-2.9700678904663195e-07,0
293,4.450375590924946e-07,1.2299787158951542e-06,2.3954409075053795e-09,0
294,2.036615882427814e-07,1.2299787158951542e-06,8.093841175721859e-08,0
295,3.5514448090890763e-07,1.2299787158951542e-06,3.9615519091092336e-08,0
296,1.3691217713698635e-06,1.2299787158951542e-06,-8.863177136986354e-08,0
297,4.938614729603088e-06,1.2299787158951542e-06,-2.1144729603088773e-08,0
298,1.4374693173737861e-05,1.2299787158951542e-06,1.444806826262139e-06,0
299,3.2801417421780273e-05,1.2299787158951542e-06,5.166982578219727e-06,1
300,5.8360560035688136e-05,1.2299787158951542e-06,7.948439964311855e-06,1
301,8.096316510761826e-05,1.2299787158951542e-06,5.106034892381751e-06,0
302,8.725036589079926e-05,1.2299787158951542e-06,-2.3365658907992666e-06,0
303,7.261298816571464e-05,1.2299787158951542e-06,-8.82998816571464e-06,1
304,4.7381555613815196e-05,1.2299787158951542e-06,-1.0422155613815199e-05,1
305,2.652169797585256e-05,1.2299787158951542e-06,-8.32599797585256e-06,1
306,1.5641774953037947e-05,1.2299787158951542e-06,-6.0092149530379466e-06,1
307,1.1274885537478058e-05,1.2299787158951542e-06,-4.577545537478059e-06,1
308,9.041331026321345e-06,1.2299787158951542e-06,-3.356741026321344e-06,1
309,7.387037686554436e-06,1.2299787158951542e-06,-2.0792876865544357e-06,1
310,7.0987854016555616e-06,1.2299787158951542e-06,-1.1318554016555616e-06,0
311,1.082747324249678e-05,1.2299787158951542e-06,-1.0892132424967798e-06,0
312,2.329193940488737e-05,1.2299787158951542e-06,-2.1008394048873683e-06,0
313,4.844051662143239e-05,1.2299787158951542e-06,-2.8705166214323925e-06,0
314,8.243712566863425e-05,1.2299787158951542e-06,-2.556225668634259e-06,0
315,0.0001118732738888705,1.2299787158951542e-06,-3.836273888870495e-06,0
316,0.00012299787158951542,1.2299787158951542e-06,-7.780871589515415e-06,0
317,0.0001100048411370624,1.2299787158951542e-06,-1.04491411370624e-05,1
318,7.712591492042522e-05,1.2299787158951542e-06,-9.989914920425217e-06,1
319,3.953880642255921e-05,1.2299787158951542e-06,-7.635406422559206e-06,1
320,3.9510060323894215e-06,1.2299787158951542e-06,-1.1992060323894214e-06,1
321,3.8189537115579115e-06,1.2299787158951542e-06,-1.1447237115579113e-06,1
322,2.3145249679352227e-06,1.2299787158951542e-06,-6.898249679352226e-07,0
323,9.955078173103979e-07,1.2299787158951542e-06,-2.482548173103979e-07,0
324,3.5470220013581343e-07,1.2299787158951542e-06,-5.02532001358134e-08,0
325,1.2945757504482653e-07,1.2299787158951542e-06,4.160424955173467e-09,0
326,1.2439578487390746e-07,1.2299787158951542e-06,-1.4300784873907464e-08,0
327,4.3477705197707387e-07,1.2299787158951542e-06,-1.3022405197707388e-07,0
328,1.7758358340912303e-06,1.2299787158951542e-06,-2.658958340912303e-07,0
329,6.306049450899376e-06,1.2299787158951542e-06,4.825605491006252e-07,0
330,1.8010018148865805e-05,1.2299787158951542e-06,4.351281851134198e-06,1
331,3.972577653675943e-05,1.2299787158951542e-06,1.1192323463240571e-05,1
332,6.65206652997174e-05,1.2299787158951542e-06,1.4234134700282598e-05,1
333,8.406960006644682e-05,1.2299787158951542e-06,8.085899933553176e-06,1
334,7.987322259789102e-05,1.2299787158951542e-06,-2.6953225978910143e-06,0
335,5.705464470481338e-05,1.2299787158951542e-06,-9.417644704813381e-06,1
336,3.150484804076743e-05,1.2299787158951542e-06,-9.075948040767435e-06,1
337,1.505398968156831e-05,1.2299787158951542e-06,-5.75595968156831e-06,1
338,7.834872972678317e-06,1.2299787158951542e-06,-3.3050129726783164e-06,1
339,5.1292899745250965e-06,1.2299787158951542e-06,-2.0759399745250967e-06,1
340,3.9093344721700254e-06,1.2299787158951542e-06,-1.3775444721700252e-06,1
341,3.386383092464974e-06,1.2299787158951542e-06,-8.877430924649741e-07,0
342,4.124630229990699e-06,1.2299787158951542e-06,-5.88460229990699e-07,0
343,8.539131327669741e-06,1.2299787158951542e-06,-6.478313276697411e-07,0
344,2.1700076814143773e-05,1.2299787158951542e-06,-1.0021768141437723e-06,0
345,4.80314948178184e-05,1.2299787158951542e-06,-1.1161948178184064e-06,0
346,8.291447251989187e-05,1.2299787158951542e-06,-1.8607725198918732e-06,0
347,0.00011058635507577305,1.2299787158951542e-06,-4.65835507577306e-06,0
348,0.00011584366166997208,1.2299787158951542e-06,-7.096661669972069e-06,0
349,9.554726107673052e-05,1.2299787158951542e-06,-7.042361076730518e-06,1
350,6.0182003238299976e-05,1.2299787158951542e-06,-6.327003238299977e-06,1
351,2.7377381202749e-05,1.2299787158951542e-06,-5.103181202748998e-06,1
352,1.0120950328241328e-06,1.2299787158951542e-06,-1.2128803282413289e-07,0
353,8.801080009963163e-07,1.2299787158951542e-06,-8.260400099631633e-08,0
354,4.711974704168591e-07,1.2299787158951542e-06,-1.9430470416859132e-08,0
355,1.7237824955703982e-07,1.2299787158951542e-06,1.821575044296017e-08,0
356,5.056166671526814e-08,1.2299787158951542e-06,1.989883328473186e-08,0
357,2.385281662921004e-08,1.2299787158951542e-06,8.499083370789965e-09,0
358,6.998887658688151e-08,1.2299787158951542e-06,-2.2677176586881516e-08,0
359,3.1841510747915177e-07,1.2299787158951542e-06,-6.986110747915178e-08,0
360,1.3541721987127577e-06,1.2299787158951542e-06,1.6128780128724216e-07,0
361,4.961552723101125e-06,1.2299787158951542e-06,1.899597276898875e-06,1
362,1.4279558668567886e-05,1.2299787158951542e-06,6.5700413314321154e-06,1
363,3.040019875503418e-05,1.2299787158951542e-06,1.1624301244965817e-05,1
364,4.6627108739805625e-05,1.2299787158951542e-06,1.0934591260194377e-05,1
365,5.1279239302569014e-05,1.2299787158951542e-06,3.782560697430988e-06,0
366,4.073770981907193e-05,1.2299787158951542e-06,-3.5058098190719297e-06,1
367,2.3791857328338377e-05,1.2299787158951542e-06,-5.778657328338378e-06,1
368,1.0697742940382843e-05,1.2299787158951542e-06,-4.083652940382843e-06,1
369,4.2099702914713775e-06,1.2299787158951542e-06,-1.9829802914713773e-06,1
370,1.8295972760748253e-06,1.2299787158951542e-06,-8.728752760748252e-07,1
371,1.0401228337939173e-06,1.2299787158951542e-06,-4.3970883379391727e-07,1
372,7.73602618694173e-07,1.2299787158951542e-06,-2.6177461869417295e-07,1
373,8.00328169525545e-07,1.2299787158951542e-06,-1.3946516952554505e-07,0
374,1.5034490230060827e-06,1.2299787158951542e-06,1.3920976993917197e-08,0
375,4.532105304508543e-06,1.2299787158951542e-06,2.889146954914565e-07,0
376,1.3388082707191095e-05,1.2299787158951542e-06,8.238172928089056e-07,0
377,3.0784630972408154e-05,1.2299787158951542e-06,1.1820690275918461e-06,0
378,5.2458207402315806e-05,1.2299787158951542e-06,-8.720740231580199e-08,0
379,6.673460428132953e-05,1.2299787158951542e-06,-2.626104281329528e-06,0
380,6.458322847009732e-05,1.2299787158951542e-06,-3.857828470097321e-06,0
381,4.773693044816621e-05,1.2299787158951542e-06,-3.6738304481662105e-06,1
382,2.633876399800033e-05,1.2299787158951542e-06,-3.2841639980003277e-06,1
383,1.0381135932545196e-05,1.2299787158951542e-06,-2.3087359325451952e-06,1
384,1.2358082684378106e-07,1.2299787158951542e-06,5.144017315621893e-08,0
385,9.273085503175872e-08,1.2299787158951542e-06,5.284214496824128e-08,0
386,4.169348934460844e-08,1.2299787158951542e-06,3.578971065539155e-08,0
387,1.2309266280903225e-08,1.2299787158951542e-06,1.9838233719096773e-08,0
388,3.2618323414659805e-09,1.2299787158951542e-06,1.056486765853402e-08,0
389,5.1475284656268325e-09,1.2299787158951542e-06,4.884471534373168e-09,0
390,2.6969911195852368e-08,1.2299787158951542e-06,-1.1809111958523681e-09,0
391,1.4143077633527912e-07,1.2299787158951542e-06,2.392422366472087e-08,0
392,6.828729520176904e-07,1.2299787158951542e-06,3.054330479823097e-07,1
393,2.638231696422987e-06,1.2299787158951542e-06,1.3752883035770126e-06,1
394,7.364421385523762e-06,1.2299787158951542e-06,3.186378614476237e-06,1
395,1.4171839257672629e-05,1.2299787158951542e-06,3.940760742327371e-06,1
396,1.858480471163532e-05,1.2299787158951542e-06,2.155895288364683e-06,0
397,1.681089242805743e-05,1.2299787158951542e-06,-7.128924280574302e-07,0
398,1.0767481965322894e-05,1.2299787158951542e-06,-2.209731965322894e-06,1
399,5.036412880065792e-06,1.2299787158951542e-06,-1.8473028800657924e-06,1
400,1.8021678434212157e-06,1.2299787158951542e-06,-9.002558434212158e-07,1
401,5.5455831435535e-07,1.2299787158951542e-06,-3.1107331435535e-07,1
402,1.8590639300278708e-07,1.2299787158951542e-06,-9.489989300278707e-08,1
403,8.935300700503764e-08,1.2299787158951542e-06,-3.407780700503764e-08,0
404,7.261395087970418e-08,1.2299787158951542e-06,-1.186145087970418e-08,0
405,1.233898954034668e-07,1.2299787158951542e-06,2.2923104596533203e-08,0
406,4.405736401955153e-07,1.2299787158951542e-06,1.282973598044847e-07,0
407,1.7647047865830227e-06,1.2299787158951542e-06,4.056652134169773e-07,0
408,5.546107824312212e-06,1.2299787158951542e-06,8.14372175687788e-07,0
409,1.2533426501490865e-05,1.2299787158951542e-06,7.469734985091346e-07,0
410,2.017983577127529e-05,1.2299787158951542e-06,-3.863357712752919e-07,0
411,2.3487534749868546e-05,1.2299787158951542e-06,-1.6768347498685445e-06,0
412,2.0151914306932533e-05,1.2299787158951542e-06,-1.9571143069325328e-06,0
413,1.2875231456817575e-05,1.2299787158951542e-06,-1.5840314568175759e-06,1
414,6.0564275783591725e-06,1.2299787158951542e-06,-1.0903475783591724e-06,1
415,2.0243376432738742e-06,1.2299787158951542e-06,-5.533576432738744e-07,1
416,5.684481110900783e-09,1.2299787158951542e-06,1.2733118889099214e-08,0
417,3.417026224672707e-09,1.2299787158951542e-06,9.973373775327293e-09,0
418,1.1983926511810157e-09,1.2299787158951542e-06,5.380537348818985e-09,0
419,2.7417200845539903e-10,1.2299787158951542e-06,2.7218879915446005e-09,0
420,1.5194175702599342e-10,1.2299787158951542e-06,1.9279782429740065e-09,0
421,9.690776777932872e-10,1.2299787158951542e-06,2.346632322206713e-09,0
422,7.432509542156112e-09,1.2299787158951542e-06,3.789090457843889e-09,0
423,5.1162267272415584e-08,1.2299787158951542e-06,1.7565832727584413e-08,0
424,2.7591959882276447e-07,1.2299787158951542e-06,8.244340117723555e-08,0
425,1.0371705863319857e-06,1.2299787158951542e-06,1.9548941366801433e-07,0
426,2.5596651928395496e-06,1.2299787158951542e-06,1.6556480716045014e-07,0
427,4.076012825838202e-06,1.2299787158951542e-06,-1.7808282583820167e-07,0
428,4.229495907473565e-06,1.2299787158951542e-06,-5.736559074735646e-07,0
429,2.9495006902966094e-06,1.2299787158951542e-06,-6.72960690296609e-07,0
430,1.447028998797451e-06,1.2299787158951542e-06,-4.926679987974512e-07,1
431,5.209171895844517e-07,1.2299787158951542e-06,-2.423111895844517e-07,1
432,1.4231258659545455e-07,1.2299787158951542e-06,-8.101748659545455e-08,1
433,3.2179911621223634e-08,1.2299787158951542e-06,-1.9113511621223633e-08,1
434,7.696867637894702e-09,1.2299787158951542e-06,-2.7903776378947024e-09,0
435,3.089903000490145e-09,1.2299787158951542e-06,7.863569995098554e-10,0
436,4.198065222156145e-09,1.2299787158951542e-06,3.853364777843855e-09,0
437,2.0811561127025296e-08,1.2299787158951542e-06,1.8019938872974703e-08,0
438,1.2037754664590565e-07,1.2299787158951542e-06,7.112245335409434e-08,0
439,5.177065256252883e-07,1.2299787158951542e-06,1.9329047437471168e-07,0
440,1.5498528267361637e-06,1.2299787158951542e-06,3.0028717326383643e-07,0
441,3.215054551382382e-06,1.2299787158951542e-06,1.4144544861761803e-07,0
442,4.658437848642242e-06,1.2299787158951542e-06,-3.1783784864224137e-07,0
443,4.769534587431577e-06,1.2299787158951542e-06,-6.482645874315774e-07,0
444,3.5096526076553254e-06,1.2299787158951542e-06,-6.013826076553257e-07,1
445,1.8888232893869119e-06,1.2299787158951542e-06,-3.8909328938691207e-07,1
446,7.433957966028132e-07,1.2299787158951542e-06,-1.9638679660281323e-07,0
447,2.0748786209755087e-07,1.2299787158951542e-06,-7.007686209755088e-08,0
448,7.166724657844498e-11,1.2299787158951542e-06,6.43772753421555e-10,0
449,3.354500353278448e-11,1.2299787158951542e-06,3.905699964672155e-10,0
450,8.963390147738533e-12,1.2299787158951542e-06,1.8280460985226147e-10,0
451,2.122578902316087e-12,1.2299787158951542e-06,1.1768242109768393e-10,0
452,1.191959353007506e-11,1.2299787158951542e-06,2.2622740646992497e-10,0
453,1.721736807958705e-10,1.2299787158951542e-06,5.683393192041295e-10,0
454,2.000917926691113e-09,1.2299787158951542e-06,1.4181420733088868e-09,0
455,1.6529245261938408e-08,1.2299787158951542e-06,1.8365547380615914e-09,0
456,8.867829411011377e-08,1.2299787158951542e-06,-1.3711094110113773e-08,0
457,2.9492219128191284e-07,1.2299787158951542e-06,-8.572519128191285e-08,1
458,5.98787956385855e-07,1.2299787158951542e-06,-2.1476295638585493e-07,1
459,7.447173818681656e-07,1.2299787158951542e-06,-2.8695938186816557e-07,1
460,5.778758540778823e-07,1.2299787158951542e-06,-2.2193985407788228e-07,0
461,2.897798701551955e-07,1.2299787158951542e-06,-1.0818187015519548e-07,0
462,9.910620213572023e-08,1.2299787158951542e-06,-3.716140213572022e-08,0
463,2.4576630986083246e-08,1.2299787158951542e-06,-9.808430986083246e-09,0
464,4.626702541837309e-09,1.2299787158951542e-06,-2.065672541837309e-09,0
465,7.056369778713288e-10,1.2299787158951542e-06,-2.4331997787132887e-10,0
466,1.1071582063621627e-10,1.2299787158951542e-06,1.3300417936378374e-10,0
467,5.441719450744158e-11,1.2299787158951542e-06,2.5533380549255843e-10,0
468,3.9464939648613985e-10,1.2299787158951542e-06,1.3188606035138603e-09,0
469,3.7068022723151425e-09,1.2299787158951542e-06,7.790597727684858e-09,0
470,2.334560419516433e-08,1.2299787158951542e-06,3.064959580483567e-08,0
471,9.64038887463869e-08,1.2299787158951542e-06,7.441811125361309e-08,0
472,2.661996048045075e-07,1.2299787158951542e-06,1.0094239519549251e-07,0
473,5.017350699526513e-07,1.2299787158951542e-06,4.750893004734868e-08,0
474,6.503235878878183e-07,1.2299787158951542e-06,-6.053558788781824e-08,0
475,5.810445605963036e-07,1.2299787158951542e-06,-1.1694956059630356e-07,0
476,3.642693977848837e-07,1.2299787158951542e-06,-9.68833977848837e-08,1
477,1.6455590577296773e-07,1.2299787158951542e-06,-5.3524905772967735e-08,1
478,5.364819113572205e-08,1.2299787158951542e-06,-2.0720991135722052e-08,0
479,1.221810958632814e-08,1.2299787158951542e-06,-5.286159586328139e-09,0
480,2.087036786559509e-13,1.2299787158951542e-06,7.05575632134405e-12,0
481,7.852836385638961e-14,1.2299787158951542e-06,3.328301636143611e-12,0
482,2.8260469422409183e-14,1.2299787158951542e-06,1.7834495305775906e-12,0
483,1.0057668342346323e-13,1.2299787158951542e-06,4.1336033165765375e-12,0
484,2.4865103228334014e-12,1.2299787158951542e-06,2.05510896771666e-11,0
485,5.313779617305107e-11,1.2299787158951542e-06,1.0637420382694892e-10,0
486,6.876404769938786e-10,1.2299787158951542e-06,2.896085230061212e-10,0
487,5.289915103832663e-09,1.2299787158951542e-06,-1.2380251038326634e-09,0
488,2.4297325240615118e-08,1.2299787158951542e-06,-1.2476525240615118e-08,1
489,6.642201538600707e-08,1.2299787158951542e-06,-4.039881538600707e-08,1
490,1.0683763864607108e-07,1.2299787158951542e-06,-6.602903864607108e-08,1
491,1.001369635008418e-07,1.2299787158951542e-06,-5.79918635008418e-08,0
492,5.487512060990441e-08,1.2299787158951542e-06,-2.657182060990441e-08,0
493,1.8032777057167208e-08,1.2299787158951542e-06,-5.136677057167206e-09,0
494,3.751625598555875e-09,1.2299787158951542e-06,5.335244014441248e-10,0
495,5.374771515449566e-10,1.2299787158951542e-06,4.838328484550435e-10,0
496,5.966006925566708e-11,1.2299787158951542e-06,9.323093074433293e-11,0
497,9.965431855988836e-12,1.2299787158951542e-06,9.632268144011163e-12,0
498,1.2148182389426955e-11,1.2299787158951542e-06,2.859617610573046e-12,0
499,2.8947205373103702e-11,1.2299787158951542e-06,5.5746894626896293e-11,0
500,8.460228095334344e-11,1.2299787158951542e-06,6.113557190466567e-10,0
501,4.0649472119083474e-10,1.2299787158951542e-06,3.4652152788091654e-09,1
502,2.2411273540486612e-09,1.2299787158951542e-06,1.187107264595134e-08,1
503,9.193753774888996e-09,1.2299787158951542e-06,2.5104346225111005e-08,1
504,2.6109234479601395e-08,1.2299787158951542e-06,3.0938165520398605e-08,1
505,5.0526652110782885e-08,1.2299787158951542e-06,1.6423047889217113e-08,0
506,6.409586780759237e-08,1.2299787158951542e-06,-6.795667807592373e-09,0
507,5.2166026249675535e-08,1.2299787158951542e-06,-1.6153926249675537e-08,1
508,2.809256952012763e-08,1.2299787158951542e-06,-1.1973869520127629e-08,1
509,1.0568368752071316e-08,1.2299787158951542e-06,-5.491448752071316e-09,1
510,2.7748641519259744e-09,1.2299787158951542e-06,-1.5917041519259743e-09,1
511,4.790981264375083e-10,1.2299787158951542e-06,-2.7184812643750835e-10,0
512,2.2356469402423137e-13,1.2299787158951542e-06,2.9183853059757686e-12,0
513,1.5226065500343736e-12,1.2299787158951542e-06,1.5353093449965628e-11,0
514,5.7046927254128414e-12,1.2299787158951542e-06,5.156210727458716e-11,0
515,1.2086484447517605e-11,1.2299787158951542e-06,1.266615155524824e-10,0
516,1.5913109193323678e-11,1.2299787158951542e-06,2.4607989080667627e-10,0
517,2.414185995603869e-11,1.2299787158951542e-06,4.5671014004396126e-10,0
518,1.3245193030067073e-10,1.2299787158951542e-06,1.3677180696993296e-09,0
519,8.697865526785225e-10,1.2299787158951542e-06,3.9972534473214766e-09,0
520,3.6569147462390453e-09,1.2299787158951542e-06,6.226125253760955e-09,0
521,8.998497661694896e-09,1.2299787158951542e-06,3.8320023383051045e-09,0
522,1.247518969756364e-08,1.2299787158951542e-06,-1.345889697563641e-09,0
523,9.519332118159792e-09,1.2299787158951542e-06,-3.2305121181597917e-09,0
524,3.986131976954065e-09,1.2299787158951542e-06,-1.4398919769540652e-09,0
525,9.63019334877156e-10,1.2299787158951542e-06,-4.3433487715596974e-13,0
526,1.7607023406869082e-10,1.2299787158951542e-06,1.5998776593130924e-10,0
527,1.0567968021611352e-10,1.2299787158951542e-06,-2.712680216113516e-12,0
528,3.027547252749308e-10,1.2299787158951542e-06,-1.8197572527493083e-10,0
529,7.398585171956379e-10,1.2299787158951542e-06,-4.733665171956379e-10,0
530,1.4394356024953528e-09,1.2299787158951542e-06,-9.575876024953527e-10,1
531,2.536938538162313e-09,1.2299787158951542e-06,-1.172578538162313e-09,0
532,3.5635450089674487e-09,1.2299787158951542e-06,1.1649549910325512e-09,0
533,3.302414908971609e-09,1.2299787158951542e-06,7.69698509102839e-09,0
534,1.937575856556679e-09,1.2299787158951542e-06,1.4242924143443322e-08,1
535,1.15870664752556e-09,1.2299787158951542e-06,1.631019335247444e-08,1
536,2.0710571599970638e-09,1.2299787158951542e-06,1.3481442840002936e-08,1
537,4.276234083875849e-09,1.2299787158951542e-06,7.070865916124152e-09,1
538,5.3538410809036994e-09,1.2299787158951542e-06,1.0113089190962998e-09,0
539,3.817363128163033e-09,1.2299787158951542e-06,-1.294743128163033e-09,0
540,1.618738282633825e-09,1.2299787158951542e-06,-9.243482826338251e-10,1
541,4.4695844329359653e-10,1.2299787158951542e-06,-3.035984432935965e-10,1
542,8.489989125971944e-11,1.2299787158951542e-06,-5.941359125971944e-11,1
543,1.0537974320228794e-11,1.2299787158951542e-06,-5.6190243202287945e-12,0
544,3.9669934951394316e-11,1.2299787158951542e-06,2.521040650486057e-10,0
545,2.1309459138193527e-10,1.2299787158951542e-06,8.828454086180647e-10,0
546,6.514685175434121e-10,1.2299787158951542e-06,2.020601482456588e-09,0
547,1.1726960114208853e-09,1.2299787158951542e-06,3.3404939885791147e-09,0
548,1.3542476709538694e-09,1.2299787158951542e-06,4.017952329046131e-09,0
549,1.1791908121423662e-09,1.2299787158951542e-06,3.991929187857634e-09,0
550,8.667074603253545e-10,1.2299787158951542e-06,5.986322539674645e-09,0
551,5.197170931133429e-10,1.2299787158951542e-06,1.1961182906886657e-08,0
552,3.625820549331312e-10,1.2299787158951542e-06,1.669861794506687e-08,0
553,5.126188027203509e-10,1.2299787158951542e-06,1.454548119727965e-08,0
554,8.484707704105569e-10,1.2299787158951542e-06,7.687949229589443e-09,0
555,1.5123214584674127e-09,1.2299787158951542e-06,1.5293885415325876e-09,0
556,2.3964309644540267e-09,1.2299787158951542e-06,-1.6285009644540268e-09,0
557,2.4928589241191938e-09,1.2299787158951542e-06,-2.1048119241191938e-09,1
558,2.333601616417299e-09,1.2299787158951542e-06,-1.608324616417299e-09,1
559,5.320645391244278e-09,1.2299787158951542e-06,-3.307725391244278e-09,0
560,1.4708399167664314e-08,1.2299787158951542e-06,-9.772419167664313e-09,1
561,2.9488441150994814e-08,1.2299787158951542e-06,-2.0666201150994815e-08,1
562,4.651914833715745e-08,1.2299787158951542e-06,-3.1720348337157455e-08,1
563,6.259897767758771e-08,1.2299787158951542e-06,-3.050677767758771e-08,1
564,6.565511291079879e-08,1.2299787158951542e-06,-8.952129107987891e-10,0
565,4.7433781054517866e-08,1.2299787158951542e-06,3.983131894548215e-08,0
566,2.2574904126052463e-08,1.2299787158951542e-06,5.271459587394753e-08,0
567,7.188731126605396e-09,1.2299787158951542e-06,4.037656887339461e-08,1
568,1.6146333242432648e-09,1.2299787158951542e-06,2.505276667575674e-08,1
569,3.9324281456139653e-10,1.2299787158951542e-06,1.3824457185438602e-08,0
570,2.1926209224571128e-10,1.2299787158951542e-06,6.358757907754289e-09,0
571,1.1934852427805398e-10,1.2299787158951542e-06,2.3820914757219463e-09,0
572,3.856226250559176e-11,1.2299787158951542e-06,7.840387374944084e-10,0
573,7.50387202341441e-12,1.2299787158951542e-06,2.4931512797658557e-10,0
574,1.1254663651699362e-12,1.2299787158951542e-06,1.5941253363483003e-10,0
575,4.5096641315893094e-13,1.2299787158951542e-06,1.6507303358684105e-10,0
576,1.953687260899692e-09,1.2299787158951542e-06,5.040932739100308e-09,0
577,7.93392363869278e-09,1.2299787158951542e-06,1.3155076361307221e-08,1
578,1.9391912502036472e-08,1.2299787158951542e-06,2.254428749796353e-08,0
579,2.987647849398837e-08,1.2299787158951542e-06,2.713812150601163e-08,0
580,3.208927331586569e-08,1.2299787158951542e-06,2.235832668413431e-08,0
581,2.732656616843602e-08,1.2299787158951542e-06,1.4142133831563976e-08,0
582,1.8771882310579092e-08,1.2299787158951542e-06,1.421191768942091e-08,0
583,9.412990889436647e-09,1.2299787158951542e-06,2.2255809110563352e-08,0
584,3.7179080501641133e-09,1.2299787158951542e-06,2.5495691949835886e-08,0
585,3.5163135710089765e-09,1.2299787158951542e-06,1.7924586428991023e-08,0
586,9.400361931545096e-09,1.2299787158951542e-06,2.811538068454904e-09,0
587,2.05280857761551e-08,1.2299787158951542e-06,-1.43853157761551e-08,1
588,2.8932234815287994e-08,1.2299787158951542e-06,-2.3971464815287994e-08,1
589,2.903594680254696e-08,1.2299787158951542e-06,-2.025162680254696e-08,1
590,3.8905357295204986e-08,1.2299787158951542e-06,-1.8227757295204986e-08,0
591,9.583204636550061e-08,1.2299787158951542e-06,-4.8734246365500603e-08,0
592,2.1929529066585355e-07,1.2299787158951542e-06,-1.3086379066585356e-07,1
593,3.7472886326768727e-07,1.2299787158951542e-06,-2.3619286326768728e-07,1
594,4.973324123604343e-07,1.2299787158951542e-06,-2.7422741236043425e-07,1
595,5.224507405656057e-07,1.2299787158951542e-06,-1.4286374056560573e-07,0
596,4.164000943731461e-07,1.2299787158951542e-06,1.0487490562685384e-07,0
597,2.43681505311771e-07,1.2299787158951542e-06,2.4457949468822894e-07,0
598,1.0511477532266897e-07,1.2299787158951542e-06,2.0278122467733102e-07,0
599,3.3228549748909955e-08,1.2299787158951542e-06,1.1445745025109003e-07,0
600,7.3934322476102265e-09,1.2299787158951542e-06,6.121056775238977e-08,0
601,1.2812712045399827e-09,1.2299787158951542e-06,3.4146728795460023e-08,0
602,4.1509047628021193e-10,1.2299787158951542e-06,1.8465509523719783e-08,0
603,2.491793460871169e-10,1.2299787158951542e-06,8.982580653912882e-09,0
604,1.0530281871415712e-10,1.2299787158951542e-06,3.980287181285843e-09,0
605,4.246168333361968e-11,1.2299787158951542e-06,2.9119683166663804e-09,0
606,5.0053953249193573e-11,1.2299787158951542e-06,4.025366046750806e-09,0
607,7.158435983575487e-11,1.2299787158951542e-06,4.429325640164245e-09,0
608,3.2871487237788244e-08,1.2299787158951542e-06,4.946431276221175e-08,1
609,9.834049369820768e-08,1.2299787158951542e-06,1.2102950630179233e-07,1
610,1.9077267891319112e-07,1.2299787158951542e-06,1.8504932108680886e-07,1
611,2.562424204584504e-07,1.2299787158951542e-06,1.7735957954154956e-07,1
612,2.6027165963155594e-07,1.2299787158951542e-06,9.789634036844404e-08,0
613,2.1128945266359788e-07,1.2299787158951542e-06,2.3294547336402122e-08,0
614,1.3326422434703426e-07,1.2299787158951542e-06,5.957775652965745e-09,0
615,6.536103376832929e-08,1.2299787158951542e-06,1.9836266231670716e-08,0
616,3.9424258798617417e-08,1.2299787158951542e-06,1.4930141201382583e-08,0
617,6.551561990534956e-08,1.2299787158951542e-06,-3.019571990534956e-08,0
618,1.421197422484684e-07,1.2299787158951542e-06,-1.1405794224846841e-07,1
619,2.3165954954538284e-07,1.2299787158951542e-06,-1.9633034954538284e-07,1
620,2.732895345167784e-07,1.2299787158951542e-06,-2.0901683451677838e-07,1
621,2.777401751333479e-07,1.2299787158951542e-06,-1.4354017513334792e-07,1
622,3.716333090443134e-07,1.2299787158951542e-06,-9.722830904431341e-08,0
623,7.201449737900418e-07,1.2299787158951542e-06,-2.1723197379004177e-07,0
624,1.3599515334043665e-06,1.2299787158951542e-06,-5.614495334043665e-07,0
625,2.0554917844764924e-06,1.2299787158951542e-06,-9.069617844764925e-07,1
626,2.3841126634467545e-06,1.2299787158951542e-06,-7.491226634467545e-07,1
627,2.0899843570655733e-06,1.2299787158951542e-06,5.1955642934426753e-08,0
628,1.3940841063838966e-06,1.2299787158951542e-06,7.669858936161034e-07,0
629,7.342340214529977e-07,1.2299787158951542e-06,7.863459785470022e-07,0
630,3.1218830332483235e-07,1.2299787158951542e-06,4.519396966751677e-07,0
631,1.0386259566124516e-07,1.2299787158951542e-06,2.3092840433875486e-07,0
632,2.725250841523544e-08,1.2299787158951542e-06,1.4201849158476455e-07,0
633,8.798413260052712e-09,1.2299787158951542e-06,9.366558673994729e-08,0
634,5.748147475427879e-09,1.2299787158951542e-06,5.817265252457212e-08,0
635,3.5436973737617955e-09,1.2299787158951542e-06,3.3477902626238205e-08,0
636,1.86612243835467e-09,1.2299787158951542e-06,2.4784277561645334e-08,0
637,1.893628872569267e-09,1.2299787158951542e-06,3.548827112743074e-08,0
638,2.941739510889497e-09,1.2299787158951542e-06,5.44386604891105e-08,0
639,3.483063762086619e-09,1.2299787158951542e-06,5.650763623791338e-08,0
640,2.3457688373965463e-07,1.2299787158951542e-06,3.1063511626034537e-07,1
641,5.452645021456254e-07,1.2299787158951542e-06,6.860954978543748e-07,1
642,8.833752746082096e-07,1.2299787158951542e-06,8.779847253917903e-07,1
643,1.0692614744337106e-06,1.2299787158951542e-06,6.396285255662894e-07,1
644,1.0076375849070508e-06,1.2299787158951542e-06,2.0519241509294903e-07,0
645,7.356069301766301e-07,1.2299787158951542e-06,-4.840693017663017e-08,0
646,4.1438424316737754e-07,1.2299787158951542e-06,-6.957324316737754e-08,0
647,2.199986299067807e-07,1.2299787158951542e-06,-4.77896299067807e-08,0
648,2.3615043211967817e-07,1.2299787158951542e-06,-1.3845033211967814e-07,0
649,5.201109451146966e-07,1.2299787158951542e-06,-4.386883451146966e-07,1
650,1.0531700877453834e-06,1.2299787158951542e-06,-9.263390877453834e-07,1
651,1.5474977793182941e-06,1.2299787158951542e-06,-1.2839517793182942e-06,1
652,1.6834849158512248e-06,1.2299787158951542e-06,-1.1420819158512247e-06,1
653,1.5969264128774226e-06,1.2299787158951542e-06,-5.612264128774227e-07,1
654,1.8242029865462607e-06,1.2299787158951542e-06,-1.9682986546260766e-08,0
655,2.826661298411907e-06,1.2299787158951542e-06,-3.2129841190681744e-10,0
656,4.504792081382711e-06,1.2299787158951542e-06,-5.762020813827106e-07,0
657,5.938969978208626e-06,1.2299787158951542e-06,-1.025979978208626e-06,0
658,6.021800928908882e-06,1.2299787158951542e-06,-3.4712092890888174e-07,0
659,4.682070192697886e-06,1.2299787158951542e-06,1.0237498073021146e-06,0
660,2.9005122733135013e-06,1.2299787158951542e-06,1.5331277266864992e-06,0
661,1.4939237565951666e-06,1.2299787158951542e-06,1.0105262434048332e-06,0
662,6.407753244755654e-07,1.2299787158951542e-06,4.875246755244347e-07,0
663,2.2649393197229748e-07,1.2299787158951542e-06,3.220340680277026e-07,0
664,7.617862774341639e-08,1.2299787158951542e-06,2.7265337225658364e-07,0
665,4.063537448653242e-08,1.2299787158951542e-06,2.1436862551346758e-07,0
666,3.085828497647488e-08,1.2299787158951542e-06,1.5576571502352514e-07,0
667,2.2075979171581107e-08,1.2299787158951542e-06,1.2089002082841888e-07,0
668,2.257273225549671e-08,1.2299787158951542e-06,1.4892626774450327e-07,0
669,3.604821908369035e-08,1.2299787158951542e-06,2.6019878091630964e-07,0
670,5.37017232214507e-08,1.2299787158951542e-06,3.6097527677854934e-07,0
671,5.5224724004020036e-08,1.2299787158951542e-06,3.1162227599597996e-07,0
672,8.155465546750957e-07,1.2299787158951542e-06,8.837934453249045e-07,1
673,1.6464497663548925e-06,1.2299787158951542e-06,1.5692502336451074e-06,1
674,2.4106704638465118e-06,1.2299787158951542e-06,1.478089536153488e-06,1
675,2.6896599671571644e-06,1.2299787158951542e-06,5.725300328428356e-07,0
676,2.311384631086277e-06,1.2299787158951542e-06,-2.6818463108627716e-07,0
677,1.513633040840921e-06,1.2299787158951542e-06,-4.77583040840921e-07,0
678,7.867396904145216e-07,1.2299787158951542e-06,-3.1816369041452165e-07,0
679,4.683737559749155e-07,1.2299787158951542e-06,-2.485507559749155e-07,0
680,7.19337887968121e-07,1.2299787158951542e-06,-5.66987887968121e-07,1
681,1.7336549187790257e-06,1.2299787158951542e-06,-1.5071419187790257e-06,1
682,3.3343177172524935e-06,1.2299787158951542e-06,-2.8298617172524935e-06,1
683,4.567117511851395e-06,1.2299787158951542e-06,-3.467737511851395e-06,1
684,4.7219927507972545e-06,1.2299787158951542e-06,-2.5644727507972543e-06,1
685,4.4129153944324724e-06,1.2299787158951542e-06,-6.214453944324724e-07,0
686,4.8637151788269925e-06,1.2299787158951542e-06,1.098764821173008e-06,0
687,6.61431618138441e-06,1.2299787158951542e-06,1.71094381861559e-06,0
688,8.8688645429558e-06,1.2299787158951542e-06,1.1871354570441993e-06,0
689,9.89971482945971e-06,1.2299787158951542e-06,5.923851705402908e-07,0
690,8.769030396312912e-06,1.2299787158951542e-06,8.812396036870876e-07,0
691,6.251249380737802e-06,1.2299787158951542e-06,1.3173606192621997e-06,0
692,3.704867582922466e-06,1.2299787158951542e-06,9.78512417077534e-07,0
693,1.866663760219173e-06,1.2299787158951542e-06,4.063162397808269e-07,0
694,8.207595731868781e-07,1.2299787158951542e-06,2.3759042681312194e-07,0
695,3.439401731077536e-07,1.2299787158951542e-06,3.1382082689224637e-07,0
696,1.8601531185597802e-07,1.2299787158951542e-06,3.4631768814402204e-07,0
697,1.5913441030914715e-07,1.2299787158951542e-06,3.0355158969085287e-07,0
698,1.4036631566355646e-07,1.2299787158951542e-06,2.583766843364435e-07,0
699,1.217147442352891e-07,1.2299787158951542e-06,2.8554025576471085e-07,0
700,1.5282309740522038e-07,1.2299787158951542e-06,4.933129025947798e-07,0
701,2.546427738251028e-07,1.2299787158951542e-06,8.231772261748975e-07,0
702,3.599189551675192e-07,1.2299787158951542e-06,9.287110448324809e-07,0
703,3.370941470062573e-07,1.2299787158951542e-06,6.328678529937427e-07,0
704,1.5762218666377334e-06,1.2299787158951542e-06,8.332681333622667e-07,0
705,2.9085937643864874e-06,1.2299787158951542e-06,1.0452662356135119e-06,0
706,3.921658538415447e-06,1.2299787158951542e-06,3.608814615845533e-07,0
707,4.0419110980670855e-06,1.2299787158951542e-06,-7.108710980670852e-07,0
708,3.2157156222851775e-06,1.2299787158951542e-06,-1.2410656222851772e-06,1
709,1.975918929633986e-06,1.2299787158951542e-06,-1.0311879296339859e-06,1
710,9.954412072826722e-07,1.2299787158951542e-06,-5.898042072826722e-07,1
711,6.124104514537306e-07,1.2299787158951542e-06,-4.008584514537306e-07,1
712,1.0043583694043495e-06,1.2299787158951542e-06,-7.793583694043496e-07,1
713,2.3865259365709387e-06,1.2299787158951542e-06,-1.9267459365709386e-06,1
714,4.396409885026527e-06,1.2299787158951542e-06,-3.3480598850265268e-06,1
715,5.842414382811079e-06,1.2299787158951542e-06,-3.659914382811079e-06,1
716,6.107876461992201e-06,1.2299787158951542e-06,-2.0735964619922005e-06,1
717,6.156950171020833e-06,1.2299787158951542e-06,5.103098289791681e-07,0
718,7.246545914469917e-06,1.2299787158951542e-06,2.6908940855300812e-06,1
719,9.311034252706463e-06,1.2299787158951542e-06,3.5558657472935372e-06,1
720,1.087654159107109e-05,1.2299787158951542e-06,2.8953584089289107e-06,1
721,1.0498398589454794e-05,1.2299787158951542e-06,1.6991014105452057e-06,1
722,8.263863182135966e-06,1.2299787158951542e-06,9.513468178640342e-07,1
723,5.448672155951594e-06,1.2299787158951542e-06,3.9879784404840593e-07,0
724,3.1071581842387413e-06,1.2299787158951542e-06,-1.2253818423874144e-07,0
725,1.576888337279317e-06,1.2299787158951542e-06,-2.667683372793169e-07,0
726,7.669664950729049e-07,1.2299787158951542e-06,-8.122149507290487e-08,0
727,4.3883580720216216e-07,1.2299787158951542e-06,1.1349519279783784e-07,0
728,4.0460030710521786e-07,1.2299787158951542e-06,1.3844869289478215e-07,0
729,4.6069708643664216e-07,1.2299787158951542e-06,7.393591356335784e-08,0
730,4.52439860148349e-07,1.2299787158951542e-06,8.182213985165103e-08,0
731,4.2572062520258653e-07,1.2299787158951542e-06,2.7032037479741353e-07,0
732,5.173144214757245e-07,1.2299787158951542e-06,6.483255785242754e-07,0
733,7.735209173866417e-07,1.2299787158951542e-06,9.294890826133582e-07,0
734,9.73468100984133e-07,1.2299787158951542e-06,7.906718990158672e-07,0
735,8.166652141803119e-07,1.2299787158951542e-06,3.6539478581968814e-07,0
736,1.8056663353375995e-06,1.2299787158951542e-06,-1.2076335337599466e-08,0
737,3.088960552496828e-06,1.2299787158951542e-06,-3.593805524968285e-07,0
738,3.881230275310063e-06,1.2299787158951542e-06,-1.0058202753100633e-06,0
739,3.7668905196752076e-06,1.2299787158951542e-06,-1.5220805196752076e-06,1
740,2.8386510817700333e-06,1.2299787158951542e-06,-1.5076510817700333e-06,1
741,1.6659593610483009e-06,1.2299787158951542e-06,-1.042439361048301e-06,1
742,8.188481070752066e-07,1.2299787158951542e-06,-5.431841070752066e-07,1
743,4.654690353236566e-07,1.2299787158951542e-06,-2.885500353236566e-07,1
744,6.446745675464301e-07,1.2299787158951542e-06,-4.058595675464301e-07,1
745,1.4519143220048242e-06,1.2299787158951542e-06,-9.564993220048242e-07,1
746,2.656883971223381e-06,1.2299787158951542e-06,-1.5863839712233812e-06,1
747,3.5807183431807564e-06,1.2299787158951542e-06,-1.4480883431807563e-06,1
748,3.972954462218885e-06,1.2299787158951542e-06,-1.2378446221888533e-07,0
749,4.585991008953418e-06,1.2299787158951542e-06,1.9125289910465814e-06,1
750,6.125679052344501e-06,1.2299787158951542e-06,3.8173909476555e-06,1
751,7.991716936519463e-06,1.2299787158951542e-06,4.4726830634805375e-06,1
752,8.682633796779518e-06,1.2299787158951542e-06,3.383466203220481e-06,1
753,7.530841727762732e-06,1.2299787158951542e-06,1.7101282722372675e-06,1
754,5.381659551656877e-06,1.2299787158951542e-06,5.183804483431239e-07,0
755,3.38499555611475e-06,1.2299787158951542e-06,-2.550555561147497e-07,0
756,1.959669634812171e-06,1.2299787158951542e-06,-6.122796348121711e-07,1
757,1.0662502623417895e-06,1.2299787158951542e-06,-5.249712623417895e-07,1
758,6.020698410738207e-07,1.2299787158951542e-06,-2.811988410738207e-07,0
759,4.861222808398344e-07,1.2299787158951542e-06,-1.7169728083983435e-07,0
760,6.101136457239658e-07,1.2299787158951542e-06,-2.5617364572396577e-07,0
761,7.518048452465076e-07,1.2299787158951542e-06,-3.5333184524650763e-07,0
762,7.81093712467256e-07,1.2299787158951542e-06,-2.980367124672559e-07,0
763,7.708963257724714e-07,1.2299787158951542e-06,-5.55603257724713e-08,0
764,8.608426874070862e-07,1.2299787158951542e-06,2.584173125929138e-07,0
765,1.0740760331583062e-06,1.2299787158951542e-06,3.729139668416936e-07,0
766,1.1515412025828235e-06,1.2299787158951542e-06,2.107887974171765e-07,0
767,8.588392092709584e-07,1.2299787158951542e-06,-6.711209270958405e-09,0
768,1.1574728365966513e-06,1.2299787158951542e-06,-1.8752683659665133e-07,0
769,1.9457453166559033e-06,1.2299787158951542e-06,-4.528553166559034e-07,0
770,2.413960146635849e-06,1.2299787158951542e-06,-7.979501466358492e-07,0
771,2.2848539024627707e-06,1.2299787158951542e-06,-1.0023639024627708e-06,1
772,1.656354238770751e-06,1.2299787158951542e-06,-8.966862387707509e-07,1
773,9.446805840815985e-07,1.2299787158951542e-06,-5.822525840815985e-07,1
774,4.587627336853138e-07,1.2299787158951542e-06,-2.853487336853138e-07,1
775,2.384693691960943e-07,1.2299787158951542e-06,-1.186933691960943e-07,0
776,2.50418203845289e-07,1.2299787158951542e-06,-9.8780203845289e-08,0
777,4.77093215774565e-07,1.2299787158951542e-06,-1.9784721577456504e-07,1
778,8.381885061460138e-07,1.2299787158951542e-06,-2.621785061460137e-07,1
779,1.1796325776614015e-06,1.2299787158951542e-06,4.4474223385984384e-09,0
780,1.541233868735028e-06,1.2299787158951542e-06,8.478161312649719e-07,1
781,2.2975401248993185e-06,1.2299787158951542e-06,2.256699875100682e-06,1
782,3.597148964247867e-06,1.2299787158951542e-06,3.5990310357521333e-06,1
783,4.741188004723755e-06,1.2299787158951542e-06,3.7050719952762467e-06,1
784,4.82793573018583e-06,1.2299787158951542e-06,2.38879426981417e-06,1
785,3.919633369123092e-06,1.2299787158951542e-06,8.301566308769092e-07,0
786,2.77482658952227e-06,1.2299787158951542e-06,-1.937365895222695e-07,0
787,1.8319521428526376e-06,1.2299787158951542e-06,-6.608721428526376e-07,1
788,1.139229773175323e-06,1.2299787158951542e-06,-6.92337773175323e-07,1
789,6.895459656530183e-07,1.2299787158951542e-06,-5.101169656530183e-07,1
790,4.719999286863874e-07,1.2299787158951542e-06,-3.4892292868638744e-07,1
791,4.807332579311986e-07,1.2299787158951542e-06,-3.4762325793119864e-07,1
792,6.208603504554063e-07,1.2299787158951542e-06,-4.541073504554063e-07,1
793,7.145158340386232e-07,1.2299787158951542e-06,-4.900938340386232e-07,1
794,7.118962524412702e-07,1.2299787158951542e-06,-3.8764525244127017e-07,1
795,6.823663098092631e-07,1.2299787158951542e-06,-1.8124030980926307e-07,0
796,7.073618024233414e-07,1.2299787158951542e-06,2.550719757665862e-08,0
797,7.724853148293719e-07,1.2299787158951542e-06,1.0641468517062808e-07,0
798,7.316913952294205e-07,1.2299787158951542e-06,5.988260477057949e-08,0
799,4.983035573626017e-07,1.2299787158951542e-06,-1.3404557362601743e-08,0
800,4.866220858812872e-07,1.2299787158951542e-06,1.2616491411871288e-07,0
801,8.317452839883731e-07,1.2299787158951542e-06,1.3452671601162698e-07,0
802,1.0207709010699736e-06,1.2299787158951542e-06,1.0289098930026485e-08,0
803,9.24395205766418e-07,1.2299787158951542e-06,-1.4438220576641805e-07,0
804,6.381788180976127e-07,1.2299787158951542e-06,-2.021528180976127e-07,0
805,3.526034955700162e-07,1.2299787158951542e-06,-1.5540349557001622e-07,0
806,1.6477851382810912e-07,1.2299787158951542e-06,-7.176841382810912e-08,0
807,8.315534075834117e-08,1.2299787158951542e-06,-1.6467740758341155e-08,0
808,7.81173252928204e-08,1.2299787158951542e-06,-2.4905252928203914e-09,0
809,1.1902410763356614e-07,1.2299787158951542e-06,-4.710763356613056e-11,0
810,1.9444126660066317e-07,1.2299787158951542e-06,4.638773339933682e-08,0
811,3.130832166008154e-07,1.2299787158951542e-06,2.4224578339918454e-07,1
812,5.570539277484318e-07,1.2299787158951542e-06,7.329560722515682e-07,1
813,1.074657649570217e-06,1.2299787158951542e-06,1.4928023504297828e-06,1
814,1.7885838384583005e-06,1.2299787158951542e-06,2.0052261615416994e-06,1
815,2.2508858324775624e-06,1.2299787158951542e-06,1.6700341675224373e-06,1
816,2.164922072194654e-06,1.2299787158951542e-06,7.241879278053459e-07,1
817,1.7448267774886512e-06,1.2299787158951542e-06,-1.0306677748865139e-07,0
818,1.2768299880613778e-06,1.2299787158951542e-06,-4.894439880613778e-07,1
819,8.338116184881679e-07,1.2299787158951542e-06,-4.984276184881679e-07,1
820,4.818146734782765e-07,1.2299787158951542e-06,-3.4433967347827647e-07,1
821,2.82321467853959e-07,1.2299787158951542e-06,-2.13696867853959e-07,1
822,2.2732577753193327e-07,1.2299787158951542e-06,-1.7577147753193325e-07,1
823,2.8248291604011047e-07,1.2299787158951542e-06,-2.2978601604011047e-07,1
824,3.57933284017427e-07,1.2299787158951542e-06,-2.90855484017427e-07,1
825,3.7383567208833255e-07,1.2299787158951542e-06,-2.6988067208833255e-07,1
826,3.5354473102552093e-07,1.2299787158951542e-06,-1.8453373102552092e-07,1
827,3.4836724059450435e-07,1.2299787158951542e-06,-8.173924059450435e-08,0
828,3.721090617776396e-07,1.2299787158951542e-06,1.2712938222360366e-08,0
829,3.9138220076245664e-07,1.2299787158951542e-06,7.666179923754336e-08,0
830,3.492807883352229e-07,1.2299787158951542e-06,9.61512116647771e-08,0
831,2.2490873169613508e-07,1.2299787158951542e-06,7.15602683038649e-08,0
832,2.0389143866269495e-07,1.2299787158951542e-06,3.146345613373051e-07,0
833,3.362086246326734e-07,1.2299787158951542e-06,4.5876337536732666e-07,0
834,3.800044013217676e-07,1.2299787158951542e-06,4.130235986782324e-07,0
835,3.159167794522417e-07,1.2299787158951542e-06,2.2398122054775837e-07,0
836,2.1653896538358693e-07,1.2299787158951542e-06,4.6583034616413065e-08,0
837,1.3144447621548285e-07,1.2299787158951542e-06,-2.946247621548286e-08,0
838,6.86886623650238e-08,1.2299787158951542e-06,-2.5616862365023792e-08,0
839,3.957730091305136e-08,1.2299787158951542e-06,-9.396800913051354e-09,0
840,4.2025187740014375e-08,1.2299787158951542e-06,-6.918087740014378e-09,0
841,5.531353570888217e-08,1.2299787158951542e-06,2.986764291117842e-09,0
842,7.343358491572958e-08,1.2299787158951542e-06,4.7688415084270414e-08,0
843,1.1565539867964967e-07,1.2299787158951542e-06,1.7423160132035038e-07,1
844,2.3431560754115452e-07,1.2299787158951542e-06,4.3144439245884537e-07,1
845,4.794134221307922e-07,1.2299787158951542e-06,7.155665778692077e-07,1
846,7.624774828323409e-07,1.2299787158951542e-06,7.44192517167659e-07,1
847,8.828390720531506e-07,1.2299787158951542e-06,4.340209279468494e-07,1
848,7.998348363326404e-07,1.2299787158951542e-06,4.915516366735955e-08,0
849,6.459691017318699e-07,1.2299787158951542e-06,-1.9401610173186985e-07,0
850,4.800038197937067e-07,1.2299787158951542e-06,-2.570748197937067e-07,1
851,3.051695897075409e-07,1.2299787158951542e-06,-1.9401158970754088e-07,1
852,1.6470050306945414e-07,1.2299787158951542e-06,-1.0584790306945415e-07,1
853,8.921737106547168e-08,1.2299787158951542e-06,-5.4382771065471684e-08,0
854,7.730405123118347e-08,1.2299787158951542e-06,-5.1902951231183474e-08,1
855,1.0602604705745711e-07,1.2299787158951542e-06,-8.270214705745712e-08,1
856,1.2948264887332926e-07,1.2299787158951542e-06,-9.888414887332925e-08,1
857,1.2941550648158633e-07,1.2299787158951542e-06,-7.995080648158634e-08,1
858,1.2969183340601973e-07,1.2299787158951542e-06,-5.074893340601973e-08,0
859,1.4757706873278113e-07,1.2299787158951542e-06,-1.786706873278114e-08,0
860,1.7530267447260786e-07,1.2299787158951542e-06,3.150432552739215e-08,0
861,1.8671217981663074e-07,1.2299787158951542e-06,1.0177982018336928e-07,0
862,1.5904435491207226e-07,1.2299787158951542e-06,1.558716450879277e-07,0
863,9.636684114178987e-08,1.2299787158951542e-06,1.366211588582101e-07,0
864,1.0690468734427352e-07,1.2299787158951542e-06,3.712523126557265e-07,0
865,1.7072896675382274e-07,1.2299787158951542e-06,5.203540332461773e-07,0
866,1.9630433189320844e-07,1.2299787158951542e-06,4.3916066810679154e-07,0
867,1.752238325269015e-07,1.2299787158951542e-06,2.2015616747309847e-07,0
868,1.2992731988976286e-07,1.2299787158951542e-06,5.065468011023713e-08,0
869,8.232564020245315e-08,1.2299787158951542e-06,-1.2364640202453153e-08,0
870,4.3557136106994596e-08,1.2299787158951542e-06,-1.4472536106994599e-08,0
871,2.3889250358188717e-08,1.2299787158951542e-06,-6.177250358188717e-09,0
872,2.254167312021392e-08,1.2299787158951542e-06,-1.7593731202139194e-09,0
873,2.758572795071126e-08,1.2299787158951542e-06,9.730772049288741e-09,0
874,3.569039346562966e-08,1.2299787158951542e-06,4.805380653437032e-08,0
875,5.324153886243757e-08,1.2299787158951542e-06,1.539154611375624e-07,0
876,1.0020533892681294e-07,1.2299787158951542e-06,3.2639266107318705e-07,0
877,1.8699253105915943e-07,1.2299787158951542e-06,4.2712646894084067e-07,0
878,2.6239140271741124e-07,1.2299787158951542e-06,3.3584459728258874e-07,0
879,2.7005685069511016e-07,1.2299787158951542e-06,1.5260614930488987e-07,0
880,2.3522706647106924e-07,1.2299787158951542e-06,1.589493352893075e-08,0
881,1.9503532651357735e-07,1.2299787158951542e-06,-4.993532651357735e-08,0
882,1.5174656463377358e-07,1.2299787158951542e-06,-6.610666463377359e-08,0
883,1.0904010060111e-07,1.2299787158951542e-06,-5.7146900601110004e-08,0
884,7.088370331888462e-08,1.2299787158951542e-06,-3.982600331888462e-08,0
885,4.478534846170523e-08,1.2299787158951542e-06,-2.6177748461705232e-08,0
886,3.9968013123427376e-08,1.2299787158951542e-06,-2.5717613123427376e-08,1
887,4.779750977965481e-08,1.2299787158951542e-06,-2.9249109779654813e-08,0
888,5.3271586083930744e-08,1.2299787158951542e-06,-2.3825886083930742e-08,0
889,6.121392575103579e-08,1.2299787158951542e-06,-2.1028925751035787e-08,0
890,8.532572389508902e-08,1.2299787158951542e-06,-2.9627623895089032e-08,0
891,1.242850747543671e-07,1.2299787158951542e-06,-2.5285974754367097e-08,0
892,1.6016810720128647e-07,1.2299787158951542e-06,2.5148892798713544e-08,0
893,1.7354453009365066e-07,1.2299787158951542e-06,1.1466446990634938e-07,0
894,1.478359807718169e-07,1.2299787158951542e-06,1.8217001922818306e-07,1
895,8.897091212687619e-08,1.2299787158951542e-06,1.6295308787312383e-07,0
896,1.006680297060766e-07,1.2299787158951542e-06,3.464289702939234e-07,0
897,1.8408227113882306e-07,1.2299787158951542e-06,4.460847288611769e-07,0
898,2.2600888506469606e-07,1.2299787158951542e-06,3.4816611493530396e-07,0
899,1.9781842834929915e-07,1.2299787158951542e-06,1.6848957165070085e-07,0
900,1.3317338153135777e-07,1.2299787158951542e-06,4.4251618468642216e-08,0
901,7.495669136520085e-08,1.2299787158951542e-06,-2.3719913652008593e-09,0
902,3.647705176678408e-08,1.2299787158951542e-06,-7.585451766784083e-09,0
903,1.658649324511076e-08,1.2299787158951542e-06,-1.26369324511076e-09,0
904,1.431213720851589e-08,1.2299787158951542e-06,9.260627914841107e-10,0
905,2.4469794355310268e-08,1.2299787158951542e-06,2.778705644689733e-09,0
906,3.9648988466804816e-08,1.2299787158951542e-06,3.887771153319518e-08,0
907,6.050695178207163e-08,1.2299787158951542e-06,1.5393404821792836e-07,0
908,9.090130240624957e-08,1.2299787158951542e-06,3.0163169759375045e-07,0
909,1.1519946147077713e-07,1.2299787158951542e-06,3.2819753852922285e-07,0
910,1.112560123613414e-07,1.2299787158951542e-06,2.098289876386586e-07,0
911,8.440419681774014e-08,1.2299787158951542e-06,9.410980318225986e-08,0
912,5.618739869144492e-08,1.2299787158951542e-06,5.032260130855507e-08,0
913,3.699402638229507e-08,1.2299787158951542e-06,4.004257361770493e-08,0
914,2.6752220973241943e-08,1.2299787158951542e-06,3.042307902675805e-08,0
915,2.031013240006946e-08,1.2299787158951542e-06,1.852906759993054e-08,0
916,1.3974705132660412e-08,1.2299787158951542e-06,7.640494867339587e-09,0
917,1.0897489292676913e-08,1.2299787158951542e-06,1.735710707323088e-09,0
918,1.4168291296528381e-08,1.2299787158951542e-06,2.1375087034716187e-09,0
919,2.6450230743916638e-08,1.2299787158951542e-06,7.686769256083359e-09,0
920,6.130294151043742e-08,1.2299787158951542e-06,3.434858489562589e-09,0
921,1.4143422168760462e-07,1.2299787158951542e-06,-4.5584821687604624e-08,0
922,2.7271764687599555e-07,1.2299787158951542e-06,-1.4293964687599554e-07,0
923,4.07955701114313e-07,1.2299787158951542e-06,-2.0168570111431302e-07,1
924,4.7510240552836105e-07,1.2299787158951542e-06,-1.2408340552836105e-07,0
925,4.493626435619689e-07,1.2299787158951542e-06,5.853235643803113e-08,0
926,3.493483862779094e-07,1.2299787158951542e-06,1.9905361372209067e-07,0
927,2.1328145754798344e-07,1.2299787158951542e-06,1.8954654245201657e-07,0
928,2.375118244309897e-07,1.2299787158951542e-06,2.8231017556901026e-07,0
929,3.858000886352199e-07,1.2299787158951542e-06,3.5232491136478013e-07,0
930,4.182413583017939e-07,1.2299787158951542e-06,2.5683764169820617e-07,0
931,3.3083312209652105e-07,1.2299787158951542e-06,1.0025587790347896e-07,0
932,1.9891647207566603e-07,1.2299787158951542e-06,9.90052792433395e-09,0
933,9.219021463851456e-08,1.2299787158951542e-06,-1.0021014638514564e-08,0
934,3.5063476876496466e-08,1.2299787158951542e-06,-5.760976876496466e-09,0
935,1.8440465680824487e-08,1.2299787158951542e-06,-2.197765680824485e-09,0
936,3.54198291418555e-08,1.2299787158951542e-06,-1.2184829141855494e-08,0
937,8.548269622828629e-08,1.2299787158951542e-06,-3.32764962282863e-08,0
938,1.7272337405660362e-07,1.2299787158951542e-06,-4.8847374056603606e-08,0
939,2.9622716413217365e-07,1.2299787158951542e-06,-4.6491164132173643e-08,0
940,3.9919490986510464e-07,1.2299787158951542e-06,-4.1401909865104637e-08,0
941,3.886074119088518e-07,1.2299787158951542e-06,-5.3560411908851814e-08,0
942,2.6838938930904997e-07,1.2299787158951542e-06,-5.643938930904995e-08,0
943,1.355798537937991e-07,1.2299787158951542e-06,-2.4100853793799092e-08,0
944,5.202434888604611e-08,1.2299787158951542e-06,1.6629451113953894e-08,0
945,1.7089309584443927e-08,1.2299787158951542e-06,3.558319041555607e-08,0
946,6.886141460157907e-09,1.2299787158951542e-06,3.32282585398421e-08,0
947,3.704676774199736e-09,1.2299787158951542e-06,2.1327123225800265e-08,0
948,2.814094407051141e-09,1.2299787158951542e-06,1.0365105592948859e-08,0
949,5.291362009532237e-09,1.2299787158951542e-06,6.060337990467763e-09,0
950,1.5911205780389826e-08,1.2299787158951542e-06,8.790494219610173e-09,0
951,5.536938265211469e-08,1.2299787158951542e-06,1.1863517347885307e-08,0
952,1.7697904290533656e-07,1.2299787158951542e-06,-2.6364042905336558e-08,0
953,4.6646725087031153e-07,1.2299787158951542e-06,-2.0725925087031153e-07,0
954,9.633686115699563e-07,1.2299787158951542e-06,-5.685616115699563e-07,1
955,1.5027197391988843e-06,1.2299787158951542e-06,-8.570287391988843e-07,1
956,1.762594122478352e-06,1.2299787158951542e-06,-7.04824122478352e-07,1
957,1.6043405747208575e-06,1.2299787158951542e-06,-1.8844057472085741e-07,0
958,1.1820768731303757e-06,1.2299787158951542e-06,1.9599312686962454e-07,0
959,6.906803543501976e-07,1.2299787158951542e-06,2.213356456498024e-07,0
960,5.31396663860561e-07,1.2299787158951542e-06,2.0040733613943904e-07,0
961,7.375790030282831e-07,1.2299787158951542e-06,2.42010996971717e-07,0
962,6.989636857362393e-07,1.2299787158951542e-06,1.3010031426376077e-07,0
963,4.86441523746938e-07,1.2299787158951542e-06,8.845476253062029e-09,0
964,2.4336511489511535e-07,1.2299787158951542e-06,-1.4047114895115365e-08,0
965,8.188817220022214e-08,1.2299787158951542e-06,4.500227799777863e-09,0
966,2.0039747030673003e-08,1.2299787158951542e-06,1.3112752969326995e-08,0
967,1.6758103358868265e-08,1.2299787158951542e-06,1.5836096641131733e-08,0
968,6.338931450128233e-08,1.2299787158951542e-06,4.235785498717673e-09,0
969,2.0513975875519487e-07,1.2299787158951542e-06,-7.306075875519487e-08,0
970,4.98395790080465e-07,1.2299787158951542e-06,-2.83872790080465e-07,0
971,8.866312575085656e-07,1.2299787158951542e-06,-5.896542575085656e-07,1
972,1.1141097029429883e-06,1.2299787158951542e-06,-7.826667029429883e-07,1
973,9.770734768123023e-07,1.2299787158951542e-06,-6.953954768123023e-07,1
974,6.119430821338105e-07,1.2299787158951542e-06,-4.220730821338105e-07,1
975,2.868123698511377e-07,1.2299787158951542e-06,-1.6882936985113772e-07,1
976,1.1164675416353607e-07,1.2299787158951542e-06,-3.5517554163536066e-08,0
977,4.661161951216506e-08,1.2299787158951542e-06,3.1684804878349475e-09,0
978,2.404117000787364e-08,1.2299787158951542e-06,8.122829992126364e-09,0
979,1.3554354984467575e-08,1.2299787158951542e-06,8.605345015532426e-09,0
980,1.4917517606806188e-08,1.2299787158951542e-06,3.6336823931938117e-09,0
981,2.871435939057017e-08,1.2299787158951542e-06,-7.83315939057017e-09,0
982,5.4579418906550216e-08,1.2299787158951542e-06,-1.3924418906550214e-08,0
983,1.2447090988841648e-07,1.2299787158951542e-06,-1.4321909888416477e-08,0
984,3.7589931835039073e-07,1.2299787158951542e-06,-1.1169331835039072e-07,0
985,1.1063367833916878e-06,1.2299787158951542e-06,-5.921167833916877e-07,0
986,2.4844149210232118e-06,1.2299787158951542e-06,-1.5554479210232117e-06,1
987,3.990505293428466e-06,1.2299787158951542e-06,-2.292665293428466e-06,1
988,4.653516782912857e-06,1.2299787158951542e-06,-1.888146782912857e-06,1
989,4.1251479242836445e-06,1.2299787158951542e-06,-6.687779242836453e-07,0
990,2.8664380524067e-06,1.2299787158951542e-06,1.9542194759329952e-07,0
991,1.5166411295691632e-06,1.2299787158951542e-06,2.935988704308369e-07,0
992,5.932596283758199e-07,1.2299787158951542e-06,5.3175371624180055e-08,0
993,6.896186139427296e-07,1.2299787158951542e-06,4.606338605727047e-08,0
994,5.652330786384122e-07,1.2299787158951542e-06,-2.5431078638412097e-08,0
995,3.441053982769021e-07,1.2299787158951542e-06,-5.585539827690212e-08,0
996,1.4514761936777505e-07,1.2299787158951542e-06,-2.343961936777506e-08,0
997,3.831072960630697e-08,1.2299787158951542e-06,6.055670393693031e-09,0
998,7.571582674124642e-09,1.2299787158951542e-06,1.772311732587536e-08,0
999,1.417218827116083e-08,1.2299787158951542e-06,2.922381172883917e-08,0
1000,7.028974209436027e-08,1.2299787158951542e-06,1.7611157905639724e-08,0
1001,2.4310779334990243e-07,1.2299787158951542e-06,-9.991879334990243e-08,0
1002,5.784948757257586e-07,1.2299787158951542e-06,-3.847168757257586e-07,1
1003,9.47937286044742e-07,1.2299787158951542e-06,-7.19801286044742e-07,1
1004,1.0714997063606495e-06,1.2299787158951542e-06,-8.462707063606495e-07,1
1005,8.521056048741655e-07,1.2299787158951542e-06,-6.713986048741655e-07,1
1006,4.934931702172656e-07,1.2299787158951542e-06,-3.7126417021726553e-07,1
1007,2.2445602471074896e-07,1.2299787158951542e-06,-1.4681022471074894e-07,1
1008,9.869804982566585e-08,1.2299787158951542e-06,-5.0629349825665845e-08,0
1009,5.105127944487701e-08,1.2299787158951542e-06,-2.1065179444877008e-08,0
1010,2.7261835941457182e-08,1.2299787158951542e-06,-6.243935941457181e-09,0
1011,1.7570723368682575e-08,1.2299787158951542e-06,-1.9712336868257607e-10,0
1012,2.5742020908323364e-08,1.2299787158951542e-06,-9.580020908323365e-09,0
1013,4.360471301900081e-08,1.2299787158951542e-06,-2.4176613019000813e-08,1
1014,6.652435915419139e-08,1.2299787158951542e-06,-2.534845915419139e-08,0
1015,1.37072639888925e-07,1.2299787158951542e-06,-2.9449639888925016e-08,0
1016,4.302923423189733e-07,1.2299787158951542e-06,-1.822583423189733e-07,0
1017,1.2721305334784211e-06,1.2299787158951542e-06,-7.536625334784211e-07,1
1018,2.7303447117142394e-06,1.2299787158951542e-06,-1.6702247117142394e-06,1
1019,4.128876167426249e-06,1.2299787158951542e-06,-2.134986167426249e-06,1
1020,4.567370843553109e-06,1.2299787158951542e-06,-1.5420208435531088e-06,1
1021,3.85613765054263e-06,1.2299787158951542e-06,-4.768976505426294e-07,0
1022,2.504985686048826e-06,1.2299787158951542e-06,1.0748431395117394e-07,0
1023,1.2052984644597285e-06,1.2299787158951542e-06,9.997153554027178e-08,0
