,Y220S,max,diff,True
0,1.5190628456652959e-06,1.2151610110609692e-06,-1.0407284566529594e-07,0
1,2.4259147368853815e-06,1.2151610110609692e-06,-4.152747368853814e-07,0
2,2.2599803231580816e-06,1.2151610110609692e-06,-6.188903231580816e-07,0
3,1.345924971672545e-06,1.2151610110609692e-06,-4.5536997167254504e-07,0
4,5.58525568541099e-07,1.2151610110609692e-06,-1.8151756854109896e-07,0
5,1.7319868520128238e-07,1.2151610110609692e-06,-3.1725685201282396e-08,0
6,4.2944068990980366e-08,1.2151610110609692e-06,2.7490331009019623e-08,0
7,9.085426486382463e-09,1.2151610110609692e-06,8.671867351361754e-08,0
8,4.650042491459683e-09,1.2151610110609692e-06,1.858259575085403e-07,0
9,2.554581746164e-08,1.2151610110609692e-06,3.0859818253836e-07,0
10,1.2529637905297769e-07,1.2151610110609692e-06,3.837976209470223e-07,0
11,4.02892567738677e-07,1.2151610110609692e-06,2.8278043226132303e-07,0
12,8.603537932001325e-07,1.2151610110609692e-06,-6.207479320013255e-08,0
13,1.2570341426029921e-06,1.2151610110609692e-06,-4.6672614260299215e-07,0
14,1.3060857775908398e-06,1.2151610110609692e-06,-6.319577775908398e-07,1
15,1.0035877118173919e-06,1.2151610110609692e-06,-4.941777118173919e-07,1
16,6.181426104863205e-07,1.2151610110609692e-06,-2.6404661048632055e-07,1
17,3.512508131633268e-07,1.2151610110609692e-06,-1.183868131633268e-07,0
18,2.0854185195190532e-07,1.2151610110609692e-06,-6.76688519519053e-08,0
19,1.660320142989373e-07,1.2151610110609692e-06,-7.809531429893729e-08,1
20,2.4691852047125056e-07,1.2151610110609692e-06,-1.6426162047125056e-07,1
21,4.365114481468082e-07,1.2151610110609692e-06,-3.199214481468082e-07,1
22,6.491246084908658e-07,1.2151610110609692e-06,-4.613076084908658e-07,1
23,7.952651691920812e-07,1.2151610110609692e-06,-4.769771691920812e-07,1
24,9.258544968262163e-07,1.2151610110609692e-06,-3.1307649682621626e-07,0
25,1.3158275028096993e-06,1.2151610110609692e-06,6.457249719030062e-08,0
26,2.4244563604031207e-06,1.2151610110609692e-06,8.10073639596879e-07,0
27,4.917907548255193e-06,1.2151610110609692e-06,1.932572451744807e-06,1
28,8.655877565507519e-06,1.2151610110609692e-06,3.122122434492481e-06,1
29,1.128818124854408e-05,1.2151610110609692e-06,3.97801875145592e-06,1
30,1.0422784434174363e-05,1.2151610110609692e-06,3.7410155658256385e-06,1
31,6.709964794439703e-06,1.2151610110609692e-06,2.211695205560297e-06,1
32,4.814095369584328e-06,1.2151610110609692e-06,-9.307453695843282e-07,0
33,6.513927166356251e-06,1.2151610110609692e-06,-1.734917166356251e-06,0
34,5.416127898806929e-06,1.2151610110609692e-06,-1.971447898806929e-06,1
35,3.096495444813892e-06,1.2151610110609692e-06,-1.403385444813892e-06,1
36,1.3671485636249315e-06,1.2151610110609692e-06,-6.802475636249315e-07,1
37,4.998815116576296e-07,1.2151610110609692e-06,-2.1438751165762963e-07,0
38,1.4986702092457163e-07,1.2151610110609692e-06,3.7201979075428384e-08,0
39,3.66481281450899e-08,1.2151610110609692e-06,2.2383587185491012e-07,0
40,2.319486054017389e-08,1.2151610110609692e-06,4.561201394598261e-07,0
41,1.1150092107368183e-07,1.2151610110609692e-06,7.177210789263181e-07,0
42,4.485940869743326e-07,1.2151610110609692e-06,7.995859130256674e-07,0
43,1.202236556564114e-06,1.2151610110609692e-06,4.4274344343588607e-07,0
44,2.2699087615479143e-06,1.2151610110609692e-06,-3.3556876154791415e-07,0
45,3.196707346072584e-06,1.2151610110609692e-06,-1.1546773460725839e-06,0
46,3.4937301346775734e-06,1.2151610110609692e-06,-1.5644201346775736e-06,1
47,3.12111335213284e-06,1.2151610110609692e-06,-1.48183335213284e-06,1
48,2.444736424629204e-06,1.2151610110609692e-06,-1.1787264246292042e-06,1
49,1.7401942215982922e-06,1.2151610110609692e-06,-8.710452215982921e-07,1
50,1.1442951475653245e-06,1.2151610110609692e-06,-6.042521475653244e-07,1
51,9.086458114552e-07,1.2151610110609692e-06,-5.350398114552e-07,1
52,1.2964165392978729e-06,1.2151610110609692e-06,-9.248755392978728e-07,1
53,2.1567042611033593e-06,1.2151610110609692e-06,-1.6539032611033594e-06,1
54,2.884105975468555e-06,1.2151610110609692e-06,-2.150654975468555e-06,1
55,3.149391968264563e-06,1.2151610110609692e-06,-2.014591968264563e-06,1
56,3.569793239962706e-06,1.2151610110609692e-06,-1.4301432399627062e-06,1
57,5.394995577673998e-06,1.2151610110609692e-06,-5.138255776739985e-07,0
58,1.04083620809619e-05,1.2151610110609692e-06,9.88037919038101e-07,0
59,2.0069737371843466e-05,1.2151610110609692e-06,3.007762628156535e-06,0
60,3.1053571109929465e-05,1.2151610110609692e-06,5.4936288900705364e-06,1
61,3.519812580775091e-05,1.2151610110609692e-06,7.571474192249085e-06,1
62,2.8659707198011494e-05,1.2151610110609692e-06,6.927292801988503e-06,1
63,1.6387228426908425e-05,1.2151610110609692e-06,3.6782715730915745e-06,1
64,6.399851807977397e-06,1.2151610110609692e-06,-1.2054718079773969e-06,0
65,7.823226073993448e-06,1.2151610110609692e-06,-1.968616073993448e-06,1
66,6.196617856196325e-06,1.2151610110609692e-06,-2.2902378561963242e-06,1
67,3.744359023174942e-06,1.2151610110609692e-06,-1.920569023174942e-06,1
68,1.956858370632613e-06,1.2151610110609692e-06,-1.1930503706326131e-06,1
69,8.765300435120758e-07,1.2151610110609692e-06,-4.951280435120758e-07,1
70,3.1289769269352e-07,1.2151610110609692e-06,-3.315169269352003e-08,0
71,9.096205056136255e-08,1.2151610110609692e-06,2.4213194943863743e-07,0
72,5.56974888833606e-08,1.2151610110609692e-06,5.105215111166394e-07,0
73,2.0468897527322184e-07,1.2151610110609692e-06,7.796850247267781e-07,0
74,7.51244186046139e-07,1.2151610110609692e-06,7.630758139538611e-07,0
75,1.99083705182641e-06,1.2151610110609692e-06,1.244029481735898e-07,0
76,3.9397964752349364e-06,1.2151610110609692e-06,-1.1588364752349365e-06,0
77,5.992046304139427e-06,1.2151610110609692e-06,-2.5978263041394276e-06,1
78,7.281576577765283e-06,1.2151610110609692e-06,-3.5328565777652837e-06,1
79,7.389798201307112e-06,1.2151610110609692e-06,-3.6739382013071118e-06,1
80,6.43348961737984e-06,1.2151610110609692e-06,-3.2143096173798404e-06,1
81,4.8123365815086425e-06,1.2151610110609692e-06,-2.4589665815086423e-06,1
82,3.1272357783164493e-06,1.2151610110609692e-06,-1.6032457783164492e-06,1
83,2.3983179273756243e-06,1.2151610110609692e-06,-1.3438679273756244e-06,1
84,3.343217135216552e-06,1.2151610110609692e-06,-2.346808135216552e-06,1
85,5.242158341802753e-06,1.2151610110609692e-06,-3.9837683418027536e-06,1
86,6.431959441826756e-06,1.2151610110609692e-06,-4.732769441826756e-06,1
87,6.5182382515581715e-06,1.2151610110609692e-06,-4.067598251558171e-06,1
88,7.362843003010228e-06,1.2151610110609692e-06,-2.846543003010228e-06,1
89,1.2042330129418205e-05,1.2151610110609692e-06,-1.6410301294182034e-06,0
90,2.4069949429484978e-05,1.2151610110609692e-06,-4.386494294849763e-07,0
91,4.336417695643007e-05,1.2151610110609692e-06,1.0930230435699323e-06,0
92,5.999303667663997e-05,1.2151610110609692e-06,3.837063323360028e-06,0
93,6.086731146092866e-05,1.2151610110609692e-06,6.319388539071337e-06,1
94,4.4888450053069e-05,1.2151610110609692e-06,5.488749946931005e-06,1
95,2.343680827404976e-05,1.2151610110609692e-06,2.306491725950239e-06,0
96,4.825551238718997e-06,1.2151610110609692e-06,-2.756512387189964e-07,0
97,5.534624886053183e-06,1.2151610110609692e-06,-6.418948860531827e-07,0
98,4.4770981580179564e-06,1.2151610110609692e-06,-1.3399981580179564e-06,1
99,3.1558073752841106e-06,1.2151610110609692e-06,-1.7186373752841104e-06,1
100,2.0572113098918484e-06,1.2151610110609692e-06,-1.4023873098918485e-06,1
101,1.0984494175873768e-06,1.2151610110609692e-06,-7.015714175873769e-07,1
102,4.4149532876837246e-07,1.2151610110609692e-06,-1.4260532876837246e-07,0
103,1.4999954637961686e-07,1.2151610110609692e-06,1.4388445362038313e-07,0
104,9.645454711194824e-08,1.2151610110609692e-06,3.4034345288805175e-07,0
105,3.077222242510685e-07,1.2151610110609692e-06,4.6074277574893154e-07,0
106,1.0992202409911708e-06,1.2151610110609692e-06,2.385597590088292e-07,0
107,2.8956169039566673e-06,1.2151610110609692e-06,-6.558169039566675e-07,0
108,5.760020565221348e-06,1.2151610110609692e-06,-2.2661005652213484e-06,1
109,8.948776279518148e-06,1.2151610110609692e-06,-3.993906279518148e-06,1
110,1.1166916931739563e-05,1.2151610110609692e-06,-4.8316669317395625e-06,1
111,1.1565246721653196e-05,1.2151610110609692e-06,-4.509456721653196e-06,1
112,1.0229890807073436e-05,1.2151610110609692e-06,-3.745620807073435e-06,1
113,7.58178785295558e-06,1.2151610110609692e-06,-2.74617785295558e-06,1
114,4.672531282551275e-06,1.2151610110609692e-06,-1.549971282551275e-06,1
115,3.395336785644724e-06,1.2151610110609692e-06,-1.2849967856447239e-06,1
116,4.652226175318971e-06,1.2151610110609692e-06,-2.7135461753189713e-06,1
117,7.072456145731073e-06,1.2151610110609692e-06,-4.628246145731073e-06,1
118,8.327991430033888e-06,1.2151610110609692e-06,-5.016941430033888e-06,1
119,8.307200801257997e-06,1.2151610110609692e-06,-3.6808908012579967e-06,1
120,1.0122145397742227e-05,1.2151610110609692e-06,-1.920115397742228e-06,1
121,1.839457318986648e-05,1.2151610110609692e-06,-3.4327318986647723e-07,0
122,3.6897916930763e-05,1.2151610110609692e-06,9.419830692369938e-07,0
123,6.18813270397868e-05,1.2151610110609692e-06,2.209172960213201e-06,0
124,7.789500481984301e-05,1.2151610110609692e-06,4.255495180156989e-06,0
125,7.214675888334829e-05,1.2151610110609692e-06,5.2576411166517045e-06,0
126,4.932631595007061e-05,1.2151610110609692e-06,3.172684049929381e-06,0
127,2.416325443667048e-05,1.2151610110609692e-06,4.5404556332952e-07,0
128,3.079127171862713e-06,1.2151610110609692e-06,2.4999282813728664e-07,0
129,3.4539672674169632e-06,1.2151610110609692e-06,4.0382732583036606e-08,0
130,2.864441747680211e-06,1.2151610110609692e-06,-6.557017476802107e-07,1
131,2.208889024373042e-06,1.2151610110609692e-06,-1.1401590243730421e-06,1
132,1.549267687243469e-06,1.2151610110609692e-06,-9.626036872434689e-07,1
133,8.395529698193019e-07,1.2151610110609692e-06,-4.3438096981930185e-07,0
134,3.441609992144453e-07,1.2151610110609692e-06,-5.447399921444533e-08,0
135,1.3106738853569672e-07,1.2151610110609692e-06,9.804661146430328e-08,0
136,1.2597079021511939e-07,1.2151610110609692e-06,1.6427420978488063e-07,0
137,4.353400468366023e-07,1.2151610110609692e-06,1.4741295316339772e-07,0
138,1.412225798655317e-06,1.2151610110609692e-06,-9.998579865531703e-08,0
139,3.504059686567192e-06,1.2151610110609692e-06,-7.984396865671919e-07,0
140,6.7896260766752745e-06,1.2151610110609692e-06,-1.9492560766752746e-06,1
141,1.0356359988244553e-05,1.2151610110609692e-06,-2.7411799882445528e-06,1
142,1.2749301848437075e-05,1.2151610110609692e-06,-2.3154018484370747e-06,0
143,1.3023350646604108e-05,1.2151610110609692e-06,-1.222650646604109e-06,0
144,1.0987838554719044e-05,1.2151610110609692e-06,-4.4193855471904526e-07,0
145,7.416740302207225e-06,1.2151610110609692e-06,5.548969779277534e-08,0
146,4.157073203557833e-06,1.2151610110609692e-06,3.887367964421667e-07,0
147,2.9406359449036264e-06,1.2151610110609692e-06,-5.835944903626139e-09,0
148,4.101040933028318e-06,1.2151610110609692e-06,-1.3303509330283182e-06,1
149,6.329453587157828e-06,1.2151610110609692e-06,-2.5485535871578284e-06,1
150,7.759049178305362e-06,1.2151610110609692e-06,-2.444539178305362e-06,1
151,8.58923840199129e-06,1.2151610110609692e-06,-1.0923484019912914e-06,0
152,1.2383760378035526e-05,1.2151610110609692e-06,6.806396219644736e-07,0
153,2.425559845555866e-05,1.2151610110609692e-06,2.483801544441341e-06,0
154,4.666064289360145e-05,1.2151610110609692e-06,3.7030571063985504e-06,0
155,7.16327715795919e-05,1.2151610110609692e-06,4.097228420408088e-06,0
156,8.184843613292346e-05,1.2151610110609692e-06,4.504863867076542e-06,0
157,6.941192745706853e-05,1.2151610110609692e-06,4.0297725429314665e-06,0
158,4.394764656432636e-05,1.2151610110609692e-06,1.9474534356736387e-06,0
159,2.0073058027999275e-05,1.2151610110609692e-06,1.291419720007263e-07,0
160,2.3041522984220882e-06,1.2151610110609692e-06,1.5408770157791205e-07,0
161,2.577364628738368e-06,1.2151610110609692e-06,8.511537126163175e-08,0
162,2.0349387850974513e-06,1.2151610110609692e-06,-2.0399878509745115e-07,0
163,1.4024845925460435e-06,1.2151610110609692e-06,-3.410345925460435e-07,0
164,8.883558277585787e-07,1.2151610110609692e-06,-1.8775282775857868e-07,0
165,4.571118880329911e-07,1.2151610110609692e-06,5.125911196700892e-08,0
166,1.8166760234394254e-07,1.2151610110609692e-06,1.6186339765605744e-07,0
167,7.307538646260082e-08,1.2151610110609692e-06,1.615866135373992e-07,0
168,1.2939359304305511e-07,1.2151610110609692e-06,1.3993040695694492e-07,1
169,5.471921767096144e-07,1.2151610110609692e-06,9.412682329038563e-08,0
170,1.8193807338885803e-06,1.2151610110609692e-06,-7.51207338885804e-08,0
171,4.535992771728754e-06,1.2151610110609692e-06,-4.811227717287542e-07,0
172,8.691426567856072e-06,1.2151610110609692e-06,-8.913165678560715e-07,0
173,1.3097813079940787e-05,1.2151610110609692e-06,-5.147130799407868e-07,0
174,1.574079392507728e-05,1.2151610110609692e-06,1.0653060749227183e-06,0
175,1.494723126335208e-05,1.2151610110609692e-06,2.894468736647922e-06,0
176,1.104220586611078e-05,1.2151610110609692e-06,3.5886941338892193e-06,1
177,6.386099409412843e-06,1.2151610110609692e-06,3.0478805905871575e-06,1
178,3.17025257875654e-06,1.2151610110609692e-06,2.0779374212434594e-06,1
179,2.0460959788195364e-06,1.2151610110609692e-06,1.1036240211804634e-06,1
180,2.694443264852459e-06,1.2151610110609692e-06,2.541567351475412e-07,0
181,4.294186334083432e-06,1.2151610110609692e-06,-1.7938633408343201e-07,0
182,5.968916972983406e-06,1.2151610110609692e-06,3.062302701659503e-08,0
183,8.567752367360832e-06,1.2151610110609692e-06,6.131676326391683e-07,0
184,1.5561719287207635e-05,1.2151610110609692e-06,1.0535807127923653e-06,0
185,3.1082878110245255e-05,1.2151610110609692e-06,1.0174218897547469e-06,0
186,5.4971829022683116e-05,1.2151610110609692e-06,8.407097731688671e-08,0
187,7.605362318250598e-05,1.2151610110609692e-06,-8.903231825059711e-07,0
188,7.873397861257641e-05,1.2151610110609692e-06,-4.2977861257640975e-07,0
189,6.125798939445116e-05,1.2151610110609692e-06,4.729106055488422e-07,0
190,3.615995415523636e-05,1.2151610110609692e-06,3.866458447636414e-07,0
191,1.5776087094026784e-05,1.2151610110609692e-06,-1.4348709402678357e-07,0
192,2.0926410898651437e-06,1.2151610110609692e-06,1.978289101348562e-07,0
193,2.36447152749938e-06,1.2151610110609692e-06,4.128884725006202e-07,0
194,1.7374377352049763e-06,1.2151610110609692e-06,4.7646226479502335e-07,0
195,1.0109627115974501e-06,1.2151610110609692e-06,4.631872884025498e-07,0
196,5.227083374542996e-07,1.2151610110609692e-06,4.883116625457005e-07,0
197,2.291628868878611e-07,1.2151610110609692e-06,4.689441131121389e-07,0
198,8.853485060448925e-08,1.2151610110609692e-06,3.560091493955107e-07,0
199,4.884110895048541e-08,1.2151610110609692e-06,2.4826989104951454e-07,1
200,1.6964358386824673e-07,1.2151610110609692e-06,2.1102941613175328e-07,0
201,8.574169833534271e-07,1.2151610110609692e-06,1.7487301664657292e-07,0
202,3.044051838004993e-06,1.2151610110609692e-06,-7.896183800499269e-08,0
203,7.684552185667875e-06,1.2151610110609692e-06,-6.543121856678765e-07,0
204,1.4282708689684634e-05,1.2151610110609692e-06,-8.661086896846327e-07,0
205,2.019733430805454e-05,1.2151610110609692e-06,6.155656919454588e-07,0
206,2.2344657334422487e-05,1.2151610110609692e-06,3.6929426655775154e-06,1
207,1.9541692926070965e-05,1.2151610110609692e-06,5.934507073929034e-06,1
208,1.3492083037752285e-05,1.2151610110609692e-06,5.689216962247717e-06,1
209,7.458944965973439e-06,1.2151610110609692e-06,4.01365503402656e-06,1
210,3.5159263528171136e-06,1.2151610110609692e-06,2.503583647182887e-06,1
211,1.8257831359147281e-06,1.2151610110609692e-06,1.5453368640852714e-06,1
212,1.8464402369982803e-06,1.2151610110609692e-06,8.981797630017198e-07,0
213,3.0459065974346817e-06,1.2151610110609692e-06,4.257534025653182e-07,0
214,5.346909024105532e-06,1.2151610110609692e-06,-8.999024105532782e-09,0
215,1.0064523331855787e-05,1.2151610110609692e-06,-7.790433318557873e-07,0
216,1.9782222426598042e-05,1.2151610110609692e-06,-2.088622426598043e-06,0
217,3.693835562992536e-05,1.2151610110609692e-06,-3.925755629925358e-06,0
218,5.988131783300576e-05,1.2151610110609692e-06,-6.106517833005763e-06,1
219,7.731022342086341e-05,1.2151610110609692e-06,-7.2354234208634155e-06,1
220,7.605297668676384e-05,1.2151610110609692e-06,-6.136776686763837e-06,0
221,5.7025385392176414e-05,1.2151610110609692e-06,-3.738885392176415e-06,0
222,3.308600280160299e-05,1.2151610110609692e-06,-1.7797028016029905e-06,0
223,1.4624539463709305e-05,1.2151610110609692e-06,-8.210394637093062e-07,0
224,2.620452818274922e-06,1.2151610110609692e-06,5.248771817250784e-07,0
225,3.1883329803840246e-06,1.2151610110609692e-06,8.958370196159747e-07,0
226,2.4134053984089885e-06,1.2151610110609692e-06,9.741846015910116e-07,0
227,1.2624446941073357e-06,1.2151610110609692e-06,9.714853058926642e-07,0
228,5.183669184839103e-07,1.2151610110609692e-06,9.044430815160897e-07,0
229,1.9051715003816535e-07,1.2151610110609692e-06,6.970268499618347e-07,0
230,7.122385994295843e-08,1.2151610110609692e-06,4.589601400570416e-07,0
231,5.423699105808307e-08,1.2151610110609692e-06,3.356540089419169e-07,1
232,2.866342598114665e-07,1.2151610110609692e-06,3.5739174018853356e-07,0
233,1.517103961310359e-06,1.2151610110609692e-06,3.5060603868964085e-07,0
234,5.392816980619333e-06,1.2151610110609692e-06,-7.74469806193336e-08,0
235,1.3352371216443359e-05,1.2151610110609692e-06,-9.394712164433598e-07,0
236,2.3873578718034865e-05,1.2151610110609692e-06,-8.732787180348646e-07,0
237,3.2158819507071774e-05,1.2151610110609692e-06,1.7885804929282254e-06,0
238,3.4330993903228916e-05,1.2151610110609692e-06,5.512306096771083e-06,1
239,2.984677220181925e-05,1.2151610110609692e-06,6.740027798180749e-06,1
240,2.0732341005913588e-05,1.2151610110609692e-06,5.415158994086412e-06,1
241,1.1202242367847213e-05,1.2151610110609692e-06,3.916357632152787e-06,1
242,5.042521740257312e-06,1.2151610110609692e-06,2.916518259742689e-06,1
243,2.7875161401901217e-06,1.2151610110609692e-06,1.8801938598098775e-06,1
244,2.98935490086152e-06,1.2151610110609692e-06,7.139150991384796e-07,0
245,4.489780318136495e-06,1.2151610110609692e-06,-4.431603181364948e-07,0
246,7.327689845894223e-06,1.2151610110609692e-06,-1.8211198458942238e-06,1
247,1.2858891893113554e-05,1.2151610110609692e-06,-3.6858618931135535e-06,1
248,2.3194058684898858e-05,1.2151610110609692e-06,-5.789558684898859e-06,1
249,4.048466166781067e-05,1.2151610110609692e-06,-7.79706166781067e-06,1
250,6.283530588582972e-05,1.2151610110609692e-06,-9.196105885829718e-06,1
251,7.962885448892633e-05,1.2151610110609692e-06,-9.405954488926328e-06,1
252,7.904688032942511e-05,1.2151610110609692e-06,-8.160380329425116e-06,1
253,6.174957150015458e-05,1.2151610110609692e-06,-5.518171500154576e-06,1
254,3.8366664915838926e-05,1.2151610110609692e-06,-2.6116649158389266e-06,0
255,1.835963389348322e-05,1.2151610110609692e-06,-9.304338934832217e-07,0
256,4.3238988174793474e-06,1.2151610110609692e-06,2.960911825206525e-07,0
257,5.247365480676989e-06,1.2151610110609692e-06,4.2856451932301194e-07,0
258,3.7752662552590233e-06,1.2151610110609692e-06,5.817237447409768e-07,0
259,1.8113018407943355e-06,1.2151610110609692e-06,8.056181592056646e-07,0
260,6.93609447311165e-07,1.2151610110609692e-06,7.975805526888349e-07,0
261,2.505611867480293e-07,1.2151610110609692e-06,5.843648132519706e-07,0
262,9.200744279428654e-08,1.2151610110609692e-06,3.981095572057135e-07,0
263,8.941117428251111e-08,1.2151610110609692e-06,3.5693482571748883e-07,1
264,5.158501376757693e-07,1.2151610110609692e-06,4.636008623242307e-07,0
265,2.631596680543798e-06,1.2151610110609692e-06,5.14843319456202e-07,0
266,9.261215813638485e-06,1.2151610110609692e-06,7.657418636151493e-08,0
267,2.2757789767351302e-05,1.2151610110609692e-06,-6.231897673513019e-07,0
268,4.003444906567736e-05,1.2151610110609692e-06,2.2895093432263733e-07,0
269,5.315678569432732e-05,1.2151610110609692e-06,3.388414305672684e-06,1
270,5.6409506578847326e-05,1.2151610110609692e-06,5.649893421152671e-06,1
271,4.7844270365159336e-05,1.2151610110609692e-06,5.20302963484066e-06,1
272,3.0837673670238676e-05,1.2151610110609692e-06,4.512226329761322e-06,1
273,1.5064465664407543e-05,1.2151610110609692e-06,4.394334335592457e-06,1
274,7.069574031769625e-06,1.2151610110609692e-06,3.4370259682303756e-06,1
275,5.4853885628320835e-06,1.2151610110609692e-06,1.4708914371679166e-06,0
276,6.405144355931069e-06,1.2151610110609692e-06,-4.986443559310686e-07,0
277,7.673228199028856e-06,1.2151610110609692e-06,-1.8965181990288567e-06,0
278,9.580344763909836e-06,1.2151610110609692e-06,-3.0861847639098363e-06,1
279,1.4109897399334595e-05,1.2151610110609692e-06,-4.501957399334595e-06,1
280,2.4412866427863723e-05,1.2151610110609692e-06,-6.043066427863721e-06,1
281,4.363912132856815e-05,1.2151610110609692e-06,-7.120621328568151e-06,1
282,7.020755144945884e-05,1.2151610110609692e-06,-7.710451449458836e-06,1
283,9.30499993646154e-05,1.2151610110609692e-06,-8.816999364615413e-06,0
284,9.825973511765152e-05,1.2151610110609692e-06,-9.319635117651515e-06,1
285,8.249202648865706e-05,1.2151610110609692e-06,-6.500226488657062e-06,1
286,5.4451025888623904e-05,1.2151610110609692e-06,-2.1596258886238986e-06,0
287,2.6853406984706822e-05,1.2151610110609692e-06,-2.108069847068207e-07,0
288,4.728568730481555e-06,1.2151610110609692e-06,3.3501269518445176e-08,0
289,4.99789511406016e-06,1.2151610110609692e-06,1.962248859398384e-07,0
290,3.1454847446882388e-06,1.2151610110609692e-06,3.743352553117611e-07,0
291,1.3605679109511015e-06,1.2151610110609692e-06,4.851120890488983e-07,0
292,4.85495219455379e-07,1.2151610110609692e-06,4.14216780544621e-07,0
293,1.6182184511140887e-07,1.2151610110609692e-06,2.856111548885911e-07,0
294,6.278501571700559e-08,1.2151610110609692e-06,2.2181498428299442e-07,0
295,1.369924052759809e-07,1.2151610110609692e-06,2.5776759472401906e-07,1
296,9.023738798758913e-07,1.2151610110609692e-06,3.781161201241087e-07,0
297,4.5704658526386145e-06,1.2151610110609692e-06,3.4700414736138505e-07,0
298,1.5840634901844546e-05,1.2151610110609692e-06,-2.1134901844546027e-08,0
299,3.771620038994825e-05,1.2151610110609692e-06,2.5219961005175113e-07,0
300,6.393246599160024e-05,1.2151610110609692e-06,2.3765340083997476e-06,0
301,8.162311075319687e-05,1.2151610110609692e-06,4.446089246803135e-06,0
302,8.056342973216096e-05,1.2151610110609692e-06,4.3503702678390375e-06,0
303,5.95846926325174e-05,1.2151610110609692e-06,4.198307367482597e-06,1
304,3.20551962163972e-05,1.2151610110609692e-06,4.904203783602798e-06,1
305,1.3766975387361444e-05,1.2151610110609692e-06,4.428724612638556e-06,1
306,7.241486590407077e-06,1.2151610110609692e-06,2.3910734095929233e-06,1
307,6.6390996193866825e-06,1.2151610110609692e-06,5.8240380613317154e-08,0
308,7.1411451170272035e-06,1.2151610110609692e-06,-1.4565551170272028e-06,0
309,7.338393031195569e-06,1.2151610110609692e-06,-2.0306430311955685e-06,1
310,8.255199899038269e-06,1.2151610110609692e-06,-2.288269899038269e-06,1
311,1.2309334679942641e-05,1.2151610110609692e-06,-2.571074679942641e-06,0
312,2.387282381908043e-05,1.2151610110609692e-06,-2.6817238190804277e-06,0
313,4.820508993170656e-05,1.2151610110609692e-06,-2.635089931706563e-06,0
314,8.371637127050491e-05,1.2151610110609692e-06,-3.835471270504913e-06,0
315,0.00011456179374918096,1.2151610110609692e-06,-6.5247937491809464e-06,0
316,0.00012151610110609692,1.2151610110609692e-06,-6.299101106096912e-06,0
317,0.00010076666708721484,1.2151610110609692e-06,-1.2109670872148445e-06,0
318,6.44050767797334e-05,1.2151610110609692e-06,2.7309232202666023e-06,0
319,2.990831698828839e-05,1.2151610110609692e-06,1.9950830117116136e-06,1
320,2.337144838582077e-06,1.2151610110609692e-06,4.14655161417923e-07,0
321,2.075896066382922e-06,1.2151610110609692e-06,5.983339336170783e-07,0
322,1.1086032590039374e-06,1.2151610110609692e-06,5.160967409960627e-07,0
323,4.105431839773517e-07,1.2151610110609692e-06,3.367098160226483e-07,0
324,1.2335368634578525e-07,1.2151610110609692e-06,1.8109531365421478e-07,0
325,4.1101509602665066e-08,1.2151610110609692e-06,9.251649039733493e-08,0
326,4.177328557846827e-08,1.2151610110609692e-06,6.832171442153173e-08,0
327,2.087376950183186e-07,1.2151610110609692e-06,9.581530498168139e-08,0
328,1.4040110973388629e-06,1.2151610110609692e-06,1.059289026611371e-07,0
329,6.841220665791971e-06,1.2151610110609692e-06,-5.261066579197006e-08,0
330,2.2480537867393265e-05,1.2151610110609692e-06,-1.1923786739326288e-07,0
331,5.0145189771399436e-05,1.2151610110609692e-06,7.729102286005668e-07,0
332,7.865042593784954e-05,1.2151610110609692e-06,2.104374062150455e-06,0
333,8.996246077002611e-05,1.2151610110609692e-06,2.193039229973881e-06,0
334,7.507417311225894e-05,1.2151610110609692e-06,2.103726887741069e-06,0
335,4.4517018172740386e-05,1.2151610110609692e-06,3.1199818272596122e-06,0
336,1.897584995818373e-05,1.2151610110609692e-06,3.4530500418162674e-06,1
337,6.990725422252422e-06,1.2151610110609692e-06,2.3073045777475785e-06,1
338,3.7594713657475103e-06,1.2151610110609692e-06,7.703886342524899e-07,0
339,3.3684313017785738e-06,1.2151610110609692e-06,-3.1508130177857404e-07,0
340,3.2895836305899736e-06,1.2151610110609692e-06,-7.577936305899734e-07,0
341,3.324420448994304e-06,1.2151610110609692e-06,-8.25780448994304e-07,0
342,4.246597904311126e-06,1.2151610110609692e-06,-7.104279043111266e-07,0
343,8.173364191593927e-06,1.2151610110609692e-06,-2.820641915939264e-07,0
344,2.0324955399982235e-05,1.2151610110609692e-06,3.729446000177651e-07,0
345,4.663917364898834e-05,1.2151610110609692e-06,2.761263510116528e-07,0
346,8.254477055193266e-05,1.2151610110609692e-06,-1.4910705519326667e-06,0
347,0.00010813747544549997,1.2151610110609692e-06,-2.2094754454999785e-06,0
348,0.0001066000433182898,1.2151610110609692e-06,2.1469566817102132e-06,0
349,8.067193040176416e-05,1.2151610110609692e-06,7.832969598235836e-06,1
350,4.6093705192926976e-05,1.2151610110609692e-06,7.761294807073023e-06,1
351,1.8726118137517018e-05,1.2151610110609692e-06,3.548081862482983e-06,1
352,5.174163589028624e-07,1.2151610110609692e-06,3.7339064109713745e-07,0
353,3.750672364621724e-07,1.2151610110609692e-06,4.2243676353782757e-07,0
354,1.5630661227830678e-07,1.2151610110609692e-06,2.954603877216932e-07,0
355,4.236420462640892e-08,1.2151610110609692e-06,1.4822979537359108e-07,0
356,1.04837267678212e-08,1.2151610110609692e-06,5.99767732321788e-08,0
357,8.29231139545921e-09,1.2151610110609692e-06,2.4059588604540794e-08,0
358,3.0314354633027654e-08,1.2151610110609692e-06,1.6997345366972343e-08,0
359,2.354409002872521e-07,1.2151610110609692e-06,1.3113099712747899e-08,0
360,1.5443542896066728e-06,1.2151610110609692e-06,-2.8894289606672932e-08,0
361,6.9216280320703825e-06,1.2151610110609692e-06,-6.047803207038212e-08,0
362,2.0574795250182746e-05,1.2151610110609692e-06,2.7480474981725515e-07,0
363,4.092486311522213e-05,1.2151610110609692e-06,1.0996368847778642e-06,0
364,5.6137366016030054e-05,1.2151610110609692e-06,1.4243339839699478e-06,0
365,5.411284744961386e-05,1.2151610110609692e-06,9.489525503861417e-07,0
366,3.627455760916667e-05,1.2151610110609692e-06,9.57342390833328e-07,0
367,1.668419223056096e-05,1.2151610110609692e-06,1.32900776943904e-06,0
368,5.495706286438011e-06,1.2151610110609692e-06,1.1183837135619893e-06,0
369,1.6723109477725824e-06,1.2151610110609692e-06,5.546790522274177e-07,0
370,8.274411928940048e-07,1.2151610110609692e-06,1.292808071059953e-07,0
371,6.687128831412573e-07,1.2151610110609692e-06,-6.829888314125727e-08,0
372,6.421874261835425e-07,1.2151610110609692e-06,-1.3035942618354245e-07,0
373,7.784457133057032e-07,1.2151610110609692e-06,-1.1758271330570332e-07,0
374,1.4732872749349414e-06,1.2151610110609692e-06,4.408272506505853e-08,0
375,4.389026224611078e-06,1.2151610110609692e-06,4.319937753889222e-07,0
376,1.3424618009230016e-05,1.2151610110609692e-06,7.872819907699845e-07,0
377,3.1355028901367384e-05,1.2151610110609692e-06,6.116710986326163e-07,0
378,5.195043684223906e-05,1.2151610110609692e-06,4.2056315776094297e-07,0
379,6.150446681286613e-05,1.2151610110609692e-06,2.604033187133872e-06,0
380,5.360406565240992e-05,1.2151610110609692e-06,7.121334347590082e-06,1
381,3.5033386489378216e-05,1.2151610110609692e-06,9.029713510621786e-06,1
382,1.6862450379508436e-05,1.2151610110609692e-06,6.192149620491565e-06,1
383,5.664462578205795e-06,1.2151610110609692e-06,2.4079374217942056e-06,1
384,5.473555754953625e-08,1.2151610110609692e-06,1.2028544245046373e-07,0
385,2.963572704182812e-08,1.2151610110609692e-06,1.1593727295817188e-07,0
386,8.429866699036962e-09,1.2151610110609692e-06,6.905333330096303e-08,0
387,1.4317354216003212e-09,1.2151610110609692e-06,3.071576457839968e-08,0
388,4.5985993505735073e-10,1.2151610110609692e-06,1.336684006494265e-08,0
389,1.7380590585067976e-09,1.2151610110609692e-06,8.293940941493203e-09,0
390,1.7510605239214406e-08,1.2151610110609692e-06,8.278394760785594e-09,0
391,1.557565540604567e-07,1.2151610110609692e-06,9.598445939543296e-09,0
392,9.608403070982062e-07,1.2151610110609692e-06,2.746569290179385e-08,0
393,3.8772183626458874e-06,1.2151610110609692e-06,1.3630163735411206e-07,0
394,1.0095114050515686e-05,1.2151610110609692e-06,4.556859494843134e-07,0
395,1.7306521922612937e-05,1.2151610110609692e-06,8.060780773870633e-07,0
396,2.001210245146218e-05,1.2151610110609692e-06,7.28597548537822e-07,0
397,1.5661107403099528e-05,1.2151610110609692e-06,4.3689259690047293e-07,0
398,8.167838150010344e-06,1.2151610110609692e-06,3.899118499896559e-07,0
399,2.8243367251940603e-06,1.2151610110609692e-06,3.647732748059397e-07,0
400,6.999879012475505e-07,1.2151610110609692e-06,2.0192409875244942e-07,0
401,1.843884152867168e-07,1.2151610110609692e-06,5.909658471328323e-08,0
402,9.056666846429028e-08,1.2151610110609692e-06,4.398315357097247e-10,0
403,6.916982644031553e-08,1.2151610110609692e-06,-1.3894626440315525e-08,0
404,7.119817063317491e-08,1.2151610110609692e-06,-1.044567063317491e-08,0
405,1.2846538150005277e-07,1.2151610110609692e-06,1.7847618499947227e-08,0
406,4.621929023789234e-07,1.2151610110609692e-06,1.0667809762107662e-07,0
407,1.8841246141813648e-06,1.2151610110609692e-06,2.862453858186352e-07,0
408,5.846278701845831e-06,1.2151610110609692e-06,5.142012981541688e-07,0
409,1.251511733389763e-05,1.2151610110609692e-06,7.652826661023696e-07,0
410,1.840224389472103e-05,1.2151610110609692e-06,1.3912561052789695e-06,0
411,1.9050602205607598e-05,1.2151610110609692e-06,2.7600977943924036e-06,1
412,1.4255150932249719e-05,1.2151610110609692e-06,3.939649067750282e-06,1
413,7.745179611742865e-06,1.2151610110609692e-06,3.546020388257134e-06,1
414,2.982218685585774e-06,1.2151610110609692e-06,1.983861314414226e-06,1
415,7.756387336333047e-07,1.2151610110609692e-06,6.953412663666952e-07,1
416,2.039854494870369e-09,1.2151610110609692e-06,1.637774550512963e-08,0
417,7.516884538132538e-10,1.2151610110609692e-06,1.2638711546186745e-08,0
418,1.3812620123999515e-10,1.2151610110609692e-06,6.440803798760006e-09,0
419,1.562552441957478e-11,1.2151610110609692e-06,2.9804344755804248e-09,0
420,2.8053991881559905e-11,1.2151610110609692e-06,2.05186600811844e-09,0
421,4.730208535210374e-10,1.2151610110609692e-06,2.8426891464789626e-09,0
422,6.5736768218190346e-09,1.2151610110609692e-06,4.6479231781809665e-09,0
423,6.100338512864891e-08,1.2151610110609692e-06,7.724714871351084e-09,0
424,3.5494720555192594e-07,1.2151610110609692e-06,3.415794448074079e-09,0
425,1.274721668165281e-06,1.2151610110609692e-06,-4.2061668165280966e-08,0
426,2.8522116747189863e-06,1.2151610110609692e-06,-1.2698167471898658e-07,0
427,4.038216159441675e-06,1.2151610110609692e-06,-1.4028615944167478e-07,0
428,3.675844168391955e-06,1.2151610110609692e-06,-2.000416839195486e-08,0
429,2.1755348886937247e-06,1.2151610110609692e-06,1.0100511130627565e-07,0
430,8.361910756245386e-07,1.2151610110609692e-06,1.1816992437546127e-07,0
431,2.0927347258347077e-07,1.2151610110609692e-06,6.933252741652925e-08,0
432,4.023979743037368e-08,1.2151610110609692e-06,2.1055302569626318e-08,0
433,1.2014969488599452e-08,1.2151610110609692e-06,1.0514305114005478e-09,0
434,6.307084145587594e-09,1.2151610110609692e-06,-1.4005941455875937e-09,0
435,3.977196375320012e-09,1.2151610110609692e-06,-1.0093637532001172e-10,0
436,5.117716894002978e-09,1.2151610110609692e-06,2.9337131059970226e-09,0
437,2.3411480236777556e-08,1.2151610110609692e-06,1.5420019763222443e-08,0
438,1.3282287876488595e-07,1.2151610110609692e-06,5.867712123511404e-08,0
439,5.525519991433247e-07,1.2151610110609692e-06,1.5844500085667527e-07,0
440,1.5508650693650145e-06,1.2151610110609692e-06,2.992749306349856e-07,0
441,2.9187169531395924e-06,1.2151610110609692e-06,4.377830468604076e-07,0
442,3.74037245428512e-06,1.2151610110609692e-06,6.002275457148806e-07,0
443,3.315813811316214e-06,1.2151610110609692e-06,8.054561886837856e-07,1
444,2.0464367912715267e-06,1.2151610110609692e-06,8.61833208728473e-07,1
445,8.732816280756774e-07,1.2151610110609692e-06,6.264483719243223e-07,1
446,2.5054139902502825e-07,1.2151610110609692e-06,2.964676009749717e-07,1
447,4.6114423816611035e-08,1.2151610110609692e-06,9.129657618338896e-08,0
448,1.6385806063494617e-11,1.2151610110609692e-06,6.990541939365054e-10,0
449,4.017824457997637e-12,1.2151610110609692e-06,4.2009717554200235e-10,0
450,4.863043586021762e-13,1.2151610110609692e-06,1.9128169564139782e-10,0
451,1.9687936463017499e-13,1.2151610110609692e-06,1.1960812063536982e-10,0
452,6.436156545891057e-12,1.2151610110609692e-06,2.3171084345410897e-10,0
453,1.583318306492618e-10,1.2151610110609692e-06,5.821811693507382e-10,0
454,2.301747941358045e-09,1.2151610110609692e-06,1.117312058641955e-09,0
455,1.9828516217881888e-08,1.2151610110609692e-06,-1.462716217881888e-09,0
456,1.0102455934391213e-07,1.2151610110609692e-06,-2.605735934391213e-08,0
457,3.014499218516909e-07,1.2151610110609692e-06,-9.225292185169092e-08,1
458,5.282392631544867e-07,1.2151610110609692e-06,-1.4421426315448668e-07,0
459,5.549902188588503e-07,1.2151610110609692e-06,-9.72322188588503e-08,0
460,3.617002172557221e-07,1.2151610110609692e-06,-5.76421725572207e-09,0
461,1.524071833577694e-07,1.2151610110609692e-06,2.9190816642230605e-08,0
462,4.2381179691642836e-08,1.2151610110609692e-06,1.956362030835717e-08,0
463,7.694645998197147e-09,1.2151610110609692e-06,7.073554001802853e-09,0
464,1.1491542495409485e-09,1.2151610110609692e-06,1.4118757504590517e-09,0
465,3.4096890293562405e-10,1.2151610110609692e-06,1.2134809706437588e-10,0
466,1.4259575018329833e-10,1.2151610110609692e-06,1.0112424981670168e-10,0
467,9.556572971277421e-11,1.2151610110609692e-06,2.1418527028722578e-10,0
468,6.258958376520235e-10,1.2151610110609692e-06,1.0876141623479766e-09,0
469,5.63719188008664e-09,1.2151610110609692e-06,5.86020811991336e-09,0
470,3.302835857844721e-08,1.2151610110609692e-06,2.096684142155279e-08,0
471,1.2248864699884385e-07,1.2151610110609692e-06,4.8333353001156144e-08,0
472,2.941276434374143e-07,1.2151610110609692e-06,7.30143565625857e-08,0
473,4.7214414529321966e-07,1.2151610110609692e-06,7.709985470678035e-08,0
474,5.105306933715471e-07,1.2151610110609692e-06,7.925730662845298e-08,0
475,3.6698712031663353e-07,1.2151610110609692e-06,9.710787968336647e-08,0
476,1.7350542807903006e-07,1.2151610110609692e-06,9.388057192096995e-08,1
477,5.283644795090818e-08,1.2151610110609692e-06,5.8194552049091815e-08,1
478,9.975502031694884e-09,1.2151610110609692e-06,2.2951697968305115e-08,0
479,1.1323710059863743e-09,1.2151610110609692e-06,5.799578994013626e-09,0
480,8.997990585516017e-14,1.2151610110609692e-06,7.17448009414484e-12,0
481,5.098180667283857e-13,1.2151610110609692e-06,2.8970119332716146e-12,0
482,1.8727703738563603e-12,1.2151610110609692e-06,-6.106037385636056e-14,0
483,3.615924091316687e-12,1.2151610110609692e-06,6.182559086833134e-13,0
484,5.949733600236116e-12,1.2151610110609692e-06,1.7087866399763884e-11,0
485,5.05739695629349e-11,1.2151610110609692e-06,1.089380304370651e-10,0
486,6.557036429003139e-10,1.2151610110609692e-06,3.215453570996859e-10,0
487,4.986610458020295e-09,1.2151610110609692e-06,-9.34720458020296e-10,0
488,2.026819509794833e-08,1.2151610110609692e-06,-8.447395097948332e-09,0
489,4.39198601844566e-08,1.2151610110609692e-06,-1.7896660184456597e-08,0
490,5.276332539378968e-08,1.2151610110609692e-06,-1.1954725393789685e-08,0
491,3.745331107899239e-08,1.2151610110609692e-06,4.691788921007609e-09,0
492,1.683918807854693e-08,1.2151610110609692e-06,1.1464111921453072e-08,0
493,5.078162647454083e-09,1.2151610110609692e-06,7.81793735254592e-09,0
494,1.0269742118378216e-09,1.2151610110609692e-06,3.2581757881621785e-09,0
495,1.3115677833265979e-10,1.2151610110609692e-06,8.901532216673403e-10,0
496,1.4143657736033227e-11,1.2151610110609692e-06,1.387473422639668e-10,0
497,6.113816115211393e-12,1.2151610110609692e-06,1.3483883884788605e-11,0
498,1.1476947356015034e-11,1.2151610110609692e-06,3.530852643984968e-12,0
499,8.146468442204277e-11,1.2151610110609692e-06,3.2294155779572233e-12,0
500,6.532986269453188e-10,1.2151610110609692e-06,4.265937305468135e-11,0
501,3.9270861290279295e-09,1.2151610110609692e-06,-5.537612902792939e-11,0
502,1.558002297490922e-08,1.2151610110609692e-06,-1.4678229749092166e-09,0
503,3.8729425209217616e-08,1.2151610110609692e-06,-4.431325209217617e-09,0
504,6.133103482850058e-08,1.2151610110609692e-06,-4.283634828500577e-09,0
505,6.850999429904776e-08,1.2151610110609692e-06,-1.5602942990477645e-09,0
506,5.73300832386183e-08,1.2151610110609692e-06,-2.988323861830673e-11,0
507,3.3145813356460867e-08,1.2151610110609692e-06,2.8662866435391307e-09,0
508,1.1835766289171568e-08,1.2151610110609692e-06,4.2829337108284325e-09,0
509,2.411915121648277e-09,1.2151610110609692e-06,2.6650048783517235e-09,0
510,2.6630423210225443e-10,1.2151610110609692e-06,9.168557678977457e-10,0
511,1.562524607864395e-11,1.2151610110609692e-06,1.9162475392135606e-10,0
512,2.6794172825582128e-11,1.2151610110609692e-06,-2.3652222825582128e-11,1
513,1.4151756203005237e-10,1.2151610110609692e-06,-1.2464186203005237e-10,1
514,3.8153023694329685e-10,1.2151610110609692e-06,-3.2426343694329683e-10,1
515,5.761312846737986e-10,1.2151610110609692e-06,-4.3738328467379863e-10,1
516,5.766116994537021e-10,1.2151610110609692e-06,-3.146186994537021e-10,0
517,4.4302477686277425e-10,1.2151610110609692e-06,3.7827223137225716e-11,0
518,3.2447798452310905e-10,1.2151610110609692e-06,1.1756920154768912e-09,0
519,5.925237928190315e-10,1.2151610110609692e-06,4.274516207180968e-09,0
520,1.4796424030077805e-09,1.2151610110609692e-06,8.403397596992221e-09,0
521,2.1360965727706468e-09,1.2151610110609692e-06,1.0694403427229354e-08,0
522,1.6810058960066087e-09,1.2151610110609692e-06,9.44829410399339e-09,0
523,7.865549861526485e-10,1.2151610110609692e-06,5.502265013847351e-09,0
524,2.4396933217721294e-10,1.2151610110609692e-06,2.3022706678227866e-09,0
525,5.458188155539345e-11,1.2151610110609692e-06,9.080031184446065e-10,0
526,2.5758308856015763e-11,1.2151610110609692e-06,3.102996911439843e-10,0
527,9.891743302652931e-11,1.2151610110609692e-06,4.049566973470693e-12,0
528,2.5615214528020167e-10,1.2151610110609692e-06,-1.353731452802017e-10,0
529,3.993079231326389e-10,1.2151610110609692e-06,-1.328159231326389e-10,0
530,9.612944512761993e-10,1.2151610110609692e-06,-4.794464512761993e-10,0
531,3.618831917975431e-09,1.2151610110609692e-06,-2.254471917975431e-09,1
532,1.0388073559874175e-08,1.2151610110609692e-06,-5.659573559874175e-09,1
533,2.0673175109868298e-08,1.2151610110609692e-06,-9.673775109868298e-09,0
534,2.7015056233936483e-08,1.2151610110609692e-06,-1.0834556233936482e-08,0
535,2.2767460575254732e-08,1.2151610110609692e-06,-5.298560575254732e-09,0
536,1.419530105013094e-08,1.2151610110609692e-06,1.3571989498690605e-09,0
537,8.40909308093465e-09,1.2151610110609692e-06,2.938006919065352e-09,0
538,4.783319515461927e-09,1.2151610110609692e-06,1.5818304845380723e-09,0
539,1.943661228761784e-09,1.2151610110609692e-06,5.789587712382157e-10,0
540,4.6210678141959056e-10,1.2151610110609692e-06,2.3228321858040946e-10,0
541,5.98324979803326e-11,1.2151610110609692e-06,8.352750201966741e-11,0
542,4.070036691762976e-12,1.2151610110609692e-06,2.1416263308237026e-11,0
543,2.0483027180204976e-13,1.2151610110609692e-06,4.71411972819795e-12,0
544,2.0780406352784567e-09,1.2151610110609692e-06,-1.7862666352784568e-09,1
545,7.86208858946649e-09,1.2151610110609692e-06,-6.7661485894664896e-09,1
546,1.640981223776674e-08,1.2151610110609692e-06,-1.373774223776674e-08,1
547,2.1537857449767896e-08,1.2151610110609692e-06,-1.7024667449767896e-08,1
548,2.030543309419977e-08,1.2151610110609692e-06,-1.493323309419977e-08,1
549,1.3762105353508684e-08,1.2151610110609692e-06,-8.590985353508684e-09,1
550,6.262361060524409e-09,1.2151610110609692e-06,5.906689394755905e-10,0
551,1.9430809311142314e-09,1.2151610110609692e-06,1.0537819068885768e-08,0
552,4.351552495428821e-10,1.2151610110609692e-06,1.662604475045712e-08,0
553,7.708965248377513e-11,1.2151610110609692e-06,1.4981010347516224e-08,0
554,1.5613428738351848e-11,1.2151610110609692e-06,8.520806571261648e-09,0
555,4.4665884484614434e-12,1.2151610110609692e-06,3.0372434115515388e-09,0
556,1.1708821033300773e-11,1.2151610110609692e-06,7.562211789666992e-10,0
557,1.2815548171268658e-10,1.2151610110609692e-06,2.598915182873134e-10,0
558,8.95442126418681e-10,1.2151610110609692e-06,-1.7016512641868117e-10,0
559,3.2321249620932343e-09,1.2151610110609692e-06,-1.2192049620932342e-09,0
560,5.9909582227626245e-09,1.2151610110609692e-06,-1.0549782227626248e-09,0
561,8.46776559481889e-09,1.2151610110609692e-06,3.5447440518111036e-10,0
562,2.232854250026932e-08,1.2151610110609692e-06,-7.529742500269321e-09,0
563,6.33720565449747e-08,1.2151610110609692e-06,-3.127985654497469e-08,1
564,1.1286434061271274e-07,1.2151610110609692e-06,-4.8104440612712744e-08,0
565,1.217177194419781e-07,1.2151610110609692e-06,-3.445261944197809e-08,0
566,8.408411781207893e-08,1.2151610110609692e-06,-8.794617812078936e-09,0
567,4.1659097756953545e-08,1.2151610110609692e-06,5.906202243046461e-09,0
568,1.764961903902941e-08,1.2151610110609692e-06,9.017780960970596e-09,0
569,6.6524670500960205e-09,1.2151610110609692e-06,7.565232949903978e-09,0
570,1.8213393762477786e-09,1.2151610110609692e-06,4.7566806237522216e-09,0
571,2.958947843766925e-10,1.2151610110609692e-06,2.205545215623308e-09,0
572,2.608620829624141e-11,1.2151610110609692e-06,7.965147917037587e-10,0
573,3.295242999311242e-12,1.2151610110609692e-06,2.5352375700068877e-10,0
574,1.1423214482780858e-11,1.2151610110609692e-06,1.4911478551721909e-10,0
575,3.2810647992474175e-11,1.2151610110609692e-06,1.3271335200752581e-10,0
576,3.944015528985319e-08,1.2151610110609692e-06,-3.244553528985319e-08,1
577,1.1529041696168597e-07,1.2151610110609692e-06,-9.420141696168597e-08,1
578,2.067101211651935e-07,1.2151610110609692e-06,-1.647739211651935e-07,1
579,2.496501613950795e-07,1.2151610110609692e-06,-1.9263556139507946e-07,1
580,2.087124802419574e-07,1.2151610110609692e-06,-1.542648802419574e-07,1
581,1.1599997031239195e-07,1.2151610110609692e-06,-7.453127031239195e-08,1
582,4.260767134922372e-08,1.2151610110609692e-06,-9.62387134922372e-09,0
583,1.09367747307547e-08,1.2151610110609692e-06,2.07320252692453e-08,0
584,2.003851355523347e-09,1.2151610110609692e-06,2.7209748644476654e-08,0
585,2.9599382795879626e-10,1.2151610110609692e-06,2.1144906172041204e-08,0
586,6.829412564978165e-11,1.2151610110609692e-06,1.2143605874350219e-08,0
587,1.4377612112848467e-10,1.2151610110609692e-06,5.998993878871516e-09,0
588,9.163551486185971e-10,1.2151610110609692e-06,4.044414851381404e-09,0
589,4.2269179262667984e-09,1.2151610110609692e-06,4.557402073733202e-09,0
590,1.3973106054385593e-08,1.2151610110609692e-06,6.704493945614407e-09,0
591,3.159391180862594e-08,1.2151610110609692e-06,1.5503888191374066e-08,0
592,4.98540829563932e-08,1.2151610110609692e-06,3.857741704360679e-08,0
593,8.661606207746672e-08,1.2151610110609692e-06,5.191993792253327e-08,0
594,2.2368788193559564e-07,1.2151610110609692e-06,-5.828819355956329e-10,0
595,4.979437713342569e-07,1.2151610110609692e-06,-1.1835677133425688e-07,0
596,7.091225873290321e-07,1.2151610110609692e-06,-1.8784758732903213e-07,0
597,6.22863049598554e-07,1.2151610110609692e-06,-1.346020495985541e-07,0
598,3.559391294790336e-07,1.2151610110609692e-06,-4.804312947903363e-08,0
599,1.5042643242977163e-07,1.2151610110609692e-06,-2.740432429771642e-09,0
600,5.573973937299678e-08,1.2151610110609692e-06,1.2864260627003214e-08,0
601,1.7565765539506725e-08,1.2151610110609692e-06,1.786223446049328e-08,0
602,3.6517158299420586e-09,1.2151610110609692e-06,1.5228884170057938e-08,0
603,4.17395965753392e-10,1.2151610110609692e-06,8.814364034246606e-09,0
604,7.57413430025888e-11,1.2151610110609692e-06,4.009848656997412e-09,0
605,3.7698999979507465e-10,1.2151610110609692e-06,2.5774400002049255e-09,0
606,1.4638674439704756e-09,1.2151610110609692e-06,2.6115525560295243e-09,0
607,3.043601470937918e-09,1.2151610110609692e-06,1.4573085290620815e-09,0
608,3.1979277995961104e-07,1.2151610110609692e-06,-2.3745697995961105e-07,1
609,8.02698485155841e-07,1.2151610110609692e-06,-5.83328485155841e-07,1
610,1.2732214437846004e-06,1.2151610110609692e-06,-8.973994437846003e-07,1
611,1.3278161419679103e-06,1.2151610110609692e-06,-8.942141419679103e-07,1
612,9.216301034557569e-07,1.2151610110609692e-06,-5.634621034557569e-07,1
613,4.253968475145107e-07,1.2151610110609692e-06,-1.908128475145107e-07,0
614,1.3720079952086e-07,1.2151610110609692e-06,2.0212004791399887e-09,0
615,3.587473370379426e-08,1.2151610110609692e-06,4.9322566296205746e-08,0
616,9.61523604039217e-09,1.2151610110609692e-06,4.473916395960783e-08,0
617,3.1011349462945087e-09,1.2151610110609692e-06,3.2218765053705495e-08,0
618,1.608846410062845e-09,1.2151610110609692e-06,2.6452953589937153e-08,0
619,6.4401673778348705e-09,1.2151610110609692e-06,2.8889032622165127e-08,0
620,3.046517603360881e-08,1.2151610110609692e-06,3.3807523966391196e-08,0
621,9.38694869315902e-08,1.2151610110609692e-06,4.0330513068409795e-08,0
622,2.0601018011121058e-07,1.2151610110609692e-06,6.839481988878942e-08,0
623,3.5424050675881045e-07,1.2151610110609692e-06,1.4867249324118957e-07,0
624,5.315053708051496e-07,1.2151610110609692e-06,2.669966291948504e-07,0
625,8.746946353484981e-07,1.2151610110609692e-06,2.7383536465150173e-07,0
626,1.6378731519407054e-06,1.2151610110609692e-06,-2.8831519407054526e-09,0
627,2.644853794484031e-06,1.2151610110609692e-06,-5.029137944840308e-07,0
628,2.9784056633547425e-06,1.2151610110609692e-06,-8.173356633547426e-07,0
629,2.187386733253168e-06,1.2151610110609692e-06,-6.668067332531681e-07,0
630,1.0664143159773107e-06,1.2151610110609692e-06,-3.022863159773106e-07,0
631,3.7311143699165673e-07,1.2151610110609692e-06,-3.832043699165671e-08,0
632,1.0383761469954488e-07,1.2151610110609692e-06,6.54333853004551e-08,0
633,2.2780543572447776e-08,1.2151610110609692e-06,7.968345642755221e-08,0
634,3.4267295226186306e-09,1.2151610110609692e-06,6.049407047738136e-08,0
635,5.753062602927287e-10,1.2151610110609692e-06,3.644629373970727e-08,0
636,2.6225459767954056e-09,1.2151610110609692e-06,2.4027854023204595e-08,0
637,1.3845002376555005e-08,1.2151610110609692e-06,2.3536897623445e-08,0
638,4.055518219423199e-08,1.2151610110609692e-06,1.682521780576801e-08,0
639,6.438933789261759e-08,1.2151610110609692e-06,-4.398637892617592e-09,0
640,1.536799727755529e-06,1.2151610110609692e-06,-9.91587727755529e-07,1
641,3.249456067963612e-06,1.2151610110609692e-06,-2.0180960679636122e-06,1
642,4.330475581039826e-06,1.2151610110609692e-06,-2.5691155810398264e-06,1
643,3.86006714277691e-06,1.2151610110609692e-06,-2.1511771427769098e-06,1
644,2.387592881126756e-06,1.2151610110609692e-06,-1.1747628811267562e-06,1
645,1.063416741519029e-06,1.2151610110609692e-06,-3.762167415190291e-07,0
646,3.755345604798048e-07,1.2151610110609692e-06,-3.0723560479804774e-08,0
647,1.2254241270082693e-07,1.2151610110609692e-06,4.966658729917307e-08,0
648,4.0630139415904316e-08,1.2151610110609692e-06,5.70699605840957e-08,0
649,1.3400676388722653e-08,1.2151610110609692e-06,6.802192361127735e-08,0
650,1.6835285396491576e-08,1.2151610110609692e-06,1.0999571460350843e-07,0
651,9.154751322985167e-08,1.2151610110609692e-06,1.7199848677014831e-07,0
652,3.5603428532629226e-07,1.2151610110609692e-06,1.8536871467370774e-07,0
653,9.123527255375911e-07,1.2151610110609692e-06,1.2334727446240875e-07,0
654,1.6824876526055143e-06,1.2151610110609692e-06,1.2203234739448567e-07,0
655,2.4666140380491653e-06,1.2151610110609692e-06,3.597259619508349e-07,0
656,3.266781573174213e-06,1.2151610110609692e-06,6.618084268257873e-07,0
657,4.47610996602721e-06,1.2151610110609692e-06,4.368800339727901e-07,0
658,6.2446813385484254e-06,1.2151610110609692e-06,-5.700013385484251e-07,0
659,7.469248942135927e-06,1.2151610110609692e-06,-1.7634289421359269e-06,0
660,6.57376589269402e-06,1.2151610110609692e-06,-2.1401258926940194e-06,1
661,4.049364061028975e-06,1.2151610110609692e-06,-1.5449140610289752e-06,1
662,1.79180334280081e-06,1.2151610110609692e-06,-6.635033428008099e-07,1
663,6.043926266710132e-07,1.2151610110609692e-06,-5.586462667101312e-08,0
664,1.6413469043779395e-07,1.2151610110609692e-06,1.846973095622061e-07,0
665,3.5524402638481905e-08,1.2151610110609692e-06,2.1947959736151808e-07,0
666,5.8901384563960504e-09,1.2151610110609692e-06,1.8073386154360397e-07,0
667,5.218647210376055e-09,1.2151610110609692e-06,1.3774735278962394e-07,0
668,3.423751199413964e-08,1.2151610110609692e-06,1.3726148800586035e-07,0
669,1.4065315664037884e-07,1.2151610110609692e-06,1.5559384335962115e-07,0
670,3.2381114492096945e-07,1.2151610110609692e-06,9.086585507903057e-08,0
671,4.058004774410553e-07,1.2151610110609692e-06,-3.895347744105527e-08,0
672,3.491146571250025e-06,1.2151610110609692e-06,-1.7918065712500248e-06,1
673,6.228624325028211e-06,1.2151610110609692e-06,-3.0129243250282113e-06,1
674,7.312019313692806e-06,1.2151610110609692e-06,-3.423259313692806e-06,1
675,6.0300139828524455e-06,1.2151610110609692e-06,-2.7678239828524454e-06,1
676,3.606105594786757e-06,1.2151610110609692e-06,-1.5629055947867573e-06,1
677,1.606496482211456e-06,1.2151610110609692e-06,-5.70446482211456e-07,0
678,5.68322382586763e-07,1.2151610110609692e-06,-9.974638258676305e-08,0
679,1.7699782059856374e-07,1.2151610110609692e-06,4.282517940143626e-08,0
680,5.06698789037729e-08,1.2151610110609692e-06,1.0168012109622708e-07,0
681,2.4362080673762083e-08,1.2151610110609692e-06,2.021509193262379e-07,0
682,1.087454789825472e-07,1.2151610110609692e-06,3.957105210174527e-07,0
683,5.253034937722992e-07,1.2151610110609692e-06,5.740765062277007e-07,0
684,1.666007690864649e-06,1.2151610110609692e-06,4.915123091353512e-07,0
685,3.6031420515542624e-06,1.2151610110609692e-06,1.8832794844573766e-07,0
686,5.749761180224986e-06,1.2151610110609692e-06,2.1271881977501425e-07,0
687,7.530482474002307e-06,1.2151610110609692e-06,7.947775259976931e-07,0
688,8.958658500597537e-06,1.2151610110609692e-06,1.097341499402463e-06,0
689,1.0256689849474741e-05,1.2151610110609692e-06,2.354101505252596e-07,0
690,1.1148178066140648e-05,1.2151610110609692e-06,-1.4979080661406489e-06,1
691,1.041173421719346e-05,1.2151610110609692e-06,-2.843124217193458e-06,1
692,7.568166609726819e-06,1.2151610110609692e-06,-2.8847866097268186e-06,1
693,4.175432349058956e-06,1.2151610110609692e-06,-1.9024523490589563e-06,1
694,1.7824148247172593e-06,1.2151610110609692e-06,-7.240648247172593e-07,1
695,6.080733467064679e-07,1.2151610110609692e-06,4.9687653293532094e-08,0
696,1.733517862891867e-07,1.2151610110609692e-06,3.5898121371081333e-07,0
697,4.213683953734204e-08,1.2151610110609692e-06,4.20549160462658e-07,0
698,1.1064560699476104e-08,1.2151610110609692e-06,3.8767843930052384e-07,0
699,2.8712816015038287e-08,1.2151610110609692e-06,3.785421839849617e-07,0
700,1.5577931641273395e-07,1.2151610110609692e-06,4.903566835872661e-07,0
701,5.034894973570862e-07,1.2151610110609692e-06,5.74330502642914e-07,0
702,9.202995974269917e-07,1.2151610110609692e-06,3.6833040257300836e-07,0
703,9.265952353734472e-07,1.2151610110609692e-06,4.3366764626552823e-08,0
704,3.657670178864383e-06,1.2151610110609692e-06,-1.2481801788643828e-06,1
705,6.0425127544140564e-06,1.2151610110609692e-06,-2.088652754414057e-06,1
706,6.983098638682018e-06,1.2151610110609692e-06,-2.7005586386820175e-06,1
707,5.87520799040904e-06,1.2151610110609692e-06,-2.54416799040904e-06,1
708,3.5913691670873207e-06,1.2151610110609692e-06,-1.6167191670873205e-06,1
709,1.5756617145488482e-06,1.2151610110609692e-06,-6.309307145488481e-07,1
710,5.131772741556893e-07,1.2151610110609692e-06,-1.0754027415568927e-07,0
711,1.390244835319775e-07,1.2151610110609692e-06,7.252751646802251e-08,0
712,3.80310395118755e-08,1.2151610110609692e-06,1.869689604881245e-07,0
713,5.809534142019515e-08,1.2151610110609692e-06,4.0168465857980484e-07,1
714,3.1314899228235146e-07,1.2151610110609692e-06,7.352010077176484e-07,1
715,1.215214472634807e-06,1.2151610110609692e-06,9.67285527365193e-07,0
716,3.232418917940528e-06,1.2151610110609692e-06,8.018610820594727e-07,0
717,6.162543220236958e-06,1.2151610110609692e-06,5.047167797630433e-07,0
718,9.128513469305946e-06,1.2151610110609692e-06,8.089265306940523e-07,0
719,1.148395333703394e-05,1.2151610110609692e-06,1.3829466629660597e-06,0
720,1.262434719599598e-05,1.2151610110609692e-06,1.1475528040040219e-06,0
721,1.2234347041531348e-05,1.2151610110609692e-06,-3.6847041531348085e-08,0
722,1.066027847085665e-05,1.2151610110609692e-06,-1.4450684708566503e-06,1
723,8.073911768951332e-06,1.2151610110609692e-06,-2.226441768951332e-06,1
724,4.987709044890188e-06,1.2151610110609692e-06,-2.0030890448901884e-06,1
725,2.4374995212243475e-06,1.2151610110609692e-06,-1.1273795212243474e-06,1
726,9.592303193321934e-07,1.2151610110609692e-06,-2.734853193321934e-07,0
727,3.3757323796041785e-07,1.2151610110609692e-06,2.1475776203958215e-07,0
728,1.240771942313425e-07,1.2151610110609692e-06,4.189718057686575e-07,0
729,4.693345059228367e-08,1.2151610110609692e-06,4.876995494077163e-07,0
730,2.3786394447211488e-08,1.2151610110609692e-06,5.104756055527886e-07,0
731,6.709159695136994e-08,1.2151610110609692e-06,6.289494030486302e-07,1
732,2.7025892011936853e-07,1.2151610110609692e-06,8.953810798806314e-07,1
733,6.973691625792529e-07,1.2151610110609692e-06,1.005640837420747e-06,0
734,1.0617545301436171e-06,1.2151610110609692e-06,7.023854698563831e-07,0
735,9.083314408004351e-07,1.2151610110609692e-06,2.7372855919956495e-07,0
736,2.178231070275652e-06,1.2151610110609692e-06,-3.8464107027565205e-07,0
737,3.833939653471347e-06,1.2151610110609692e-06,-1.1043596534713476e-06,0
738,4.830263545204472e-06,1.2151610110609692e-06,-1.9548535452044717e-06,1
739,4.339730440694075e-06,1.2151610110609692e-06,-2.0949204406940754e-06,1
740,2.737041044321894e-06,1.2151610110609692e-06,-1.406041044321894e-06,1
741,1.2100930890930841e-06,1.2151610110609692e-06,-5.865730890930842e-07,1
742,3.906049053110472e-07,1.2151610110609692e-06,-1.1494090531104717e-07,0
743,9.944932672206242e-08,1.2151610110609692e-06,7.746967327793758e-08,0
744,2.8650957191450198e-08,1.2151610110609692e-06,2.1016404280854977e-07,0
745,7.899769410743778e-08,1.2151610110609692e-06,4.1641730589256217e-07,1
746,3.772967549668109e-07,1.2151610110609692e-06,6.932032450331891e-07,1
747,1.2623075395740697e-06,1.2151610110609692e-06,8.703224604259304e-07,1
748,3.0705850117230733e-06,1.2151610110609692e-06,7.785849882769266e-07,0
749,5.744308119102647e-06,1.2151610110609692e-06,7.54211880897352e-07,0
750,8.830896360369525e-06,1.2151610110609692e-06,1.1121736396304762e-06,0
751,1.1298523373415406e-05,1.2151610110609692e-06,1.165876626584594e-06,0
752,1.1590285459627506e-05,1.2151610110609692e-06,4.758145403724933e-07,0
753,9.589700209974684e-06,1.2151610110609692e-06,-3.4873020997468456e-07,0
754,6.712354704254558e-06,1.2151610110609692e-06,-8.123147042545578e-07,1
755,4.038893762919165e-06,1.2151610110609692e-06,-9.089537629191649e-07,1
756,2.0283941976993497e-06,1.2151610110609692e-06,-6.810041976993498e-07,1
757,8.51294835953883e-07,1.2151610110609692e-06,-3.1001583595388303e-07,1
758,3.4349681286821364e-07,1.2151610110609692e-06,-2.2625812868213628e-08,0
759,1.6148408002404633e-07,1.2151610110609692e-06,1.5294091997595368e-07,0
760,8.136478170675348e-08,1.2151610110609692e-06,2.7257521829324655e-07,0
761,3.821738150850808e-08,1.2151610110609692e-06,3.602556184914919e-07,0
762,2.679911017761099e-08,1.2151610110609692e-06,4.5625788982238906e-07,1
763,6.354950432733151e-08,1.2151610110609692e-06,6.517864956726685e-07,1
764,1.8960748321184695e-07,1.2151610110609692e-06,9.29652516788153e-07,1
765,4.1493211912465295e-07,1.2151610110609692e-06,1.0320578808753469e-06,1
766,5.595815856578521e-07,1.2151610110609692e-06,8.02748414342148e-07,1
767,4.259992855551009e-07,1.2151610110609692e-06,4.261287144448991e-07,0
768,1.0985429232019639e-06,1.2151610110609692e-06,-1.2859692320196387e-07,0
769,2.0948063034035468e-06,1.2151610110609692e-06,-6.019163034035469e-07,0
770,2.719071193575661e-06,1.2151610110609692e-06,-1.103061193575661e-06,1
771,2.4420288289228645e-06,1.2151610110609692e-06,-1.1595388289228645e-06,1
772,1.5232841092232122e-06,1.2151610110609692e-06,-7.636161092232121e-07,1
773,6.524163823791203e-07,1.2151610110609692e-06,-2.8998838237912027e-07,0
774,1.8972205723878164e-07,1.2151610110609692e-06,-1.6308057238781643e-08,0
775,3.7793847930453134e-08,1.2151610110609692e-06,8.198215206954687e-08,0
776,1.2510089820361668e-08,1.2151610110609692e-06,1.3912791017963834e-07,0
777,5.2331216899288934e-08,1.2151610110609692e-06,2.2691478310071108e-07,1
778,2.2770062876335354e-07,1.2151610110609692e-06,3.483093712366465e-07,1
779,7.466587719314959e-07,1.2151610110609692e-06,4.3742122806850396e-07,1
780,1.941170377086296e-06,1.2151610110609692e-06,4.4787962291370414e-07,0
781,4.046652707971911e-06,1.2151610110609692e-06,5.075872920280894e-07,0
782,6.666033370299771e-06,1.2151610110609692e-06,5.301466297002293e-07,0
783,8.30768721933795e-06,1.2151610110609692e-06,1.3857278066205173e-07,0
784,7.725437712622859e-06,1.2151610110609692e-06,-5.087077126228588e-07,0
785,5.65120296091701e-06,1.2151610110609692e-06,-9.014129609170088e-07,0
786,3.4858400248881065e-06,1.2151610110609692e-06,-9.047500248881062e-07,1
787,1.8074184235952537e-06,1.2151610110609692e-06,-6.363384235952538e-07,1
788,7.704799608777016e-07,1.2151610110609692e-06,-3.235879608777016e-07,1
789,3.1806254472030485e-07,1.2151610110609692e-06,-1.3863354472030484e-07,1
790,1.6225478925286892e-07,1.2151610110609692e-06,-3.917778925286891e-08,0
791,8.880660878500613e-08,1.2151610110609692e-06,4.4303391214993875e-08,0
792,4.332589934102052e-08,1.2151610110609692e-06,1.2342710065897949e-07,0
793,1.865560158540792e-08,1.2151610110609692e-06,2.057663984145921e-07,0
794,1.1233902900354887e-08,1.2151610110609692e-06,3.130170970996451e-07,1
795,2.2274603897257417e-08,1.2151610110609692e-06,4.788513961027426e-07,1
796,6.464064826992358e-08,1.2151610110609692e-06,6.682283517300764e-07,1
797,1.408390675407579e-07,1.2151610110609692e-06,7.380609324592421e-07,1
798,1.8337582150690512e-07,1.2151610110609692e-06,6.081981784930948e-07,1
799,1.331408695867798e-07,1.2151610110609692e-06,3.5175813041322017e-07,1
800,5.336969983943172e-07,1.2151610110609692e-06,7.909000160568283e-08,0
801,9.927099347475122e-07,1.2151610110609692e-06,-2.6437934747512122e-08,0
802,1.2598043912699758e-06,1.2151610110609692e-06,-2.2874439126997567e-07,0
803,1.0882194767413314e-06,1.2151610110609692e-06,-3.0820647674133145e-07,0
804,6.200742253210246e-07,1.2151610110609692e-06,-1.8404822532102462e-07,0
805,2.245153301155e-07,1.2151610110609692e-06,-2.731533011550002e-08,0
806,4.9396541102087625e-08,1.2151610110609692e-06,4.361355889791238e-08,0
807,6.649377169678711e-09,1.2151610110609692e-06,6.00382228303213e-08,0
808,3.263095418632169e-09,1.2151610110609692e-06,7.236370458136784e-08,0
809,1.6527621166278327e-08,1.2151610110609692e-06,1.0244937883372168e-07,1
810,7.890671877800716e-08,1.2151610110609692e-06,1.6192228122199283e-07,1
811,3.223360781573633e-07,1.2151610110609692e-06,2.3299292184263667e-07,1
812,1.0119789565123655e-06,1.2151610110609692e-06,2.780310434876345e-07,0
813,2.288240417698498e-06,1.2151610110609692e-06,2.792195823015017e-07,0
814,3.693746178885753e-06,1.2151610110609692e-06,1.0006382111424701e-07,0
815,4.374332692277639e-06,1.2151610110609692e-06,-4.5341269227763925e-07,0
816,4.083769643648552e-06,1.2151610110609692e-06,-1.194659643648552e-06,1
817,3.224123876171352e-06,1.2151610110609692e-06,-1.5823638761713524e-06,1
818,2.0975392367561237e-06,1.2151610110609692e-06,-1.3101532367561238e-06,1
819,1.0517657997854087e-06,1.2151610110609692e-06,-7.163817997854087e-07,1
820,4.3637698748047343e-07,1.2151610110609692e-06,-2.989019874804734e-07,1
821,1.9301495373373922e-07,1.2151610110609692e-06,-1.2439035373373922e-07,1
822,1.0258706242180163e-07,1.2151610110609692e-06,-5.103276242180163e-08,0
823,5.7436028953004744e-08,1.2151610110609692e-06,-4.739128953004744e-09,0
824,2.8446978230175866e-08,1.2151610110609692e-06,3.8630821769824137e-08,0
825,9.921788075058173e-09,1.2151610110609692e-06,9.403321192494184e-08,0
826,2.847096230293205e-09,1.2151610110609692e-06,1.661639037697068e-07,0
827,5.269553048278617e-09,1.2151610110609692e-06,2.613584469517214e-07,1
828,2.052171994279738e-08,1.2151610110609692e-06,3.643002800572026e-07,1
829,5.037489239242633e-08,1.2151610110609692e-06,4.1766910760757366e-07,1
830,7.269061302097559e-08,1.2151610110609692e-06,3.727413869790244e-07,1
831,6.16536971262651e-08,1.2151610110609692e-06,2.3481530287373488e-07,1
832,2.1931367803320427e-07,1.2151610110609692e-06,2.9921232196679583e-07,0
833,4.229988684941426e-07,1.2151610110609692e-06,3.719731315058575e-07,0
834,5.406273094285253e-07,1.2151610110609692e-06,2.524006905714747e-07,0
835,4.3091477968336375e-07,1.2151610110609692e-06,1.0898322031663632e-07,0
836,2.0536381291537786e-07,1.2151610110609692e-06,5.7758187084622135e-08,0
837,5.6692899910293174e-08,1.2151610110609692e-06,4.528910008970682e-08,0
838,8.665776585737924e-09,1.2151610110609692e-06,3.4406023414262084e-08,0
839,7.400351264834893e-10,1.2151610110609692e-06,2.9440464873516514e-08,0
840,4.2210048228344515e-10,1.2151610110609692e-06,3.468499951771655e-08,0
841,3.636668572457029e-09,1.2151610110609692e-06,5.466363142754298e-08,0
842,2.8046396261359536e-08,1.2151610110609692e-06,9.307560373864045e-08,1
843,1.4236769169221244e-07,1.2151610110609692e-06,1.475193083077876e-07,1
844,4.614507124147264e-07,1.2151610110609692e-06,2.0430928758527347e-07,0
845,1.0238585419508082e-06,1.2151610110609692e-06,1.711214580491917e-07,0
846,1.72440252388458e-06,1.2151610110609692e-06,-2.1773252388457998e-07,0
847,2.3918881656121804e-06,1.2151610110609692e-06,-1.0750281656121804e-06,1
848,2.7289821880749885e-06,1.2151610110609692e-06,-1.8799921880749885e-06,1
849,2.397649647621556e-06,1.2151610110609692e-06,-1.9456966476215562e-06,1
850,1.5432388745744718e-06,1.2151610110609692e-06,-1.3203098745744718e-06,1
851,7.527469696118805e-07,1.2151610110609692e-06,-6.415889696118805e-07,1
852,3.059034695369693e-07,1.2151610110609692e-06,-2.470508695369693e-07,1
853,1.092767763136883e-07,1.2151610110609692e-06,-7.44421763136883e-08,1
854,3.7505467786480855e-08,1.2151610110609692e-06,-1.2104367786480856e-08,0
855,1.5055681707713448e-08,1.2151610110609692e-06,8.268218292286554e-09,0
856,5.9137989459386405e-09,1.2151610110609692e-06,2.468470105406136e-08,0
857,1.5404670608385054e-09,1.2151610110609692e-06,4.792423293916149e-08,0
858,6.110333023633006e-10,1.2151610110609692e-06,7.83318666976367e-08,0
859,3.760597716211925e-09,1.2151610110609692e-06,1.2594940228378805e-07,1
860,1.8470753198096308e-08,1.2151610110609692e-06,1.883362468019037e-07,1
861,4.7931173434038336e-08,1.2151610110609692e-06,2.405608265659617e-07,1
862,6.67165911521022e-08,1.2151610110609692e-06,2.4819940884789775e-07,1
863,5.1753330557762315e-08,1.2151610110609692e-06,1.812346694422377e-07,1
864,1.3050188852358135e-07,1.2151610110609692e-06,3.4765511147641864e-07,0
865,2.3278086365851193e-07,1.2151610110609692e-06,4.5830213634148804e-07,0
866,2.517086885748822e-07,1.2151610110609692e-06,3.837563114251178e-07,0
867,1.6036383026733176e-07,1.2151610110609692e-06,2.3501616973266822e-07,0
868,5.86535220045454e-08,1.2151610110609692e-06,1.219284779954546e-07,0
869,1.1837946429230368e-08,1.2151610110609692e-06,5.8123053570769635e-08,0
870,1.2546881491483735e-09,1.2151610110609692e-06,2.7829911850851623e-08,1
871,7.214717183435719e-11,1.2151610110609692e-06,1.7639852828165643e-08,1
872,1.237989809802742e-10,1.2151610110609692e-06,2.0658501019019727e-08,0
873,1.6493799812186619e-09,1.2151610110609692e-06,3.566712001878134e-08,0
874,1.2413773744401633e-08,1.2151610110609692e-06,7.133042625559835e-08,0
875,5.7103912609361496e-08,1.2151610110609692e-06,1.500530873906385e-07,0
876,1.8597456970887906e-07,1.2151610110609692e-06,2.4062343029112093e-07,0
877,4.86801748785538e-07,1.2151610110609692e-06,1.273172512144621e-07,0
878,1.0540543919063194e-06,1.2151610110609692e-06,-4.558183919063194e-07,1
879,1.763017995939436e-06,1.2151610110609692e-06,-1.340354995939436e-06,1
880,2.0986424389601653e-06,1.2151610110609692e-06,-1.8475204389601653e-06,1
881,1.7182187916617985e-06,1.2151610110609692e-06,-1.5731187916617986e-06,1
882,9.988309070748564e-07,1.2151610110609692e-06,-9.131910070748564e-07,1
883,4.474873747496403e-07,1.2151610110609692e-06,-3.955941747496403e-07,1
884,1.6491484068041812e-07,1.2151610110609692e-06,-1.338571406804181e-07,1
885,4.937711812430796e-08,1.2151610110609692e-06,-3.0769518124307963e-08,0
886,1.1181950250396491e-08,1.2151610110609692e-06,3.0684497496035075e-09,0
887,1.926728420725332e-09,1.2151610110609692e-06,1.6621671579274668e-08,0
888,3.345511232023158e-10,1.2151610110609692e-06,2.9111148876797684e-08,0
889,3.483232604644405e-10,1.2151610110609692e-06,3.983667673953556e-08,0
890,2.398428573682928e-09,1.2151610110609692e-06,5.329967142631706e-08,1
891,1.2148064854850234e-08,1.2151610110609692e-06,8.685103514514977e-08,1
892,3.592783489831719e-08,1.2151610110609692e-06,1.4938916510168284e-07,1
893,6.123096067745039e-08,1.2151610110609692e-06,2.2697803932254964e-07,1
894,6.422922750122477e-08,1.2151610110609692e-06,2.657767724987752e-07,1
895,4.5898922191721e-08,1.2151610110609692e-06,2.06025077808279e-07,1
896,9.799938739859994e-08,1.2151610110609692e-06,3.4909761260140005e-07,0
897,1.3351840671197988e-07,1.2151610110609692e-06,4.9664859328802e-07,0
898,1.0286773416974571e-07,1.2151610110609692e-06,4.7130726583025426e-07,1
899,4.500739146951303e-08,1.2151610110609692e-06,3.21300608530487e-07,1
900,1.1155943605117852e-08,1.2151610110609692e-06,1.6626905639488214e-07,0
901,1.5781077833211646e-09,1.2151610110609692e-06,7.100659221667883e-08,0
902,1.3915250439608138e-10,1.2151610110609692e-06,2.875244749560392e-08,1
903,1.8975165667710003e-11,1.2151610110609692e-06,1.530382483433229e-08,1
904,2.109952650176329e-10,1.2151610110609692e-06,1.5027204734982368e-08,0
905,2.273736459422088e-09,1.2151610110609692e-06,2.4974763540577913e-08,0
906,1.3173814525570568e-08,1.2151610110609692e-06,6.535288547442942e-08,0
907,4.7608883104089436e-08,1.2151610110609692e-06,1.6683211689591055e-07,0
908,1.3368577058278557e-07,1.2151610110609692e-06,2.588472294172144e-07,0
909,3.335910472910461e-07,1.2151610110609692e-06,1.098059527089539e-07,0
910,7.00626898719808e-07,1.2151610110609692e-06,-3.7954189871980804e-07,0
911,1.1019475974358209e-06,1.2151610110609692e-06,-9.234335974358208e-07,1
912,1.2074957999733558e-06,1.2151610110609692e-06,-1.1009857999733558e-06,1
913,9.131070113324572e-07,1.2151610110609692e-06,-8.360704113324572e-07,1
914,4.951194698101939e-07,1.2151610110609692e-06,-4.3794416981019395e-07,1
915,2.05429330981875e-07,1.2151610110609692e-06,-1.66590130981875e-07,1
916,7.197502561339318e-08,1.2151610110609692e-06,-5.0359825613393185e-08,0
917,2.1094446751549815e-08,1.2151610110609692e-06,-8.461246751549814e-09,0
918,4.245219319401673e-09,1.2151610110609692e-06,1.2060580680598326e-08,0
919,8.091732326872886e-10,1.2151610110609692e-06,3.332782676731271e-08,0
920,1.6471730928271269e-09,1.2151610110609692e-06,6.309062690717288e-08,0
921,6.387974906251889e-09,1.2151610110609692e-06,8.94614250937481e-08,0
922,2.1848021837727974e-08,1.2151610110609692e-06,1.0792997816227204e-07,0
923,5.969454054548654e-08,1.2151610110609692e-06,1.4657545945451346e-07,1
924,1.223626043553926e-07,1.2151610110609692e-06,2.286563956446074e-07,1
925,1.871440405535705e-07,1.2151610110609692e-06,3.207509594464295e-07,1
926,2.0425964277559856e-07,1.2151610110609692e-06,3.441423572244015e-07,1
927,1.4904821016932768e-07,1.2151610110609692e-06,2.5377978983067236e-07,0
928,1.0052107794016186e-07,1.2151610110609692e-06,4.193009220598381e-07,0
929,1.3515634485586025e-07,1.2151610110609692e-06,6.029686551441398e-07,0
930,1.0487309853440587e-07,1.2151610110609692e-06,5.702059014655942e-07,0
931,4.874507426920348e-08,1.2151610110609692e-06,3.8234392573079654e-07,0
932,1.4882415104000736e-08,1.2151610110609692e-06,1.9393458489599926e-07,1
933,3.305575074080937e-09,1.2151610110609692e-06,7.886362492591905e-08,1
934,5.123686885123008e-10,1.2151610110609692e-06,2.87901313114877e-08,1
935,7.371793360059257e-11,1.2151610110609692e-06,1.616898206639941e-08,0
936,4.0299832730812284e-10,1.2151610110609692e-06,2.283200167269188e-08,0
937,3.156149759090511e-09,1.2151610110609692e-06,4.9050050240909486e-08,0
938,1.472160915545558e-08,1.2151610110609692e-06,1.0915439084454444e-07,0
939,4.794392563166283e-08,1.2151610110609692e-06,2.0179207436833716e-07,0
940,1.2336008927612837e-07,1.2151610110609692e-06,2.3443291072387164e-07,0
941,2.53565009029782e-07,1.2151610110609692e-06,8.148199097021799e-08,0
942,4.099333787769203e-07,1.2151610110609692e-06,-1.979833787769203e-07,0
943,5.263768372801658e-07,1.2151610110609692e-06,-4.1489783728016576e-07,1
944,5.176196623900397e-07,1.2151610110609692e-06,-4.489658623900397e-07,1
945,3.627147474188583e-07,1.2151610110609692e-06,-3.1004224741885826e-07,1
946,1.7557108922213324e-07,1.2151610110609692e-06,-1.3545668922213323e-07,1
947,6.258881381598076e-08,1.2151610110609692e-06,-3.7557013815980763e-08,0
948,1.9334289870609688e-08,1.2151610110609692e-06,-6.155089870609689e-09,0
949,6.6426795893258454e-09,1.2151610110609692e-06,4.7090204106741546e-09,0
950,4.7035562732049e-09,1.2151610110609692e-06,1.99981437267951e-08,0
951,8.651714742786291e-09,1.2151610110609692e-06,5.858118525721371e-08,0
952,2.1691854609856942e-08,1.2151610110609692e-06,1.2892314539014305e-07,0
953,4.991194803008809e-08,1.2151610110609692e-06,2.092960519699119e-07,0
954,1.1294510076434653e-07,1.2151610110609692e-06,2.818618992356535e-07,0
955,2.536076841780445e-07,1.2151610110609692e-06,3.920833158219556e-07,1
956,4.996635470908438e-07,1.2151610110609692e-06,5.581064529091563e-07,1
957,7.48929365490532e-07,1.2151610110609692e-06,6.669706345094681e-07,1
958,7.614782347334545e-07,1.2151610110609692e-06,6.165917652665457e-07,1
959,4.912597624573758e-07,1.2151610110609692e-06,4.2075623754262426e-07,0
960,2.672541421187931e-07,1.2151610110609692e-06,4.6454985788120694e-07,0
961,3.563306189971675e-07,1.2151610110609692e-06,6.232593810028325e-07,0
962,2.698142925482644e-07,1.2151610110609692e-06,5.592497074517357e-07,0
963,1.2473616423656598e-07,1.2151610110609692e-06,3.7055083576343403e-07,0
964,3.762843969958184e-08,1.2151610110609692e-06,1.9168956030041816e-07,0
965,7.413333638243395e-09,1.2151610110609692e-06,7.897506636175661e-08,1
966,8.945434854191825e-10,1.2151610110609692e-06,3.2257956514580816e-08,1
967,2.924273303314232e-10,1.2151610110609692e-06,3.2301772669668576e-08,0
968,2.009556943930978e-09,1.2151610110609692e-06,6.561554305606902e-08,0
969,9.934840669094608e-09,1.2151610110609692e-06,1.221441593309054e-07,0
970,3.489208316520346e-08,1.2151610110609692e-06,1.7963091683479657e-07,0
971,9.484978241492304e-08,1.2151610110609692e-06,2.0212721758507698e-07,0
972,1.8813552615320424e-07,1.2151610110609692e-06,1.433074738467958e-07,0
973,2.679663800879116e-07,1.2151610110609692e-06,1.3711619912088391e-08,0
974,2.9362346810981977e-07,1.2151610110609692e-06,-1.0375346810981977e-07,0
975,2.7683308302928265e-07,1.2151610110609692e-06,-1.5885008302928268e-07,1
976,2.208229560870564e-07,1.2151610110609692e-06,-1.4469375608705638e-07,1
977,1.2385107384122285e-07,1.2151610110609692e-06,-7.407097384122284e-08,0
978,4.423501119538273e-08,1.2151610110609692e-06,-1.207101119538273e-08,0
979,1.6273594385440758e-08,1.2151610110609692e-06,5.8861056145592435e-09,0
980,1.868371098199703e-08,1.2151610110609692e-06,-1.3251098199703094e-10,0
981,2.671771481736084e-08,1.2151610110609692e-06,-5.836514817360839e-09,0
982,3.263564971159817e-08,1.2151610110609692e-06,8.019350288401834e-09,0
983,4.6190292846566383e-08,1.2151610110609692e-06,6.395870715343362e-08,0
984,8.160156650673183e-08,1.2151610110609692e-06,1.8260443349326818e-07,0
985,1.6364437604898722e-07,1.2151610110609692e-06,3.5057562395101276e-07,0
986,3.6934205274402244e-07,1.2151610110609692e-06,5.596249472559775e-07,0
987,8.097983578511145e-07,1.2151610110609692e-06,8.880416421488856e-07,1
988,1.480683690517732e-06,1.2151610110609692e-06,1.2846863094822683e-06,1
989,1.967503484372976e-06,1.2151610110609692e-06,1.4888665156270234e-06,1
990,1.7415230312670555e-06,1.2151610110609692e-06,1.3203369687329441e-06,1
991,9.95483713944804e-07,1.2151610110609692e-06,8.147562860551961e-07,1
992,3.81337412984936e-07,1.2151610110609692e-06,2.65097587015064e-07,0
993,4.072228028088407e-07,1.2151610110609692e-06,3.284591971911593e-07,0
994,2.517328448474048e-07,1.2151610110609692e-06,2.880691551525953e-07,0
995,9.467049919711603e-08,1.2151610110609692e-06,1.9357950080288398e-07,0
996,2.2069169826252673e-08,1.2151610110609692e-06,9.963883017374732e-08,0
997,3.134227761757117e-09,1.2151610110609692e-06,4.123217223824289e-08,1
998,3.72784935730765e-10,1.2151610110609692e-06,2.4921915064269236e-08,0
999,1.3166977107946662e-09,1.2151610110609692e-06,4.207930228920534e-08,0
1000,7.17549417844013e-09,1.2151610110609692e-06,8.072540582155986e-08,0
1001,2.2224538820908718e-08,1.2151610110609692e-06,1.2096446117909127e-07,0
1002,5.2028872253428963e-08,1.2151610110609692e-06,1.4174912774657105e-07,0
1003,1.0924395894528962e-07,1.2151610110609692e-06,1.1889204105471038e-07,0
1004,1.7975542295930969e-07,1.2151610110609692e-06,4.5473577040690326e-08,0
1005,2.1824527407942085e-07,1.2151610110609692e-06,-3.753827407942087e-08,0
1006,2.0572641759633245e-07,1.2151610110609692e-06,-8.349741759633245e-08,1
1007,1.5877952858638088e-07,1.2151610110609692e-06,-8.113372858638087e-08,1
1008,9.616164831669194e-08,1.2151610110609692e-06,-4.8092948316691937e-08,0
1009,3.986686190626645e-08,1.2151610110609692e-06,-9.880761906266452e-09,0
1010,1.4580467246731478e-08,1.2151610110609692e-06,6.437432753268523e-09,0
1011,1.906818407477041e-08,1.2151610110609692e-06,-1.69458407477041e-09,0
1012,3.5561733600821025e-08,1.2151610110609692e-06,-1.9399733600821026e-08,0
1013,4.675377154816396e-08,1.2151610110609692e-06,-2.7325671548163963e-08,1
1014,4.906917294971197e-08,1.2151610110609692e-06,-7.893272949711972e-09,0
1015,6.119971379272469e-08,1.2151610110609692e-06,4.642328620727531e-08,0
1016,1.0621554522737596e-07,1.2151610110609692e-06,1.4181845477262403e-07,0
1017,2.3615206259214612e-07,1.2151610110609692e-06,2.823159374078539e-07,0
1018,5.511415544967579e-07,1.2151610110609692e-06,5.08978445503242e-07,0
1019,1.121240749325895e-06,1.2151610110609692e-06,8.726492506741053e-07,1
1020,1.7727201615833397e-06,1.2151610110609692e-06,1.2526298384166605e-06,1
1021,1.987491011182029e-06,1.2151610110609692e-06,1.3917489888179717e-06,1
1022,1.5078571773653808e-06,1.2151610110609692e-06,1.1046128226346192e-06,1
1023,7.523312794302685e-07,1.2151610110609692e-06,5.529387205697317e-07,1
